school,room_number,room_name,area_sf,department,department_std,room_type,occupant_load,plan_area_sf,plan_tag_area_matches,plan_pdf_pages,schedule_pdf_page
Chute Middle School,104,OFFICE,118,STAFF/OFFICE,Staff/Office,Office/Admin,2,118,True,382,29
Chute Middle School,107,WELCOME CENTER,830,STAFF/OFFICE,Staff/Office,Office/Admin,9,830,True,382,29
Chute Middle School,107A,PRINCIPAL OFFICE,332,STAFF/OFFICE,Staff/Office,Office/Admin,4,332,True,382,29
Chute Middle School,107B,ASST. PRINC,232,STAFF/OFFICE,Staff/Office,Office/Admin,3,232,True,382,29
Chute Middle School,107D,OFFICE,109,STAFF/OFFICE,Staff/Office,Office/Admin,2,109,True,"381, 382",29
Chute Middle School,107E,OFFICE,110,STAFF/OFFICE,Staff/Office,Office/Admin,2,110,True,"381, 382",29
Chute Middle School,112A,TEACHER'S RESOURCE CENTER,1178,STAFF/OFFICE,Staff/Office,Office/Admin,12,1178,True,381,29
Chute Middle School,114B,OFFICE,128,STAFF/OFFICE,Staff/Office,Office/Admin,,,,,29
Chute Middle School,115B,OFFICE,127,STAFF/OFFICE,Staff/Office,Office/Admin,2,127,True,"380, 381",29
Chute Middle School,117E,OFFICE,114,STAFF/OFFICE,Staff/Office,Office/Admin,2,114,True,381,29
Chute Middle School,120,CONFERENCE,297,STAFF/OFFICE,Staff/Office,Office/Admin,3,297,True,381,29
Chute Middle School,120A,OFFICE,135,STAFF/OFFICE,Staff/Office,Office/Admin,2,135,True,381,29
Chute Middle School,120B,OFFICE,136,STAFF/OFFICE,Staff/Office,Office/Admin,2,136,True,381,29
Chute Middle School,120D,BREAKROOM,75,STAFF/OFFICE,Staff/Office,Office/Admin,6,75,True,381,29
Chute Middle School,120E,OFFICE,81,STAFF/OFFICE,Staff/Office,Office/Admin,1,81,True,381,29
Chute Middle School,120F,OFFICE,99,STAFF/OFFICE,Staff/Office,Office/Admin,1,99,True,381,29
Chute Middle School,120G,HEALTH CLERK,141,STAFF/OFFICE,Staff/Office,Office/Admin,2,141,True,381,29
Chute Middle School,120H,PATIENT ROOM,85,STAFF/OFFICE,Staff/Office,Office/Admin,1,85,True,381,29
Chute Middle School,120I,PATIENT ROOM,88,STAFF/OFFICE,Staff/Office,Office/Admin,1,88,True,381,29
Chute Middle School,209A,IDF,86,STAFF/OFFICE,Staff/Office,Mechanical/Electrical/IT,1,86,True,384,29
Chute Middle School,209B,OFFICE,93,STAFF/OFFICE,Staff/Office,Office/Admin,1,93,True,384,29
Chute Middle School,307B,OFFICE,81,STAFF/OFFICE,Staff/Office,Office/Admin,1,81,True,386,29
Chute Middle School,308A,OFFICE,220,STAFF/OFFICE,Staff/Office,Office/Admin,3,220,True,386,29
Chute Middle School,310A,OFFICE,82,STAFF/OFFICE,Staff/Office,Office/Admin,1,82,True,386,29
Chute Middle School,315A,OFFICE,82,STAFF/OFFICE,Staff/Office,Office/Admin,1,82,True,386,29
Chute Middle School,318A,OFFICE,82,STAFF/OFFICE,Staff/Office,Office/Admin,1,82,True,386,29
Chute Middle School,323,OFFICE,81,STAFF/OFFICE,Staff/Office,Office/Admin,1,81,True,386,29
Chute Middle School,323A,OFFICE,84,STAFF/OFFICE,Staff/Office,Office/Admin,1,84,True,386,29
Chute Middle School,325,OFFICE,240,STAFF/OFFICE,Staff/Office,Office/Admin,3,240,True,386,29
Chute Middle School,302,SMALL GROUP,171,SMALL GROUP SPACES,Small Group Spaces,Small Group/Intervention,4,171,True,386,29
Chute Middle School,307,SMALL GROUP,76,SMALL GROUP SPACES,Small Group Spaces,Small Group/Intervention,2,76,True,386,29
Chute Middle School,310,SMALL GROUP,95,SMALL GROUP SPACES,Small Group Spaces,Small Group/Intervention,2,95,True,386,29
Chute Middle School,315,SMALL GROUP,95,SMALL GROUP SPACES,Small Group Spaces,Small Group/Intervention,2,95,True,386,29
Chute Middle School,318,SMALL GROUP,78,SMALL GROUP SPACES,Small Group Spaces,Small Group/Intervention,2,78,True,386,29
Chute Middle School,326,SMALL GROUP,468,SMALL GROUP SPACES,Small Group Spaces,Small Group/Intervention,10,468,True,386,29
Chute Middle School,104,AUDITORIUM,3191,SHARED INSTRUCTIONAL,Shared Instructional Spaces/Specials,Art/Music/Performance,322,3191,True,382,29
Chute Middle School,104A,STAGE,2367,SHARED INSTRUCTIONAL,Shared Instructional Spaces/Specials,Art/Music/Performance,158,2367,True,382,29
Chute Middle School,111,FITNESS CENTER,2094,SHARED INSTRUCTIONAL,Shared Instructional Spaces/Specials,Gym/Fitness,42,2094,True,380,29
Chute Middle School,112,GYM,7243,SHARED INSTRUCTIONAL,Shared Instructional Spaces/Specials,Gym/Fitness,483,7243,True,380,29
Chute Middle School,118,CAFETERIA,3283,SHARED INSTRUCTIONAL,Shared Instructional Spaces/Specials,Cafeteria/Kitchen,219,3283,True,381,29
Chute Middle School,209,LIBRARY / MEDIA CENTER,3082,SHARED INSTRUCTIONAL,Shared Instructional Spaces/Specials,Library/Media,62,3082,True,384,29
Chute Middle School,212,UPPER AUDITORIUM,2213,SHARED INSTRUCTIONAL,Shared Instructional Spaces/Specials,Art/Music/Performance,252,2213,True,385,29
Chute Middle School,101,SPECIAL ED.,818,CORE CURRICULUM,Core Curriculum,Classroom,41,818,True,382,29
Chute Middle School,102,MUSIC,813,CORE CURRICULUM,Core Curriculum,Art/Music/Performance,41,813,True,382,29
Chute Middle School,105,BAND,1377,CORE CURRICULUM,Core Curriculum,Art/Music/Performance,69,1377,True,382,29
Chute Middle School,108,CLASSROOM,1107,CORE CURRICULUM,Core Curriculum,Classroom,49,1107,True,381,29
Chute Middle School,109,MEDIA ARTS,1298,CORE CURRICULUM,Core Curriculum,Classroom,26,1298,True,381,29
Chute Middle School,110,CLASSROOM,846,CORE CURRICULUM,Core Curriculum,Classroom,43,846,True,380,29
Chute Middle School,113,CLASSROOM,623,CORE CURRICULUM,Core Curriculum,Classroom,32,623,True,380,29
Chute Middle School,201,CLASSROOM,1050,CORE CURRICULUM,Core Curriculum,Classroom,49,1050,True,384,29
Chute Middle School,202,CLASSROOM,1080,CORE CURRICULUM,Core Curriculum,Classroom,49,1080,True,385,29
Chute Middle School,202A,CLASSROOM,827,CORE CURRICULUM,Core Curriculum,Classroom,41,827,True,385,29
Chute Middle School,203,ART,1354,CORE CURRICULUM,Core Curriculum,Art/Music/Performance,28,1354,True,385,29
Chute Middle School,203A,CLASSROOM,830,CORE CURRICULUM,Core Curriculum,Classroom,42,830,True,385,29
Chute Middle School,204,CLASSROOM,1075,CORE CURRICULUM,Core Curriculum,Classroom,49,1075,True,384,29
Chute Middle School,205,SCIENCE,1098,CORE CURRICULUM,Core Curriculum,Classroom,22,1098,True,384,29
Chute Middle School,206,SCIENCE,1113,CORE CURRICULUM,Core Curriculum,Classroom,23,1113,True,383,29
Chute Middle School,206A,CLASSROOM,835,CORE CURRICULUM,Core Curriculum,Classroom,42,835,True,383,29
Chute Middle School,207,SCIENCE,1095,CORE CURRICULUM,Core Curriculum,Classroom,22,1095,True,383,29
Chute Middle School,207A,CLASSROOM,830,CORE CURRICULUM,Core Curriculum,Classroom,42,830,True,383,29
Chute Middle School,208,SCIENCE,1074,CORE CURRICULUM,Core Curriculum,Classroom,22,1074,True,384,29
Chute Middle School,301,CLASSROOM,848,CORE CURRICULUM,Core Curriculum,Classroom,43,848,True,386,29
Chute Middle School,303,CLASSROOM,832,CORE CURRICULUM,Core Curriculum,Classroom,42,832,True,386,29
Chute Middle School,304,CLASSROOM,815,CORE CURRICULUM,Core Curriculum,Classroom,41,815,True,386,29
Chute Middle School,305,CLASSROOM,837,CORE CURRICULUM,Core Curriculum,Classroom,42,837,True,386,30
Chute Middle School,306,CLASSROOM,821,CORE CURRICULUM,Core Curriculum,Classroom,42,821,True,386,30
Chute Middle School,308,CLASSROOM,830,CORE CURRICULUM,Core Curriculum,Classroom,42,830,True,386,30
Chute Middle School,309,CLASSROOM,835,CORE CURRICULUM,Core Curriculum,Classroom,42,835,True,386,30
Chute Middle School,311,CLASSROOM,849,CORE CURRICULUM,Core Curriculum,Classroom,43,849,True,386,30
Chute Middle School,312,CLASSROOM,817,CORE CURRICULUM,Core Curriculum,Classroom,41,817,True,386,30
Chute Middle School,313,CLASSROOM,849,CORE CURRICULUM,Core Curriculum,Classroom,43,849,True,386,30
Chute Middle School,314,CLASSROOM,815,CORE CURRICULUM,Core Curriculum,Classroom,41,815,True,386,30
Chute Middle School,316,CLASSROOM,847,CORE CURRICULUM,Core Curriculum,Classroom,43,847,True,386,30
Chute Middle School,317,CLASSROOM,845,CORE CURRICULUM,Core Curriculum,Classroom,43,845,True,386,30
Chute Middle School,319,CLASSROOM,808,CORE CURRICULUM,Core Curriculum,Classroom,41,808,True,386,30
Chute Middle School,320,CLASSROOM,815,CORE CURRICULUM,Core Curriculum,Classroom,41,815,True,386,30
Chute Middle School,321,CLASSROOM,804,CORE CURRICULUM,Core Curriculum,Classroom,41,804,True,386,30
Chute Middle School,322,SPECIAL EDU,819,CORE CURRICULUM,Core Curriculum,Classroom,41,819,True,386,30
Chute Middle School,324,CLASSROOM,830,CORE CURRICULUM,Core Curriculum,Classroom,42,830,True,386,30
Chute Middle School,5-1,BREEZEWAY (LOWER),2556,CIRCULATION,Circulation,Circulation,,2556,True,381,30
Chute Middle School,5-2,BREEZEWAY (MIDDLE),1459,CIRCULATION,Circulation,Circulation,,1459,True,381,30
Chute Middle School,5-3,BREEZEWAY (UPPER),1752,CIRCULATION,Circulation,Circulation,,1752,True,384,30
Chute Middle School,104B,AUDITORIUM LOBBY,1386,CIRCULATION,Circulation,Art/Music/Performance,,1386,True,382,30
Chute Middle School,210,LOCKERS,2317,CIRCULATION,Circulation,Gym/Fitness,,2317,True,384,30
Chute Middle School,211,LOCKERS,2292,CIRCULATION,Circulation,Gym/Fitness,,2292,True,384,30
Chute Middle School,C100,CORRIDOR,831,CIRCULATION,Circulation,Circulation,,,,,30
Chute Middle School,C101,CORRIDOR,528,CIRCULATION,Circulation,Circulation,,,,,30
Chute Middle School,C102,CORRIDOR,743,CIRCULATION,Circulation,Circulation,,,,,30
Chute Middle School,C103,CORRIDOR,581,CIRCULATION,Circulation,Circulation,,,,,30
Chute Middle School,C104,CORRIDOR,76,CIRCULATION,Circulation,Circulation,,,,,30
Chute Middle School,C105,CORRIDOR,921,CIRCULATION,Circulation,Circulation,,,,,30
Chute Middle School,C106,CORRIDOR,429,CIRCULATION,Circulation,Circulation,,,,,30
Chute Middle School,C106A,CORRIDOR,150,CIRCULATION,Circulation,Circulation,,,,,30
Chute Middle School,C106B,CORRIDOR,167,CIRCULATION,Circulation,Circulation,,,,,30
Chute Middle School,C107,CORRIDOR,747,CIRCULATION,Circulation,Circulation,,,,,30
Chute Middle School,C108,CORRIDOR,159,CIRCULATION,Circulation,Circulation,,,,,30
Chute Middle School,C109,CORRIDOR,137,CIRCULATION,Circulation,Circulation,,,,,30
Chute Middle School,C110,CORRIDOR,76,CIRCULATION,Circulation,Circulation,,,,,30
Chute Middle School,C200,CORRIDOR,197,CIRCULATION,Circulation,Circulation,,,,,30
Chute Middle School,C201,CORRIDOR,67,CIRCULATION,Circulation,Circulation,,,,,30
Chute Middle School,C202,CORRIDOR,177,CIRCULATION,Circulation,Circulation,,,,,30
Chute Middle School,C203,CORRIDOR,80,CIRCULATION,Circulation,Circulation,,,,,30
Chute Middle School,C204,CORRIDOR,130,CIRCULATION,Circulation,Circulation,,,,,30
Chute Middle School,C205,CORRIDOR,106,CIRCULATION,Circulation,Circulation,,,,,30
Chute Middle School,C206,CORRIDOR,190,CIRCULATION,Circulation,Circulation,,,,,30
Chute Middle School,C207,CORRIDOR,182,CIRCULATION,Circulation,Circulation,,,,,30
Chute Middle School,C208,CORRIDOR,750,CIRCULATION,Circulation,Circulation,,,,,30
Chute Middle School,C300,CORRIDOR,159,CIRCULATION,Circulation,Circulation,,,,,30
Chute Middle School,C301,CORRIDOR,565,CIRCULATION,Circulation,Circulation,,,,,30
Chute Middle School,C302,CORRIDOR,259,CIRCULATION,Circulation,Circulation,,,,,30
Chute Middle School,C303,CORRIDOR,199,CIRCULATION,Circulation,Circulation,,,,,30
Chute Middle School,C304,CORRIDOR,559,CIRCULATION,Circulation,Circulation,,,,,30
Chute Middle School,C305,CORRIDOR,273,CIRCULATION,Circulation,Circulation,,,,,30
Chute Middle School,C306,CORRIDOR,202,CIRCULATION,Circulation,Circulation,,,,,30
Chute Middle School,C307,CORRIDOR,556,CIRCULATION,Circulation,Circulation,,,,,30
Chute Middle School,C308,CORRIDOR,263,CIRCULATION,Circulation,Circulation,,,,,30
Chute Middle School,ST1-1,STAIR,562,CIRCULATION,Circulation,Circulation,,,,,30
Chute Middle School,ST1-2,STAIR,557,CIRCULATION,Circulation,Circulation,,,,,30
Chute Middle School,ST1-3,STAIR,570,CIRCULATION,Circulation,Circulation,,,,,30
Chute Middle School,ST2-1,STAIR,549,CIRCULATION,Circulation,Circulation,,,,,30
Chute Middle School,ST2-2,STAIR,579,CIRCULATION,Circulation,Circulation,,,,,30
Chute Middle School,ST2-3,STAIR,591,CIRCULATION,Circulation,Circulation,,,,,30
Chute Middle School,ST3-1,STAIR,578,CIRCULATION,Circulation,Circulation,,,,,30
Chute Middle School,ST3-2,STAIR,485,CIRCULATION,Circulation,Circulation,,,,,30
Chute Middle School,ST3-3,STAIR,603,CIRCULATION,Circulation,Circulation,,,,,30
Chute Middle School,ST4-1,STAIR,542,CIRCULATION,Circulation,Circulation,,,,,30
Chute Middle School,ST4-2,STAIR,390,CIRCULATION,Circulation,Circulation,,,,,30
Chute Middle School,ST4-3,STAIR,660,CIRCULATION,Circulation,Circulation,,,,,30
Chute Middle School,V100,VESTIBULE,90,CIRCULATION,Circulation,Circulation,,90,True,382,30
Chute Middle School,V101,VESTIBULE,210,CIRCULATION,Circulation,Circulation,,210,True,382,30
Chute Middle School,02,BOYS,144,BUILDING SUPPORT,Building Support,Restroom,,144,True,382,30
Chute Middle School,03,STORAGE,122,BUILDING SUPPORT,Building Support,Storage/Custodial,1,122,True,381,30
Chute Middle School,03,GIRLS,140,BUILDING SUPPORT,Building Support,Restroom,,140,True,382,30
Chute Middle School,04,STORAGE,99,BUILDING SUPPORT,Building Support,Storage/Custodial,1,99,True,381,30
Chute Middle School,09,BOYS,124,BUILDING SUPPORT,Building Support,Restroom,,124,True,384,30
Chute Middle School,10,GIRLS,146,BUILDING SUPPORT,Building Support,Restroom,,146,True,384,30
Chute Middle School,11,GIRLS,120,BUILDING SUPPORT,Building Support,Restroom,,120,True,384,30
Chute Middle School,12,BOYS,132,BUILDING SUPPORT,Building Support,Restroom,,132,True,384,30
Chute Middle School,13,GIRLS,138,BUILDING SUPPORT,Building Support,Restroom,,138,True,386,31
Chute Middle School,14,BOYS,134,BUILDING SUPPORT,Building Support,Restroom,,134,True,386,31
Chute Middle School,15,BOYS,123,BUILDING SUPPORT,Building Support,Restroom,,123,True,386,31
Chute Middle School,16,GIRLS,124,BUILDING SUPPORT,Building Support,Restroom,,124,True,386,31
Chute Middle School,17,GIRLS,124,BUILDING SUPPORT,Building Support,Restroom,,124,True,386,31
Chute Middle School,18,BOYS,125,BUILDING SUPPORT,Building Support,Restroom,,125,True,386,31
Chute Middle School,101A,STORAGE,15,BUILDING SUPPORT,Building Support,Storage/Custodial,,,,,31
Chute Middle School,102A,STORAGE,216,BUILDING SUPPORT,Building Support,Storage/Custodial,1,216,True,382,31
Chute Middle School,103,STORAGE,152,BUILDING SUPPORT,Building Support,Storage/Custodial,1,152,True,382,31
Chute Middle School,104C,STORAGE,68,BUILDING SUPPORT,Building Support,Storage/Custodial,1,68,True,382,31
Chute Middle School,104D,STORAGE,69,BUILDING SUPPORT,Building Support,Storage/Custodial,1,69,True,382,31
Chute Middle School,106,STORAGE,359,BUILDING SUPPORT,Building Support,Storage/Custodial,2,359,True,382,31
Chute Middle School,106A,STORAGE,245,BUILDING SUPPORT,Building Support,Storage/Custodial,1,245,True,382,31
Chute Middle School,106B,STORAGE,273,BUILDING SUPPORT,Building Support,Storage/Custodial,1,273,True,382,31
Chute Middle School,107C,TLT,46,BUILDING SUPPORT,Building Support,Restroom,,46,True,382,31
Chute Middle School,107H,PTA,141,BUILDING SUPPORT,Building Support,Office/Admin,1,141,True,381,31
Chute Middle School,107I,STORAGE,98,BUILDING SUPPORT,Building Support,Storage/Custodial,1,98,True,381,31
Chute Middle School,108A,CUSTODIAN,47,BUILDING SUPPORT,Building Support,Storage/Custodial,1,47,True,381,31
Chute Middle School,109A,STORAGE,87,BUILDING SUPPORT,Building Support,Storage/Custodial,1,87,True,381,31
Chute Middle School,112A,STORAGE,156,BUILDING SUPPORT,Building Support,Storage/Custodial,1,156,True,380,31
Chute Middle School,112B,STORAGE,156,BUILDING SUPPORT,Building Support,Storage/Custodial,1,156,True,380,31
Chute Middle School,114 D,JC,11,BUILDING SUPPORT,Building Support,Storage/Custodial,,144,False,"380, 381",31
Chute Middle School,114A,BOYS LOCKER ROOM,736,BUILDING SUPPORT,Building Support,Gym/Fitness,15,736,True,380,31
Chute Middle School,114C,TLT,46,BUILDING SUPPORT,Building Support,Restroom,,46,True,380,31
Chute Middle School,114D,STORAGE,144,BUILDING SUPPORT,Building Support,Storage/Custodial,1,144,True,"380, 381",31
Chute Middle School,115,TICKET BOOTH,34,BUILDING SUPPORT,Building Support,Outdoor/Other,1,34,True,382,31
Chute Middle School,115A,GIRL LOCKER ROOM,735,BUILDING SUPPORT,Building Support,Gym/Fitness,15,735,True,380,31
Chute Middle School,115C,TOILET,54,BUILDING SUPPORT,Building Support,Restroom,,54,True,380,31
Chute Middle School,115D,STORAGE,139,BUILDING SUPPORT,Building Support,Storage/Custodial,,,,,31
Chute Middle School,117,KITCHEN,1392,BUILDING SUPPORT,Building Support,Cafeteria/Kitchen,7,1392,True,381,31
Chute Middle School,117A,STORAGE,6,BUILDING SUPPORT,Building Support,Storage/Custodial,,,,,31
Chute Middle School,117B,WALK-IN COOLER,72,BUILDING SUPPORT,Building Support,Cafeteria/Kitchen,1,72,True,381,31
Chute Middle School,117C,FREEZER,69,BUILDING SUPPORT,Building Support,Cafeteria/Kitchen,1,69,True,381,31
Chute Middle School,117D,DRY STORAGE,76,BUILDING SUPPORT,Building Support,Storage/Custodial,1,76,True,381,31
Chute Middle School,117F,TOILET,14,BUILDING SUPPORT,Building Support,Restroom,,14,True,381,31
Chute Middle School,119,STORAGE,19,BUILDING SUPPORT,Building Support,Storage/Custodial,1,19,True,"380, 381",31
Chute Middle School,119,BOILER ROOM,1173,BUILDING SUPPORT,Building Support,Mechanical/Electrical/IT,4,1173,True,381,31
Chute Middle School,120C,MDF,92,BUILDING SUPPORT,Building Support,Mechanical/Electrical/IT,1,92,True,381,31
Chute Middle School,120J,TLT,16,BUILDING SUPPORT,Building Support,Restroom,,16,True,"381, 382",31
Chute Middle School,120J,JC,11,BUILDING SUPPORT,Building Support,Storage/Custodial,1,11,True,"381, 382",31
Chute Middle School,120K,TLT,18,BUILDING SUPPORT,Building Support,Restroom,,18,True,381,31
Chute Middle School,123,STORAGE,25,BUILDING SUPPORT,Building Support,Storage/Custodial,1,25,True,380,31
Chute Middle School,128,STORAGE,25,BUILDING SUPPORT,Building Support,Storage/Custodial,,,,,31
Chute Middle School,137,TLT,18,BUILDING SUPPORT,Building Support,Restroom,,18,True,381,31
Chute Middle School,139,GIRLS,144,BUILDING SUPPORT,Building Support,Restroom,,144,True,381,31
Chute Middle School,140,BOYS,143,BUILDING SUPPORT,Building Support,Restroom,,143,True,381,31
Chute Middle School,152,BOYS,93,BUILDING SUPPORT,Building Support,Restroom,,93,True,380,31
Chute Middle School,153,GIRLS,93,BUILDING SUPPORT,Building Support,Restroom,,93,True,380,31
Chute Middle School,201A,STORAGE,149,BUILDING SUPPORT,Building Support,Storage/Custodial,1,149,True,384,31
Chute Middle School,203A,STORAGE,134,BUILDING SUPPORT,Building Support,Storage/Custodial,1,134,True,384,31
Chute Middle School,203B,STORAGE,130,BUILDING SUPPORT,Building Support,Storage/Custodial,1,130,True,384,31
Chute Middle School,204B,STORAGE,23,BUILDING SUPPORT,Building Support,Storage/Custodial,1,23,True,384,31
Chute Middle School,205A,PREP,140,BUILDING SUPPORT,Building Support,Cafeteria/Kitchen,1,140,True,384,31
Chute Middle School,205B,PREP,134,BUILDING SUPPORT,Building Support,Cafeteria/Kitchen,1,134,True,384,31
Chute Middle School,207B,PREP,112,BUILDING SUPPORT,Building Support,Cafeteria/Kitchen,1,112,True,384,31
Chute Middle School,208A,STORAGE,315,BUILDING SUPPORT,Building Support,Storage/Custodial,2,315,True,384,31
Chute Middle School,208B,PREP,130,BUILDING SUPPORT,Building Support,Cafeteria/Kitchen,1,130,True,384,31
Chute Middle School,208C,JC,14,BUILDING SUPPORT,Building Support,Storage/Custodial,1,14,True,384,31
Chute Middle School,212B,MECHANICAL,140,BUILDING SUPPORT,Building Support,Mechanical/Electrical/IT,1,140,True,385,31
Chute Middle School,212C,STORAGE,140,BUILDING SUPPORT,Building Support,Storage/Custodial,1,140,True,385,31
Chute Middle School,213,PLATFORM,192,BUILDING SUPPORT,Building Support,Outdoor/Other,13,192,True,385,31
Chute Middle School,301A,STORAGE,148,BUILDING SUPPORT,Building Support,Storage/Custodial,1,148,True,386,31
Chute Middle School,308B,TLT,16,BUILDING SUPPORT,Building Support,Restroom,,16,True,386,31
Chute Middle School,308C,JC,14,BUILDING SUPPORT,Building Support,Storage/Custodial,1,14,True,386,31
Chute Middle School,316A,STORAGE,181,BUILDING SUPPORT,Building Support,Storage/Custodial,1,181,True,386,31
Chute Middle School,316B,TLT,17,BUILDING SUPPORT,Building Support,Restroom,,17,True,386,31
Chute Middle School,316C,JC,13,BUILDING SUPPORT,Building Support,Storage/Custodial,1,13,True,386,31
Chute Middle School,E100,ELEVATOR,68,BUILDING SUPPORT,Building Support,Circulation,,,,,31
Chute Middle School,E101,ELEV EQUIP. ROOM,85,BUILDING SUPPORT,Building Support,Circulation,,,,,31
Chute Middle School,C111,COURTYARD,5462,,(blank in source),Outdoor/Other,,5462,True,381,31
Dawes Elementary School,1,OFFICE,243,STAFF/OFFICE,Staff/Office,Office/Admin,3,243,True,395,48
Dawes Elementary School,2,WORKROOM,179,STAFF/OFFICE,Staff/Office,Office/Admin,2,179,True,395,48
Dawes Elementary School,3,OFFICE,335,STAFF/OFFICE,Staff/Office,Office/Admin,4,335,True,395,48
Dawes Elementary School,4,CONFERENCE ROOM,231,STAFF/OFFICE,Staff/Office,Office/Admin,3,231,True,395,48
Dawes Elementary School,5,HEALTH CLERK,258,STAFF/OFFICE,Staff/Office,Office/Admin,3,258,True,395,48
Dawes Elementary School,16A,OFFICE,193,STAFF/OFFICE,Staff/Office,Office/Admin,2,193,True,396,48
Dawes Elementary School,18,OFFICE,301,STAFF/OFFICE,Staff/Office,Office/Admin,4,301,True,395,48
Dawes Elementary School,28,OFFICE,220,STAFF/OFFICE,Staff/Office,Office/Admin,3,220,True,395,48
Dawes Elementary School,30,OFFICE,233,STAFF/OFFICE,Staff/Office,Office/Admin,3,233,True,395,48
Dawes Elementary School,31,OFFICE,233,STAFF/OFFICE,Staff/Office,Office/Admin,3,233,True,395,48
Dawes Elementary School,32A,OFFICE,295,STAFF/OFFICE,Staff/Office,Office/Admin,3,295,True,395,48
Dawes Elementary School,32B,OFFICE,297,STAFF/OFFICE,Staff/Office,Office/Admin,3,297,True,395,48
Dawes Elementary School,34A,OFFICE,81,STAFF/OFFICE,Staff/Office,Office/Admin,1,81,True,395,48
Dawes Elementary School,36,TEACHERS LOUNGE,650,STAFF/OFFICE,Staff/Office,Office/Admin,44,650,True,395,48
Dawes Elementary School,37,OFFICE,132,STAFF/OFFICE,Staff/Office,Office/Admin,2,132,True,395,48
Dawes Elementary School,A06A,STAFF LOUNGE,387,STAFF/OFFICE,Staff/Office,Office/Admin,26,387,True,396,48
Dawes Elementary School,A07A,OFFICE,80,STAFF/OFFICE,Staff/Office,Office/Admin,1,80,True,396,48
Dawes Elementary School,A08A,OFFICE,94,STAFF/OFFICE,Staff/Office,Office/Admin,1,94,True,396,48
Dawes Elementary School,27,LEARN LAB,482,SMALL GROUP SPACES,Small Group Spaces,Classroom,5,482,True,395,48
Dawes Elementary School,29,SMALL GROUP ROOM,194,SMALL GROUP SPACES,Small Group Spaces,Small Group/Intervention,2,194,True,395,48
Dawes Elementary School,17,LIBRARY,1211,SHARED INSTITUTIONAL,Shared Instructional Spaces/Specials,Library/Media,25,1211,True,396,48
Dawes Elementary School,35,GYM,4057,SHARED INSTITUTIONAL,Shared Instructional Spaces/Specials,Gym/Fitness,271,4057,True,395,48
Dawes Elementary School,38,AUDITORIUM,2941,SHARED INSTITUTIONAL,Shared Instructional Spaces/Specials,Art/Music/Performance,354,2941,True,395,48
Dawes Elementary School,38A,STAGE,1180,SHARED INSTITUTIONAL,Shared Instructional Spaces/Specials,Art/Music/Performance,80,1180,True,395,48
Dawes Elementary School,A04A,ART,1268,SHARED INSTITUTIONAL,Shared Instructional Spaces/Specials,Art/Music/Performance,26,1268,True,396,48
Dawes Elementary School,A05A,MUSIC,965,SHARED INSTITUTIONAL,Shared Instructional Spaces/Specials,Art/Music/Performance,49,965,True,396,48
Dawes Elementary School,7,CLASSROOM,775,CORE CURRICULUM,Core Curriculum,Classroom,39,775,True,396,48
Dawes Elementary School,8,CLASSROOM,693,CORE CURRICULUM,Core Curriculum,Classroom,,693,True,396,48
Dawes Elementary School,9,CLASSROOM,1103,CORE CURRICULUM,Core Curriculum,Classroom,49,1103,True,396,48
Dawes Elementary School,10,CLASSROOM,978,CORE CURRICULUM,Core Curriculum,Classroom,49,978,True,396,48
Dawes Elementary School,11,CLASSROOM,986,CORE CURRICULUM,Core Curriculum,Classroom,49,986,True,396,48
Dawes Elementary School,12,CLASSROOM,936,CORE CURRICULUM,Core Curriculum,Classroom,47,936,True,396,48
Dawes Elementary School,13,CLASSROOM,937,CORE CURRICULUM,Core Curriculum,Classroom,47,937,True,396,48
Dawes Elementary School,14,CLASSROOM,978,CORE CURRICULUM,Core Curriculum,Classroom,49,978,True,396,48
Dawes Elementary School,15,CLASSROOM,978,CORE CURRICULUM,Core Curriculum,Classroom,49,978,True,396,48
Dawes Elementary School,16,SPED/OT,1104,CORE CURRICULUM,Core Curriculum,Classroom,49,1104,True,396,48
Dawes Elementary School,19,CLASSROOM,867,CORE CURRICULUM,Core Curriculum,Classroom,44,867,True,395,48
Dawes Elementary School,20,CLASSROOM,854,CORE CURRICULUM,Core Curriculum,Classroom,43,854,True,395,48
Dawes Elementary School,21,CLASSROOM,854,CORE CURRICULUM,Core Curriculum,Classroom,43,854,True,395,48
Dawes Elementary School,22,CLASSROOM,864,CORE CURRICULUM,Core Curriculum,Classroom,44,864,True,395,48
Dawes Elementary School,23,CLASSROOM,854,CORE CURRICULUM,Core Curriculum,Classroom,43,854,True,395,48
Dawes Elementary School,24,CLASSROOM,844,CORE CURRICULUM,Core Curriculum,Classroom,43,844,True,395,48
Dawes Elementary School,25,CLASSROOM,844,CORE CURRICULUM,Core Curriculum,Classroom,43,844,True,395,48
Dawes Elementary School,26,CLASSROOM,862,CORE CURRICULUM,Core Curriculum,Classroom,44,862,True,395,49
Dawes Elementary School,34,CLASSROOM,1369,CORE CURRICULUM,Core Curriculum,Classroom,49,1369,True,395,49
Dawes Elementary School,A01A,CLASSROOM,1228,CORE CURRICULUM,Core Curriculum,Classroom,62,1228,True,396,49
Dawes Elementary School,A02A,CLASSROOM,1128,CORE CURRICULUM,Core Curriculum,Classroom,49,1128,True,396,49
Dawes Elementary School,A03A,CLASSROOM,1170,CORE CURRICULUM,Core Curriculum,Classroom,49,1170,True,396,49
Dawes Elementary School,35A,LIFT,41,CIRCULATION,Circulation,Circulation,,,,,49
Dawes Elementary School,AC01,CORRIDOR,1566,CIRCULATION,Circulation,Circulation,,,,,49
Dawes Elementary School,C01,CORRIDOR,2619,CIRCULATION,Circulation,Circulation,,,,,49
Dawes Elementary School,C02,CORRIDOR,1911,CIRCULATION,Circulation,Circulation,,,,,49
Dawes Elementary School,C03,CORRIDOR,1825,CIRCULATION,Circulation,Circulation,,,,,49
Dawes Elementary School,C04,CORRIDOR,1814,CIRCULATION,Circulation,Circulation,,,,,49
Dawes Elementary School,S1,STAIR,57,CIRCULATION,Circulation,Circulation,,,,,49
Dawes Elementary School,V01,VESTIBLE,149,CIRCULATION,Circulation,Circulation,,,,,49
Dawes Elementary School,5A,TLT,24,BUILDING SUPPORT,Building Support,Restroom,,24,True,395,49
Dawes Elementary School,5B,TLT,27,BUILDING SUPPORT,Building Support,Restroom,,27,True,395,49
Dawes Elementary School,6,SENSORY,209,BUILDING SUPPORT,Building Support,Classroom,5,209,True,395,49
Dawes Elementary School,6A,SENSORY,80,BUILDING SUPPORT,Building Support,Classroom,2,80,True,395,49
Dawes Elementary School,9A,TLT,20,BUILDING SUPPORT,Building Support,Restroom,,20,True,396,49
Dawes Elementary School,10A,TLT,20,BUILDING SUPPORT,Building Support,Restroom,,20,True,396,49
Dawes Elementary School,11A,TLT,22,BUILDING SUPPORT,Building Support,Restroom,,22,True,396,49
Dawes Elementary School,12A,TLT,22,BUILDING SUPPORT,Building Support,Restroom,,22,True,396,49
Dawes Elementary School,13A,TLT,20,BUILDING SUPPORT,Building Support,Restroom,,20,True,396,49
Dawes Elementary School,14A,TLT,20,BUILDING SUPPORT,Building Support,Restroom,,20,True,396,49
Dawes Elementary School,15A,TLT,20,BUILDING SUPPORT,Building Support,Restroom,,20,True,396,49
Dawes Elementary School,16B,TLT,20,BUILDING SUPPORT,Building Support,Restroom,,20,True,396,49
Dawes Elementary School,17A,STORAGE,165,BUILDING SUPPORT,Building Support,Storage/Custodial,1,165,True,395,49
Dawes Elementary School,18A,STORAGE,68,BUILDING SUPPORT,Building Support,Storage/Custodial,1,68,True,395,49
Dawes Elementary School,18B,STORAGE,44,BUILDING SUPPORT,Building Support,Storage/Custodial,1,44,True,395,49
Dawes Elementary School,18C,TLT,51,BUILDING SUPPORT,Building Support,Restroom,,51,True,395,49
Dawes Elementary School,19A,STORAGE,9,BUILDING SUPPORT,Building Support,Storage/Custodial,,,,,49
Dawes Elementary School,20A,STORAGE,9,BUILDING SUPPORT,Building Support,Storage/Custodial,,,,,49
Dawes Elementary School,21A,STORAGE,9,BUILDING SUPPORT,Building Support,Storage/Custodial,,,,,49
Dawes Elementary School,22A,STORAGE,9,BUILDING SUPPORT,Building Support,Storage/Custodial,,,,,49
Dawes Elementary School,23A,STORAGE,9,BUILDING SUPPORT,Building Support,Storage/Custodial,,,,,49
Dawes Elementary School,24A,STORAGE,9,BUILDING SUPPORT,Building Support,Storage/Custodial,,,,,49
Dawes Elementary School,25A,STORAGE,9,BUILDING SUPPORT,Building Support,Storage/Custodial,,,,,49
Dawes Elementary School,26A,STORAGE,9,BUILDING SUPPORT,Building Support,Storage/Custodial,,,,,49
Dawes Elementary School,27A,TLT,38,BUILDING SUPPORT,Building Support,Restroom,,38,True,395,49
Dawes Elementary School,28A,TLT,38,BUILDING SUPPORT,Building Support,Restroom,,38,True,395,49
Dawes Elementary School,28B,STORAGE,12,BUILDING SUPPORT,Building Support,Storage/Custodial,1,12,True,395,49
Dawes Elementary School,29A,STORAGE,71,BUILDING SUPPORT,Building Support,Storage/Custodial,1,71,True,395,49
Dawes Elementary School,29B,STORAGE,49,BUILDING SUPPORT,Building Support,Storage/Custodial,1,49,True,395,49
Dawes Elementary School,33,STORAGE,464,BUILDING SUPPORT,Building Support,Storage/Custodial,2,464,True,395,49
Dawes Elementary School,33A,MECHANICAL,347,BUILDING SUPPORT,Building Support,Mechanical/Electrical/IT,2,347,True,395,49
Dawes Elementary School,33B,OFFICE,240,BUILDING SUPPORT,Building Support,Office/Admin,1,240,True,395,49
Dawes Elementary School,33C,TOILET,20,BUILDING SUPPORT,Building Support,Restroom,,20,True,395,49
Dawes Elementary School,33D,STORAGE,92,BUILDING SUPPORT,Building Support,Storage/Custodial,1,92,True,395,49
Dawes Elementary School,33E,STORAGE,114,BUILDING SUPPORT,Building Support,Storage/Custodial,1,114,True,395,49
Dawes Elementary School,34B,TOILET,34,BUILDING SUPPORT,Building Support,Restroom,,34,True,395,49
Dawes Elementary School,34C,TOILET,34,BUILDING SUPPORT,Building Support,Restroom,,34,True,395,49
Dawes Elementary School,34E,JANITOR,35,BUILDING SUPPORT,Building Support,Storage/Custodial,1,35,True,395,49
Dawes Elementary School,39,STORAGE,229,BUILDING SUPPORT,Building Support,Storage/Custodial,1,229,True,395,49
Dewey Elementary School,111,OFFICE,180,STAFF/OFFICE,Staff/Office,Office/Admin,2,180,True,404,67
Dewey Elementary School,117D,OFFICE,131,STAFF/OFFICE,Staff/Office,Office/Admin,2,131,True,405,67
Dewey Elementary School,204,OFFICE,212,STAFF/OFFICE,Staff/Office,Office/Admin,3,212,True,407,67
Dewey Elementary School,210,OFFICE,253,STAFF/OFFICE,Staff/Office,Office/Admin,3,253,True,407,67
Dewey Elementary School,213,OFFICE,267,STAFF/OFFICE,Staff/Office,Office/Admin,3,267,True,407,67
Dewey Elementary School,301,OFFICE,189,STAFF/OFFICE,Staff/Office,Office/Admin,2,189,True,406,67
Dewey Elementary School,1001,MAIN OFFICE,569,STAFF/OFFICE,Staff/Office,Office/Admin,5,569,True,405,67
Dewey Elementary School,1004,CONFERENCE,414,STAFF/OFFICE,Staff/Office,Office/Admin,28,414,True,405,67
Dewey Elementary School,1005,OFFICE,285,STAFF/OFFICE,Staff/Office,Office/Admin,3,285,True,405,67
Dewey Elementary School,1006,OFFICE,56,STAFF/OFFICE,Staff/Office,Office/Admin,1,56,True,405,67
Dewey Elementary School,1007,WORK RM,48,STAFF/OFFICE,Staff/Office,Office/Admin,1,48,True,405,67
Dewey Elementary School,1008,WORK RM,100,STAFF/OFFICE,Staff/Office,Office/Admin,1,100,True,405,67
Dewey Elementary School,1013,HEALTH CLINIC,324,STAFF/OFFICE,Staff/Office,Office/Admin,4,324,True,405,67
Dewey Elementary School,117B,SENSORY,142,SMALL GROUP SPACES,Small Group Spaces,Classroom,4,142,True,405,67
Dewey Elementary School,117C,READING,135,SMALL GROUP SPACES,Small Group Spaces,Classroom,3,135,True,405,67
Dewey Elementary School,206,CLASSROOM,333,SMALL GROUP SPACES,Small Group Spaces,Classroom,16,333,True,407,67
Dewey Elementary School,207,CLASSROOM,284,SMALL GROUP SPACES,Small Group Spaces,Classroom,16,284,True,407,67
Dewey Elementary School,118,MULTIPURPOSE RM,1323,SHARED INSTRUCTIONAL,Shared Instructional Spaces/Specials,Gym/Fitness,91,1323,True,404,67
Dewey Elementary School,118B,MULTIPURPOSE RM,1069,SHARED INSTRUCTIONAL,Shared Instructional Spaces/Specials,Gym/Fitness,72,1069,True,404,67
Dewey Elementary School,119,STAGE,721,SHARED INSTRUCTIONAL,Shared Instructional Spaces/Specials,Art/Music/Performance,45,721,True,404,67
Dewey Elementary School,121,GYM,3542,SHARED INSTRUCTIONAL,Shared Instructional Spaces/Specials,Gym/Fitness,237,3542,True,404,67
Dewey Elementary School,2001,LIBRARY,2748,SHARED INSTRUCTIONAL,Shared Instructional Spaces/Specials,Library/Media,55,2748,True,407,67
Dewey Elementary School,101,CLASSROOM,998,CORE CURRICULUM,Core Curriculum,Classroom,49,998,True,405,67
Dewey Elementary School,102,CLASSROOM,796,CORE CURRICULUM,Core Curriculum,Classroom,41,796,True,405,67
Dewey Elementary School,103,CLASSROOM,783,CORE CURRICULUM,Core Curriculum,Classroom,39,783,True,405,67
Dewey Elementary School,104,CLASSROOM,796,CORE CURRICULUM,Core Curriculum,Classroom,41,796,True,405,67
Dewey Elementary School,105,CLASSROOM,857,CORE CURRICULUM,Core Curriculum,Classroom,44,857,True,405,67
Dewey Elementary School,106,CLASSROOM,870,CORE CURRICULUM,Core Curriculum,Classroom,44,870,True,405,67
Dewey Elementary School,107,CLASSROOM,807,CORE CURRICULUM,Core Curriculum,Classroom,41,807,True,405,67
Dewey Elementary School,108,CLASSROOM,794,CORE CURRICULUM,Core Curriculum,Classroom,39,794,True,405,67
Dewey Elementary School,109,CLASSROOM,807,CORE CURRICULUM,Core Curriculum,Classroom,41,807,True,405,67
Dewey Elementary School,110,CLASSROOM,1033,CORE CURRICULUM,Core Curriculum,Classroom,49,1033,True,405,67
Dewey Elementary School,112,CLASSROOM,881,CORE CURRICULUM,Core Curriculum,Classroom,41,881,True,404,67
Dewey Elementary School,113,CLASSROOM,884,CORE CURRICULUM,Core Curriculum,Classroom,45,884,True,405,67
Dewey Elementary School,114,CLASSROOM,891,CORE CURRICULUM,Core Curriculum,Classroom,45,891,True,405,67
Dewey Elementary School,115,CLASSROOM,896,CORE CURRICULUM,Core Curriculum,Classroom,45,896,True,405,67
Dewey Elementary School,200,CLASSROOM,807,CORE CURRICULUM,Core Curriculum,Classroom,47,807,True,407,67
Dewey Elementary School,201,CLASSROOM,788,CORE CURRICULUM,Core Curriculum,Classroom,39,788,True,407,67
Dewey Elementary School,202,CLASSROOM,794,CORE CURRICULUM,Core Curriculum,Classroom,34,794,True,407,67
Dewey Elementary School,203,CLASSROOM,797,CORE CURRICULUM,Core Curriculum,Classroom,45,797,True,407,67
Dewey Elementary School,205,CLASSROOM,885,CORE CURRICULUM,Core Curriculum,Classroom,45,885,True,407,67
Dewey Elementary School,208,CLASSROOM,790,CORE CURRICULUM,Core Curriculum,Classroom,37,790,True,407,67
Dewey Elementary School,209,CLASSROOM,799,CORE CURRICULUM,Core Curriculum,Classroom,40,799,True,407,67
Dewey Elementary School,211,CLASSROOM,799,CORE CURRICULUM,Core Curriculum,Classroom,41,799,True,407,67
Dewey Elementary School,212,CLASSROOM,802,CORE CURRICULUM,Core Curriculum,Classroom,38,802,True,407,67
Dewey Elementary School,302,CLASSROOM,968,CORE CURRICULUM,Core Curriculum,Classroom,49,968,True,406,67
Dewey Elementary School,303,CLASSROOM,830,CORE CURRICULUM,Core Curriculum,Classroom,42,830,True,406,67
Dewey Elementary School,B01,CLASSROOM,1689,CORE CURRICULUM,Core Curriculum,Classroom,85,1689,True,404,67
Dewey Elementary School,117K,STORAGE,210,CIRCULATION,Circulation,Storage/Custodial,1,210,True,405,67
Dewey Elementary School,C100,CORRIDOR,457,CIRCULATION,Circulation,Circulation,,,,,67
Dewey Elementary School,C101,CORRIDOR,1354,CIRCULATION,Circulation,Circulation,,,,,67
Dewey Elementary School,C102,CORRIDOR,325,CIRCULATION,Circulation,Circulation,,,,,67
Dewey Elementary School,C103,CORRIDOR,890,CIRCULATION,Circulation,Circulation,,,,,67
Dewey Elementary School,C104,CORRIDOR,1231,CIRCULATION,Circulation,Circulation,,,,,67
Dewey Elementary School,C105,CORRIDOR,807,CIRCULATION,Circulation,Circulation,,,,,67
Dewey Elementary School,C106,CORRIDOR,386,CIRCULATION,Circulation,Circulation,,,,,67
Dewey Elementary School,C107,CORRIDOR,118,CIRCULATION,Circulation,Circulation,,,,,67
Dewey Elementary School,C108,CORRIDOR,130,CIRCULATION,Circulation,Circulation,,,,,67
Dewey Elementary School,C109,CORRIDOR,171,CIRCULATION,Circulation,Circulation,,,,,67
Dewey Elementary School,C200,CORRIDOR,175,CIRCULATION,Circulation,Circulation,,,,,67
Dewey Elementary School,C201,CORRIDOR,1428,CIRCULATION,Circulation,Circulation,,,,,67
Dewey Elementary School,C202,CORRIDOR,293,CIRCULATION,Circulation,Circulation,,,,,67
Dewey Elementary School,C203,CORRIDOR,658,CIRCULATION,Circulation,Circulation,,,,,67
Dewey Elementary School,C300,CORRIDOR,678,CIRCULATION,Circulation,Circulation,,,,,67
Dewey Elementary School,S3-1,STAIR,234,CIRCULATION,Circulation,Circulation,,,,,67
Dewey Elementary School,S4-0,STAIR,99,CIRCULATION,Circulation,Circulation,,,,,67
Dewey Elementary School,S4-2,STAIR,744,CIRCULATION,Circulation,Circulation,,,,,67
Dewey Elementary School,S4-2,STAIR,71,CIRCULATION,Circulation,Circulation,,,,,67
Dewey Elementary School,S4-3,STAIR,245,CIRCULATION,Circulation,Circulation,,,,,67
Dewey Elementary School,S5-3,STAIR,242,CIRCULATION,Circulation,Circulation,,,,,67
Dewey Elementary School,ST1-1,STAIR,194,CIRCULATION,Circulation,Circulation,,,,,67
Dewey Elementary School,ST1-2,STAIR,194,CIRCULATION,Circulation,Circulation,,,,,67
Dewey Elementary School,ST2-1,STAIR,402,CIRCULATION,Circulation,Circulation,,,,,67
Dewey Elementary School,ST2-2,STAIR,354,CIRCULATION,Circulation,Circulation,,,,,67
Dewey Elementary School,ST3-2,STAIR,535,CIRCULATION,Circulation,Circulation,,,,,67
Dewey Elementary School,ST4-0,STAIR,279,CIRCULATION,Circulation,Circulation,,,,,67
Dewey Elementary School,ST4-1,STAIR,237,CIRCULATION,Circulation,Circulation,,,,,67
Dewey Elementary School,ST5-0,STAIR,186,CIRCULATION,Circulation,Circulation,,,,,67
Dewey Elementary School,ST5-1,STAIR,214,CIRCULATION,Circulation,Circulation,,,,,67
Dewey Elementary School,V01,VESTIBULE,191,CIRCULATION,Circulation,Circulation,,,,,67
Dewey Elementary School,100,JAN,89,BUILDING SUPPORT,Building Support,Storage/Custodial,1,89,True,405,67
Dewey Elementary School,100B,STORAGE,78,BUILDING SUPPORT,Building Support,Storage/Custodial,1,78,True,405,67
Dewey Elementary School,101A,TOILET,31,BUILDING SUPPORT,Building Support,Restroom,,31,True,405,67
Dewey Elementary School,105A,TOILET,38,BUILDING SUPPORT,Building Support,Restroom,,38,True,405,67
Dewey Elementary School,106A,TOILET,36,BUILDING SUPPORT,Building Support,Restroom,,36,True,405,67
Dewey Elementary School,110A,TOILET,45,BUILDING SUPPORT,Building Support,Restroom,,45,True,405,67
Dewey Elementary School,112A,TOILET,58,BUILDING SUPPORT,Building Support,Restroom,,58,True,404,67
Dewey Elementary School,116,TEACHER LOUNGE,325,BUILDING SUPPORT,Building Support,Office/Admin,24,325,True,405,67
Dewey Elementary School,117,KITCHEN,160,BUILDING SUPPORT,Building Support,Cafeteria/Kitchen,10,160,True,404,67
Dewey Elementary School,117E,STORAGE,87,BUILDING SUPPORT,Building Support,Storage/Custodial,1,87,True,405,67
Dewey Elementary School,117G,STORAGE,17,BUILDING SUPPORT,Building Support,Storage/Custodial,,,,,67
Dewey Elementary School,117H,IDF,30,BUILDING SUPPORT,Building Support,Mechanical/Electrical/IT,1,30,True,405,67
Dewey Elementary School,118C,STORAGE,232,BUILDING SUPPORT,Building Support,Storage/Custodial,1,232,True,404,67
Dewey Elementary School,118D,STORAGE,25,BUILDING SUPPORT,Building Support,Storage/Custodial,1,25,True,404,67
Dewey Elementary School,118E,KITCHENETTE,170,BUILDING SUPPORT,Building Support,Cafeteria/Kitchen,12,170,True,404,67
Dewey Elementary School,119A,ELEC,46,BUILDING SUPPORT,Building Support,Mechanical/Electrical/IT,1,46,True,404,67
Dewey Elementary School,120,JC,69,BUILDING SUPPORT,Building Support,Storage/Custodial,1,69,True,404,67
Dewey Elementary School,204A,IDF,36,BUILDING SUPPORT,Building Support,Mechanical/Electrical/IT,1,36,True,407,67
Dewey Elementary School,205A,JC,33,BUILDING SUPPORT,Building Support,Storage/Custodial,,,,,67
Dewey Elementary School,214,STORAGE,107,BUILDING SUPPORT,Building Support,Storage/Custodial,1,107,True,406,67
Dewey Elementary School,214,JANITOR,89,BUILDING SUPPORT,Building Support,Storage/Custodial,1,89,True,407,67
Dewey Elementary School,304,JC,29,BUILDING SUPPORT,Building Support,Storage/Custodial,1,29,True,406,67
Dewey Elementary School,1010,STORAGE,96,BUILDING SUPPORT,Building Support,Storage/Custodial,1,96,True,405,67
Dewey Elementary School,1011,TLT,61,BUILDING SUPPORT,Building Support,Restroom,,61,True,405,67
Dewey Elementary School,1012,TLT,49,BUILDING SUPPORT,Building Support,Restroom,,49,True,405,67
Dewey Elementary School,1014,STORAGE,71,BUILDING SUPPORT,Building Support,Storage/Custodial,1,71,True,405,67
Dewey Elementary School,1014A,STORAGE,28,BUILDING SUPPORT,Building Support,Storage/Custodial,1,28,True,405,67
Dewey Elementary School,1017,FIRE PUMP ROOM,120,BUILDING SUPPORT,Building Support,Mechanical/Electrical/IT,1,120,True,405,67
Dewey Elementary School,1018,ELEVATOR EQUIP. ROOM,58,BUILDING SUPPORT,Building Support,Circulation,1,58,True,405,67
Dewey Elementary School,2002,KITCHEN,192,BUILDING SUPPORT,Building Support,Cafeteria/Kitchen,3,192,True,407,67
Dewey Elementary School,B01A,STORAGE,98,BUILDING SUPPORT,Building Support,Storage/Custodial,1,98,True,404,67
Dewey Elementary School,B02,BOILER RM,1911,BUILDING SUPPORT,Building Support,Mechanical/Electrical/IT,7,1911,True,404,67
Dewey Elementary School,E-1,ELEVATOR,49,BUILDING SUPPORT,Building Support,Circulation,,,,,67
Dewey Elementary School,E-2,ELEVATOR,49,BUILDING SUPPORT,Building Support,Circulation,,,,,67
Dewey Elementary School,T01,TOILET,229,BUILDING SUPPORT,Building Support,Restroom,,229,True,405,67
Dewey Elementary School,T02,TOILET,260,BUILDING SUPPORT,Building Support,Restroom,,260,True,405,67
Dewey Elementary School,T03,WOMEN,148,BUILDING SUPPORT,Building Support,Restroom,,148,True,404,67
Dewey Elementary School,T04,MEN,146,BUILDING SUPPORT,Building Support,Restroom,,146,True,404,67
Dewey Elementary School,T05,MEN,65,BUILDING SUPPORT,Building Support,Restroom,,65,True,406,67
Dr. Bessie Rhodes School of Global Studies,110A,STORAGE/OFFICE,185,STAFF/OFFICE,Staff/Office,Office/Admin,2,185,True,368,84
Dr. Bessie Rhodes School of Global Studies,114,OFFICE,153,STAFF/OFFICE,Staff/Office,Office/Admin,2,153,True,368,84
Dr. Bessie Rhodes School of Global Studies,114A,OFFICE/STORAGE,99,STAFF/OFFICE,Staff/Office,Office/Admin,1,99,True,368,84
Dr. Bessie Rhodes School of Global Studies,115,OFFICE,205,STAFF/OFFICE,Staff/Office,Office/Admin,3,205,True,368,84
Dr. Bessie Rhodes School of Global Studies,116,OFFICE,193,STAFF/OFFICE,Staff/Office,Office/Admin,2,193,True,368,84
Dr. Bessie Rhodes School of Global Studies,117,OFFICE,156,STAFF/OFFICE,Staff/Office,Office/Admin,2,156,True,368,84
Dr. Bessie Rhodes School of Global Studies,118,NURSE,217,STAFF/OFFICE,Staff/Office,Office/Admin,3,217,True,368,84
Dr. Bessie Rhodes School of Global Studies,119,STAFF LOUNGE,370,STAFF/OFFICE,Staff/Office,Office/Admin,25,370,True,368,84
Dr. Bessie Rhodes School of Global Studies,121,OFFICE,160,STAFF/OFFICE,Staff/Office,Office/Admin,2,160,True,368,84
Dr. Bessie Rhodes School of Global Studies,122,MAIN OFFICE,260,STAFF/OFFICE,Staff/Office,Office/Admin,3,260,True,368,84
Dr. Bessie Rhodes School of Global Studies,209,OFFICE,227,STAFF/OFFICE,Staff/Office,Office/Admin,3,227,True,370,84
Dr. Bessie Rhodes School of Global Studies,210A,OFFICE,67,STAFF/OFFICE,Staff/Office,Office/Admin,1,67,True,370,84
Dr. Bessie Rhodes School of Global Studies,114,ART,587,SMALL GROUP SPACES,Small Group Spaces,Art/Music/Performance,12,587,True,368,84
Dr. Bessie Rhodes School of Global Studies,210,CLASSROOM,199,SMALL GROUP SPACES,Small Group Spaces,Classroom,10,199,True,370,84
Dr. Bessie Rhodes School of Global Studies,100,LIBRARY,1154,SHARED INSTRUCTIONAL,Shared Instructional Spaces/Specials,Library/Media,24,1154,True,368,84
Dr. Bessie Rhodes School of Global Studies,110,CAFETERIA,1722,SHARED INSTRUCTIONAL,Shared Instructional Spaces/Specials,Cafeteria/Kitchen,115,1722,True,368,84
Dr. Bessie Rhodes School of Global Studies,111,GYM,3812,SHARED INSTRUCTIONAL,Shared Instructional Spaces/Specials,Gym/Fitness,255,3812,True,368,84
Dr. Bessie Rhodes School of Global Studies,112,AUDITORIUM,2811,SHARED INSTRUCTIONAL,Shared Instructional Spaces/Specials,Art/Music/Performance,391,2811,True,368,84
Dr. Bessie Rhodes School of Global Studies,112C,STAGE,1057,SHARED INSTRUCTIONAL,Shared Instructional Spaces/Specials,Art/Music/Performance,71,1057,True,368,84
Dr. Bessie Rhodes School of Global Studies,101,CLASSROOM,962,CORE CURRICULUM,Core Curriculum,Classroom,49,962,True,369,84
Dr. Bessie Rhodes School of Global Studies,102,CLASSROOM,970,CORE CURRICULUM,Core Curriculum,Classroom,49,970,True,369,84
Dr. Bessie Rhodes School of Global Studies,103,CLASSROOM,1018,CORE CURRICULUM,Core Curriculum,Classroom,49,1018,True,369,84
Dr. Bessie Rhodes School of Global Studies,104,CLASSROOM,1047,CORE CURRICULUM,Core Curriculum,Classroom,49,1047,True,369,84
Dr. Bessie Rhodes School of Global Studies,105,CLASSROOM,1460,CORE CURRICULUM,Core Curriculum,Classroom,49,1460,True,369,84
Dr. Bessie Rhodes School of Global Studies,106,CLASSROOM,1042,CORE CURRICULUM,Core Curriculum,Classroom,49,1042,True,369,84
Dr. Bessie Rhodes School of Global Studies,107,CLASSROOM,1010,CORE CURRICULUM,Core Curriculum,Classroom,49,1010,True,369,84
Dr. Bessie Rhodes School of Global Studies,108,CLASSROOM,959,CORE CURRICULUM,Core Curriculum,Classroom,49,959,True,369,84
Dr. Bessie Rhodes School of Global Studies,109,CLASSROOM,947,CORE CURRICULUM,Core Curriculum,Classroom,48,947,True,369,84
Dr. Bessie Rhodes School of Global Studies,200,CLASSROOM,919,CORE CURRICULUM,Core Curriculum,Classroom,46,919,True,370,84
Dr. Bessie Rhodes School of Global Studies,201,CLASSROOM,965,CORE CURRICULUM,Core Curriculum,Classroom,49,965,True,370,84
Dr. Bessie Rhodes School of Global Studies,202,CLASSROOM,978,CORE CURRICULUM,Core Curriculum,Classroom,49,978,True,370,84
Dr. Bessie Rhodes School of Global Studies,203,CLASSROOM,1055,CORE CURRICULUM,Core Curriculum,Classroom,49,1055,True,370,84
Dr. Bessie Rhodes School of Global Studies,204,CLASSROOM,1081,CORE CURRICULUM,Core Curriculum,Classroom,49,1081,True,370,84
Dr. Bessie Rhodes School of Global Studies,205,CLASSROOM,1071,CORE CURRICULUM,Core Curriculum,Classroom,49,1071,True,370,84
Dr. Bessie Rhodes School of Global Studies,206,CLASSROOM,1046,CORE CURRICULUM,Core Curriculum,Classroom,49,1046,True,370,84
Dr. Bessie Rhodes School of Global Studies,207,CLASSROOM,968,CORE CURRICULUM,Core Curriculum,Classroom,49,968,True,370,84
Dr. Bessie Rhodes School of Global Studies,208,CLASSROOM,951,CORE CURRICULUM,Core Curriculum,Classroom,48,951,True,370,84
Dr. Bessie Rhodes School of Global Studies,C100,CORRIDOR,1046,CIRCULATION,Circulation,Circulation,,,,,84
Dr. Bessie Rhodes School of Global Studies,C101,CORRIDOR,1542,CIRCULATION,Circulation,Circulation,,,,,84
Dr. Bessie Rhodes School of Global Studies,C102,CORRIDOR,515,CIRCULATION,Circulation,Circulation,,,,,84
Dr. Bessie Rhodes School of Global Studies,C103,CORRIDOR,389,CIRCULATION,Circulation,Circulation,,,,,84
Dr. Bessie Rhodes School of Global Studies,C104,CORRIDOR,399,CIRCULATION,Circulation,Circulation,,,,,84
Dr. Bessie Rhodes School of Global Studies,C105,CORRIDOR,2584,CIRCULATION,Circulation,Circulation,,,,,84
Dr. Bessie Rhodes School of Global Studies,C200,CORRIDOR,2460,CIRCULATION,Circulation,Circulation,,,,,84
Dr. Bessie Rhodes School of Global Studies,ST1-1,STAIR,215,CIRCULATION,Circulation,Circulation,,,,,84
Dr. Bessie Rhodes School of Global Studies,ST1-2,STR,262,CIRCULATION,Circulation,Storage/Custodial,,,,,84
Dr. Bessie Rhodes School of Global Studies,ST2-1,STAIRS,148,CIRCULATION,Circulation,Circulation,,,,,84
Dr. Bessie Rhodes School of Global Studies,ST2-2,STAIR,405,CIRCULATION,Circulation,Circulation,,,,,84
Dr. Bessie Rhodes School of Global Studies,STB-1,BOILER ACCESS,85,CIRCULATION,Circulation,Mechanical/Electrical/IT,,,,,84
Dr. Bessie Rhodes School of Global Studies,STB-B,BOILER ACCESS,81,CIRCULATION,Circulation,Mechanical/Electrical/IT,,,,,84
Dr. Bessie Rhodes School of Global Studies,V01,VESTIBULE,122,CIRCULATION,Circulation,Circulation,,,,,84
Dr. Bessie Rhodes School of Global Studies,100A,JANITOR,64,BUILDING SUPPORT,Building Support,Storage/Custodial,1,64,True,368,84
Dr. Bessie Rhodes School of Global Studies,100A,MDF,70,BUILDING SUPPORT,Building Support,Mechanical/Electrical/IT,1,70,True,368,84
Dr. Bessie Rhodes School of Global Studies,103A,TOILET,24,BUILDING SUPPORT,Building Support,Restroom,,24,True,369,84
Dr. Bessie Rhodes School of Global Studies,104A,STO,99,BUILDING SUPPORT,Building Support,Storage/Custodial,1,99,True,369,84
Dr. Bessie Rhodes School of Global Studies,104B,TOILET,24,BUILDING SUPPORT,Building Support,Restroom,,24,True,369,84
Dr. Bessie Rhodes School of Global Studies,106A,TOILET,25,BUILDING SUPPORT,Building Support,Restroom,,25,True,369,84
Dr. Bessie Rhodes School of Global Studies,107A,TOILET,24,BUILDING SUPPORT,Building Support,Restroom,,24,True,369,84
Dr. Bessie Rhodes School of Global Studies,110B,TECH STORAGE,65,BUILDING SUPPORT,Building Support,Office/Admin,1,65,True,368,84
Dr. Bessie Rhodes School of Global Studies,110C,JANITOR,41,BUILDING SUPPORT,Building Support,Storage/Custodial,1,41,True,368,84
Dr. Bessie Rhodes School of Global Studies,111A,STORAGE,144,BUILDING SUPPORT,Building Support,Storage/Custodial,1,144,True,368,84
Dr. Bessie Rhodes School of Global Studies,111B,STORAGE,107,BUILDING SUPPORT,Building Support,Storage/Custodial,1,107,True,368,84
Dr. Bessie Rhodes School of Global Studies,112A,BOYS LOCKER ROOM,403,BUILDING SUPPORT,Building Support,Gym/Fitness,9,403,True,368,84
Dr. Bessie Rhodes School of Global Studies,112B,GIRLS LOCKER,306,BUILDING SUPPORT,Building Support,Gym/Fitness,7,306,True,368,84
Dr. Bessie Rhodes School of Global Studies,114.5,OFFICE/STORAGE,157,BUILDING SUPPORT,Building Support,Office/Admin,1,157,True,368,84
Dr. Bessie Rhodes School of Global Studies,117A,STORAGE,13,BUILDING SUPPORT,Building Support,Storage/Custodial,1,13,True,368,84
Dr. Bessie Rhodes School of Global Studies,122A,STORAGE,49,BUILDING SUPPORT,Building Support,Storage/Custodial,1,49,True,368,84
Dr. Bessie Rhodes School of Global Studies,142A,STOR,36,BUILDING SUPPORT,Building Support,Storage/Custodial,,,,,84
Dr. Bessie Rhodes School of Global Studies,211,JANITOR,66,BUILDING SUPPORT,Building Support,Storage/Custodial,1,66,True,370,84
Dr. Bessie Rhodes School of Global Studies,M01,BOILER,1362,BUILDING SUPPORT,Building Support,Mechanical/Electrical/IT,5,1362,True,368,84
Dr. Bessie Rhodes School of Global Studies,T01,TOILET,31,BUILDING SUPPORT,Building Support,Restroom,,31,True,368,84
Dr. Bessie Rhodes School of Global Studies,T02,TOILET,27,BUILDING SUPPORT,Building Support,Restroom,,27,True,368,84
Dr. Bessie Rhodes School of Global Studies,T03,TOILET,32,BUILDING SUPPORT,Building Support,Restroom,,32,True,368,84
Dr. Bessie Rhodes School of Global Studies,T04,TLT,186,BUILDING SUPPORT,Building Support,Restroom,,186,True,368,84
Dr. Bessie Rhodes School of Global Studies,T05,TLT,192,BUILDING SUPPORT,Building Support,Restroom,,192,True,368,84
Dr. Bessie Rhodes School of Global Studies,T10,TOILET,93,BUILDING SUPPORT,Building Support,Restroom,,93,True,369,84
Dr. Bessie Rhodes School of Global Studies,T11,TOILET,191,BUILDING SUPPORT,Building Support,Restroom,,191,True,370,84
Dr. Bessie Rhodes School of Global Studies,T12,TOILET,188,BUILDING SUPPORT,Building Support,Restroom,,188,True,370,84
Dr. Martin Luther King Jr. Literary and Fine Arts School,110A,LOUNGE,251,STAFF/OFFICE,Staff/Office,Office/Admin,17,251,True,480,101
Dr. Martin Luther King Jr. Literary and Fine Arts School,110B,LOUNGE,195,STAFF/OFFICE,Staff/Office,Office/Admin,14,195,True,481,101
Dr. Martin Luther King Jr. Literary and Fine Arts School,111,MAIN OFFICE,663,STAFF/OFFICE,Staff/Office,Office/Admin,7,663,True,479,101
Dr. Martin Luther King Jr. Literary and Fine Arts School,111B,OFFICE,188,STAFF/OFFICE,Staff/Office,Office/Admin,2,188,True,479,101
Dr. Martin Luther King Jr. Literary and Fine Arts School,111C,OFFICE,175,STAFF/OFFICE,Staff/Office,Office/Admin,2,175,True,479,101
Dr. Martin Luther King Jr. Literary and Fine Arts School,111D,OFFICE,108,STAFF/OFFICE,Staff/Office,Office/Admin,2,108,True,479,101
Dr. Martin Luther King Jr. Literary and Fine Arts School,111E,NURSE,241,STAFF/OFFICE,Staff/Office,Office/Admin,3,241,True,479,101
Dr. Martin Luther King Jr. Literary and Fine Arts School,111F,OFFICE,78,STAFF/OFFICE,Staff/Office,Office/Admin,1,78,True,479,101
Dr. Martin Luther King Jr. Literary and Fine Arts School,111G,PRINTING,173,STAFF/OFFICE,Staff/Office,Office/Admin,2,173,True,479,101
Dr. Martin Luther King Jr. Literary and Fine Arts School,116A,OFFICE,225,STAFF/OFFICE,Staff/Office,Office/Admin,3,225,True,480,101
Dr. Martin Luther King Jr. Literary and Fine Arts School,116B,OFFICE,203,STAFF/OFFICE,Staff/Office,Office/Admin,3,203,True,480,101
Dr. Martin Luther King Jr. Literary and Fine Arts School,120,TEACHER'S LOUNGE,369,STAFF/OFFICE,Staff/Office,Office/Admin,25,369,True,481,101
Dr. Martin Luther King Jr. Literary and Fine Arts School,126,CONF,64,STAFF/OFFICE,Staff/Office,Office/Admin,5,64,True,482,101
Dr. Martin Luther King Jr. Literary and Fine Arts School,127,CONF,64,STAFF/OFFICE,Staff/Office,Office/Admin,5,64,True,482,101
Dr. Martin Luther King Jr. Literary and Fine Arts School,128A,PHYSICAL THERAPY,766,STAFF/OFFICE,Staff/Office,Classroom,8,766,True,482,101
Dr. Martin Luther King Jr. Literary and Fine Arts School,128B,PHYSICAL THERAPY,765,STAFF/OFFICE,Staff/Office,Classroom,8,765,True,482,101
Dr. Martin Luther King Jr. Literary and Fine Arts School,128D,OFFICE,43,STAFF/OFFICE,Staff/Office,Office/Admin,1,43,True,482,101
Dr. Martin Luther King Jr. Literary and Fine Arts School,128F,OFFICE,43,STAFF/OFFICE,Staff/Office,Office/Admin,1,43,True,482,101
Dr. Martin Luther King Jr. Literary and Fine Arts School,133,CONF,74,STAFF/OFFICE,Staff/Office,Office/Admin,5,74,True,482,101
Dr. Martin Luther King Jr. Literary and Fine Arts School,134,WORK ROOM,168,STAFF/OFFICE,Staff/Office,Office/Admin,2,168,True,482,101
Dr. Martin Luther King Jr. Literary and Fine Arts School,135,CONF,74,STAFF/OFFICE,Staff/Office,Office/Admin,5,74,True,482,101
Dr. Martin Luther King Jr. Literary and Fine Arts School,137A,OFFICE,131,STAFF/OFFICE,Staff/Office,Office/Admin,2,131,True,481,101
Dr. Martin Luther King Jr. Literary and Fine Arts School,137B,OFFICE,152,STAFF/OFFICE,Staff/Office,Office/Admin,2,152,True,481,101
Dr. Martin Luther King Jr. Literary and Fine Arts School,140A,OFFICE,135,STAFF/OFFICE,Staff/Office,Office/Admin,2,135,True,481,101
Dr. Martin Luther King Jr. Literary and Fine Arts School,143A,OFFICE,71,STAFF/OFFICE,Staff/Office,Office/Admin,1,71,True,481,101
Dr. Martin Luther King Jr. Literary and Fine Arts School,211B,OFFICE,785,STAFF/OFFICE,Staff/Office,Office/Admin,8,785,True,483,101
Dr. Martin Luther King Jr. Literary and Fine Arts School,212,OFFICE,182,STAFF/OFFICE,Staff/Office,Office/Admin,2,182,True,483,101
Dr. Martin Luther King Jr. Literary and Fine Arts School,108,CLASSROOM,512,SMALL GROUP SPACES,Small Group Spaces,Classroom,27,512,True,480,101
Dr. Martin Luther King Jr. Literary and Fine Arts School,211E,SENSORY ROOM,77,SMALL GROUP SPACES,Small Group Spaces,Classroom,2,77,True,483,101
Dr. Martin Luther King Jr. Literary and Fine Arts School,213,CLASSROOM,593,SMALL GROUP SPACES,Small Group Spaces,Classroom,30,593,True,484,101
Dr. Martin Luther King Jr. Literary and Fine Arts School,214,CLASSROOM,398,SMALL GROUP SPACES,Small Group Spaces,Classroom,20,398,True,484,101
Dr. Martin Luther King Jr. Literary and Fine Arts School,215,CLASSROOM,537,SMALL GROUP SPACES,Small Group Spaces,Classroom,27,537,True,484,101
Dr. Martin Luther King Jr. Literary and Fine Arts School,100,FITNESS ROOM,989,SHARED INSTRUCTIONAL,Shared Instructional Spaces/Specials,Gym/Fitness,20,989,True,481,101
Dr. Martin Luther King Jr. Literary and Fine Arts School,115,ART,1105,SHARED INSTRUCTIONAL,Shared Instructional Spaces/Specials,Art/Music/Performance,23,1105,True,479,101
Dr. Martin Luther King Jr. Literary and Fine Arts School,116,ORCH./BAND,1378,SHARED INSTRUCTIONAL,Shared Instructional Spaces/Specials,Art/Music/Performance,49,1378,True,480,101
Dr. Martin Luther King Jr. Literary and Fine Arts School,117,MUSIC,954,SHARED INSTRUCTIONAL,Shared Instructional Spaces/Specials,Art/Music/Performance,48,954,True,480,101
Dr. Martin Luther King Jr. Literary and Fine Arts School,118,CHOIR,969,SHARED INSTRUCTIONAL,Shared Instructional Spaces/Specials,Art/Music/Performance,49,969,True,480,101
Dr. Martin Luther King Jr. Literary and Fine Arts School,121,KILN ROOM,174,SHARED INSTRUCTIONAL,Shared Instructional Spaces/Specials,Art/Music/Performance,4,174,True,479,101
Dr. Martin Luther King Jr. Literary and Fine Arts School,124,READING,201,SHARED INSTRUCTIONAL,Shared Instructional Spaces/Specials,Classroom,5,201,True,482,101
Dr. Martin Luther King Jr. Literary and Fine Arts School,126,GYM,7243,SHARED INSTRUCTIONAL,Shared Instructional Spaces/Specials,Gym/Fitness,483,7243,True,481,101
Dr. Martin Luther King Jr. Literary and Fine Arts School,144,CAFETERIA,3171,SHARED INSTRUCTIONAL,Shared Instructional Spaces/Specials,Cafeteria/Kitchen,212,3171,True,"480, 481",101
Dr. Martin Luther King Jr. Literary and Fine Arts School,148,AUDITORIUM,3612,SHARED INSTRUCTIONAL,Shared Instructional Spaces/Specials,Art/Music/Performance,414,3612,True,479,101
Dr. Martin Luther King Jr. Literary and Fine Arts School,148A,STAGE,2752,SHARED INSTRUCTIONAL,Shared Instructional Spaces/Specials,Art/Music/Performance,,2752,True,479,101
Dr. Martin Luther King Jr. Literary and Fine Arts School,211,LIBRARY,2191,SHARED INSTRUCTIONAL,Shared Instructional Spaces/Specials,Library/Media,44,2191,True,483,101
Dr. Martin Luther King Jr. Literary and Fine Arts School,101,CLASSROOM,956,CORE CURRICULUM,Core Curriculum,Classroom,48,956,True,481,101
Dr. Martin Luther King Jr. Literary and Fine Arts School,102,CLASSROOM,956,CORE CURRICULUM,Core Curriculum,Classroom,48,956,True,480,101
Dr. Martin Luther King Jr. Literary and Fine Arts School,103,CLASSROOM,955,CORE CURRICULUM,Core Curriculum,Classroom,48,955,True,480,101
Dr. Martin Luther King Jr. Literary and Fine Arts School,104,CLASSROOM,955,CORE CURRICULUM,Core Curriculum,Classroom,48,955,True,480,101
Dr. Martin Luther King Jr. Literary and Fine Arts School,105,CLASSROOM,955,CORE CURRICULUM,Core Curriculum,Classroom,48,955,True,480,101
Dr. Martin Luther King Jr. Literary and Fine Arts School,106,CLASSROOM,956,CORE CURRICULUM,Core Curriculum,Classroom,48,956,True,"479, 480",101
Dr. Martin Luther King Jr. Literary and Fine Arts School,107,CLASSROOM,783,CORE CURRICULUM,Core Curriculum,Classroom,49,783,True,480,101
Dr. Martin Luther King Jr. Literary and Fine Arts School,109,CLASSROOM,781,CORE CURRICULUM,Core Curriculum,Classroom,25,781,True,480,101
Dr. Martin Luther King Jr. Literary and Fine Arts School,112,CLASSROOM,954,CORE CURRICULUM,Core Curriculum,Classroom,48,954,True,479,101
Dr. Martin Luther King Jr. Literary and Fine Arts School,113,CLASSROOM,956,CORE CURRICULUM,Core Curriculum,Classroom,48,956,True,479,101
Dr. Martin Luther King Jr. Literary and Fine Arts School,114,CLASSROOM,808,CORE CURRICULUM,Core Curriculum,Classroom,41,808,True,479,101
Dr. Martin Luther King Jr. Literary and Fine Arts School,119,CLASSROOM,670,CORE CURRICULUM,Core Curriculum,Classroom,34,670,True,481,101
Dr. Martin Luther King Jr. Literary and Fine Arts School,122,CLASSROOM,1017,CORE CURRICULUM,Core Curriculum,Classroom,49,1017,True,482,101
Dr. Martin Luther King Jr. Literary and Fine Arts School,123,CLASSROOM,686,CORE CURRICULUM,Core Curriculum,Classroom,35,686,True,482,101
Dr. Martin Luther King Jr. Literary and Fine Arts School,125,CLASSROOM,919,CORE CURRICULUM,Core Curriculum,Classroom,46,919,True,482,101
Dr. Martin Luther King Jr. Literary and Fine Arts School,129,CLASSROOM,890,CORE CURRICULUM,Core Curriculum,Classroom,45,890,True,482,101
Dr. Martin Luther King Jr. Literary and Fine Arts School,130,CLASSROOM,686,CORE CURRICULUM,Core Curriculum,Classroom,35,686,True,482,101
Dr. Martin Luther King Jr. Literary and Fine Arts School,132,CLASSROOM,1017,CORE CURRICULUM,Core Curriculum,Classroom,49,1017,True,482,101
Dr. Martin Luther King Jr. Literary and Fine Arts School,137,CLASSROOM,853,CORE CURRICULUM,Core Curriculum,Classroom,43,853,True,482,101
Dr. Martin Luther King Jr. Literary and Fine Arts School,201,CLASSROOM,950,CORE CURRICULUM,Core Curriculum,Classroom,20,950,True,484,101
Dr. Martin Luther King Jr. Literary and Fine Arts School,202,CLASSROOM,956,CORE CURRICULUM,Core Curriculum,Classroom,20,956,True,484,101
Dr. Martin Luther King Jr. Literary and Fine Arts School,203,CLASSROOM,956,CORE CURRICULUM,Core Curriculum,Classroom,20,956,True,484,101
Dr. Martin Luther King Jr. Literary and Fine Arts School,204,CLASSROOM,957,CORE CURRICULUM,Core Curriculum,Classroom,48,957,True,484,101
Dr. Martin Luther King Jr. Literary and Fine Arts School,205,CLASSROOM,956,CORE CURRICULUM,Core Curriculum,Classroom,48,956,True,484,101
Dr. Martin Luther King Jr. Literary and Fine Arts School,206,CLASSROOM,956,CORE CURRICULUM,Core Curriculum,Classroom,48,956,True,"483, 484",101
Dr. Martin Luther King Jr. Literary and Fine Arts School,207,CLASSROOM,946,CORE CURRICULUM,Core Curriculum,Classroom,48,946,True,483,101
Dr. Martin Luther King Jr. Literary and Fine Arts School,208,CLASSROOM,944,CORE CURRICULUM,Core Curriculum,Classroom,48,944,True,483,101
Dr. Martin Luther King Jr. Literary and Fine Arts School,209,CLASSROOM,953,CORE CURRICULUM,Core Curriculum,Classroom,48,953,True,483,101
Dr. Martin Luther King Jr. Literary and Fine Arts School,210,CLASSROOM,871,CORE CURRICULUM,Core Curriculum,Classroom,44,871,True,483,101
Dr. Martin Luther King Jr. Literary and Fine Arts School,216,CLASSROOM,680,CORE CURRICULUM,Core Curriculum,Classroom,35,680,True,484,101
Dr. Martin Luther King Jr. Literary and Fine Arts School,137C,VESTIBULE,186,CIRCULATION,Circulation,Circulation,,,,,101
Dr. Martin Luther King Jr. Literary and Fine Arts School,137D,VESTIBULE,149,CIRCULATION,Circulation,Circulation,,,,,101
Dr. Martin Luther King Jr. Literary and Fine Arts School,141B,STAIR,228,CIRCULATION,Circulation,Circulation,,318,False,481,101
Dr. Martin Luther King Jr. Literary and Fine Arts School,148B,LOBBY,3779,CIRCULATION,Circulation,Circulation,,3779,True,479,101
Dr. Martin Luther King Jr. Literary and Fine Arts School,C01,CORRIDOR,512,CIRCULATION,Circulation,Circulation,,,,,101
Dr. Martin Luther King Jr. Literary and Fine Arts School,C02,CORRIDOR,1914,CIRCULATION,Circulation,Circulation,,,,,101
Dr. Martin Luther King Jr. Literary and Fine Arts School,C03,CORRIDOR,1230,CIRCULATION,Circulation,Circulation,,,,,101
Dr. Martin Luther King Jr. Literary and Fine Arts School,C04,CORRIDOR,1043,CIRCULATION,Circulation,Circulation,,,,,101
Dr. Martin Luther King Jr. Literary and Fine Arts School,C05,CORRIDOR,264,CIRCULATION,Circulation,Circulation,,,,,101
Dr. Martin Luther King Jr. Literary and Fine Arts School,C06,CORRIDOR,1161,CIRCULATION,Circulation,Circulation,,,,,101
Dr. Martin Luther King Jr. Literary and Fine Arts School,C07,CORRIDOR,3304,CIRCULATION,Circulation,Circulation,,,,,102
Dr. Martin Luther King Jr. Literary and Fine Arts School,C08,CORRIDOR,800,CIRCULATION,Circulation,Circulation,,,,,102
Dr. Martin Luther King Jr. Literary and Fine Arts School,C09,CORRIDOR,1038,CIRCULATION,Circulation,Circulation,,,,,102
Dr. Martin Luther King Jr. Literary and Fine Arts School,C10,CORRIDOR,434,CIRCULATION,Circulation,Circulation,,,,,102
Dr. Martin Luther King Jr. Literary and Fine Arts School,C11,CORRIDOR,1842,CIRCULATION,Circulation,Circulation,,,,,102
Dr. Martin Luther King Jr. Literary and Fine Arts School,ST 1-2,STAIR,176,CIRCULATION,Circulation,Circulation,,,,,102
Dr. Martin Luther King Jr. Literary and Fine Arts School,ST 2-1,STAIR,242,CIRCULATION,Circulation,Circulation,,,,,102
Dr. Martin Luther King Jr. Literary and Fine Arts School,ST 2-2,STAIR,242,CIRCULATION,Circulation,Circulation,,,,,102
Dr. Martin Luther King Jr. Literary and Fine Arts School,ST 3-1,STAIR,207,CIRCULATION,Circulation,Circulation,,,,,102
Dr. Martin Luther King Jr. Literary and Fine Arts School,ST 3-2,STAIR,898,CIRCULATION,Circulation,Circulation,,,,,102
Dr. Martin Luther King Jr. Literary and Fine Arts School,ST 4-1,STAIR,131,CIRCULATION,Circulation,Circulation,,,,,102
Dr. Martin Luther King Jr. Literary and Fine Arts School,ST 4-2,STAIR,322,CIRCULATION,Circulation,Circulation,,,,,102
Dr. Martin Luther King Jr. Literary and Fine Arts School,,GIRLS LOCKER ROOM,35,BUILDING SUPPORT,Building Support,Gym/Fitness,,,,,102
Dr. Martin Luther King Jr. Literary and Fine Arts School,101A,STOR,7,BUILDING SUPPORT,Building Support,Storage/Custodial,,,,,102
Dr. Martin Luther King Jr. Literary and Fine Arts School,102A,STOR,8,BUILDING SUPPORT,Building Support,Storage/Custodial,,,,,102
Dr. Martin Luther King Jr. Literary and Fine Arts School,103A,STOR,8,BUILDING SUPPORT,Building Support,Storage/Custodial,,,,,102
Dr. Martin Luther King Jr. Literary and Fine Arts School,104A,STOR,8,BUILDING SUPPORT,Building Support,Storage/Custodial,,,,,102
Dr. Martin Luther King Jr. Literary and Fine Arts School,105A,STOR,8,BUILDING SUPPORT,Building Support,Storage/Custodial,,,,,102
Dr. Martin Luther King Jr. Literary and Fine Arts School,106A,STOR,8,BUILDING SUPPORT,Building Support,Storage/Custodial,,,,,102
Dr. Martin Luther King Jr. Literary and Fine Arts School,110,STORAGE,127,BUILDING SUPPORT,Building Support,Storage/Custodial,1,127,True,479,102
Dr. Martin Luther King Jr. Literary and Fine Arts School,111A,STOR,9,BUILDING SUPPORT,Building Support,Storage/Custodial,,,,,102
Dr. Martin Luther King Jr. Literary and Fine Arts School,111H,STOR,22,BUILDING SUPPORT,Building Support,Storage/Custodial,,,,,102
Dr. Martin Luther King Jr. Literary and Fine Arts School,111I,STOR,16,BUILDING SUPPORT,Building Support,Storage/Custodial,,,,,102
Dr. Martin Luther King Jr. Literary and Fine Arts School,112A,STOR,8,BUILDING SUPPORT,Building Support,Storage/Custodial,,,,,102
Dr. Martin Luther King Jr. Literary and Fine Arts School,113A,STOR,9,BUILDING SUPPORT,Building Support,Storage/Custodial,,,,,102
Dr. Martin Luther King Jr. Literary and Fine Arts School,114A,STOR,18,BUILDING SUPPORT,Building Support,Storage/Custodial,1,18,True,479,102
Dr. Martin Luther King Jr. Literary and Fine Arts School,114B,STORAGE,38,BUILDING SUPPORT,Building Support,Storage/Custodial,1,38,True,479,102
Dr. Martin Luther King Jr. Literary and Fine Arts School,116A,STOR,8,BUILDING SUPPORT,Building Support,Storage/Custodial,,225,False,480,102
Dr. Martin Luther King Jr. Literary and Fine Arts School,117A,STOR,7,BUILDING SUPPORT,Building Support,Storage/Custodial,,,,,102
Dr. Martin Luther King Jr. Literary and Fine Arts School,117B,STOR,24,BUILDING SUPPORT,Building Support,Storage/Custodial,,,,,102
Dr. Martin Luther King Jr. Literary and Fine Arts School,117C,STOR,19,BUILDING SUPPORT,Building Support,Storage/Custodial,,,,,102
Dr. Martin Luther King Jr. Literary and Fine Arts School,118A,STOR,5,BUILDING SUPPORT,Building Support,Storage/Custodial,,,,,102
Dr. Martin Luther King Jr. Literary and Fine Arts School,118B,STOR,23,BUILDING SUPPORT,Building Support,Storage/Custodial,,,,,102
Dr. Martin Luther King Jr. Literary and Fine Arts School,118C,STOR,19,BUILDING SUPPORT,Building Support,Storage/Custodial,,,,,102
Dr. Martin Luther King Jr. Literary and Fine Arts School,122A,STOR,9,BUILDING SUPPORT,Building Support,Storage/Custodial,,,,,102
Dr. Martin Luther King Jr. Literary and Fine Arts School,123A,STOR,9,BUILDING SUPPORT,Building Support,Storage/Custodial,,,,,102
Dr. Martin Luther King Jr. Literary and Fine Arts School,126A,STORAGE,22,BUILDING SUPPORT,Building Support,Storage/Custodial,,,,,102
Dr. Martin Luther King Jr. Literary and Fine Arts School,126B,STORAGE,22,BUILDING SUPPORT,Building Support,Storage/Custodial,,,,,102
Dr. Martin Luther King Jr. Literary and Fine Arts School,126C,STORAGE,69,BUILDING SUPPORT,Building Support,Storage/Custodial,1,69,True,481,102
Dr. Martin Luther King Jr. Literary and Fine Arts School,128,STORAGE,107,BUILDING SUPPORT,Building Support,Storage/Custodial,1,107,True,482,102
Dr. Martin Luther King Jr. Literary and Fine Arts School,128C,STOR,21,BUILDING SUPPORT,Building Support,Storage/Custodial,,,,,102
Dr. Martin Luther King Jr. Literary and Fine Arts School,128E,STORAGE,25,BUILDING SUPPORT,Building Support,Storage/Custodial,1,25,True,482,102
Dr. Martin Luther King Jr. Literary and Fine Arts School,128G,STOR,25,BUILDING SUPPORT,Building Support,Storage/Custodial,,,,,102
Dr. Martin Luther King Jr. Literary and Fine Arts School,128H,JANITOR,26,BUILDING SUPPORT,Building Support,Storage/Custodial,1,26,True,482,102
Dr. Martin Luther King Jr. Literary and Fine Arts School,130A,STOR,9,BUILDING SUPPORT,Building Support,Storage/Custodial,,,,,102
Dr. Martin Luther King Jr. Literary and Fine Arts School,132A,STOR,9,BUILDING SUPPORT,Building Support,Storage/Custodial,,,,,102
Dr. Martin Luther King Jr. Literary and Fine Arts School,137,BOYS LOCKER ROOM,885,BUILDING SUPPORT,Building Support,Gym/Fitness,18,885,True,481,102
Dr. Martin Luther King Jr. Literary and Fine Arts School,137E,STORAGE,173,BUILDING SUPPORT,Building Support,Storage/Custodial,,,,,102
Dr. Martin Luther King Jr. Literary and Fine Arts School,139,STORAGE,687,BUILDING SUPPORT,Building Support,Storage/Custodial,3,687,True,481,102
Dr. Martin Luther King Jr. Literary and Fine Arts School,139A,STOR,14,BUILDING SUPPORT,Building Support,Storage/Custodial,,,,,102
Dr. Martin Luther King Jr. Literary and Fine Arts School,139B,JC,16,BUILDING SUPPORT,Building Support,Storage/Custodial,,,,,102
Dr. Martin Luther King Jr. Literary and Fine Arts School,140,GIRLS LOCKER ROOM,1010,BUILDING SUPPORT,Building Support,Gym/Fitness,21,1010,True,481,102
Dr. Martin Luther King Jr. Literary and Fine Arts School,141B,RECEIVING ROOM,318,BUILDING SUPPORT,Building Support,Storage/Custodial,2,318,True,481,102
Dr. Martin Luther King Jr. Literary and Fine Arts School,141C,BOOKS,48,BUILDING SUPPORT,Building Support,Library/Media,1,48,True,481,102
Dr. Martin Luther King Jr. Literary and Fine Arts School,142,BOILER ROOM,1259,BUILDING SUPPORT,Building Support,Mechanical/Electrical/IT,5,1259,True,481,102
Dr. Martin Luther King Jr. Literary and Fine Arts School,142,MECHANICAL,186,BUILDING SUPPORT,Building Support,Mechanical/Electrical/IT,1,186,True,481,102
Dr. Martin Luther King Jr. Literary and Fine Arts School,143,KITCHEN,1077,BUILDING SUPPORT,Building Support,Cafeteria/Kitchen,72,1077,True,481,102
Dr. Martin Luther King Jr. Literary and Fine Arts School,143B,STORAGE,63,BUILDING SUPPORT,Building Support,Storage/Custodial,1,63,True,481,102
Dr. Martin Luther King Jr. Literary and Fine Arts School,143B,STOR,12,BUILDING SUPPORT,Building Support,Storage/Custodial,1,12,True,481,102
Dr. Martin Luther King Jr. Literary and Fine Arts School,143C,STOR,77,BUILDING SUPPORT,Building Support,Storage/Custodial,1,77,True,481,102
Dr. Martin Luther King Jr. Literary and Fine Arts School,143D,STORAGE,108,BUILDING SUPPORT,Building Support,Storage/Custodial,1,108,True,481,102
Dr. Martin Luther King Jr. Literary and Fine Arts School,148C,STOR,50,BUILDING SUPPORT,Building Support,Storage/Custodial,1,50,True,479,102
Dr. Martin Luther King Jr. Literary and Fine Arts School,177,STORAGE,46,BUILDING SUPPORT,Building Support,Storage/Custodial,1,46,True,479,102
Dr. Martin Luther King Jr. Literary and Fine Arts School,201A,STOR,9,BUILDING SUPPORT,Building Support,Storage/Custodial,,,,,102
Dr. Martin Luther King Jr. Literary and Fine Arts School,202A,STOR,9,BUILDING SUPPORT,Building Support,Storage/Custodial,,,,,102
Dr. Martin Luther King Jr. Literary and Fine Arts School,203A,STOR,9,BUILDING SUPPORT,Building Support,Storage/Custodial,,,,,102
Dr. Martin Luther King Jr. Literary and Fine Arts School,204A,STOR,9,BUILDING SUPPORT,Building Support,Storage/Custodial,,,,,102
Dr. Martin Luther King Jr. Literary and Fine Arts School,205A,STOR,9,BUILDING SUPPORT,Building Support,Storage/Custodial,,,,,102
Dr. Martin Luther King Jr. Literary and Fine Arts School,206A,STOR,9,BUILDING SUPPORT,Building Support,Storage/Custodial,,,,,102
Dr. Martin Luther King Jr. Literary and Fine Arts School,207A,STOR,9,BUILDING SUPPORT,Building Support,Storage/Custodial,,,,,102
Dr. Martin Luther King Jr. Literary and Fine Arts School,208A,STOR,9,BUILDING SUPPORT,Building Support,Storage/Custodial,,,,,102
Dr. Martin Luther King Jr. Literary and Fine Arts School,209A,STOR,9,BUILDING SUPPORT,Building Support,Storage/Custodial,,,,,102
Dr. Martin Luther King Jr. Literary and Fine Arts School,210A,STORAGE,73,BUILDING SUPPORT,Building Support,Storage/Custodial,,,,,102
Dr. Martin Luther King Jr. Literary and Fine Arts School,210B,STOR,9,BUILDING SUPPORT,Building Support,Storage/Custodial,,,,,102
Dr. Martin Luther King Jr. Literary and Fine Arts School,211C,STORAGE,109,BUILDING SUPPORT,Building Support,Storage/Custodial,1,109,True,483,102
Dr. Martin Luther King Jr. Literary and Fine Arts School,211D,STORAGE,100,BUILDING SUPPORT,Building Support,Storage/Custodial,,,,,102
Dr. Martin Luther King Jr. Literary and Fine Arts School,211F,STORAGE,198,BUILDING SUPPORT,Building Support,Storage/Custodial,1,198,True,483,102
Dr. Martin Luther King Jr. Literary and Fine Arts School,211G,BOILER ROOM,291,BUILDING SUPPORT,Building Support,Mechanical/Electrical/IT,2,291,True,483,102
Dr. Martin Luther King Jr. Literary and Fine Arts School,213A,STORAGE,154,BUILDING SUPPORT,Building Support,Storage/Custodial,1,154,True,483,102
Dr. Martin Luther King Jr. Literary and Fine Arts School,213B,JC,15,BUILDING SUPPORT,Building Support,Storage/Custodial,,,,,102
Dr. Martin Luther King Jr. Literary and Fine Arts School,217,TECH,114,BUILDING SUPPORT,Building Support,Office/Admin,1,114,True,484,102
Dr. Martin Luther King Jr. Literary and Fine Arts School,217 A,STORAGE,135,BUILDING SUPPORT,Building Support,Storage/Custodial,,,,,102
Dr. Martin Luther King Jr. Literary and Fine Arts School,217B,JC,20,BUILDING SUPPORT,Building Support,Storage/Custodial,1,20,True,484,102
Dr. Martin Luther King Jr. Literary and Fine Arts School,227,STOR,308,BUILDING SUPPORT,Building Support,Storage/Custodial,,,,,102
Dr. Martin Luther King Jr. Literary and Fine Arts School,228,STOR,263,BUILDING SUPPORT,Building Support,Storage/Custodial,,,,,102
Dr. Martin Luther King Jr. Literary and Fine Arts School,E-1,ELEVATOR,21,BUILDING SUPPORT,Building Support,Circulation,,,,,102
Dr. Martin Luther King Jr. Literary and Fine Arts School,E-2,ELEVATOR,21,BUILDING SUPPORT,Building Support,Circulation,,,,,102
Dr. Martin Luther King Jr. Literary and Fine Arts School,MD1,MECHANICAL,503,BUILDING SUPPORT,Building Support,Mechanical/Electrical/IT,2,503,True,481,102
Dr. Martin Luther King Jr. Literary and Fine Arts School,ST 1-1,STAIR/STOR,114,BUILDING SUPPORT,Building Support,Circulation,,,,,102
Dr. Martin Luther King Jr. Literary and Fine Arts School,T01,GIRLS,212,BUILDING SUPPORT,Building Support,Restroom,,212,True,479,102
Dr. Martin Luther King Jr. Literary and Fine Arts School,T02,BOYS,226,BUILDING SUPPORT,Building Support,Restroom,,226,True,479,102
Dr. Martin Luther King Jr. Literary and Fine Arts School,T03,TLT,20,BUILDING SUPPORT,Building Support,Restroom,,20,True,479,102
Dr. Martin Luther King Jr. Literary and Fine Arts School,T04,TLT,21,BUILDING SUPPORT,Building Support,Restroom,,21,True,479,102
Dr. Martin Luther King Jr. Literary and Fine Arts School,T05,TLT,55,BUILDING SUPPORT,Building Support,Restroom,,55,True,481,102
Dr. Martin Luther King Jr. Literary and Fine Arts School,T06,TLT,55,BUILDING SUPPORT,Building Support,Restroom,,55,True,481,102
Dr. Martin Luther King Jr. Literary and Fine Arts School,T07,TLT,18,BUILDING SUPPORT,Building Support,Restroom,,18,True,481,102
Dr. Martin Luther King Jr. Literary and Fine Arts School,T08,TLT,87,BUILDING SUPPORT,Building Support,Restroom,,,,,102
Dr. Martin Luther King Jr. Literary and Fine Arts School,T09,TLT,37,BUILDING SUPPORT,Building Support,Restroom,,37,True,482,102
Dr. Martin Luther King Jr. Literary and Fine Arts School,T10,BOYS,174,BUILDING SUPPORT,Building Support,Restroom,,174,True,482,102
Dr. Martin Luther King Jr. Literary and Fine Arts School,T11,GIRLS,172,BUILDING SUPPORT,Building Support,Restroom,,172,True,482,102
Dr. Martin Luther King Jr. Literary and Fine Arts School,T12,TLT,37,BUILDING SUPPORT,Building Support,Restroom,,37,True,482,102
Dr. Martin Luther King Jr. Literary and Fine Arts School,T13,TLT,169,BUILDING SUPPORT,Building Support,Restroom,,169,True,482,102
Dr. Martin Luther King Jr. Literary and Fine Arts School,T14,BOYS,223,BUILDING SUPPORT,Building Support,Restroom,,223,True,483,102
Dr. Martin Luther King Jr. Literary and Fine Arts School,T14,TLT,54,BUILDING SUPPORT,Building Support,Restroom,,54,True,482,102
Dr. Martin Luther King Jr. Literary and Fine Arts School,T15,GIRLS,215,BUILDING SUPPORT,Building Support,Restroom,,215,True,483,102
Haven Middle School,111,OFFICE,202,STAFF/OFFICE,Staff/Office,Office/Admin,3,202,True,418,122
Haven Middle School,116,ADMIN OFFICE,853,STAFF/OFFICE,Staff/Office,Office/Admin,9,853,True,419,122
Haven Middle School,117,HEALTH CLERK,172,STAFF/OFFICE,Staff/Office,Office/Admin,2,172,True,419,122
Haven Middle School,118,OFFICE,275,STAFF/OFFICE,Staff/Office,Office/Admin,3,275,True,419,122
Haven Middle School,119,CONFERENCE ROOM,424,STAFF/OFFICE,Staff/Office,Office/Admin,29,424,True,419,122
Haven Middle School,120,OFFICE,274,STAFF/OFFICE,Staff/Office,Office/Admin,3,274,True,419,122
Haven Middle School,121,PRINCIPAL,441,STAFF/OFFICE,Staff/Office,Office/Admin,5,441,True,419,122
Haven Middle School,124,STAFF LOUNGE,545,STAFF/OFFICE,Staff/Office,Office/Admin,37,545,True,418,122
Haven Middle School,132,OFFICE,251,STAFF/OFFICE,Staff/Office,Office/Admin,3,251,True,418,122
Haven Middle School,133E,OFFICE,61,STAFF/OFFICE,Staff/Office,Office/Admin,1,61,True,418,122
Haven Middle School,151,OFFICE,379,STAFF/OFFICE,Staff/Office,Office/Admin,4,379,True,419,122
Haven Middle School,152,OFFICE,254,STAFF/OFFICE,Staff/Office,Office/Admin,3,254,True,419,122
Haven Middle School,200B,OFFICE,180,STAFF/OFFICE,Staff/Office,Office/Admin,2,180,True,420,122
Haven Middle School,200C,OFFICE,217,STAFF/OFFICE,Staff/Office,Office/Admin,3,217,True,420,122
Haven Middle School,200D,OFFICE,158,STAFF/OFFICE,Staff/Office,Office/Admin,2,158,True,420,122
Haven Middle School,207A,OFFICE,151,STAFF/OFFICE,Staff/Office,Office/Admin,2,151,True,420,122
Haven Middle School,207B,OFFICE,127,STAFF/OFFICE,Staff/Office,Office/Admin,2,127,True,420,122
Haven Middle School,208,OFFICE,225,STAFF/OFFICE,Staff/Office,Office/Admin,3,225,True,420,122
Haven Middle School,216,OFFICE,77,STAFF/OFFICE,Staff/Office,Office/Admin,1,77,True,420,122
Haven Middle School,218,OFFICE,219,STAFF/OFFICE,Staff/Office,Office/Admin,3,219,True,420,122
Haven Middle School,223,BOYS PE OFFICE,223,STAFF/OFFICE,Staff/Office,Gym/Fitness,3,223,True,420,122
Haven Middle School,223A,OFFICE,129,STAFF/OFFICE,Staff/Office,Office/Admin,2,129,True,420,122
Haven Middle School,224,OFFICE,147,STAFF/OFFICE,Staff/Office,Office/Admin,2,147,True,420,122
Haven Middle School,224A,OFFICE,90,STAFF/OFFICE,Staff/Office,Office/Admin,1,90,True,420,122
Haven Middle School,311,OFFICE,258,STAFF/OFFICE,Staff/Office,Office/Admin,3,258,True,421,122
Haven Middle School,314B,OFFICE,194,STAFF/OFFICE,Staff/Office,Office/Admin,2,194,True,421,122
Haven Middle School,401A,OFFICE,132,STAFF/OFFICE,Staff/Office,Office/Admin,2,132,True,422,122
Haven Middle School,402A,OFFICE,168,STAFF/OFFICE,Staff/Office,Office/Admin,2,168,True,422,122
Haven Middle School,AA9,OFFICE,231,STAFF/OFFICE,Staff/Office,Office/Admin,3,231,True,419,122
Haven Middle School,103,CLASSROOM,361,SMALL GROUP SPACES,Small Group Spaces,Classroom,19,361,True,418,122
Haven Middle School,115,CLASSROOM,578,SMALL GROUP SPACES,Small Group Spaces,Classroom,29,578,True,418,122
Haven Middle School,126,CLASSROOM,576,SMALL GROUP SPACES,Small Group Spaces,Classroom,29,576,True,418,122
Haven Middle School,128,CLASSROOM,545,SMALL GROUP SPACES,Small Group Spaces,Classroom,28,545,True,418,122
Haven Middle School,203,CLASSROOM,555,SMALL GROUP SPACES,Small Group Spaces,Classroom,28,555,True,420,122
Haven Middle School,205,CLASSROOM,315,SMALL GROUP SPACES,Small Group Spaces,Classroom,16,315,True,420,122
Haven Middle School,220,CLASSROOM,556,SMALL GROUP SPACES,Small Group Spaces,Classroom,28,556,True,420,122
Haven Middle School,222,CLASSROOM,553,SMALL GROUP SPACES,Small Group Spaces,Classroom,28,553,True,420,122
Haven Middle School,305,CLASSROOM,566,SMALL GROUP SPACES,Small Group Spaces,Classroom,29,566,True,421,122
Haven Middle School,307,CLASSROOM,223,SMALL GROUP SPACES,Small Group Spaces,Classroom,12,223,True,421,122
Haven Middle School,318,CLASSROOM,571,SMALL GROUP SPACES,Small Group Spaces,Classroom,29,571,True,421,122
Haven Middle School,320,CLASSROOM,547,SMALL GROUP SPACES,Small Group Spaces,Classroom,28,547,True,421,122
Haven Middle School,322,CLASSROOM,584,SMALL GROUP SPACES,Small Group Spaces,Classroom,30,584,True,421,122
Haven Middle School,122,MULTI PURPOSE ROOM,3667,SHARED INSTRUCTIONAL,Shared Instructional Spaces/Specials,Gym/Fitness,245,3667,True,419,122
Haven Middle School,122A,STAGE,289,SHARED INSTRUCTIONAL,Shared Instructional Spaces/Specials,Art/Music/Performance,20,289,True,419,122
Haven Middle School,131,LUNCH ROOM,4334,SHARED INSTRUCTIONAL,Shared Instructional Spaces/Specials,Cafeteria/Kitchen,289,4334,True,418,122
Haven Middle School,200,LIBRARY,3085,SHARED INSTRUCTIONAL,Shared Instructional Spaces/Specials,Library/Media,62,3085,True,420,122
Haven Middle School,215,GYM,4594,SHARED INSTRUCTIONAL,Shared Instructional Spaces/Specials,Gym/Fitness,307,4595,True,420,122
Haven Middle School,217,AUDITORIUM,3487,SHARED INSTRUCTIONAL,Shared Instructional Spaces/Specials,Art/Music/Performance,406,3487,True,420,122
Haven Middle School,217A,STAGE,1247,SHARED INSTRUCTIONAL,Shared Instructional Spaces/Specials,Art/Music/Performance,84,1247,True,420,122
Haven Middle School,300,AUDITORIUM BALCONY,1965,SHARED INSTRUCTIONAL,Shared Instructional Spaces/Specials,Art/Music/Performance,252,1965,True,421,122
Haven Middle School,311,GYM BALCONY,1615,SHARED INSTRUCTIONAL,Shared Instructional Spaces/Specials,Gym/Fitness,288,1615,True,421,122
Haven Middle School,311,GYM BALCONY,1610,SHARED INSTRUCTIONAL,Shared Instructional Spaces/Specials,Gym/Fitness,,1615,False,421,122
Haven Middle School,404,GREENHOUSE,549,SHARED INSTRUCTIONAL,Shared Instructional Spaces/Specials,Outdoor/Other,11,549,True,422,122
Haven Middle School,101,CLASSROOM,613,CORE CURRICULUM,Core Curriculum,Classroom,31,613,True,418,122
Haven Middle School,102,CLASSROOM,682,CORE CURRICULUM,Core Curriculum,Classroom,35,682,True,418,122
Haven Middle School,104,CLASSROOM,661,CORE CURRICULUM,Core Curriculum,Classroom,34,661,True,418,122
Haven Middle School,105,CLASSROOM,656,CORE CURRICULUM,Core Curriculum,Classroom,33,656,True,418,122
Haven Middle School,106,CLASSROOM,650,CORE CURRICULUM,Core Curriculum,Classroom,33,650,True,418,122
Haven Middle School,107,CLASSROOM,861,CORE CURRICULUM,Core Curriculum,Classroom,44,861,True,418,122
Haven Middle School,108,CLASSROOM,662,CORE CURRICULUM,Core Curriculum,Classroom,34,662,True,418,122
Haven Middle School,110,CLASSROOM,824,CORE CURRICULUM,Core Curriculum,Classroom,42,824,True,418,122
Haven Middle School,112,CLASSROOM,817,CORE CURRICULUM,Core Curriculum,Classroom,41,817,True,418,122
Haven Middle School,113,CLASSROOM,707,CORE CURRICULUM,Core Curriculum,Classroom,36,707,True,418,122
Haven Middle School,114,CLASSROOM,638,CORE CURRICULUM,Core Curriculum,Classroom,32,638,True,418,122
Haven Middle School,130,CLASSROOM,774,CORE CURRICULUM,Core Curriculum,Classroom,39,774,True,418,122
Haven Middle School,150,CLASSROOM,1154,CORE CURRICULUM,Core Curriculum,Classroom,49,1154,True,419,122
Haven Middle School,153,CLASSROOM,1010,CORE CURRICULUM,Core Curriculum,Classroom,49,1010,True,419,122
Haven Middle School,154,CLASSROOM,1010,CORE CURRICULUM,Core Curriculum,Classroom,49,1010,True,419,122
Haven Middle School,155,CLASSROOM,1012,CORE CURRICULUM,Core Curriculum,Classroom,49,1012,True,419,122
Haven Middle School,156,CLASSROOM,1012,CORE CURRICULUM,Core Curriculum,Classroom,49,1012,True,419,122
Haven Middle School,201,CLASSROOM,622,CORE CURRICULUM,Core Curriculum,Classroom,32,622,True,420,122
Haven Middle School,202,CLASSROOM,699,CORE CURRICULUM,Core Curriculum,Classroom,35,699,True,420,122
Haven Middle School,204,CLASSROOM,697,CORE CURRICULUM,Core Curriculum,Classroom,35,697,True,420,122
Haven Middle School,206,CLASSROOM,646,CORE CURRICULUM,Core Curriculum,Classroom,33,646,True,420,122
Haven Middle School,212,CLASSROOM,715,CORE CURRICULUM,Core Curriculum,Classroom,36,715,True,420,122
Haven Middle School,214,CLASSROOM,665,CORE CURRICULUM,Core Curriculum,Classroom,34,665,True,420,122
Haven Middle School,301,CLASSROOM,893,CORE CURRICULUM,Core Curriculum,Classroom,45,893,True,421,122
Haven Middle School,302,CLASSROOM,869,CORE CURRICULUM,Core Curriculum,Classroom,44,869,True,421,122
Haven Middle School,303,CLASSROOM,1019,CORE CURRICULUM,Core Curriculum,Classroom,49,1019,True,421,122
Haven Middle School,304,CLASSROOM,989,CORE CURRICULUM,Core Curriculum,Classroom,49,989,True,421,122
Haven Middle School,306,CLASSROOM,653,CORE CURRICULUM,Core Curriculum,Classroom,33,653,True,421,122
Haven Middle School,308,CLASSROOM,664,CORE CURRICULUM,Core Curriculum,Classroom,34,664,True,421,122
Haven Middle School,309,CLASSROOM,712,CORE CURRICULUM,Core Curriculum,Classroom,36,712,True,421,122
Haven Middle School,310,CLASSROOM,705,CORE CURRICULUM,Core Curriculum,Classroom,36,705,True,421,122
Haven Middle School,312,CLASSROOM,932,CORE CURRICULUM,Core Curriculum,Classroom,47,932,True,421,122
Haven Middle School,314,CLASSROOM,620,CORE CURRICULUM,Core Curriculum,Classroom,32,620,True,421,122
Haven Middle School,400,BAND,1424,CORE CURRICULUM,Core Curriculum,Art/Music/Performance,49,1424,True,422,122
Haven Middle School,401,CLASSROOM,938,CORE CURRICULUM,Core Curriculum,Classroom,47,938,True,422,122
Haven Middle School,402,MUSIC,1081,CORE CURRICULUM,Core Curriculum,Art/Music/Performance,49,1081,True,422,122
Haven Middle School,AA1,CLASSROOM,898,CORE CURRICULUM,Core Curriculum,Classroom,45,898,True,419,122
Haven Middle School,AA2,ART,1603,CORE CURRICULUM,Core Curriculum,Art/Music/Performance,33,1603,True,419,122
Haven Middle School,AA3,CLASSROOM,760,CORE CURRICULUM,Core Curriculum,Classroom,39,760,True,419,122
Haven Middle School,AA4,CLASSROOM,935,CORE CURRICULUM,Core Curriculum,Classroom,47,935,True,419,122
Haven Middle School,AA5,MUSIC,1106,CORE CURRICULUM,Core Curriculum,Art/Music/Performance,49,1106,True,419,122
Haven Middle School,AA6,CLASSROOM,1162,CORE CURRICULUM,Core Curriculum,Classroom,49,1162,True,419,122
Haven Middle School,AA8,COMPUTER LAB,1270,CORE CURRICULUM,Core Curriculum,Classroom,26,1270,True,419,122
Haven Middle School,AA10,CLASSROOM,881,CORE CURRICULUM,Core Curriculum,Classroom,45,881,True,419,122
Haven Middle School,C100,CORRIDOR,1570,CIRCULATION,Circulation,Circulation,,,,,122
Haven Middle School,C101,CORRIDOR,530,CIRCULATION,Circulation,Circulation,,,,,122
Haven Middle School,C102,CORRIDOR,1527,CIRCULATION,Circulation,Circulation,,,,,122
Haven Middle School,C103,CORRIDOR,1648,CIRCULATION,Circulation,Circulation,,,,,122
Haven Middle School,C104,CORRIDOR,731,CIRCULATION,Circulation,Circulation,,,,,122
Haven Middle School,C105,CORRIDOR,743,CIRCULATION,Circulation,Circulation,,,,,122
Haven Middle School,C106,CORRIDOR,2156,CIRCULATION,Circulation,Circulation,,,,,122
Haven Middle School,C107,CORRIDOR,979,CIRCULATION,Circulation,Circulation,,,,,122
Haven Middle School,C200,CORRIDOR,161,CIRCULATION,Circulation,Circulation,,,,,122
Haven Middle School,C201,CORRIDOR,1969,CIRCULATION,Circulation,Circulation,,,,,122
Haven Middle School,C202,CORRIDOR,494,CIRCULATION,Circulation,Circulation,,,,,122
Haven Middle School,C203,CORRIDOR,285,CIRCULATION,Circulation,Circulation,,,,,122
Haven Middle School,C204,CORRIDOR,589,CIRCULATION,Circulation,Circulation,,,,,122
Haven Middle School,C205,CORRIDOR,264,CIRCULATION,Circulation,Circulation,,,,,122
Haven Middle School,C300,CORRIDOR,1358,CIRCULATION,Circulation,Circulation,,,,,122
Haven Middle School,C301,CORRIDOR,1529,CIRCULATION,Circulation,Circulation,,,,,122
Haven Middle School,C302,CORRIDOR,536,CIRCULATION,Circulation,Circulation,,,,,122
Haven Middle School,C303,CORRIDOR,219,CIRCULATION,Circulation,Circulation,,,,,122
Haven Middle School,C304,CORRIDOR,550,CIRCULATION,Circulation,Circulation,,,,,122
Haven Middle School,C305,CORRIDOR,207,CIRCULATION,Circulation,Circulation,,,,,122
Haven Middle School,C306,CORRIDOR,228,CIRCULATION,Circulation,Circulation,,,,,122
Haven Middle School,C400,CORRIDOR,473,CIRCULATION,Circulation,Circulation,,,,,122
Haven Middle School,C401,CORRIDOR,367,CIRCULATION,Circulation,Circulation,,,,,122
Haven Middle School,ST1-1,STAIR,141,CIRCULATION,Circulation,Circulation,,,,,122
Haven Middle School,ST1-2,STAIR,376,CIRCULATION,Circulation,Circulation,,,,,122
Haven Middle School,ST2-1,STAIR,377,CIRCULATION,Circulation,Circulation,,,,,123
Haven Middle School,ST2-2,STAIR,548,CIRCULATION,Circulation,Circulation,,,,,123
Haven Middle School,ST2-3,STAIR,212,CIRCULATION,Circulation,Circulation,,,,,123
Haven Middle School,ST3-1,STAIR,94,CIRCULATION,Circulation,Circulation,,,,,123
Haven Middle School,ST3-2,STAIR,106,CIRCULATION,Circulation,Circulation,,,,,123
Haven Middle School,ST3-3,STAIR,98,CIRCULATION,Circulation,Circulation,,,,,123
Haven Middle School,ST4-1,STAIR,650,CIRCULATION,Circulation,Circulation,,,,,123
Haven Middle School,ST4-2,STAIR,106,CIRCULATION,Circulation,Circulation,,,,,123
Haven Middle School,ST4-3,STAIR,93,CIRCULATION,Circulation,Circulation,,,,,123
Haven Middle School,ST4-4,STAIR,77,CIRCULATION,Circulation,Circulation,,,,,123
Haven Middle School,ST5-1,STAIR,54,CIRCULATION,Circulation,Circulation,,,,,123
Haven Middle School,ST5-2,STAIR,158,CIRCULATION,Circulation,Circulation,,,,,123
Haven Middle School,ST6-1,STAIR,93,CIRCULATION,Circulation,Circulation,,,,,123
Haven Middle School,ST6-2,STAIR,154,CIRCULATION,Circulation,Circulation,,,,,123
Haven Middle School,ST7-3,STAIR,38,CIRCULATION,Circulation,Circulation,,,,,123
Haven Middle School,ST7-4,STAIR,78,CIRCULATION,Circulation,Circulation,,,,,123
Haven Middle School,V02,VESTIBULE,56,CIRCULATION,Circulation,Circulation,,,,,123
Haven Middle School,V03,VESTIBULE,311,CIRCULATION,Circulation,Circulation,,,,,123
Haven Middle School,V04,VESTIBULE,343,CIRCULATION,Circulation,Circulation,,,,,123
Haven Middle School,V05,VESTIBULE,68,CIRCULATION,Circulation,Circulation,,,,,123
Haven Middle School,V05,VESTIBULE,316,CIRCULATION,Circulation,Circulation,,,,,123
Haven Middle School,01A,KILN,217,BUILDING SUPPORT,Building Support,Art/Music/Performance,5,217,True,419,123
Haven Middle School,02A,STORAGE,86,BUILDING SUPPORT,Building Support,Storage/Custodial,1,86,True,419,123
Haven Middle School,04B,JANITOR CLOSET,27,BUILDING SUPPORT,Building Support,Storage/Custodial,1,27,True,419,123
Haven Middle School,08A,STORAGE,58,BUILDING SUPPORT,Building Support,Storage/Custodial,1,58,True,419,123
Haven Middle School,08B,STORAGE,64,BUILDING SUPPORT,Building Support,Storage/Custodial,1,64,True,419,123
Haven Middle School,08C,STORAGE,101,BUILDING SUPPORT,Building Support,Storage/Custodial,1,101,True,419,123
Haven Middle School,09A,TOILET,58,BUILDING SUPPORT,Building Support,Restroom,,58,True,419,123
Haven Middle School,09C,STORAGE,29,BUILDING SUPPORT,Building Support,Storage/Custodial,1,29,True,419,123
Haven Middle School,09D,STORAGE,48,BUILDING SUPPORT,Building Support,Storage/Custodial,1,48,True,419,123
Haven Middle School,09E,STORAGE,128,BUILDING SUPPORT,Building Support,Storage/Custodial,1,128,True,419,123
Haven Middle School,109,STORAGE,106,BUILDING SUPPORT,Building Support,Storage/Custodial,1,106,True,418,123
Haven Middle School,110A,STORAGE,111,BUILDING SUPPORT,Building Support,Storage/Custodial,1,111,True,418,123
Haven Middle School,117A,TOILET,46,BUILDING SUPPORT,Building Support,Restroom,,46,True,419,123
Haven Middle School,119,STORAGE,308,BUILDING SUPPORT,Building Support,Storage/Custodial,2,308,True,418,123
Haven Middle School,119A,STORAGE,291,BUILDING SUPPORT,Building Support,Storage/Custodial,1,291,True,418,123
Haven Middle School,119B,STORAGE,31,BUILDING SUPPORT,Building Support,Storage/Custodial,1,31,True,418,123
Haven Middle School,119C,STORAGE,372,BUILDING SUPPORT,Building Support,Storage/Custodial,2,372,True,418,123
Haven Middle School,121,STORAGE,378,BUILDING SUPPORT,Building Support,Storage/Custodial,2,378,True,418,123
Haven Middle School,121A,TOILET,47,BUILDING SUPPORT,Building Support,Restroom,,,,,123
Haven Middle School,122B,STORAGE,94,BUILDING SUPPORT,Building Support,Storage/Custodial,1,94,True,419,123
Haven Middle School,123,STORAGE,469,BUILDING SUPPORT,Building Support,Storage/Custodial,2,469,True,418,123
Haven Middle School,123A,STORAGE,140,BUILDING SUPPORT,Building Support,Storage/Custodial,1,140,True,418,123
Haven Middle School,123B,STORAGE,276,BUILDING SUPPORT,Building Support,Storage/Custodial,1,276,True,418,123
Haven Middle School,123C,STORAGE,63,BUILDING SUPPORT,Building Support,Storage/Custodial,1,63,True,418,123
Haven Middle School,123D,STORAGE,188,BUILDING SUPPORT,Building Support,Storage/Custodial,1,188,True,418,123
Haven Middle School,123E,STORAGE,15,BUILDING SUPPORT,Building Support,Storage/Custodial,,,,,123
Haven Middle School,124A,TOILET,52,BUILDING SUPPORT,Building Support,Restroom,,52,True,418,123
Haven Middle School,124C,STORAGE,320,BUILDING SUPPORT,Building Support,Storage/Custodial,2,320,True,418,123
Haven Middle School,125,STORAGE,650,BUILDING SUPPORT,Building Support,Storage/Custodial,3,650,True,418,123
Haven Middle School,125A,STORAGE,108,BUILDING SUPPORT,Building Support,Storage/Custodial,1,108,True,418,123
Haven Middle School,125B,STORAGE,204,BUILDING SUPPORT,Building Support,Storage/Custodial,1,204,True,418,123
Haven Middle School,127,BOILER ROOM,1771,BUILDING SUPPORT,Building Support,Mechanical/Electrical/IT,6,1771,True,418,123
Haven Middle School,127A,STORAGE,328,BUILDING SUPPORT,Building Support,Storage/Custodial,2,328,True,418,123
Haven Middle School,127B,TOILET,46,BUILDING SUPPORT,Building Support,Restroom,,46,True,418,123
Haven Middle School,129,STORAGE,105,BUILDING SUPPORT,Building Support,Storage/Custodial,1,105,True,418,123
Haven Middle School,133,KITCHEN,1106,BUILDING SUPPORT,Building Support,Cafeteria/Kitchen,49,1106,True,418,123
Haven Middle School,133A,STORAGE,332,BUILDING SUPPORT,Building Support,Storage/Custodial,2,332,True,418,123
Haven Middle School,133B,STORAGE,265,BUILDING SUPPORT,Building Support,Storage/Custodial,1,265,True,418,123
Haven Middle School,133C,STORAGE,173,BUILDING SUPPORT,Building Support,Storage/Custodial,1,173,True,418,123
Haven Middle School,133D,TOILET,15,BUILDING SUPPORT,Building Support,Restroom,,15,True,418,123
Haven Middle School,200A,STORAGE,189,BUILDING SUPPORT,Building Support,Storage/Custodial,1,189,True,420,123
Haven Middle School,201A,STORAGE,102,BUILDING SUPPORT,Building Support,Storage/Custodial,1,102,True,420,123
Haven Middle School,205A,TOILET,39,BUILDING SUPPORT,Building Support,Restroom,,39,True,420,123
Haven Middle School,207C,TOILET,12,BUILDING SUPPORT,Building Support,Restroom,,12,True,420,123
Haven Middle School,207D,STORAGE,14,BUILDING SUPPORT,Building Support,Storage/Custodial,,,,,123
Haven Middle School,209,GIRLS LOCKERS,826,BUILDING SUPPORT,Building Support,Gym/Fitness,17,826,True,420,123
Haven Middle School,209,GIRLS SHOWERS,500,BUILDING SUPPORT,Building Support,Restroom,10,500,True,420,123
Haven Middle School,210,MDF,140,BUILDING SUPPORT,Building Support,Mechanical/Electrical/IT,1,140,True,420,123
Haven Middle School,213,STORAGE,670,BUILDING SUPPORT,Building Support,Storage/Custodial,3,670,True,420,123
Haven Middle School,221,BOYS LOCKER,1256,BUILDING SUPPORT,Building Support,Gym/Fitness,26,1256,True,420,123
Haven Middle School,222A,STORAGE,7,BUILDING SUPPORT,Building Support,Storage/Custodial,,,,,123
Haven Middle School,223B,TOILET,34,BUILDING SUPPORT,Building Support,Restroom,,34,True,420,123
Haven Middle School,302A,STORAGE,204,BUILDING SUPPORT,Building Support,Storage/Custodial,1,204,True,421,123
Haven Middle School,302B,STORAGE,9,BUILDING SUPPORT,Building Support,Storage/Custodial,,,,,123
Haven Middle School,303A,STORAGE,44,BUILDING SUPPORT,Building Support,Storage/Custodial,1,44,True,421,123
Haven Middle School,303A,STORAGE,207,BUILDING SUPPORT,Building Support,Storage/Custodial,1,207,True,421,123
Haven Middle School,314A,STORAGE,40,BUILDING SUPPORT,Building Support,Storage/Custodial,1,40,True,421,123
Haven Middle School,316,JC,76,BUILDING SUPPORT,Building Support,Storage/Custodial,1,76,True,421,123
Haven Middle School,318A,STORAGE,27,BUILDING SUPPORT,Building Support,Storage/Custodial,1,27,True,421,123
Haven Middle School,405,STORAGE,247,BUILDING SUPPORT,Building Support,Storage/Custodial,1,247,True,422,123
Haven Middle School,406,STORAGE,103,BUILDING SUPPORT,Building Support,Storage/Custodial,1,103,True,422,123
Haven Middle School,AA6B,ELECTRICAL,14,BUILDING SUPPORT,Building Support,Mechanical/Electrical/IT,,,,,123
Haven Middle School,C103A,CORRIDOR,45,BUILDING SUPPORT,Building Support,Circulation,,,,,123
Haven Middle School,EL - 1,ELEVATOR,43,BUILDING SUPPORT,Building Support,Circulation,,,,,123
Haven Middle School,EL - 2,ELEVATOR,44,BUILDING SUPPORT,Building Support,Circulation,,,,,123
Haven Middle School,EL - 3,ELEVATOR,42,BUILDING SUPPORT,Building Support,Circulation,,,,,123
Haven Middle School,EL-4,ELEVATOR,36,BUILDING SUPPORT,Building Support,Circulation,,,,,123
Haven Middle School,T01,WOMEN TOILET,62,BUILDING SUPPORT,Building Support,Restroom,,62,True,418,123
Haven Middle School,T02,GIRLS TOILET,186,BUILDING SUPPORT,Building Support,Restroom,,186,True,418,123
Haven Middle School,T03,TOILET,31,BUILDING SUPPORT,Building Support,Restroom,,31,True,418,123
Haven Middle School,T04,BOYS,173,BUILDING SUPPORT,Building Support,Restroom,,173,True,418,123
Haven Middle School,T05,GIRLS TOILET,140,BUILDING SUPPORT,Building Support,Restroom,,140,True,419,123
Haven Middle School,T06,BOYS TOILET,153,BUILDING SUPPORT,Building Support,Restroom,,153,True,419,123
Haven Middle School,T07,MEN TOILET,66,BUILDING SUPPORT,Building Support,Restroom,,66,True,420,123
Haven Middle School,T08,GIRLS TOILET,184,BUILDING SUPPORT,Building Support,Restroom,,184,True,420,123
Haven Middle School,T09,JC,76,BUILDING SUPPORT,Building Support,Storage/Custodial,1,76,True,420,123
Haven Middle School,T10,BOYS TOILET,170,BUILDING SUPPORT,Building Support,Restroom,,170,True,420,123
Haven Middle School,T11,TOILET,65,BUILDING SUPPORT,Building Support,Restroom,,65,True,421,123
Haven Middle School,T12,GIRLS TOILET,183,BUILDING SUPPORT,Building Support,Restroom,,183,True,421,123
Haven Middle School,T13,BOYS TOILET,172,BUILDING SUPPORT,Building Support,Restroom,,172,True,421,123
Haven Middle School,T16,TOILET,38,BUILDING SUPPORT,Building Support,Restroom,,38,True,419,123
Joseph E. Hill Early Childhood Center,4,THERAPY,491,STAFF/OFFICE,Staff/Office,Classroom,5,491,True,434,140
Joseph E. Hill Early Childhood Center,5,OFFICE,166,STAFF/OFFICE,Staff/Office,Office/Admin,2,166,True,434,140
Joseph E. Hill Early Childhood Center,6,OFFICE,168,STAFF/OFFICE,Staff/Office,Office/Admin,2,168,True,434,140
Joseph E. Hill Early Childhood Center,8,OFFICE,151,STAFF/OFFICE,Staff/Office,Office/Admin,2,151,True,434,140
Joseph E. Hill Early Childhood Center,9,THERAPY ROOM,500,STAFF/OFFICE,Staff/Office,Classroom,6,500,True,434,140
Joseph E. Hill Early Childhood Center,12,OFFICE,109,STAFF/OFFICE,Staff/Office,Office/Admin,2,109,True,433,140
Joseph E. Hill Early Childhood Center,13,OFFICE,116,STAFF/OFFICE,Staff/Office,Office/Admin,2,116,True,433,140
Joseph E. Hill Early Childhood Center,36,CONFERENCE ROOM,215,STAFF/OFFICE,Staff/Office,Office/Admin,15,215,True,436,140
Joseph E. Hill Early Childhood Center,37,OFFICE,686,STAFF/OFFICE,Staff/Office,Office/Admin,7,686,True,436,140
Joseph E. Hill Early Childhood Center,38A,OFFICE,344,STAFF/OFFICE,Staff/Office,Office/Admin,4,344,True,436,140
Joseph E. Hill Early Childhood Center,39,CONFERENCE ROOM,491,STAFF/OFFICE,Staff/Office,Office/Admin,25,491,True,436,140
Joseph E. Hill Early Childhood Center,40,WORK STATIONS,1034,STAFF/OFFICE,Staff/Office,Office/Admin,11,1034,True,436,140
Joseph E. Hill Early Childhood Center,41,CONFERENCE ROOM,889,STAFF/OFFICE,Staff/Office,Office/Admin,49,889,True,436,140
Joseph E. Hill Early Childhood Center,42,OFFICE,288,STAFF/OFFICE,Staff/Office,Office/Admin,3,288,True,436,140
Joseph E. Hill Early Childhood Center,43,AV STUDIO,296,STAFF/OFFICE,Staff/Office,Office/Admin,3,296,True,436,140
Joseph E. Hill Early Childhood Center,44,WORK ROOM,82,STAFF/OFFICE,Staff/Office,Office/Admin,1,82,True,436,140
Joseph E. Hill Early Childhood Center,108A,BOARD ROOM A,1151,STAFF/OFFICE,Staff/Office,Office/Admin,77,1151,True,434,140
Joseph E. Hill Early Childhood Center,108B,BOARD ROOM B,883,STAFF/OFFICE,Staff/Office,Office/Admin,59,883,True,434,140
Joseph E. Hill Early Childhood Center,A263,WORK STATIONS,3360,STAFF/OFFICE,Staff/Office,Office/Admin,34,3360,True,436,140
Joseph E. Hill Early Childhood Center,AO 1,OFFICE,114,STAFF/OFFICE,Staff/Office,Office/Admin,,,,,140
Joseph E. Hill Early Childhood Center,AO 2,OFFICE,190,STAFF/OFFICE,Staff/Office,Office/Admin,,,,,140
Joseph E. Hill Early Childhood Center,AO 3,OFFICE,150,STAFF/OFFICE,Staff/Office,Office/Admin,,,,,140
Joseph E. Hill Early Childhood Center,AO 4,OFFICE,111,STAFF/OFFICE,Staff/Office,Office/Admin,,,,,140
Joseph E. Hill Early Childhood Center,AO 5,OFFICE,55,STAFF/OFFICE,Staff/Office,Office/Admin,,,,,140
Joseph E. Hill Early Childhood Center,AO 6,OFFICE,66,STAFF/OFFICE,Staff/Office,Office/Admin,,,,,140
Joseph E. Hill Early Childhood Center,AO 7,OFFICE,66,STAFF/OFFICE,Staff/Office,Office/Admin,,,,,140
Joseph E. Hill Early Childhood Center,AO 8,OFFICE,63,STAFF/OFFICE,Staff/Office,Office/Admin,,,,,140
Joseph E. Hill Early Childhood Center,AO 9,OFFICE,66,STAFF/OFFICE,Staff/Office,Office/Admin,,,,,140
Joseph E. Hill Early Childhood Center,AO 10,OFFICE,83,STAFF/OFFICE,Staff/Office,Office/Admin,,,,,140
Joseph E. Hill Early Childhood Center,AO 11,OFFICE,75,STAFF/OFFICE,Staff/Office,Office/Admin,,,,,140
Joseph E. Hill Early Childhood Center,BC 12,CONFERENCE ROOM,285,STAFF/OFFICE,Staff/Office,Office/Admin,,,,,140
Joseph E. Hill Early Childhood Center,BO 1,OFFICE,270,STAFF/OFFICE,Staff/Office,Office/Admin,,,,,140
Joseph E. Hill Early Childhood Center,BO 2,OFFICE,128,STAFF/OFFICE,Staff/Office,Office/Admin,,,,,140
Joseph E. Hill Early Childhood Center,BO 3,OFFICE,126,STAFF/OFFICE,Staff/Office,Office/Admin,,,,,140
Joseph E. Hill Early Childhood Center,BO 4,OFFICE,200,STAFF/OFFICE,Staff/Office,Office/Admin,,,,,140
Joseph E. Hill Early Childhood Center,BO 5,OFFICE,127,STAFF/OFFICE,Staff/Office,Office/Admin,,,,,140
Joseph E. Hill Early Childhood Center,BO 6,OFFICE,131,STAFF/OFFICE,Staff/Office,Office/Admin,,,,,140
Joseph E. Hill Early Childhood Center,BO 7,OFFICE,196,STAFF/OFFICE,Staff/Office,Office/Admin,,,,,140
Joseph E. Hill Early Childhood Center,BO 8,OFFICE,195,STAFF/OFFICE,Staff/Office,Office/Admin,,,,,140
Joseph E. Hill Early Childhood Center,BO 9,OFFICE,122,STAFF/OFFICE,Staff/Office,Office/Admin,,,,,140
Joseph E. Hill Early Childhood Center,BO 10,OFFICE,152,STAFF/OFFICE,Staff/Office,Office/Admin,,,,,140
Joseph E. Hill Early Childhood Center,BO 11,OFFICE,340,STAFF/OFFICE,Staff/Office,Office/Admin,,,,,140
Joseph E. Hill Early Childhood Center,BO 13,OFFICE,67,STAFF/OFFICE,Staff/Office,Office/Admin,,,,,140
Joseph E. Hill Early Childhood Center,BO 15,OFFICE,116,STAFF/OFFICE,Staff/Office,Office/Admin,,,,,140
Joseph E. Hill Early Childhood Center,BO 16,OFFICE,129,STAFF/OFFICE,Staff/Office,Office/Admin,,,,,140
Joseph E. Hill Early Childhood Center,BO 17,OFFICE,195,STAFF/OFFICE,Staff/Office,Office/Admin,,,,,140
Joseph E. Hill Early Childhood Center,BO 17A,OFFICE,143,STAFF/OFFICE,Staff/Office,Office/Admin,,,,,140
Joseph E. Hill Early Childhood Center,BO 17B,OFFICE,399,STAFF/OFFICE,Staff/Office,Office/Admin,,,,,140
Joseph E. Hill Early Childhood Center,BO 17E,OFFICE,63,STAFF/OFFICE,Staff/Office,Office/Admin,,,,,140
Joseph E. Hill Early Childhood Center,BO 18,OFFICE,191,STAFF/OFFICE,Staff/Office,Office/Admin,,,,,140
Joseph E. Hill Early Childhood Center,BO 18A,OFFICE,137,STAFF/OFFICE,Staff/Office,Office/Admin,,,,,140
Joseph E. Hill Early Childhood Center,BO 19,OFFICE,107,STAFF/OFFICE,Staff/Office,Office/Admin,,,,,140
Joseph E. Hill Early Childhood Center,BO 20,OFFICE,208,STAFF/OFFICE,Staff/Office,Office/Admin,,,,,140
Joseph E. Hill Early Childhood Center,BO 22,OFFICE,323,STAFF/OFFICE,Staff/Office,Office/Admin,,,,,140
Joseph E. Hill Early Childhood Center,BO 23,OFFICE,77,STAFF/OFFICE,Staff/Office,Office/Admin,,,,,140
Joseph E. Hill Early Childhood Center,BO 24,OFFICE,77,STAFF/OFFICE,Staff/Office,Office/Admin,,,,,140
Joseph E. Hill Early Childhood Center,BO 25,OFFICE,84,STAFF/OFFICE,Staff/Office,Office/Admin,,,,,140
Joseph E. Hill Early Childhood Center,BO 26,OFFICE,77,STAFF/OFFICE,Staff/Office,Office/Admin,,,,,140
Joseph E. Hill Early Childhood Center,BO 27,OFFICE,117,STAFF/OFFICE,Staff/Office,Office/Admin,,,,,140
Joseph E. Hill Early Childhood Center,BO 28,OFFICE,191,STAFF/OFFICE,Staff/Office,Office/Admin,,,,,140
Joseph E. Hill Early Childhood Center,BO 29,OFFICE,208,STAFF/OFFICE,Staff/Office,Office/Admin,,,,,140
Joseph E. Hill Early Childhood Center,BO 30,OFFICE,158,STAFF/OFFICE,Staff/Office,Office/Admin,,,,,140
Joseph E. Hill Early Childhood Center,BO 31,OFFICE,110,STAFF/OFFICE,Staff/Office,Office/Admin,,,,,140
Joseph E. Hill Early Childhood Center,BO 32,OFFICE,244,STAFF/OFFICE,Staff/Office,Office/Admin,,,,,140
Joseph E. Hill Early Childhood Center,BO 34,OFFICE,185,STAFF/OFFICE,Staff/Office,Office/Admin,,,,,140
Joseph E. Hill Early Childhood Center,E106,OFFICE,106,STAFF/OFFICE,Staff/Office,Office/Admin,2,106,True,433,140
Joseph E. Hill Early Childhood Center,E126A,OFFICE,149,STAFF/OFFICE,Staff/Office,Office/Admin,2,149,True,433,140
Joseph E. Hill Early Childhood Center,F111,OFFICE,140,STAFF/OFFICE,Staff/Office,Office/Admin,2,140,True,434,140
Joseph E. Hill Early Childhood Center,F112,WORK STATIONS,1337,STAFF/OFFICE,Staff/Office,Office/Admin,14,1337,True,434,140
Joseph E. Hill Early Childhood Center,J213,BREAK ROOM,147,STAFF/OFFICE,Staff/Office,Office/Admin,10,147,True,436,140
Joseph E. Hill Early Childhood Center,P105,BREAK ROOM,495,STAFF/OFFICE,Staff/Office,Office/Admin,33,495,True,434,140
Joseph E. Hill Early Childhood Center,P113,ESSCA,837,STAFF/OFFICE,Staff/Office,Other,9,837,True,434,140
Joseph E. Hill Early Childhood Center,P113A,OFFICE,103,STAFF/OFFICE,Staff/Office,Office/Admin,2,103,True,434,140
Joseph E. Hill Early Childhood Center,P114,OFFICE,147,STAFF/OFFICE,Staff/Office,Office/Admin,2,147,True,434,140
Joseph E. Hill Early Childhood Center,P133,ECC STAFF RM,414,STAFF/OFFICE,Staff/Office,Office/Admin,20,414,True,434,140
Joseph E. Hill Early Childhood Center,P134,OFFICE,321,STAFF/OFFICE,Staff/Office,Office/Admin,4,321,True,434,140
Joseph E. Hill Early Childhood Center,P136,DIRECTOR OF HEALTH SERVICES,132,STAFF/OFFICE,Staff/Office,Office/Admin,2,132,True,434,140
Joseph E. Hill Early Childhood Center,S112,OFFICE,192,STAFF/OFFICE,Staff/Office,Office/Admin,2,192,True,434,140
Joseph E. Hill Early Childhood Center,S113,SUPERVISOR,126,STAFF/OFFICE,Staff/Office,Office/Admin,2,126,True,434,140
Joseph E. Hill Early Childhood Center,S114,DIRECTOR,124,STAFF/OFFICE,Staff/Office,Office/Admin,2,124,True,434,140
Joseph E. Hill Early Childhood Center,S116,CONFERENCE ROOM,480,STAFF/OFFICE,Staff/Office,Office/Admin,33,480,True,434,140
Joseph E. Hill Early Childhood Center,S117,OFFICE,202,STAFF/OFFICE,Staff/Office,Office/Admin,3,202,True,434,140
Joseph E. Hill Early Childhood Center,S118,ECC MAIN OFFICE,2179,STAFF/OFFICE,Staff/Office,Office/Admin,22,2179,True,434,140
Joseph E. Hill Early Childhood Center,S121,OFFICE,420,STAFF/OFFICE,Staff/Office,Office/Admin,5,420,True,434,140
Joseph E. Hill Early Childhood Center,S122,OFFICE,246,STAFF/OFFICE,Staff/Office,Office/Admin,3,246,True,434,140
Joseph E. Hill Early Childhood Center,S123,OFFICE,89,STAFF/OFFICE,Staff/Office,Office/Admin,1,89,True,434,140
Joseph E. Hill Early Childhood Center,S124,OFFICE,193,STAFF/OFFICE,Staff/Office,Office/Admin,2,193,True,434,140
Joseph E. Hill Early Childhood Center,S125,OFFICE,193,STAFF/OFFICE,Staff/Office,Office/Admin,2,193,True,434,140
Joseph E. Hill Early Childhood Center,E127,GYMNASIUM,2622,SHARED INSTRUCTIONAL,Shared Instructional Spaces/Specials,Gym/Fitness,275,2622,True,433,140
Joseph E. Hill Early Childhood Center,F103,ACTIVITY ROOM 2,529,SHARED INSTRUCTIONAL,Shared Instructional Spaces/Specials,Gym/Fitness,27,529,True,434,140
Joseph E. Hill Early Childhood Center,F103A,ACTIVITY ROOM 1,442,SHARED INSTRUCTIONAL,Shared Instructional Spaces/Specials,Gym/Fitness,23,442,True,434,140
Joseph E. Hill Early Childhood Center,2,CLASSROOM,796,CORE CURRICULUM,Core Curriculum,Classroom,40,796,True,434,140
Joseph E. Hill Early Childhood Center,3,CLASSROOM,740,CORE CURRICULUM,Core Curriculum,Classroom,38,740,True,434,140
Joseph E. Hill Early Childhood Center,7,CLASSROOM,607,CORE CURRICULUM,Core Curriculum,Classroom,31,607,True,434,140
Joseph E. Hill Early Childhood Center,10,CLASSROOM,742,CORE CURRICULUM,Core Curriculum,Classroom,38,742,True,434,140
Joseph E. Hill Early Childhood Center,11,CLASSROOM,753,CORE CURRICULUM,Core Curriculum,Classroom,38,753,True,433,140
Joseph E. Hill Early Childhood Center,14,CLASSROOM,690,CORE CURRICULUM,Core Curriculum,Classroom,35,690,True,433,140
Joseph E. Hill Early Childhood Center,15,HEALTH,187,CORE CURRICULUM,Core Curriculum,Office/Admin,2,187,True,434,140
Joseph E. Hill Early Childhood Center,15,CLASSROOM,691,CORE CURRICULUM,Core Curriculum,Classroom,35,691,True,433,140
Joseph E. Hill Early Childhood Center,16,CLASSROOM,679,CORE CURRICULUM,Core Curriculum,Classroom,34,679,True,433,140
Joseph E. Hill Early Childhood Center,17,CLASSROOM,690,CORE CURRICULUM,Core Curriculum,Classroom,35,690,True,433,140
Joseph E. Hill Early Childhood Center,18,CLASSROOM,698,CORE CURRICULUM,Core Curriculum,Classroom,35,698,True,433,140
Joseph E. Hill Early Childhood Center,19,CLASSROOM,706,CORE CURRICULUM,Core Curriculum,Classroom,36,706,True,433,140
Joseph E. Hill Early Childhood Center,20,CLASSROOM,682,CORE CURRICULUM,Core Curriculum,Classroom,35,682,True,433,140
Joseph E. Hill Early Childhood Center,21,CLASSROOM,686,CORE CURRICULUM,Core Curriculum,Classroom,35,686,True,433,140
Joseph E. Hill Early Childhood Center,22,CLASSROOM,696,CORE CURRICULUM,Core Curriculum,Classroom,35,696,True,433,140
Joseph E. Hill Early Childhood Center,23,CLASSROOM,723,CORE CURRICULUM,Core Curriculum,Classroom,37,723,True,433,140
Joseph E. Hill Early Childhood Center,F101,CLASSROOM,546,CORE CURRICULUM,Core Curriculum,Classroom,28,546,True,434,140
Joseph E. Hill Early Childhood Center,F114,CLASSROOM,510,CORE CURRICULUM,Core Curriculum,Classroom,26,510,True,434,140
Joseph E. Hill Early Childhood Center,F115,CLASSROOM,403,CORE CURRICULUM,Core Curriculum,Classroom,21,403,True,434,140
Joseph E. Hill Early Childhood Center,F116,CLASSROOM,520,CORE CURRICULUM,Core Curriculum,Classroom,26,520,True,434,140
Joseph E. Hill Early Childhood Center,19A,CORRIDOR,130,CIRCULATION,Circulation,Circulation,,130,True,435,141
Joseph E. Hill Early Childhood Center,C01,CORRIDOR,3406,CIRCULATION,Circulation,Circulation,,,,,141
Joseph E. Hill Early Childhood Center,C02,CORRIDOR,460,CIRCULATION,Circulation,Circulation,,,,,141
Joseph E. Hill Early Childhood Center,C03,CORRIDOR,341,CIRCULATION,Circulation,Circulation,,,,,141
Joseph E. Hill Early Childhood Center,C04,CORRIDOR,226,CIRCULATION,Circulation,Circulation,,226,True,434,141
Joseph E. Hill Early Childhood Center,C05,CORRIDOR,469,CIRCULATION,Circulation,Circulation,,469,True,434,141
Joseph E. Hill Early Childhood Center,C06,CORRIDOR,67,CIRCULATION,Circulation,Circulation,,,,,141
Joseph E. Hill Early Childhood Center,C07,CORRIDOR,35,CIRCULATION,Circulation,Circulation,,,,,141
Joseph E. Hill Early Childhood Center,C08,CORRIDOR,3766,CIRCULATION,Circulation,Circulation,,,,,141
Joseph E. Hill Early Childhood Center,C09,CORRIDOR,600,CIRCULATION,Circulation,Circulation,,,,,141
Joseph E. Hill Early Childhood Center,C10,CORRIDOR,1102,CIRCULATION,Circulation,Circulation,,,,,141
Joseph E. Hill Early Childhood Center,C11,CORRIDOR,237,CIRCULATION,Circulation,Circulation,,,,,141
Joseph E. Hill Early Childhood Center,C12,CORRIDOR,147,CIRCULATION,Circulation,Circulation,,,,,141
Joseph E. Hill Early Childhood Center,C13,CORRIDOR,927,CIRCULATION,Circulation,Circulation,,,,,141
Joseph E. Hill Early Childhood Center,C14,CORRIDOR,103,CIRCULATION,Circulation,Circulation,,,,,141
Joseph E. Hill Early Childhood Center,ST 1-1,STAIR,219,CIRCULATION,Circulation,Circulation,,,,,141
Joseph E. Hill Early Childhood Center,ST 1-2,STAIR,223,CIRCULATION,Circulation,Circulation,,,,,141
Joseph E. Hill Early Childhood Center,ST 2-1,STAIR,324,CIRCULATION,Circulation,Circulation,,,,,141
Joseph E. Hill Early Childhood Center,ST 2-2,STAIR,395,CIRCULATION,Circulation,Circulation,,,,,141
Joseph E. Hill Early Childhood Center,V01,VESTIBULE,147,CIRCULATION,Circulation,Circulation,,,,,141
Joseph E. Hill Early Childhood Center,V02,VESTIBULE,141,CIRCULATION,Circulation,Circulation,,,,,141
Joseph E. Hill Early Childhood Center,V03,VESTIBULE,95,CIRCULATION,Circulation,Circulation,,95,True,433,141
Joseph E. Hill Early Childhood Center,V04,VESTIBULE,319,CIRCULATION,Circulation,Circulation,,,,,141
Joseph E. Hill Early Childhood Center,1A,STORAGE,12,BUILDING SUPPORT,Building Support,Storage/Custodial,,,,,141
Joseph E. Hill Early Childhood Center,02A,TLT,60,BUILDING SUPPORT,Building Support,Restroom,,60,True,434,141
Joseph E. Hill Early Childhood Center,02B,STORAGE,81,BUILDING SUPPORT,Building Support,Storage/Custodial,1,81,True,434,141
Joseph E. Hill Early Childhood Center,03A,TLT,61,BUILDING SUPPORT,Building Support,Restroom,,61,True,434,141
Joseph E. Hill Early Childhood Center,03B,STORAGE,82,BUILDING SUPPORT,Building Support,Storage/Custodial,1,82,True,434,141
Joseph E. Hill Early Childhood Center,07A,TLT,45,BUILDING SUPPORT,Building Support,Restroom,,45,True,434,141
Joseph E. Hill Early Childhood Center,07B,STORAGE,58,BUILDING SUPPORT,Building Support,Storage/Custodial,1,58,True,434,141
Joseph E. Hill Early Childhood Center,09A,TLT,45,BUILDING SUPPORT,Building Support,Restroom,,45,True,434,141
Joseph E. Hill Early Childhood Center,09B,STORAGE,59,BUILDING SUPPORT,Building Support,Storage/Custodial,1,59,True,434,141
Joseph E. Hill Early Childhood Center,10A,TLT,61,BUILDING SUPPORT,Building Support,Restroom,,61,True,434,141
Joseph E. Hill Early Childhood Center,10B,STORAGE,82,BUILDING SUPPORT,Building Support,Storage/Custodial,1,82,True,434,141
Joseph E. Hill Early Childhood Center,14A,TLT,46,BUILDING SUPPORT,Building Support,Restroom,,46,True,433,141
Joseph E. Hill Early Childhood Center,14B,STORAGE,58,BUILDING SUPPORT,Building Support,Storage/Custodial,1,58,True,433,141
Joseph E. Hill Early Childhood Center,15A,TLT,45,BUILDING SUPPORT,Building Support,Restroom,,45,True,433,141
Joseph E. Hill Early Childhood Center,15B,STORAGE,58,BUILDING SUPPORT,Building Support,Storage/Custodial,1,58,True,433,141
Joseph E. Hill Early Childhood Center,16A,TLT,44,BUILDING SUPPORT,Building Support,Restroom,,44,True,433,141
Joseph E. Hill Early Childhood Center,16B,STORAGE,72,BUILDING SUPPORT,Building Support,Storage/Custodial,1,72,True,433,141
Joseph E. Hill Early Childhood Center,17A,TLT,45,BUILDING SUPPORT,Building Support,Restroom,,45,True,433,141
Joseph E. Hill Early Childhood Center,17B,STORAGE,59,BUILDING SUPPORT,Building Support,Storage/Custodial,1,59,True,433,141
Joseph E. Hill Early Childhood Center,18A,TLT,45,BUILDING SUPPORT,Building Support,Restroom,,45,True,433,141
Joseph E. Hill Early Childhood Center,18B,STORAGE,58,BUILDING SUPPORT,Building Support,Storage/Custodial,1,58,True,433,141
Joseph E. Hill Early Childhood Center,19A,TLT,44,BUILDING SUPPORT,Building Support,Restroom,,44,True,433,141
Joseph E. Hill Early Childhood Center,19B,STORAGE,61,BUILDING SUPPORT,Building Support,Storage/Custodial,1,61,True,433,141
Joseph E. Hill Early Childhood Center,20A,TLT,45,BUILDING SUPPORT,Building Support,Restroom,,45,True,433,141
Joseph E. Hill Early Childhood Center,20B,STORAGE,57,BUILDING SUPPORT,Building Support,Storage/Custodial,1,57,True,433,141
Joseph E. Hill Early Childhood Center,21A,TLT,44,BUILDING SUPPORT,Building Support,Restroom,,44,True,433,141
Joseph E. Hill Early Childhood Center,21B,STORAGE,56,BUILDING SUPPORT,Building Support,Storage/Custodial,1,56,True,433,141
Joseph E. Hill Early Childhood Center,22A,TLT,45,BUILDING SUPPORT,Building Support,Restroom,,45,True,433,141
Joseph E. Hill Early Childhood Center,22B,STORAGE,60,BUILDING SUPPORT,Building Support,Storage/Custodial,1,60,True,433,141
Joseph E. Hill Early Childhood Center,23A,TLT,45,BUILDING SUPPORT,Building Support,Restroom,,45,True,433,141
Joseph E. Hill Early Childhood Center,23B,STORAGE,60,BUILDING SUPPORT,Building Support,Storage/Custodial,1,60,True,433,141
Joseph E. Hill Early Childhood Center,38,MAIL ROOM,415,BUILDING SUPPORT,Building Support,Office/Admin,5,415,True,436,141
Joseph E. Hill Early Childhood Center,40A,STORAGE,177,BUILDING SUPPORT,Building Support,Storage/Custodial,1,177,True,436,141
Joseph E. Hill Early Childhood Center,A108A,STORAGE,26,BUILDING SUPPORT,Building Support,Storage/Custodial,,,,,141
Joseph E. Hill Early Childhood Center,A108B,STORAGE,24,BUILDING SUPPORT,Building Support,Storage/Custodial,,,,,141
Joseph E. Hill Early Childhood Center,A204,ELECTRICAL ROOM,89,BUILDING SUPPORT,Building Support,Mechanical/Electrical/IT,1,89,True,435,141
Joseph E. Hill Early Childhood Center,A206A,TLT,53,BUILDING SUPPORT,Building Support,Restroom,,53,True,435,141
Joseph E. Hill Early Childhood Center,A230,MENS TLT,217,BUILDING SUPPORT,Building Support,Restroom,,217,True,436,141
Joseph E. Hill Early Childhood Center,A231,WOMENS TLT,216,BUILDING SUPPORT,Building Support,Restroom,,216,True,436,141
Joseph E. Hill Early Childhood Center,A232,ELEC. ROOM,41,BUILDING SUPPORT,Building Support,Mechanical/Electrical/IT,1,41,True,436,141
Joseph E. Hill Early Childhood Center,A233,IDF,46,BUILDING SUPPORT,Building Support,Mechanical/Electrical/IT,1,46,True,436,141
Joseph E. Hill Early Childhood Center,A251,TLT,51,BUILDING SUPPORT,Building Support,Restroom,,51,True,435,141
Joseph E. Hill Early Childhood Center,A252,CLOSET,36,BUILDING SUPPORT,Building Support,Storage/Custodial,1,36,True,435,141
Joseph E. Hill Early Childhood Center,A262,STORAGE,12,BUILDING SUPPORT,Building Support,Storage/Custodial,,,,,141
Joseph E. Hill Early Childhood Center,A264,STORAGE,52,BUILDING SUPPORT,Building Support,Storage/Custodial,1,52,True,435,141
Joseph E. Hill Early Childhood Center,B108A,DATA,51,BUILDING SUPPORT,Building Support,Mechanical/Electrical/IT,1,51,True,434,141
Joseph E. Hill Early Childhood Center,B108B,STORAGE,50,BUILDING SUPPORT,Building Support,Storage/Custodial,1,50,True,434,141
Joseph E. Hill Early Childhood Center,B 17D,MDF,541,BUILDING SUPPORT,Building Support,Mechanical/Electrical/IT,,,,,141
Joseph E. Hill Early Childhood Center,BS 14,STORAGE,434,BUILDING SUPPORT,Building Support,Storage/Custodial,,,,,141
Joseph E. Hill Early Childhood Center,BS 17C,STORAGE,127,BUILDING SUPPORT,Building Support,Storage/Custodial,,,,,141
Joseph E. Hill Early Childhood Center,BS 21,STORAGE,319,BUILDING SUPPORT,Building Support,Storage/Custodial,,,,,141
Joseph E. Hill Early Childhood Center,BS 33,STORAGE,376,BUILDING SUPPORT,Building Support,Storage/Custodial,,,,,141
Joseph E. Hill Early Childhood Center,E107,UTILITY ROOM,15,BUILDING SUPPORT,Building Support,Storage/Custodial,1,15,True,433,141
Joseph E. Hill Early Childhood Center,E109,TLT,60,BUILDING SUPPORT,Building Support,Restroom,,60,True,433,141
Joseph E. Hill Early Childhood Center,E110,TLT,47,BUILDING SUPPORT,Building Support,Restroom,,47,True,433,141
Joseph E. Hill Early Childhood Center,E124,ELECTRICAL ROOM,132,BUILDING SUPPORT,Building Support,Mechanical/Electrical/IT,1,132,True,433,141
Joseph E. Hill Early Childhood Center,E125,MECH,475,BUILDING SUPPORT,Building Support,Mechanical/Electrical/IT,2,475,True,433,141
Joseph E. Hill Early Childhood Center,E126,KITCHEN,617,BUILDING SUPPORT,Building Support,Cafeteria/Kitchen,42,617,True,433,141
Joseph E. Hill Early Childhood Center,E126B,FREEZER,80,BUILDING SUPPORT,Building Support,Cafeteria/Kitchen,1,80,True,433,141
Joseph E. Hill Early Childhood Center,E126C,FREEZER,82,BUILDING SUPPORT,Building Support,Cafeteria/Kitchen,1,82,True,433,141
Joseph E. Hill Early Childhood Center,E128,LAUNDRY,51,BUILDING SUPPORT,Building Support,Storage/Custodial,1,51,True,433,141
Joseph E. Hill Early Childhood Center,E129,STORAGE,215,BUILDING SUPPORT,Building Support,Storage/Custodial,1,215,True,433,141
Joseph E. Hill Early Childhood Center,E130,TLT,42,BUILDING SUPPORT,Building Support,Restroom,,42,True,433,141
Joseph E. Hill Early Childhood Center,E-1,ELEVATOR,78,BUILDING SUPPORT,Building Support,Circulation,,78,True,434,141
Joseph E. Hill Early Childhood Center,E-2,ELEVATOR,73,BUILDING SUPPORT,Building Support,Circulation,,73,True,436,141
Joseph E. Hill Early Childhood Center,F101A,TLT,40,BUILDING SUPPORT,Building Support,Restroom,,40,True,434,141
Joseph E. Hill Early Childhood Center,F101B,TLT,47,BUILDING SUPPORT,Building Support,Restroom,,47,True,434,141
Joseph E. Hill Early Childhood Center,F101C,STORAGE,17,BUILDING SUPPORT,Building Support,Storage/Custodial,,,,,141
Joseph E. Hill Early Childhood Center,F103B,DATA,10,BUILDING SUPPORT,Building Support,Mechanical/Electrical/IT,,,,,141
Joseph E. Hill Early Childhood Center,F106,STORAGE,344,BUILDING SUPPORT,Building Support,Storage/Custodial,2,344,True,434,141
Joseph E. Hill Early Childhood Center,F109,STOR,65,BUILDING SUPPORT,Building Support,Storage/Custodial,1,65,True,434,141
Joseph E. Hill Early Childhood Center,F110,KITCHEN,219,BUILDING SUPPORT,Building Support,Cafeteria/Kitchen,15,219,True,434,141
Joseph E. Hill Early Childhood Center,F113,PRINTING,70,BUILDING SUPPORT,Building Support,Office/Admin,1,70,True,434,141
Joseph E. Hill Early Childhood Center,P101,CUSTODIAN,650,BUILDING SUPPORT,Building Support,Storage/Custodial,3,650,True,434,141
Joseph E. Hill Early Childhood Center,P101A,LAUNDRY,32,BUILDING SUPPORT,Building Support,Storage/Custodial,1,32,True,434,141
Joseph E. Hill Early Childhood Center,P102,TLT,135,BUILDING SUPPORT,Building Support,Restroom,,135,True,434,141
Joseph E. Hill Early Childhood Center,P104,TLT,133,BUILDING SUPPORT,Building Support,Restroom,,133,True,434,141
Joseph E. Hill Early Childhood Center,P106,STORAGE,303,BUILDING SUPPORT,Building Support,Storage/Custodial,2,303,True,434,141
Joseph E. Hill Early Childhood Center,P107,STORAGE,496,BUILDING SUPPORT,Building Support,Storage/Custodial,2,496,True,434,141
Joseph E. Hill Early Childhood Center,P108,STORAGE,273,BUILDING SUPPORT,Building Support,Storage/Custodial,1,273,True,434,141
Joseph E. Hill Early Childhood Center,P109,STORAGE,106,BUILDING SUPPORT,Building Support,Storage/Custodial,1,106,True,434,141
Joseph E. Hill Early Childhood Center,P119,ELEVATOR EQUIP,66,BUILDING SUPPORT,Building Support,Circulation,1,66,True,434,141
Joseph E. Hill Early Childhood Center,P124,TLT,158,BUILDING SUPPORT,Building Support,Restroom,,158,True,434,141
Joseph E. Hill Early Childhood Center,P125,TLT,183,BUILDING SUPPORT,Building Support,Restroom,,183,True,434,141
Joseph E. Hill Early Childhood Center,P130,STORAGE,158,BUILDING SUPPORT,Building Support,Storage/Custodial,1,158,True,434,141
Joseph E. Hill Early Childhood Center,P132,TLT,42,BUILDING SUPPORT,Building Support,Restroom,,42,True,434,141
Joseph E. Hill Early Childhood Center,P137,MOTHERS ROOM,100,BUILDING SUPPORT,Building Support,Office/Admin,2,100,True,434,141
Joseph E. Hill Early Childhood Center,S101A,TLT,60,BUILDING SUPPORT,Building Support,Restroom,,60,True,433,141
Joseph E. Hill Early Childhood Center,S101B,STORAGE,80,BUILDING SUPPORT,Building Support,Storage/Custodial,1,80,True,433,141
Joseph E. Hill Early Childhood Center,S120,STORAGE,730,BUILDING SUPPORT,Building Support,Storage/Custodial,3,730,True,434,141
Kingsley Elementary School,112A,PRINTER,91,STAFF/OFFICE,Staff/Office,Office/Admin,1,91,True,445,156
Kingsley Elementary School,128,PRINTER,193,STAFF/OFFICE,Staff/Office,Office/Admin,2,193,True,446,156
Kingsley Elementary School,129,MAIN OFFICE,391,STAFF/OFFICE,Staff/Office,Office/Admin,4,391,True,446,156
Kingsley Elementary School,131,OFFICE,212,STAFF/OFFICE,Staff/Office,Office/Admin,3,212,True,446,156
Kingsley Elementary School,132,CONFERENCE,170,STAFF/OFFICE,Staff/Office,Office/Admin,12,170,True,446,156
Kingsley Elementary School,133,OFFICE,170,STAFF/OFFICE,Staff/Office,Office/Admin,2,170,True,446,156
Kingsley Elementary School,134,OFFICE,190,STAFF/OFFICE,Staff/Office,Office/Admin,2,190,True,446,156
Kingsley Elementary School,137,NURSE,204,STAFF/OFFICE,Staff/Office,Office/Admin,3,204,True,446,156
Kingsley Elementary School,143,PE OFFICE / STORAGE,322,STAFF/OFFICE,Staff/Office,Gym/Fitness,4,322,True,446,156
Kingsley Elementary School,153,TEACHER'S LOUNGE,801,STAFF/OFFICE,Staff/Office,Office/Admin,49,801,True,446,156
Kingsley Elementary School,140,LIBRARY,2317,SHARED INSTRUCTIONAL,Shared Instructional Spaces/Specials,Library/Media,47,2317,True,446,156
Kingsley Elementary School,145,GYM,3749,SHARED INSTRUCTIONAL,Shared Instructional Spaces/Specials,Gym/Fitness,250,3749,True,446,156
Kingsley Elementary School,150,AUDITORIUM,2458,SHARED INSTRUCTIONAL,Shared Instructional Spaces/Specials,Art/Music/Performance,242,2458,True,446,156
Kingsley Elementary School,150A,STAGE,764,SHARED INSTRUCTIONAL,Shared Instructional Spaces/Specials,Art/Music/Performance,51,764,True,446,156
Kingsley Elementary School,101,CLASSROOM,1114,CORE CURRICULUM,Core Curriculum,Classroom,49,1114,True,445,156
Kingsley Elementary School,102,CLASSROOM,1124,CORE CURRICULUM,Core Curriculum,Classroom,49,1124,True,445,156
Kingsley Elementary School,103,CLASSROOM,1000,CORE CURRICULUM,Core Curriculum,Classroom,49,1000,True,445,156
Kingsley Elementary School,104,CLASSROOM,908,CORE CURRICULUM,Core Curriculum,Classroom,46,908,True,445,156
Kingsley Elementary School,105,CLASSROOM,822,CORE CURRICULUM,Core Curriculum,Classroom,42,822,True,445,156
Kingsley Elementary School,106,CLASSROOM,817,CORE CURRICULUM,Core Curriculum,Classroom,41,817,True,445,156
Kingsley Elementary School,107,CLASSROOM,821,CORE CURRICULUM,Core Curriculum,Classroom,42,821,True,445,156
Kingsley Elementary School,108,CLASSROOM,815,CORE CURRICULUM,Core Curriculum,Classroom,41,815,True,445,156
Kingsley Elementary School,109,CLASSROOM,959,CORE CURRICULUM,Core Curriculum,Classroom,48,959,True,445,156
Kingsley Elementary School,110,CLASSROOM,995,CORE CURRICULUM,Core Curriculum,Classroom,49,995,True,445,156
Kingsley Elementary School,154,CLASSROOM,311,CORE CURRICULUM,Core Curriculum,Classroom,16,311,True,446,156
Kingsley Elementary School,201,CLASSROOM,845,CORE CURRICULUM,Core Curriculum,Classroom,43,845,True,447,156
Kingsley Elementary School,202,CLASSROOM,835,CORE CURRICULUM,Core Curriculum,Classroom,42,835,True,447,156
Kingsley Elementary School,203,CLASSROOM,801,CORE CURRICULUM,Core Curriculum,Classroom,41,801,True,447,156
Kingsley Elementary School,204,CLASSROOM,786,CORE CURRICULUM,Core Curriculum,Classroom,40,786,True,447,156
Kingsley Elementary School,205,CLASSROOM,782,CORE CURRICULUM,Core Curriculum,Classroom,40,782,True,447,156
Kingsley Elementary School,206,CLASSROOM,759,CORE CURRICULUM,Core Curriculum,Classroom,38,759,True,447,156
Kingsley Elementary School,207,CLASSROOM,824,CORE CURRICULUM,Core Curriculum,Classroom,42,824,True,447,156
Kingsley Elementary School,208,CLASSROOM,810,CORE CURRICULUM,Core Curriculum,Classroom,41,810,True,447,156
Kingsley Elementary School,209,CLASSROOM,818,CORE CURRICULUM,Core Curriculum,Classroom,41,818,True,447,156
Kingsley Elementary School,210,CLASSROOM,810,CORE CURRICULUM,Core Curriculum,Classroom,41,810,True,447,156
Kingsley Elementary School,211,CLASSROOM,820,CORE CURRICULUM,Core Curriculum,Classroom,41,820,True,447,156
Kingsley Elementary School,212,ART,810,CORE CURRICULUM,Core Curriculum,Art/Music/Performance,17,810,True,447,156
Kingsley Elementary School,C100,CORRIDOR,2428,CIRCULATION,Circulation,Circulation,,,,,156
Kingsley Elementary School,C101,CORRIDOR,711,CIRCULATION,Circulation,Circulation,,,,,156
Kingsley Elementary School,C102,CORRIDOR,431,CIRCULATION,Circulation,Circulation,,,,,156
Kingsley Elementary School,C103,CORRIDOR,537,CIRCULATION,Circulation,Circulation,,,,,156
Kingsley Elementary School,C104,CORRIDOR,2716,CIRCULATION,Circulation,Circulation,,,,,156
Kingsley Elementary School,C105,CORRIDOR,359,CIRCULATION,Circulation,Circulation,,,,,156
Kingsley Elementary School,C200,CORRIDOR,379,CIRCULATION,Circulation,Circulation,,,,,156
Kingsley Elementary School,C200,CORRIDOR,2832,CIRCULATION,Circulation,Circulation,,,,,156
Kingsley Elementary School,C202,CORRIDOR,354,CIRCULATION,Circulation,Circulation,,,,,156
Kingsley Elementary School,ST1-1,STAIR,262,CIRCULATION,Circulation,Circulation,,,,,156
Kingsley Elementary School,ST1-2,STAIR,338,CIRCULATION,Circulation,Circulation,,,,,156
Kingsley Elementary School,ST2-1,STAIR,231,CIRCULATION,Circulation,Circulation,,,,,156
Kingsley Elementary School,ST2-2,STAIR,346,CIRCULATION,Circulation,Circulation,,,,,156
Kingsley Elementary School,V01,VESTIBULE,55,CIRCULATION,Circulation,Circulation,,,,,156
Kingsley Elementary School,V01,VESTIBULE,24,CIRCULATION,Circulation,Circulation,,,,,156
Kingsley Elementary School,V02,VESTIBULE,21,CIRCULATION,Circulation,Circulation,,,,,157
Kingsley Elementary School,100,JANITOR,61,BUILDING SUPPORT,Building Support,Storage/Custodial,1,61,True,445,157
Kingsley Elementary School,100A,JANITOR,132,BUILDING SUPPORT,Building Support,Storage/Custodial,1,132,True,445,157
Kingsley Elementary School,101B,STOR,8,BUILDING SUPPORT,Building Support,Storage/Custodial,,,,,157
Kingsley Elementary School,102B,STOR,9,BUILDING SUPPORT,Building Support,Storage/Custodial,,,,,157
Kingsley Elementary School,103B,STOR,8,BUILDING SUPPORT,Building Support,Storage/Custodial,,,,,157
Kingsley Elementary School,104B,SENSORY,71,BUILDING SUPPORT,Building Support,Classroom,2,71,True,445,157
Kingsley Elementary School,104C,STOR,9,BUILDING SUPPORT,Building Support,Storage/Custodial,,,,,157
Kingsley Elementary School,105A,STOR,8,BUILDING SUPPORT,Building Support,Storage/Custodial,,,,,157
Kingsley Elementary School,106A,STOR,9,BUILDING SUPPORT,Building Support,Storage/Custodial,,,,,157
Kingsley Elementary School,107A,STOR,8,BUILDING SUPPORT,Building Support,Storage/Custodial,,,,,157
Kingsley Elementary School,108A,STOR,9,BUILDING SUPPORT,Building Support,Storage/Custodial,,,,,157
Kingsley Elementary School,109B,STOR,8,BUILDING SUPPORT,Building Support,Storage/Custodial,,,,,157
Kingsley Elementary School,110B,STOR,9,BUILDING SUPPORT,Building Support,Storage/Custodial,,,,,157
Kingsley Elementary School,111,JANITOR,59,BUILDING SUPPORT,Building Support,Storage/Custodial,1,59,True,445,157
Kingsley Elementary School,112B,STORAGE,122,BUILDING SUPPORT,Building Support,Storage/Custodial,1,122,True,445,157
Kingsley Elementary School,125,STORAGE,104,BUILDING SUPPORT,Building Support,Storage/Custodial,1,104,True,445,157
Kingsley Elementary School,130,STORAGE,81,BUILDING SUPPORT,Building Support,Storage/Custodial,1,81,True,446,157
Kingsley Elementary School,138,STORAGE,66,BUILDING SUPPORT,Building Support,Storage/Custodial,1,66,True,446,157
Kingsley Elementary School,139,STORAGE,20,BUILDING SUPPORT,Building Support,Storage/Custodial,1,20,True,446,157
Kingsley Elementary School,140A,STORAGE,50,BUILDING SUPPORT,Building Support,Storage/Custodial,1,50,True,446,157
Kingsley Elementary School,145A,STOR,25,BUILDING SUPPORT,Building Support,Storage/Custodial,,,,,157
Kingsley Elementary School,147,KITCHEN,329,BUILDING SUPPORT,Building Support,Cafeteria/Kitchen,2,329,True,446,157
Kingsley Elementary School,152,MECHANICAL,1238,BUILDING SUPPORT,Building Support,Mechanical/Electrical/IT,5,1238,True,446,157
Kingsley Elementary School,200,JANITOR,66,BUILDING SUPPORT,Building Support,Storage/Custodial,1,66,True,447,157
Kingsley Elementary School,201A,STOR,8,BUILDING SUPPORT,Building Support,Storage/Custodial,,,,,157
Kingsley Elementary School,201B,STOR,2,BUILDING SUPPORT,Building Support,Storage/Custodial,,,,,157
Kingsley Elementary School,202A,STOR,7,BUILDING SUPPORT,Building Support,Storage/Custodial,,,,,157
Kingsley Elementary School,203A,STOR,8,BUILDING SUPPORT,Building Support,Storage/Custodial,,,,,157
Kingsley Elementary School,204A,STOR,7,BUILDING SUPPORT,Building Support,Storage/Custodial,,,,,157
Kingsley Elementary School,205A,STOR,8,BUILDING SUPPORT,Building Support,Storage/Custodial,,,,,157
Kingsley Elementary School,206A,STOR,7,BUILDING SUPPORT,Building Support,Storage/Custodial,,,,,157
Kingsley Elementary School,207A,STOR,8,BUILDING SUPPORT,Building Support,Storage/Custodial,,,,,157
Kingsley Elementary School,208A,STOR,7,BUILDING SUPPORT,Building Support,Storage/Custodial,,,,,157
Kingsley Elementary School,209A,STOR,8,BUILDING SUPPORT,Building Support,Storage/Custodial,,,,,157
Kingsley Elementary School,210A,STOR,7,BUILDING SUPPORT,Building Support,Storage/Custodial,,,,,157
Kingsley Elementary School,211A,STOR,8,BUILDING SUPPORT,Building Support,Storage/Custodial,,,,,157
Kingsley Elementary School,212A,STOR,7,BUILDING SUPPORT,Building Support,Storage/Custodial,,,,,157
Kingsley Elementary School,213,JANITOR,75,BUILDING SUPPORT,Building Support,Storage/Custodial,1,75,True,447,157
Kingsley Elementary School,216,STORAGE,182,BUILDING SUPPORT,Building Support,Storage/Custodial,1,182,True,447,157
Kingsley Elementary School,216A,PRINTER,40,BUILDING SUPPORT,Building Support,Office/Admin,1,40,True,447,157
Kingsley Elementary School,217,STOR,116,BUILDING SUPPORT,Building Support,Storage/Custodial,1,116,True,447,157
Kingsley Elementary School,223,STOR,118,BUILDING SUPPORT,Building Support,Storage/Custodial,1,118,True,447,157
Kingsley Elementary School,223A,STORAGE,46,BUILDING SUPPORT,Building Support,Storage/Custodial,1,46,True,447,157
Kingsley Elementary School,E-1,ELEVATOR,47,BUILDING SUPPORT,Building Support,Circulation,,,,,157
Kingsley Elementary School,E-2,ELEVATOR,47,BUILDING SUPPORT,Building Support,Circulation,,,,,157
Kingsley Elementary School,T01,BOYS,160,BUILDING SUPPORT,Building Support,Restroom,,160,True,445,157
Kingsley Elementary School,T01A,BOYS,34,BUILDING SUPPORT,Building Support,Restroom,,,,,157
Kingsley Elementary School,T02,GIRLS,229,BUILDING SUPPORT,Building Support,Restroom,,229,True,445,157
Kingsley Elementary School,T02A,GIRLS,42,BUILDING SUPPORT,Building Support,Restroom,,,,,157
Kingsley Elementary School,T03,TOILET,43,BUILDING SUPPORT,Building Support,Restroom,,43,True,445,157
Kingsley Elementary School,T04,TOILET,45,BUILDING SUPPORT,Building Support,Restroom,,45,True,445,157
Kingsley Elementary School,T05,TOILET,49,BUILDING SUPPORT,Building Support,Restroom,,49,True,445,157
Kingsley Elementary School,T06,TOILET,45,BUILDING SUPPORT,Building Support,Restroom,,45,True,445,157
Kingsley Elementary School,T07,TOILET,47,BUILDING SUPPORT,Building Support,Restroom,,47,True,445,157
Kingsley Elementary School,T08,TOILET,43,BUILDING SUPPORT,Building Support,Restroom,,43,True,445,157
Kingsley Elementary School,T09,GIRLS,267,BUILDING SUPPORT,Building Support,Restroom,,267,True,445,157
Kingsley Elementary School,T10,BOYS,228,BUILDING SUPPORT,Building Support,Restroom,,228,True,445,157
Kingsley Elementary School,T11,TOILET,46,BUILDING SUPPORT,Building Support,Restroom,,46,True,446,157
Kingsley Elementary School,T12,TOILET,48,BUILDING SUPPORT,Building Support,Restroom,,48,True,446,157
Kingsley Elementary School,T13,TOILET,49,BUILDING SUPPORT,Building Support,Restroom,,49,True,446,157
Kingsley Elementary School,T14,TOILET,62,BUILDING SUPPORT,Building Support,Restroom,,62,True,446,157
Kingsley Elementary School,T15,TOILET,61,BUILDING SUPPORT,Building Support,Restroom,,61,True,446,157
Kingsley Elementary School,T16,BOYS,242,BUILDING SUPPORT,Building Support,Restroom,,242,True,447,157
Kingsley Elementary School,T17,GIRLS,235,BUILDING SUPPORT,Building Support,Restroom,,235,True,447,157
Kingsley Elementary School,T18,GIRLS,264,BUILDING SUPPORT,Building Support,Restroom,,264,True,447,157
Kingsley Elementary School,T19,BOYS,215,BUILDING SUPPORT,Building Support,Restroom,,215,True,447,157
Lincoln Elementary School,101,RECEPTION,443,STAFF/OFFICE,Staff/Office,Office/Admin,5,443,True,456,173
Lincoln Elementary School,102,PRINCIPAL OFFICE,189,STAFF/OFFICE,Staff/Office,Office/Admin,2,189,True,456,173
Lincoln Elementary School,103,CONFERENCE,279,STAFF/OFFICE,Staff/Office,Office/Admin,19,279,True,456,173
Lincoln Elementary School,104,COPY,270,STAFF/OFFICE,Staff/Office,Office/Admin,3,270,True,456,173
Lincoln Elementary School,104A,NURSE,82,STAFF/OFFICE,Staff/Office,Office/Admin,1,82,True,456,173
Lincoln Elementary School,108,OFFICE,189,STAFF/OFFICE,Staff/Office,Office/Admin,2,189,True,456,173
Lincoln Elementary School,110,OFFICE,247,STAFF/OFFICE,Staff/Office,Office/Admin,3,247,True,456,173
Lincoln Elementary School,111,OFFICE,240,STAFF/OFFICE,Staff/Office,Office/Admin,3,240,True,456,173
Lincoln Elementary School,112,OFFICE,243,STAFF/OFFICE,Staff/Office,Office/Admin,3,243,True,456,173
Lincoln Elementary School,238,LOUNGE,914,STAFF/OFFICE,Staff/Office,Office/Admin,49,914,True,457,173
Lincoln Elementary School,242,OFFICE,170,STAFF/OFFICE,Staff/Office,Office/Admin,2,170,True,457,173
Lincoln Elementary School,107,CLASSROOM,439,SMALL GROUP SPACES,Small Group Spaces,Classroom,22,439,True,456,173
Lincoln Elementary School,107B,CLASSROOM,510,SMALL GROUP SPACES,Small Group Spaces,Classroom,26,510,True,456,173
Lincoln Elementary School,114,CLASSROOM,322,SMALL GROUP SPACES,Small Group Spaces,Classroom,17,322,True,456,173
Lincoln Elementary School,116B,SENSORY,294,SMALL GROUP SPACES,Small Group Spaces,Classroom,6,294,True,456,173
Lincoln Elementary School,117,SMALL GROUP ROOM,290,SMALL GROUP SPACES,Small Group Spaces,Small Group/Intervention,15,290,True,456,173
Lincoln Elementary School,219,CLASSROOM,167,SMALL GROUP SPACES,Small Group Spaces,Classroom,9,167,True,457,173
Lincoln Elementary School,106,LIBRARY,2133,SHARED INSTRUCTIONAL,Shared Instructional Spaces/Specials,Library/Media,43,2133,True,456,173
Lincoln Elementary School,109,READING ROOM,364,SHARED INSTRUCTIONAL,Shared Instructional Spaces/Specials,Classroom,8,364,True,456,173
Lincoln Elementary School,148,CAFETERIA,3713,SHARED INSTRUCTIONAL,Shared Instructional Spaces/Specials,Cafeteria/Kitchen,248,3713,True,456,173
Lincoln Elementary School,215,ART,733,SHARED INSTRUCTIONAL,Shared Instructional Spaces/Specials,Art/Music/Performance,15,733,True,457,173
Lincoln Elementary School,216,KILN,106,SHARED INSTRUCTIONAL,Shared Instructional Spaces/Specials,Art/Music/Performance,3,106,True,457,173
Lincoln Elementary School,250,GYMNASIUM,3495,SHARED INSTRUCTIONAL,Shared Instructional Spaces/Specials,Gym/Fitness,233,3495,True,457,173
Lincoln Elementary School,115A,CLASSROOM,729,CORE CURRICULUM,Core Curriculum,Classroom,37,729,True,456,173
Lincoln Elementary School,115B,CLASSROOM,810,CORE CURRICULUM,Core Curriculum,Classroom,41,810,True,456,173
Lincoln Elementary School,118,CLASSROOM,941,CORE CURRICULUM,Core Curriculum,Classroom,48,941,True,456,173
Lincoln Elementary School,121,CLASSROOM,980,CORE CURRICULUM,Core Curriculum,Classroom,49,980,True,456,173
Lincoln Elementary School,122,CLASSROOM,980,CORE CURRICULUM,Core Curriculum,Classroom,49,980,True,456,173
Lincoln Elementary School,123,CLASSROOM,970,CORE CURRICULUM,Core Curriculum,Classroom,49,970,True,456,173
Lincoln Elementary School,124,CLASSROOM,970,CORE CURRICULUM,Core Curriculum,Classroom,49,970,True,456,173
Lincoln Elementary School,125,CLASSROOM,970,CORE CURRICULUM,Core Curriculum,Classroom,49,970,True,456,173
Lincoln Elementary School,126,CLASSROOM,970,CORE CURRICULUM,Core Curriculum,Classroom,49,970,True,456,173
Lincoln Elementary School,127,CLASSROOM,986,CORE CURRICULUM,Core Curriculum,Classroom,49,986,True,456,173
Lincoln Elementary School,128,CLASSROOM,986,CORE CURRICULUM,Core Curriculum,Classroom,49,986,True,456,173
Lincoln Elementary School,130,CLASSROOM,933,CORE CURRICULUM,Core Curriculum,Classroom,47,933,True,456,173
Lincoln Elementary School,132,CLASSROOM,972,CORE CURRICULUM,Core Curriculum,Classroom,49,972,True,456,173
Lincoln Elementary School,134,CLASSROOM,971,CORE CURRICULUM,Core Curriculum,Classroom,49,971,True,456,173
Lincoln Elementary School,136,CLASSROOM,922,CORE CURRICULUM,Core Curriculum,Classroom,47,922,True,456,173
Lincoln Elementary School,200,CLASSROOM,667,CORE CURRICULUM,Core Curriculum,Classroom,34,667,True,457,173
Lincoln Elementary School,217,CLASSROOM,878,CORE CURRICULUM,Core Curriculum,Classroom,44,878,True,457,173
Lincoln Elementary School,218,CLASSROOM,940,CORE CURRICULUM,Core Curriculum,Classroom,47,940,True,457,173
Lincoln Elementary School,221,CLASSROOM,968,CORE CURRICULUM,Core Curriculum,Classroom,49,968,True,457,173
Lincoln Elementary School,222,CLASSROOM,968,CORE CURRICULUM,Core Curriculum,Classroom,49,968,True,457,173
Lincoln Elementary School,223,CLASSROOM,958,CORE CURRICULUM,Core Curriculum,Classroom,48,958,True,457,173
Lincoln Elementary School,224,CLASSROOM,958,CORE CURRICULUM,Core Curriculum,Classroom,48,958,True,457,173
Lincoln Elementary School,225,CLASSROOM,958,CORE CURRICULUM,Core Curriculum,Classroom,48,958,True,457,173
Lincoln Elementary School,226,CLASSROOM,958,CORE CURRICULUM,Core Curriculum,Classroom,48,958,True,457,173
Lincoln Elementary School,227,CLASSROOM,974,CORE CURRICULUM,Core Curriculum,Classroom,49,974,True,457,173
Lincoln Elementary School,228,CLASSROOM,974,CORE CURRICULUM,Core Curriculum,Classroom,49,974,True,457,173
Lincoln Elementary School,230,CLASSROOM,933,CORE CURRICULUM,Core Curriculum,Classroom,47,933,True,457,173
Lincoln Elementary School,232,CLASSROOM,941,CORE CURRICULUM,Core Curriculum,Classroom,48,941,True,457,173
Lincoln Elementary School,234,CLASSROOM,955,CORE CURRICULUM,Core Curriculum,Classroom,48,955,True,457,173
Lincoln Elementary School,236,CLASSROOM,904,CORE CURRICULUM,Core Curriculum,Classroom,46,904,True,457,173
Lincoln Elementary School,C01,CORRIDOR,7130,CIRCULATION,Circulation,Circulation,,,,,173
Lincoln Elementary School,C02,CORRIDOR,391,CIRCULATION,Circulation,Circulation,,,,,173
Lincoln Elementary School,C03,CORRIDOR,1036,CIRCULATION,Circulation,Circulation,,,,,173
Lincoln Elementary School,C04,CORRIDOR,2494,CIRCULATION,Circulation,Circulation,,,,,173
Lincoln Elementary School,C05,CORRIDOR,442,CIRCULATION,Circulation,Circulation,,,,,173
Lincoln Elementary School,ST 1-1,STAIR,308,CIRCULATION,Circulation,Circulation,,,,,173
Lincoln Elementary School,ST 1-2,STAIR,282,CIRCULATION,Circulation,Circulation,,,,,173
Lincoln Elementary School,ST 2-1,STAIR,357,CIRCULATION,Circulation,Circulation,,,,,173
Lincoln Elementary School,ST 2-2,STAIR,357,CIRCULATION,Circulation,Circulation,,,,,173
Lincoln Elementary School,ST 3-1,STAIR,158,CIRCULATION,Circulation,Circulation,,,,,173
Lincoln Elementary School,ST 3-2,STAIR,158,CIRCULATION,Circulation,Circulation,,,,,173
Lincoln Elementary School,ST 4-1,STAIR,182,CIRCULATION,Circulation,Circulation,,,,,173
Lincoln Elementary School,ST 4-2,STAIR,378,CIRCULATION,Circulation,Circulation,,,,,173
Lincoln Elementary School,ST 5-1,STAIR,305,CIRCULATION,Circulation,Circulation,,,,,173
Lincoln Elementary School,ST 5-2,STAIR,285,CIRCULATION,Circulation,Circulation,,,,,173
Lincoln Elementary School,V01,VESTIBULE,151,CIRCULATION,Circulation,Circulation,,,,,173
Lincoln Elementary School,100A,JC,71,BUILDING SUPPORT,Building Support,Storage/Custodial,1,71,True,456,173
Lincoln Elementary School,100B,JC,70,BUILDING SUPPORT,Building Support,Storage/Custodial,1,70,True,456,173
Lincoln Elementary School,106A,STORAGE,198,BUILDING SUPPORT,Building Support,Storage/Custodial,1,198,True,456,173
Lincoln Elementary School,108A,STOR,39,BUILDING SUPPORT,Building Support,Storage/Custodial,,,,,173
Lincoln Elementary School,111C,MECH RM,179,BUILDING SUPPORT,Building Support,Mechanical/Electrical/IT,,,,,173
Lincoln Elementary School,113,STOR,68,BUILDING SUPPORT,Building Support,Storage/Custodial,1,68,True,456,173
Lincoln Elementary School,114A,STOR,26,BUILDING SUPPORT,Building Support,Storage/Custodial,1,26,True,456,173
Lincoln Elementary School,116,MDF,168,BUILDING SUPPORT,Building Support,Mechanical/Electrical/IT,1,168,True,456,173
Lincoln Elementary School,117A,STOR,5,BUILDING SUPPORT,Building Support,Storage/Custodial,,,,,173
Lincoln Elementary School,120,STORAGE,117,BUILDING SUPPORT,Building Support,Storage/Custodial,1,117,True,456,173
Lincoln Elementary School,149,KITCHEN,331,BUILDING SUPPORT,Building Support,Cafeteria/Kitchen,23,331,True,456,173
Lincoln Elementary School,150,DATA,322,BUILDING SUPPORT,Building Support,Mechanical/Electrical/IT,,,,,173
Lincoln Elementary School,151,MECHANICAL,1261,BUILDING SUPPORT,Building Support,Mechanical/Electrical/IT,5,1261,True,456,173
Lincoln Elementary School,200A,STOR,14,BUILDING SUPPORT,Building Support,Storage/Custodial,,,,,173
Lincoln Elementary School,200B,STOR,14,BUILDING SUPPORT,Building Support,Storage/Custodial,,,,,173
Lincoln Elementary School,200C,STORAGE,131,BUILDING SUPPORT,Building Support,Storage/Custodial,,,,,173
Lincoln Elementary School,215A,STORAGE,142,BUILDING SUPPORT,Building Support,Storage/Custodial,1,142,True,457,173
Lincoln Elementary School,218A,JC,71,BUILDING SUPPORT,Building Support,Storage/Custodial,1,71,True,457,173
Lincoln Elementary School,220,BOOKSTORE,118,BUILDING SUPPORT,Building Support,Library/Media,1,118,True,457,173
Lincoln Elementary School,240,STOR,92,BUILDING SUPPORT,Building Support,Storage/Custodial,1,92,True,457,173
Lincoln Elementary School,240A,STOR,13,BUILDING SUPPORT,Building Support,Storage/Custodial,,,,,173
Lincoln Elementary School,241,MDF,50,BUILDING SUPPORT,Building Support,Mechanical/Electrical/IT,1,50,True,457,173
Lincoln Elementary School,B100,STOR,291,BUILDING SUPPORT,Building Support,Storage/Custodial,1,291,True,456,173
Lincoln Elementary School,B101,MECHANICAL YARD,412,BUILDING SUPPORT,Building Support,Mechanical/Electrical/IT,2,412,True,456,173
Lincoln Elementary School,B109,ELEC.,139,BUILDING SUPPORT,Building Support,Mechanical/Electrical/IT,1,139,True,456,173
Lincoln Elementary School,B114,MECH.,139,BUILDING SUPPORT,Building Support,Mechanical/Electrical/IT,1,139,True,456,173
Lincoln Elementary School,E-1,ELEVATOR,60,BUILDING SUPPORT,Building Support,Circulation,,,,,173
Lincoln Elementary School,E-2,ELEVATOR,48,BUILDING SUPPORT,Building Support,Circulation,,,,,173
Lincoln Elementary School,T01,TLT,221,BUILDING SUPPORT,Building Support,Restroom,,221,True,456,173
Lincoln Elementary School,T02,TLT,221,BUILDING SUPPORT,Building Support,Restroom,,221,True,456,173
Lincoln Elementary School,T03,TLT,223,BUILDING SUPPORT,Building Support,Restroom,,223,True,456,173
Lincoln Elementary School,T04,TLT,227,BUILDING SUPPORT,Building Support,Restroom,,227,True,456,173
Lincoln Elementary School,T05,TLT,124,BUILDING SUPPORT,Building Support,Restroom,,124,True,456,173
Lincoln Elementary School,T06,TLT,182,BUILDING SUPPORT,Building Support,Restroom,,182,True,456,173
Lincoln Elementary School,T07,TLT,57,BUILDING SUPPORT,Building Support,Restroom,,57,True,456,173
Lincoln Elementary School,T07A,STOR,40,BUILDING SUPPORT,Building Support,Storage/Custodial,,,,,173
Lincoln Elementary School,T08,TLT,85,BUILDING SUPPORT,Building Support,Restroom,,85,True,456,173
Lincoln Elementary School,T09,TLT,78,BUILDING SUPPORT,Building Support,Restroom,,78,True,456,173
Lincoln Elementary School,T10,TLT,62,BUILDING SUPPORT,Building Support,Restroom,,62,True,456,173
Lincoln Elementary School,T11,TLT,44,BUILDING SUPPORT,Building Support,Restroom,,44,True,456,173
Lincoln Elementary School,T12,TLT,224,BUILDING SUPPORT,Building Support,Restroom,,224,True,457,173
Lincoln Elementary School,T13,TLT,223,BUILDING SUPPORT,Building Support,Restroom,,223,True,457,173
Lincoln Elementary School,T13A,TLT,59,BUILDING SUPPORT,Building Support,Restroom,,59,True,457,173
Lincoln Elementary School,T14,TLT,221,BUILDING SUPPORT,Building Support,Restroom,,221,True,457,173
Lincoln Elementary School,T15,TLT,224,BUILDING SUPPORT,Building Support,Restroom,,224,True,457,173
Lincoln Elementary School,T16,TLT,32,BUILDING SUPPORT,Building Support,Restroom,,32,True,457,173
Lincolnwood Elementary School,14,TEACHER LOUNGE,243,STAFF/OFFICE,Staff/Office,Office/Admin,17,243,True,468,189
Lincolnwood Elementary School,17,OFFICE,215,STAFF/OFFICE,Staff/Office,Office/Admin,3,215,True,468,189
Lincolnwood Elementary School,18,OFFICE,225,STAFF/OFFICE,Staff/Office,Office/Admin,3,225,True,468,189
Lincolnwood Elementary School,18B,OFFICE,84,STAFF/OFFICE,Staff/Office,Office/Admin,1,84,True,468,189
Lincolnwood Elementary School,26C,OFFICE,238,STAFF/OFFICE,Staff/Office,Office/Admin,3,238,True,469,189
Lincolnwood Elementary School,27,OFFICE,150,STAFF/OFFICE,Staff/Office,Office/Admin,2,150,True,469,189
Lincolnwood Elementary School,28A,OFFICE,90,STAFF/OFFICE,Staff/Office,Office/Admin,1,90,True,469,189
Lincolnwood Elementary School,31,FRONT OFFICE,167,STAFF/OFFICE,Staff/Office,Office/Admin,2,167,True,468,189
Lincolnwood Elementary School,32,NURSE,174,STAFF/OFFICE,Staff/Office,Office/Admin,2,174,True,468,189
Lincolnwood Elementary School,33,OFFICE,382,STAFF/OFFICE,Staff/Office,Office/Admin,4,382,True,468,189
Lincolnwood Elementary School,B-9,OFFICE,137,STAFF/OFFICE,Staff/Office,Office/Admin,2,137,True,467,189
Lincolnwood Elementary School,B-10,OFFICE,54,STAFF/OFFICE,Staff/Office,Office/Admin,1,54,True,467,189
Lincolnwood Elementary School,B-11,OFFICE,54,STAFF/OFFICE,Staff/Office,Office/Admin,1,54,True,467,189
Lincolnwood Elementary School,B-12,JANITORIAL OFFICE,80,STAFF/OFFICE,Staff/Office,Office/Admin,1,80,True,467,189
Lincolnwood Elementary School,28,SMALL GROUP ROOM,252,SMALL GROUP SPACES,Small Group Spaces,Small Group/Intervention,13,252,True,469,189
Lincolnwood Elementary School,B-2,SMALL GROUP ROOM,408,SMALL GROUP SPACES,Small Group Spaces,Small Group/Intervention,21,408,True,467,189
Lincolnwood Elementary School,12,LIBRARY,1192,SHARED INSTRUCTIONAL,Shared Instructional Spaces/Specials,Library/Media,24,1192,True,468,189
Lincolnwood Elementary School,15,ART,1148,SHARED INSTRUCTIONAL,Shared Instructional Spaces/Specials,Art/Music/Performance,23,1148,True,468,189
Lincolnwood Elementary School,16,GYMNASIUM,3416,SHARED INSTRUCTIONAL,Shared Instructional Spaces/Specials,Gym/Fitness,228,3416,True,468,189
Lincolnwood Elementary School,34,AUDITORIUM,3275,SHARED INSTRUCTIONAL,Shared Instructional Spaces/Specials,Art/Music/Performance,377,3275,True,468,189
Lincolnwood Elementary School,35A,STAGE,890,SHARED INSTRUCTIONAL,Shared Instructional Spaces/Specials,Art/Music/Performance,60,890,True,468,189
Lincolnwood Elementary School,B-1,MULTI PURPOSE ROOM,1891,SHARED INSTRUCTIONAL,Shared Instructional Spaces/Specials,Gym/Fitness,271,1891,True,467,189
Lincolnwood Elementary School,1,CLASSROOM,1329,CORE CURRICULUM,Core Curriculum,Classroom,49,1329,True,468,189
Lincolnwood Elementary School,2,CLASSROOM,1334,CORE CURRICULUM,Core Curriculum,Classroom,49,1334,True,468,189
Lincolnwood Elementary School,3,CLASSROOM,941,CORE CURRICULUM,Core Curriculum,Classroom,48,941,True,468,189
Lincolnwood Elementary School,4,CLASSROOM,932,CORE CURRICULUM,Core Curriculum,Classroom,47,932,True,468,189
Lincolnwood Elementary School,5,CLASSROOM,966,CORE CURRICULUM,Core Curriculum,Classroom,49,966,True,468,189
Lincolnwood Elementary School,6,CLASSROOM,934,CORE CURRICULUM,Core Curriculum,Classroom,47,934,True,468,189
Lincolnwood Elementary School,7,CLASSROOM,973,CORE CURRICULUM,Core Curriculum,Classroom,49,973,True,468,189
Lincolnwood Elementary School,8,CLASSROOM,975,CORE CURRICULUM,Core Curriculum,Classroom,49,975,True,468,189
Lincolnwood Elementary School,19,CLASSROOM,1052,CORE CURRICULUM,Core Curriculum,Classroom,49,1052,True,469,189
Lincolnwood Elementary School,20,CLASSROOM,1120,CORE CURRICULUM,Core Curriculum,Classroom,49,1120,True,469,189
Lincolnwood Elementary School,21,CLASSROOM,957,CORE CURRICULUM,Core Curriculum,Classroom,48,957,True,469,189
Lincolnwood Elementary School,22,CLASSROOM,998,CORE CURRICULUM,Core Curriculum,Classroom,49,998,True,469,189
Lincolnwood Elementary School,23,CLASSROOM,955,CORE CURRICULUM,Core Curriculum,Classroom,48,955,True,469,189
Lincolnwood Elementary School,24,CLASSROOM,1000,CORE CURRICULUM,Core Curriculum,Classroom,49,1000,True,469,189
Lincolnwood Elementary School,25,CLASSROOM,930,CORE CURRICULUM,Core Curriculum,Classroom,47,930,True,469,189
Lincolnwood Elementary School,26,CLASSROOM,965,CORE CURRICULUM,Core Curriculum,Classroom,49,965,True,469,189
Lincolnwood Elementary School,29,LEARNING STUDIO,812,CORE CURRICULUM,Core Curriculum,Classroom,41,812,True,469,189
Lincolnwood Elementary School,30,LEARNING STUDIO,825,CORE CURRICULUM,Core Curriculum,Classroom,42,825,True,469,189
Lincolnwood Elementary School,36,CLASSROOM,1115,CORE CURRICULUM,Core Curriculum,Classroom,49,1115,True,468,189
Lincolnwood Elementary School,37,CLASSROOM,1117,CORE CURRICULUM,Core Curriculum,Classroom,49,1117,True,468,189
Lincolnwood Elementary School,34B,BASEMENT ACCESS,24,CIRCULATION,Circulation,Storage/Custodial,,24,True,468,189
Lincolnwood Elementary School,B-21,BASEMENT ACCESS,65,CIRCULATION,Circulation,Storage/Custodial,,,,,189
Lincolnwood Elementary School,C01,CORRIDOR,456,CIRCULATION,Circulation,Circulation,,,,,189
Lincolnwood Elementary School,C01A,CORRIDOR,87,CIRCULATION,Circulation,Circulation,,,,,189
Lincolnwood Elementary School,C02,CORRIDOR,743,CIRCULATION,Circulation,Circulation,,,,,189
Lincolnwood Elementary School,C03,CORRIDOR,826,CIRCULATION,Circulation,Circulation,,,,,189
Lincolnwood Elementary School,C04,CORRIDOR,1289,CIRCULATION,Circulation,Circulation,,,,,189
Lincolnwood Elementary School,C05,CORRIDOR,349,CIRCULATION,Circulation,Circulation,,,,,189
Lincolnwood Elementary School,C06,CORRIDOR,1908,CIRCULATION,Circulation,Circulation,,,,,189
Lincolnwood Elementary School,C07,CORRIDOR,2378,CIRCULATION,Circulation,Circulation,,,,,189
Lincolnwood Elementary School,CB01,CORRIDOR,301,CIRCULATION,Circulation,Circulation,,,,,189
Lincolnwood Elementary School,ST 1-1,STAIR,65,CIRCULATION,Circulation,Circulation,,,,,189
Lincolnwood Elementary School,ST 1-B,STAIR,65,CIRCULATION,Circulation,Circulation,,,,,189
Lincolnwood Elementary School,ST 2-B,STAIR,100,CIRCULATION,Circulation,Circulation,,,,,189
Lincolnwood Elementary School,ST 3-1,STAIR,217,CIRCULATION,Circulation,Circulation,,,,,189
Lincolnwood Elementary School,ST 3-2,STAIR,213,CIRCULATION,Circulation,Circulation,,,,,189
Lincolnwood Elementary School,ST 3-B,STAIR,135,CIRCULATION,Circulation,Circulation,,,,,189
Lincolnwood Elementary School,ST 4-0,STAIR,427,CIRCULATION,Circulation,Circulation,,,,,189
Lincolnwood Elementary School,ST 5-1,STAIR,222,CIRCULATION,Circulation,Circulation,,,,,189
Lincolnwood Elementary School,ST 5-2,STAIR,264,CIRCULATION,Circulation,Circulation,,,,,189
Lincolnwood Elementary School,ST 5-B,CRAWL SPACE ACCESS,23,CIRCULATION,Circulation,Circulation,,,,,189
Lincolnwood Elementary School,V01,VESTIBULE,103,CIRCULATION,Circulation,Circulation,,,,,189
Lincolnwood Elementary School,V02,VESTIBULE,63,CIRCULATION,Circulation,Circulation,,,,,189
Lincolnwood Elementary School,V09,VESTIBULE,63,CIRCULATION,Circulation,Circulation,,,,,189
Lincolnwood Elementary School,01B,STORAGE,15,BUILDING SUPPORT,Building Support,Storage/Custodial,,,,,189
Lincolnwood Elementary School,01C,STORAGE,11,BUILDING SUPPORT,Building Support,Storage/Custodial,,,,,189
Lincolnwood Elementary School,02B,STORAGE,14,BUILDING SUPPORT,Building Support,Storage/Custodial,,,,,189
Lincolnwood Elementary School,02C,STORAGE,10,BUILDING SUPPORT,Building Support,Storage/Custodial,,,,,189
Lincolnwood Elementary School,03B,STORAGE,10,BUILDING SUPPORT,Building Support,Storage/Custodial,,,,,189
Lincolnwood Elementary School,03C,STORAGE,15,BUILDING SUPPORT,Building Support,Storage/Custodial,,,,,189
Lincolnwood Elementary School,04B,STORAGE,16,BUILDING SUPPORT,Building Support,Storage/Custodial,,,,,189
Lincolnwood Elementary School,04C,STORAGE,11,BUILDING SUPPORT,Building Support,Storage/Custodial,,,,,189
Lincolnwood Elementary School,05A,STORAGE,10,BUILDING SUPPORT,Building Support,Storage/Custodial,,,,,189
Lincolnwood Elementary School,05B,STORAGE,15,BUILDING SUPPORT,Building Support,Storage/Custodial,,,,,189
Lincolnwood Elementary School,06B,STORAGE,15,BUILDING SUPPORT,Building Support,Storage/Custodial,,,,,189
Lincolnwood Elementary School,06C,STORAGE,10,BUILDING SUPPORT,Building Support,Storage/Custodial,,,,,189
Lincolnwood Elementary School,07A,STORAGE,10,BUILDING SUPPORT,Building Support,Storage/Custodial,,,,,189
Lincolnwood Elementary School,07B,STORAGE,15,BUILDING SUPPORT,Building Support,Storage/Custodial,,,,,189
Lincolnwood Elementary School,08A,STORAGE,15,BUILDING SUPPORT,Building Support,Storage/Custodial,,,,,189
Lincolnwood Elementary School,08B,STORAGE,10,BUILDING SUPPORT,Building Support,Storage/Custodial,,,,,189
Lincolnwood Elementary School,9,MDF / COPY RM,209,BUILDING SUPPORT,Building Support,Office/Admin,1,209,True,468,189
Lincolnwood Elementary School,12A,STOR,7,BUILDING SUPPORT,Building Support,Storage/Custodial,,,,,189
Lincolnwood Elementary School,12B,STOR,7,BUILDING SUPPORT,Building Support,Storage/Custodial,,,,,189
Lincolnwood Elementary School,15A,STORAGE,15,BUILDING SUPPORT,Building Support,Storage/Custodial,,,,,189
Lincolnwood Elementary School,15B,STORAGE,8,BUILDING SUPPORT,Building Support,Storage/Custodial,,,,,189
Lincolnwood Elementary School,15C,STORAGE,5,BUILDING SUPPORT,Building Support,Storage/Custodial,,,,,189
Lincolnwood Elementary School,16A,STORAGE,30,BUILDING SUPPORT,Building Support,Storage/Custodial,1,30,True,468,189
Lincolnwood Elementary School,16B,KITCHEN,260,BUILDING SUPPORT,Building Support,Cafeteria/Kitchen,18,260,True,468,189
Lincolnwood Elementary School,16C,STORAGE,487,BUILDING SUPPORT,Building Support,Storage/Custodial,2,487,True,468,189
Lincolnwood Elementary School,19A,STOR,12,BUILDING SUPPORT,Building Support,Storage/Custodial,,,,,189
Lincolnwood Elementary School,19B,STOR,13,BUILDING SUPPORT,Building Support,Storage/Custodial,,,,,189
Lincolnwood Elementary School,19C,STORAGE,29,BUILDING SUPPORT,Building Support,Storage/Custodial,1,29,True,469,189
Lincolnwood Elementary School,20A,STOR,11,BUILDING SUPPORT,Building Support,Storage/Custodial,,,,,189
Lincolnwood Elementary School,20B,STOR,13,BUILDING SUPPORT,Building Support,Storage/Custodial,,,,,189
Lincolnwood Elementary School,20C,STORAGE,27,BUILDING SUPPORT,Building Support,Storage/Custodial,1,27,True,469,189
Lincolnwood Elementary School,21B,STOR,18,BUILDING SUPPORT,Building Support,Storage/Custodial,,,,,189
Lincolnwood Elementary School,21C,STOR,11,BUILDING SUPPORT,Building Support,Storage/Custodial,,,,,189
Lincolnwood Elementary School,22A,STOR,10,BUILDING SUPPORT,Building Support,Storage/Custodial,,,,,189
Lincolnwood Elementary School,22B,STOR,15,BUILDING SUPPORT,Building Support,Storage/Custodial,,,,,189
Lincolnwood Elementary School,23A,STOR,10,BUILDING SUPPORT,Building Support,Storage/Custodial,,,,,189
Lincolnwood Elementary School,23B,STOR,18,BUILDING SUPPORT,Building Support,Storage/Custodial,,,,,189
Lincolnwood Elementary School,24A,STOR,10,BUILDING SUPPORT,Building Support,Storage/Custodial,,,,,189
Lincolnwood Elementary School,24B,STOR,15,BUILDING SUPPORT,Building Support,Storage/Custodial,,,,,189
Lincolnwood Elementary School,25A,STOR,8,BUILDING SUPPORT,Building Support,Storage/Custodial,,,,,189
Lincolnwood Elementary School,25B,STOR,13,BUILDING SUPPORT,Building Support,Storage/Custodial,,,,,189
Lincolnwood Elementary School,26A,STOR,10,BUILDING SUPPORT,Building Support,Storage/Custodial,,,,,189
Lincolnwood Elementary School,26B,STOR,15,BUILDING SUPPORT,Building Support,Storage/Custodial,,,,,189
Lincolnwood Elementary School,29A,STOR,8,BUILDING SUPPORT,Building Support,Storage/Custodial,,,,,189
Lincolnwood Elementary School,30A,STOR,10,BUILDING SUPPORT,Building Support,Storage/Custodial,,,,,189
Lincolnwood Elementary School,34A,STORAGE,68,BUILDING SUPPORT,Building Support,Storage/Custodial,1,68,True,468,189
Lincolnwood Elementary School,35B,STORAGE,14,BUILDING SUPPORT,Building Support,Storage/Custodial,,,,,189
Lincolnwood Elementary School,36A,STORAGE,45,BUILDING SUPPORT,Building Support,Storage/Custodial,1,45,True,468,189
Lincolnwood Elementary School,37A,STORAGE,46,BUILDING SUPPORT,Building Support,Storage/Custodial,1,46,True,468,189
Lincolnwood Elementary School,B-2A,JANITOR,69,BUILDING SUPPORT,Building Support,Storage/Custodial,1,69,True,467,189
Lincolnwood Elementary School,B-3,KITCHEN,33,BUILDING SUPPORT,Building Support,Cafeteria/Kitchen,3,33,True,467,189
Lincolnwood Elementary School,B-4,MECHANICAL ROOM,2259,BUILDING SUPPORT,Building Support,Mechanical/Electrical/IT,8,2259,True,467,189
Lincolnwood Elementary School,B-8,STORAGE,88,BUILDING SUPPORT,Building Support,Storage/Custodial,1,88,True,467,189
Lincolnwood Elementary School,B-20,MECHANICAL,579,BUILDING SUPPORT,Building Support,Mechanical/Electrical/IT,,579,True,467,189
Lincolnwood Elementary School,JC01,JANITOR,121,BUILDING SUPPORT,Building Support,Storage/Custodial,1,121,True,468,189
Lincolnwood Elementary School,JC02,JANITOR,44,BUILDING SUPPORT,Building Support,Storage/Custodial,1,44,True,469,189
Lincolnwood Elementary School,JC03,JC,11,BUILDING SUPPORT,Building Support,Storage/Custodial,,,,,189
Lincolnwood Elementary School,T01,BOYS,181,BUILDING SUPPORT,Building Support,Restroom,,181,True,468,189
Lincolnwood Elementary School,T01,GIRLS,46,BUILDING SUPPORT,Building Support,Restroom,,46,True,467,189
Lincolnwood Elementary School,T01A,TOILET,26,BUILDING SUPPORT,Building Support,Restroom,,26,True,468,189
Lincolnwood Elementary School,T02,GIRLS,230,BUILDING SUPPORT,Building Support,Restroom,,230,True,468,189
Lincolnwood Elementary School,T02,BOYS,40,BUILDING SUPPORT,Building Support,Restroom,,40,True,467,189
Lincolnwood Elementary School,T02A,TOILET,27,BUILDING SUPPORT,Building Support,Restroom,,27,True,468,189
Lincolnwood Elementary School,T03,TOILET,48,BUILDING SUPPORT,Building Support,Restroom,,48,True,468,189
Lincolnwood Elementary School,T03A,TOILET,32,BUILDING SUPPORT,Building Support,Restroom,,32,True,468,189
Lincolnwood Elementary School,T04,GIRLS,89,BUILDING SUPPORT,Building Support,Restroom,,89,True,468,189
Lincolnwood Elementary School,T04A,TOILET,34,BUILDING SUPPORT,Building Support,Restroom,,34,True,468,189
Lincolnwood Elementary School,T05,BOYS,82,BUILDING SUPPORT,Building Support,Restroom,,82,True,468,189
Lincolnwood Elementary School,T06,GENDER NEUTRAL,82,BUILDING SUPPORT,Building Support,Restroom,,82,True,468,189
Lincolnwood Elementary School,T06A,TOILET,36,BUILDING SUPPORT,Building Support,Restroom,,36,True,468,189
Lincolnwood Elementary School,T07,GENDER NEUTRAL,87,BUILDING SUPPORT,Building Support,Restroom,,87,True,468,189
Lincolnwood Elementary School,T08,GIRLS,233,BUILDING SUPPORT,Building Support,Restroom,,233,True,469,189
Lincolnwood Elementary School,T08C,STOR,11,BUILDING SUPPORT,Building Support,Storage/Custodial,,,,,189
Lincolnwood Elementary School,T09,BOYS,197,BUILDING SUPPORT,Building Support,Restroom,,197,True,469,189
Lincolnwood Elementary School,T19,TOILET,28,BUILDING SUPPORT,Building Support,Restroom,,28,True,468,189
Lincolnwood Elementary School,T36,TOILET,25,BUILDING SUPPORT,Building Support,Restroom,,25,True,468,189
Lincolnwood Elementary School,T37,TOILET,25,BUILDING SUPPORT,Building Support,Restroom,,25,True,468,189
Lincolnwood Elementary School,T38,Room,11,BUILDING SUPPORT,Building Support,Other,,,,,189
Nichols Middle School,108B,TECH OFF,182,STAFF/OFFICE,Staff/Office,Office/Admin,2,182,True,495,208
Nichols Middle School,109B,OFFICE,32,STAFF/OFFICE,Staff/Office,Office/Admin,,,,,208
Nichols Middle School,109F,TLT,55,STAFF/OFFICE,Staff/Office,Restroom,,55,True,495,208
Nichols Middle School,110,MAIN OFFICE,493,STAFF/OFFICE,Staff/Office,Office/Admin,5,493,True,495,208
Nichols Middle School,111,STAFF LOUNGE,876,STAFF/OFFICE,Staff/Office,Office/Admin,49,876,True,495,208
Nichols Middle School,112,OFFICE,278,STAFF/OFFICE,Staff/Office,Office/Admin,3,278,True,495,208
Nichols Middle School,114,PRINCIPAL OFFICE,227,STAFF/OFFICE,Staff/Office,Office/Admin,3,227,True,495,208
Nichols Middle School,116,ASST. PRINC,224,STAFF/OFFICE,Staff/Office,Office/Admin,3,224,True,495,208
Nichols Middle School,121,NURSE,238,STAFF/OFFICE,Staff/Office,Office/Admin,3,238,True,495,208
Nichols Middle School,125A,HEALTH CLERK,148,STAFF/OFFICE,Staff/Office,Office/Admin,2,148,True,495,208
Nichols Middle School,203,OFFICE,291,STAFF/OFFICE,Staff/Office,Office/Admin,3,291,True,496,208
Nichols Middle School,205A,OFFICE,104,STAFF/OFFICE,Staff/Office,Office/Admin,2,104,True,496,208
Nichols Middle School,205D,OFFICE,114,STAFF/OFFICE,Staff/Office,Office/Admin,2,114,True,496,208
Nichols Middle School,210,OFFICE,223,STAFF/OFFICE,Staff/Office,Office/Admin,3,223,True,496,208
Nichols Middle School,223A,OFFICE,164,STAFF/OFFICE,Staff/Office,Office/Admin,2,164,True,496,208
Nichols Middle School,401,OFF/STORAGE,495,STAFF/OFFICE,Staff/Office,Storage/Custodial,5,495,True,498,208
Nichols Middle School,101,CLASSROOM,596,SMALL GROUP SPACES,Small Group Spaces,Classroom,30,596,True,495,208
Nichols Middle School,102,CLASSROOM,578,SMALL GROUP SPACES,Small Group Spaces,Classroom,29,578,True,495,208
Nichols Middle School,103,CLASSROOM,550,SMALL GROUP SPACES,Small Group Spaces,Classroom,28,550,True,495,208
Nichols Middle School,104,CLASSROOM,579,SMALL GROUP SPACES,Small Group Spaces,Classroom,29,579,True,495,208
Nichols Middle School,105,CLASSROOM,532,SMALL GROUP SPACES,Small Group Spaces,Classroom,27,532,True,495,208
Nichols Middle School,108,CLASSROOM,441,SMALL GROUP SPACES,Small Group Spaces,Classroom,23,441,True,495,208
Nichols Middle School,122,CLASSROOM,574,SMALL GROUP SPACES,Small Group Spaces,Classroom,29,574,True,495,208
Nichols Middle School,124,CLASSROOM,574,SMALL GROUP SPACES,Small Group Spaces,Classroom,29,574,True,495,208
Nichols Middle School,202,CLASSROOM,561,SMALL GROUP SPACES,Small Group Spaces,Classroom,29,561,True,496,208
Nichols Middle School,204,CLASSROOM,579,SMALL GROUP SPACES,Small Group Spaces,Classroom,29,579,True,496,208
Nichols Middle School,214,CLASSROOM,569,SMALL GROUP SPACES,Small Group Spaces,Classroom,29,569,True,496,208
Nichols Middle School,222,CLASSROOM,586,SMALL GROUP SPACES,Small Group Spaces,Classroom,30,586,True,496,208
Nichols Middle School,304,CLASSROOM,543,SMALL GROUP SPACES,Small Group Spaces,Classroom,28,543,True,497,208
Nichols Middle School,305,CLASSROOM,528,SMALL GROUP SPACES,Small Group Spaces,Classroom,27,528,True,497,208
Nichols Middle School,321,SCIENCE LAB,249,SMALL GROUP SPACES,Small Group Spaces,Classroom,5,249,True,497,208
Nichols Middle School,322,CLASSROOM,568,SMALL GROUP SPACES,Small Group Spaces,Classroom,29,568,True,497,208
Nichols Middle School,324,CLASSROOM,592,SMALL GROUP SPACES,Small Group Spaces,Classroom,30,592,True,497,208
Nichols Middle School,404,CLASSROOM,260,SMALL GROUP SPACES,Small Group Spaces,Classroom,13,260,True,498,208
Nichols Middle School,12,UPPER BLEACHERS,305,SHARED INSTRUCTIONAL,Shared Instructional Spaces/Specials,Gym/Fitness,56,305,True,497,208
Nichols Middle School,106,LIBRARY,1484,SHARED INSTRUCTIONAL,Shared Instructional Spaces/Specials,Library/Media,30,1484,True,495,208
Nichols Middle School,106B,LIBRARY MEZZ,530,SHARED INSTRUCTIONAL,Shared Instructional Spaces/Specials,Library/Media,11,530,True,495,208
Nichols Middle School,109,CAFETERIA,3397,SHARED INSTRUCTIONAL,Shared Instructional Spaces/Specials,Cafeteria/Kitchen,227,3397,True,495,208
Nichols Middle School,205,GYMNASIUM,4941,SHARED INSTRUCTIONAL,Shared Instructional Spaces/Specials,Gym/Fitness,330,4941,True,496,208
Nichols Middle School,206,AUDITORIUM,1587,SHARED INSTRUCTIONAL,Shared Instructional Spaces/Specials,Art/Music/Performance,252,1587,True,496,208
Nichols Middle School,206A,STAGE,946,SHARED INSTRUCTIONAL,Shared Instructional Spaces/Specials,Art/Music/Performance,64,946,True,496,208
Nichols Middle School,212,FITNESS ROOM,550,SHARED INSTRUCTIONAL,Shared Instructional Spaces/Specials,Gym/Fitness,12,550,True,496,208
Nichols Middle School,221,FITNESS,891,SHARED INSTRUCTIONAL,Shared Instructional Spaces/Specials,Gym/Fitness,18,891,True,496,208
Nichols Middle School,327,UPPER BLEACHERS,291,SHARED INSTRUCTIONAL,Shared Instructional Spaces/Specials,Gym/Fitness,56,291,True,497,208
Nichols Middle School,A306,UPPER AUDITORIUM,1324,SHARED INSTRUCTIONAL,Shared Instructional Spaces/Specials,Art/Music/Performance,144,1324,True,497,208
Nichols Middle School,100,ART ROOM,607,CORE CURRICULUM,Core Curriculum,Art/Music/Performance,13,607,True,495,208
Nichols Middle School,107,BAND,1271,CORE CURRICULUM,Core Curriculum,Art/Music/Performance,64,1271,True,495,208
Nichols Middle School,118,CLASSROOM,620,CORE CURRICULUM,Core Curriculum,Classroom,32,620,True,495,208
Nichols Middle School,120,CLASSROOM,613,CORE CURRICULUM,Core Curriculum,Classroom,31,613,True,495,208
Nichols Middle School,123,SCIENCE LAB,886,CORE CURRICULUM,Core Curriculum,Classroom,18,886,True,495,208
Nichols Middle School,125,CLASSROOM,897,CORE CURRICULUM,Core Curriculum,Classroom,45,897,True,495,208
Nichols Middle School,126,CLASSROOM,886,CORE CURRICULUM,Core Curriculum,Classroom,45,886,True,495,208
Nichols Middle School,200,CLASSROOM,613,CORE CURRICULUM,Core Curriculum,Classroom,31,613,True,496,208
Nichols Middle School,201,CLASSROOM,611,CORE CURRICULUM,Core Curriculum,Classroom,31,611,True,496,208
Nichols Middle School,218,CLASSROOM,611,CORE CURRICULUM,Core Curriculum,Classroom,31,611,True,496,208
Nichols Middle School,220,CLASSROOM,604,CORE CURRICULUM,Core Curriculum,Classroom,31,604,True,496,208
Nichols Middle School,223,CLASSROOM,615,CORE CURRICULUM,Core Curriculum,Classroom,31,615,True,496,208
Nichols Middle School,224,CLASSROOM,603,CORE CURRICULUM,Core Curriculum,Classroom,31,603,True,496,208
Nichols Middle School,225,CLASSROOM,877,CORE CURRICULUM,Core Curriculum,Classroom,44,877,True,496,208
Nichols Middle School,226,CLASSROOM,883,CORE CURRICULUM,Core Curriculum,Classroom,45,883,True,496,208
Nichols Middle School,300,CLASSROOM,618,CORE CURRICULUM,Core Curriculum,Classroom,31,618,True,497,208
Nichols Middle School,301,CLASSROOM,605,CORE CURRICULUM,Core Curriculum,Classroom,31,605,True,497,208
Nichols Middle School,302,CLASSROOM,607,CORE CURRICULUM,Core Curriculum,Classroom,31,607,True,497,208
Nichols Middle School,303,CLASSROOM,617,CORE CURRICULUM,Core Curriculum,Classroom,31,617,True,497,208
Nichols Middle School,311,SCIENCE LAB,904,CORE CURRICULUM,Core Curriculum,Classroom,19,904,True,497,208
Nichols Middle School,312,SCIENCE LAB,846,CORE CURRICULUM,Core Curriculum,Classroom,17,846,True,497,208
Nichols Middle School,318,SCIENCE LAB,764,CORE CURRICULUM,Core Curriculum,Classroom,16,764,True,497,208
Nichols Middle School,320,CLASSROOM,615,CORE CURRICULUM,Core Curriculum,Classroom,31,615,True,497,208
Nichols Middle School,323,SCIENCE LAB,952,CORE CURRICULUM,Core Curriculum,Classroom,20,952,True,497,208
Nichols Middle School,325,CLASSROOM,879,CORE CURRICULUM,Core Curriculum,Classroom,44,879,True,497,208
Nichols Middle School,326,CLASSROOM,887,CORE CURRICULUM,Core Curriculum,Classroom,45,887,True,497,208
Nichols Middle School,402,MUSIC,1173,CORE CURRICULUM,Core Curriculum,Art/Music/Performance,49,1173,True,498,208
Nichols Middle School,01,STORAGE,257,BUILDING SUPPORT,Building Support,Storage/Custodial,1,257,True,494,208
Nichols Middle School,04,STORAGE,454,BUILDING SUPPORT,Building Support,Storage/Custodial,2,454,True,494,208
Nichols Middle School,05,STORM/MECH,798,BUILDING SUPPORT,Building Support,Mechanical/Electrical/IT,3,798,True,494,208
Nichols Middle School,06,STORM/MECH,1170,BUILDING SUPPORT,Building Support,Mechanical/Electrical/IT,4,1170,True,494,208
Nichols Middle School,6A,STORAGE,38,BUILDING SUPPORT,Building Support,Storage/Custodial,,,,,208
Nichols Middle School,07,BOILER ROOM,1585,BUILDING SUPPORT,Building Support,Mechanical/Electrical/IT,6,1585,True,494,208
Nichols Middle School,13,STORAGE,79,BUILDING SUPPORT,Building Support,Storage/Custodial,1,79,True,497,208
Nichols Middle School,14,STORAGE,98,BUILDING SUPPORT,Building Support,Storage/Custodial,1,98,True,497,208
Nichols Middle School,100A,STORAGE,5,BUILDING SUPPORT,Building Support,Storage/Custodial,,,,,208
Nichols Middle School,100B,STORAGE,11,BUILDING SUPPORT,Building Support,Storage/Custodial,,,,,208
Nichols Middle School,101A,STORAGE,6,BUILDING SUPPORT,Building Support,Storage/Custodial,,,,,208
Nichols Middle School,101B,STORAGE,12,BUILDING SUPPORT,Building Support,Storage/Custodial,,,,,208
Nichols Middle School,102A,STORAGE,3,BUILDING SUPPORT,Building Support,Storage/Custodial,,,,,208
Nichols Middle School,103A,STORAGE,4,BUILDING SUPPORT,Building Support,Storage/Custodial,,,,,208
Nichols Middle School,103B,STORAGE,7,BUILDING SUPPORT,Building Support,Storage/Custodial,,,,,208
Nichols Middle School,104A,STORAGE,4,BUILDING SUPPORT,Building Support,Storage/Custodial,,,,,208
Nichols Middle School,105A,STORAGE,4,BUILDING SUPPORT,Building Support,Storage/Custodial,,,,,208
Nichols Middle School,105B,STORAGE,6,BUILDING SUPPORT,Building Support,Storage/Custodial,,,,,208
Nichols Middle School,106A,STORAGE,4,BUILDING SUPPORT,Building Support,Storage/Custodial,,,,,208
Nichols Middle School,107A,STORAGE,12,BUILDING SUPPORT,Building Support,Storage/Custodial,,,,,208
Nichols Middle School,107B,STORAGE,95,BUILDING SUPPORT,Building Support,Storage/Custodial,1,95,True,495,208
Nichols Middle School,107C,STORAGE,68,BUILDING SUPPORT,Building Support,Storage/Custodial,1,68,True,495,208
Nichols Middle School,108A,OFFICE,171,BUILDING SUPPORT,Building Support,Office/Admin,1,171,True,495,208
Nichols Middle School,109A,KITCHEN,758,BUILDING SUPPORT,Building Support,Cafeteria/Kitchen,4,758,True,495,208
Nichols Middle School,109C,DRY STORAGE,50,BUILDING SUPPORT,Building Support,Storage/Custodial,1,50,True,495,208
Nichols Middle School,109D,MECH,73,BUILDING SUPPORT,Building Support,Mechanical/Electrical/IT,,73,True,495,208
Nichols Middle School,109E,SERVERY,611,BUILDING SUPPORT,Building Support,Cafeteria/Kitchen,41,611,True,495,208
Nichols Middle School,109G,JC,44,BUILDING SUPPORT,Building Support,Storage/Custodial,,,,,208
Nichols Middle School,109H,STORAGE,43,BUILDING SUPPORT,Building Support,Storage/Custodial,,,,,208
Nichols Middle School,111A,STORAGE,4,BUILDING SUPPORT,Building Support,Storage/Custodial,,,,,208
Nichols Middle School,111B,STORAGE,72,BUILDING SUPPORT,Building Support,Storage/Custodial,1,72,True,495,208
Nichols Middle School,112A,STORAGE,8,BUILDING SUPPORT,Building Support,Storage/Custodial,,,,,208
Nichols Middle School,114A,STORAGE,5,BUILDING SUPPORT,Building Support,Storage/Custodial,,,,,208
Nichols Middle School,114B,STORAGE,3,BUILDING SUPPORT,Building Support,Storage/Custodial,,,,,208
Nichols Middle School,118A,STORAGE,31,BUILDING SUPPORT,Building Support,Storage/Custodial,,,,,208
Nichols Middle School,120A,STORAGE,3,BUILDING SUPPORT,Building Support,Storage/Custodial,,,,,208
Nichols Middle School,120B,STORAGE,4,BUILDING SUPPORT,Building Support,Storage/Custodial,,,,,208
Nichols Middle School,120C,STORAGE,6,BUILDING SUPPORT,Building Support,Storage/Custodial,,,,,208
Nichols Middle School,121A,STORAGE,4,BUILDING SUPPORT,Building Support,Storage/Custodial,,,,,208
Nichols Middle School,122A,STORAGE,3,BUILDING SUPPORT,Building Support,Storage/Custodial,,,,,208
Nichols Middle School,122B,STORAGE,6,BUILDING SUPPORT,Building Support,Storage/Custodial,,,,,208
Nichols Middle School,123A,STORAGE,4,BUILDING SUPPORT,Building Support,Storage/Custodial,,,,,208
Nichols Middle School,124A,STORAGE,3,BUILDING SUPPORT,Building Support,Storage/Custodial,,,,,208
Nichols Middle School,124B,STORAGE,6,BUILDING SUPPORT,Building Support,Storage/Custodial,,,,,208
Nichols Middle School,125C,STORAGE,2,BUILDING SUPPORT,Building Support,Storage/Custodial,,,,,208
Nichols Middle School,125E,STORAGE,538,BUILDING SUPPORT,Building Support,Storage/Custodial,2,538,True,494,208
Nichols Middle School,200A,STORAGE,5,BUILDING SUPPORT,Building Support,Storage/Custodial,,,,,208
Nichols Middle School,200B,STORAGE,13,BUILDING SUPPORT,Building Support,Storage/Custodial,,,,,208
Nichols Middle School,201A,STORAGE,5,BUILDING SUPPORT,Building Support,Storage/Custodial,,,,,208
Nichols Middle School,201B,STORAGE,13,BUILDING SUPPORT,Building Support,Storage/Custodial,,,,,208
Nichols Middle School,202A,STORAGE,4,BUILDING SUPPORT,Building Support,Storage/Custodial,,,,,208
Nichols Middle School,202B,STORAGE,6,BUILDING SUPPORT,Building Support,Storage/Custodial,,,,,208
Nichols Middle School,203,LOCKER ROOM,599,BUILDING SUPPORT,Building Support,Gym/Fitness,12,599,True,496,208
Nichols Middle School,203B,STORAGE,178,BUILDING SUPPORT,Building Support,Storage/Custodial,1,178,True,496,208
Nichols Middle School,204A,STORAGE,4,BUILDING SUPPORT,Building Support,Storage/Custodial,,,,,208
Nichols Middle School,204B,STORAGE,8,BUILDING SUPPORT,Building Support,Storage/Custodial,,,,,208
Nichols Middle School,205B,STORAGE,121,BUILDING SUPPORT,Building Support,Storage/Custodial,1,121,True,496,208
Nichols Middle School,205C,STORAGE,118,BUILDING SUPPORT,Building Support,Storage/Custodial,1,118,True,496,208
Nichols Middle School,205E,STORAGE,7,BUILDING SUPPORT,Building Support,Storage/Custodial,,,,,208
Nichols Middle School,205F,STORAGE,5,BUILDING SUPPORT,Building Support,Storage/Custodial,,,,,208
Nichols Middle School,210A,STORAGE,3,BUILDING SUPPORT,Building Support,Storage/Custodial,,,,,208
Nichols Middle School,212A,STORAGE,3,BUILDING SUPPORT,Building Support,Storage/Custodial,,,,,208
Nichols Middle School,212B,STORAGE,7,BUILDING SUPPORT,Building Support,Storage/Custodial,,,,,208
Nichols Middle School,214A,STORAGE,3,BUILDING SUPPORT,Building Support,Storage/Custodial,,,,,208
Nichols Middle School,214B,STORAGE,6,BUILDING SUPPORT,Building Support,Storage/Custodial,,,,,208
Nichols Middle School,218A,STORAGE,6,BUILDING SUPPORT,Building Support,Storage/Custodial,,,,,208
Nichols Middle School,218B,STORAGE,7,BUILDING SUPPORT,Building Support,Storage/Custodial,,,,,208
Nichols Middle School,220A,STORAGE,4,BUILDING SUPPORT,Building Support,Storage/Custodial,,,,,208
Nichols Middle School,220B,STORAGE,7,BUILDING SUPPORT,Building Support,Storage/Custodial,,,,,208
Nichols Middle School,221A,LOCKER ROOM,359,BUILDING SUPPORT,Building Support,Gym/Fitness,8,359,True,496,208
Nichols Middle School,221B,STORAGE,17,BUILDING SUPPORT,Building Support,Storage/Custodial,,,,,208
Nichols Middle School,222A,STORAGE,3,BUILDING SUPPORT,Building Support,Storage/Custodial,,,,,208
Nichols Middle School,222B,STORAGE,6,BUILDING SUPPORT,Building Support,Storage/Custodial,,,,,208
Nichols Middle School,223B,STORAGE,4,BUILDING SUPPORT,Building Support,Storage/Custodial,,,,,208
Nichols Middle School,223C,STORAGE,6,BUILDING SUPPORT,Building Support,Storage/Custodial,,,,,208
Nichols Middle School,224A,STORAGE,3,BUILDING SUPPORT,Building Support,Storage/Custodial,,,,,208
Nichols Middle School,224B,STORAGE,6,BUILDING SUPPORT,Building Support,Storage/Custodial,,,,,208
Nichols Middle School,300A,STORAGE,4,BUILDING SUPPORT,Building Support,Storage/Custodial,,,,,208
Nichols Middle School,301A,STORAGE,5,BUILDING SUPPORT,Building Support,Storage/Custodial,,,,,208
Nichols Middle School,301B,STORAGE,12,BUILDING SUPPORT,Building Support,Storage/Custodial,,,,,208
Nichols Middle School,302A,STORAGE,4,BUILDING SUPPORT,Building Support,Storage/Custodial,,,,,208
Nichols Middle School,302B,STORAGE,7,BUILDING SUPPORT,Building Support,Storage/Custodial,,,,,208
Nichols Middle School,303A,STORAGE,4,BUILDING SUPPORT,Building Support,Storage/Custodial,,,,,208
Nichols Middle School,303B,STORAGE,7,BUILDING SUPPORT,Building Support,Storage/Custodial,,,,,208
Nichols Middle School,304 B,STORAGE,7,BUILDING SUPPORT,Building Support,Storage/Custodial,,,,,208
Nichols Middle School,304A,STORAGE,4,BUILDING SUPPORT,Building Support,Storage/Custodial,,,,,208
Nichols Middle School,305A,STORAGE,4,BUILDING SUPPORT,Building Support,Storage/Custodial,,,,,208
Nichols Middle School,305B,STORAGE,7,BUILDING SUPPORT,Building Support,Storage/Custodial,,,,,208
Nichols Middle School,311A,STORAGE,4,BUILDING SUPPORT,Building Support,Storage/Custodial,,,,,208
Nichols Middle School,311B,STORAGE,3,BUILDING SUPPORT,Building Support,Storage/Custodial,,,,,208
Nichols Middle School,311C,STORAGE,5,BUILDING SUPPORT,Building Support,Storage/Custodial,,,,,208
Nichols Middle School,311D,STORAGE,4,BUILDING SUPPORT,Building Support,Storage/Custodial,,,,,208
Nichols Middle School,312A,STORAGE,123,BUILDING SUPPORT,Building Support,Storage/Custodial,1,123,True,497,208
Nichols Middle School,312B,STORAGE,3,BUILDING SUPPORT,Building Support,Storage/Custodial,,,,,208
Nichols Middle School,403,MEDIA ARTS,714,CORE CURRICULUM,Core Curriculum,Classroom,36,714,True,498,209
Nichols Middle School,C00,CORRIDOR,1091,CIRCULATION,Circulation,Circulation,,,,,209
Nichols Middle School,C01,CORRIDOR,238,CIRCULATION,Circulation,Circulation,,,,,209
Nichols Middle School,C02,CORRIDOR,1152,CIRCULATION,Circulation,Circulation,,,,,209
Nichols Middle School,C03,CORRIDOR,2603,CIRCULATION,Circulation,Circulation,,,,,209
Nichols Middle School,C04,CORRIDOR,194,CIRCULATION,Circulation,Circulation,,,,,209
Nichols Middle School,C05,CORRIDOR,1288,CIRCULATION,Circulation,Circulation,,,,,209
Nichols Middle School,C06,CORRIDOR,2498,CIRCULATION,Circulation,Circulation,,,,,209
Nichols Middle School,C07,CORRIDOR,69,CIRCULATION,Circulation,Circulation,,,,,209
Nichols Middle School,C08,CORRIDOR,205,CIRCULATION,Circulation,Circulation,,,,,209
Nichols Middle School,C09,CORRIDOR,1300,CIRCULATION,Circulation,Circulation,,,,,209
Nichols Middle School,C10,CORRIDOR,2482,CIRCULATION,Circulation,Circulation,,,,,209
Nichols Middle School,C11,CORRIDOR,359,CIRCULATION,Circulation,Circulation,,,,,209
Nichols Middle School,C12,CORRIDOR,493,CIRCULATION,Circulation,Circulation,,,,,209
Nichols Middle School,ST 1-1,STAIR,254,CIRCULATION,Circulation,Circulation,,,,,209
Nichols Middle School,ST 1-2,STAIR,266,CIRCULATION,Circulation,Circulation,,,,,209
Nichols Middle School,ST 1-3,STAIR,291,CIRCULATION,Circulation,Circulation,,,,,209
Nichols Middle School,ST 2-1,STAIR,212,CIRCULATION,Circulation,Circulation,,,,,209
Nichols Middle School,ST 2-2,STAIR,194,CIRCULATION,Circulation,Circulation,,,,,209
Nichols Middle School,ST 2-3,STAIR,150,CIRCULATION,Circulation,Circulation,,,,,209
Nichols Middle School,ST 3-1,STAIR,719,CIRCULATION,Circulation,Circulation,,,,,209
Nichols Middle School,ST 3-2,STAIR,814,CIRCULATION,Circulation,Circulation,,,,,209
Nichols Middle School,ST 3-3,STAIR,42,CIRCULATION,Circulation,Circulation,,,,,209
Nichols Middle School,ST 3-4,STAIR,120,CIRCULATION,Circulation,Circulation,,,,,209
Nichols Middle School,ST 4-0,STAIR,102,CIRCULATION,Circulation,Circulation,,,,,209
Nichols Middle School,ST 4-1,STAIR,72,CIRCULATION,Circulation,Circulation,,,,,209
Nichols Middle School,ST 5-3,STAIR,175,CIRCULATION,Circulation,Circulation,,,,,209
Nichols Middle School,ST 6-1,STAIR,100,CIRCULATION,Circulation,Circulation,,,,,209
Nichols Middle School,ST 6-2,STAIR,178,CIRCULATION,Circulation,Circulation,,,,,209
Nichols Middle School,ST 6-3,STAIR,164,CIRCULATION,Circulation,Circulation,,,,,209
Nichols Middle School,ST 7-1,STAIR,333,CIRCULATION,Circulation,Circulation,,,,,209
Nichols Middle School,ST 7-2,STAIR,372,CIRCULATION,Circulation,Circulation,,,,,209
Nichols Middle School,ST 7-3,STAIR,348,CIRCULATION,Circulation,Circulation,,,,,209
Nichols Middle School,ST 7-4,STAIR,158,CIRCULATION,Circulation,Circulation,,,,,209
Nichols Middle School,ST 8-0,STAIR,55,CIRCULATION,Circulation,Circulation,,,,,209
Nichols Middle School,ST 8-1,STAIR,246,CIRCULATION,Circulation,Circulation,,,,,209
Nichols Middle School,ST 8-2,STAIR,340,CIRCULATION,Circulation,Circulation,,,,,209
Nichols Middle School,V01,VESTIBULE,288,CIRCULATION,Circulation,Circulation,,,,,209
Nichols Middle School,V02,VESTIBULE,56,CIRCULATION,Circulation,Circulation,,,,,209
Nichols Middle School,V03,VESTIBULE,66,CIRCULATION,Circulation,Circulation,,,,,209
Nichols Middle School,V04,VESTIBULE,62,CIRCULATION,Circulation,Circulation,,,,,209
Nichols Middle School,V05,VESTIBULE,50,CIRCULATION,Circulation,Circulation,,,,,209
Nichols Middle School,312C,STORAGE,3,BUILDING SUPPORT,Building Support,Storage/Custodial,,,,,209
Nichols Middle School,312D,STORAGE,4,BUILDING SUPPORT,Building Support,Storage/Custodial,,,,,209
Nichols Middle School,312E,STORAGE,5,BUILDING SUPPORT,Building Support,Storage/Custodial,,,,,209
Nichols Middle School,312F,STORAGE,6,BUILDING SUPPORT,Building Support,Storage/Custodial,,,,,209
Nichols Middle School,312G,STORAGE,9,BUILDING SUPPORT,Building Support,Storage/Custodial,,,,,209
Nichols Middle School,318A,STORAGE,139,BUILDING SUPPORT,Building Support,Storage/Custodial,1,139,True,497,209
Nichols Middle School,318B,STORAGE,4,BUILDING SUPPORT,Building Support,Storage/Custodial,,,,,209
Nichols Middle School,318C,STORAGE,4,BUILDING SUPPORT,Building Support,Storage/Custodial,,,,,209
Nichols Middle School,318D,STORAGE,8,BUILDING SUPPORT,Building Support,Storage/Custodial,,,,,209
Nichols Middle School,319,STORAGE,11,BUILDING SUPPORT,Building Support,Storage/Custodial,,,,,209
Nichols Middle School,320A,STORAGE,4,BUILDING SUPPORT,Building Support,Storage/Custodial,,,,,209
Nichols Middle School,320B,STORAGE,5,BUILDING SUPPORT,Building Support,Storage/Custodial,,,,,209
Nichols Middle School,321A,STORAGE,71,BUILDING SUPPORT,Building Support,Storage/Custodial,1,71,True,497,209
Nichols Middle School,321B,STORAGE,7,BUILDING SUPPORT,Building Support,Storage/Custodial,,,,,209
Nichols Middle School,322A,STORAGE,4,BUILDING SUPPORT,Building Support,Storage/Custodial,,,,,209
Nichols Middle School,322B,STORAGE,5,BUILDING SUPPORT,Building Support,Storage/Custodial,,,,,209
Nichols Middle School,323A,STORAGE,68,BUILDING SUPPORT,Building Support,Storage/Custodial,1,68,True,497,209
Nichols Middle School,323B,STORAGE,5,BUILDING SUPPORT,Building Support,Storage/Custodial,,,,,209
Nichols Middle School,323C,STORAGE,4,BUILDING SUPPORT,Building Support,Storage/Custodial,,,,,209
Nichols Middle School,323D,STORAGE,5,BUILDING SUPPORT,Building Support,Storage/Custodial,,,,,209
Nichols Middle School,324A,STORAGE,4,BUILDING SUPPORT,Building Support,Storage/Custodial,,,,,209
Nichols Middle School,324B,STORAGE,5,BUILDING SUPPORT,Building Support,Storage/Custodial,,,,,209
Nichols Middle School,326,JC,41,BUILDING SUPPORT,Building Support,Storage/Custodial,1,41,True,497,209
Nichols Middle School,327A,STORAGE,70,BUILDING SUPPORT,Building Support,Storage/Custodial,1,70,True,497,209
Nichols Middle School,327J,STORAGE,3,BUILDING SUPPORT,Building Support,Storage/Custodial,,,,,209
Nichols Middle School,327K,STORAGE,3,BUILDING SUPPORT,Building Support,Storage/Custodial,,,,,209
Nichols Middle School,328,JC,17,BUILDING SUPPORT,Building Support,Storage/Custodial,1,17,True,497,209
Nichols Middle School,402A,STORAGE,260,BUILDING SUPPORT,Building Support,Storage/Custodial,1,260,True,498,209
Nichols Middle School,403A,STOR,7,BUILDING SUPPORT,Building Support,Storage/Custodial,,,,,209
Nichols Middle School,E-1,ELEVATOR,48,BUILDING SUPPORT,Building Support,Circulation,,48,True,495,209
Nichols Middle School,E-2,ELEVATOR,43,BUILDING SUPPORT,Building Support,Circulation,,,,,209
Nichols Middle School,E-3,ELEVATOR,42,BUILDING SUPPORT,Building Support,Circulation,,,,,209
Nichols Middle School,E-4,ELEVATOR,71,BUILDING SUPPORT,Building Support,Circulation,,,,,209
Nichols Middle School,T00,TLT,100,BUILDING SUPPORT,Building Support,Restroom,,,,,209
Nichols Middle School,T01,BOYS,102,BUILDING SUPPORT,Building Support,Restroom,,102,True,495,209
Nichols Middle School,T02,GIRLS,222,BUILDING SUPPORT,Building Support,Restroom,,222,True,495,209
Nichols Middle School,T03,TLT,32,BUILDING SUPPORT,Building Support,Restroom,,32,True,495,209
Nichols Middle School,T04,TLT,20,BUILDING SUPPORT,Building Support,Restroom,,,,,209
Nichols Middle School,T05,TLT,41,BUILDING SUPPORT,Building Support,Restroom,,,,,209
Nichols Middle School,T06,TLT,35,BUILDING SUPPORT,Building Support,Restroom,,35,True,495,209
Nichols Middle School,T07,BOYS,165,BUILDING SUPPORT,Building Support,Restroom,,165,True,496,209
Nichols Middle School,T08,GIRLS,117,BUILDING SUPPORT,Building Support,Restroom,,117,True,496,209
Nichols Middle School,T09,TLT,138,BUILDING SUPPORT,Building Support,Restroom,,,,,209
Nichols Middle School,T10,STAFF TLT,270,BUILDING SUPPORT,Building Support,Office/Admin,,270,True,496,209
Nichols Middle School,T11,TLT,38,BUILDING SUPPORT,Building Support,Restroom,,38,True,496,209
Nichols Middle School,T12,BOYS,159,BUILDING SUPPORT,Building Support,Restroom,,159,True,497,209
Nichols Middle School,T13,GIRLS,280,BUILDING SUPPORT,Building Support,Restroom,,280,True,497,209
Nichols Middle School,T14,TLT,276,BUILDING SUPPORT,Building Support,Restroom,,276,True,497,209
Oakton Elementary School,9,CUSTODIAN'S OFFICE,322,STAFF/OFFICE,Staff/Office,Office/Admin,4,322,True,511,227
Oakton Elementary School,100,OFFICE,258,STAFF/OFFICE,Staff/Office,Office/Admin,3,258,True,516,227
Oakton Elementary School,109A,OFFICE,101,STAFF/OFFICE,Staff/Office,Office/Admin,2,101,True,515,227
Oakton Elementary School,109B,OFFICE,106,STAFF/OFFICE,Staff/Office,Office/Admin,2,106,True,515,227
Oakton Elementary School,110B,CONFERENCE,372,STAFF/OFFICE,Staff/Office,Office/Admin,25,372,True,515,227
Oakton Elementary School,115B,OFFICE,142,STAFF/OFFICE,Staff/Office,Office/Admin,2,142,True,514,227
Oakton Elementary School,115D,OFFICE,142,STAFF/OFFICE,Staff/Office,Office/Admin,2,142,True,514,227
Oakton Elementary School,117,STAFF LOUNGE,458,STAFF/OFFICE,Staff/Office,Office/Admin,31,458,True,514,227
Oakton Elementary School,117B,KITCHEN,134,STAFF/OFFICE,Staff/Office,Cafeteria/Kitchen,9,134,True,514,227
Oakton Elementary School,119,OFFICE,319,STAFF/OFFICE,Staff/Office,Office/Admin,4,319,True,515,227
Oakton Elementary School,154,OFFICE,188,STAFF/OFFICE,Staff/Office,Office/Admin,2,188,True,515,227
Oakton Elementary School,155,PRINCIPAL,212,STAFF/OFFICE,Staff/Office,Office/Admin,3,212,True,515,227
Oakton Elementary School,156,WORK ROOM,199,STAFF/OFFICE,Staff/Office,Office/Admin,2,199,True,515,227
Oakton Elementary School,156,WORKROOM,227,STAFF/OFFICE,Staff/Office,Office/Admin,3,227,True,515,227
Oakton Elementary School,157,RECEPTION,430,STAFF/OFFICE,Staff/Office,Office/Admin,5,430,True,515,227
Oakton Elementary School,159,NURSE,212,STAFF/OFFICE,Staff/Office,Office/Admin,3,212,True,515,227
Oakton Elementary School,200A,OFFICE,117,STAFF/OFFICE,Staff/Office,Office/Admin,2,117,True,517,227
Oakton Elementary School,200B,OFFICE,139,STAFF/OFFICE,Staff/Office,Office/Admin,2,139,True,517,227
Oakton Elementary School,203A,OFFICE,137,STAFF/OFFICE,Staff/Office,Office/Admin,2,137,True,517,227
Oakton Elementary School,204A,OFFICE,117,STAFF/OFFICE,Staff/Office,Office/Admin,2,117,True,517,227
Oakton Elementary School,104,CLASSROOM,588,SMALL GROUP SPACES,Small Group Spaces,Classroom,30,588,True,516,227
Oakton Elementary School,105,CLASSROOM,595,SMALL GROUP SPACES,Small Group Spaces,Classroom,30,595,True,516,227
Oakton Elementary School,302A,SPEECH,280,SMALL GROUP SPACES,Small Group Spaces,Classroom,14,280,True,520,227
Oakton Elementary School,306,CLASSROOM,595,SMALL GROUP SPACES,Small Group Spaces,Classroom,30,595,True,520,227
Oakton Elementary School,110,MULTI-PURPOSE ROOM,1406,SHARED INSTRUCTION,Shared Instructional Spaces/Specials,Gym/Fitness,94,1406,True,515,227
Oakton Elementary School,115,GYM,3157,SHARED INSTRUCTION,Shared Instructional Spaces/Specials,Gym/Fitness,211,3157,True,514,227
Oakton Elementary School,115A,STAGE,801,SHARED INSTRUCTION,Shared Instructional Spaces/Specials,Art/Music/Performance,54,801,True,514,227
Oakton Elementary School,116,LIBRARY,1254,SHARED INSTRUCTION,Shared Instructional Spaces/Specials,Library/Media,26,1254,True,514,227
Oakton Elementary School,118,GYMNASIUM,2370,SHARED INSTRUCTION,Shared Instructional Spaces/Specials,Gym/Fitness,158,2370,True,515,227
Oakton Elementary School,200,READING,873,SHARED INSTRUCTION,Shared Instructional Spaces/Specials,Classroom,,732,False,517,227
Oakton Elementary School,202,SHARED LEARNING,724,SHARED INSTRUCTION,Shared Instructional Spaces/Specials,Classroom,37,724,True,517,227
Oakton Elementary School,208,ART,883,SHARED INSTRUCTION,Shared Instructional Spaces/Specials,Art/Music/Performance,18,883,True,518,227
Oakton Elementary School,209,MUSIC,603,SHARED INSTRUCTION,Shared Instructional Spaces/Specials,Art/Music/Performance,31,603,True,518,227
Oakton Elementary School,307A,READING,214,SHARED INSTRUCTION,Shared Instructional Spaces/Specials,Classroom,5,214,True,520,227
Oakton Elementary School,101,CLASSROOM,1062,CORE CURICULUM,Core Curriculum,Classroom,49,1062,True,516,227
Oakton Elementary School,102,CLASSROOM,882,CORE CURICULUM,Core Curriculum,Classroom,45,882,True,516,227
Oakton Elementary School,103,CLASSROOM,933,CORE CURICULUM,Core Curriculum,Classroom,47,933,True,516,227
Oakton Elementary School,106,CLASSROOM,713,CORE CURICULUM,Core Curriculum,Classroom,36,713,True,515,227
Oakton Elementary School,107,CLASSROOM,686,CORE CURICULUM,Core Curriculum,Classroom,35,686,True,515,227
Oakton Elementary School,108,CLASSROOM,667,CORE CURICULUM,Core Curriculum,Classroom,34,667,True,515,227
Oakton Elementary School,109,CLASSROOM,607,CORE CURICULUM,Core Curriculum,Classroom,31,607,True,515,227
Oakton Elementary School,114,CLASSROOM,722,CORE CURICULUM,Core Curriculum,Classroom,37,722,True,514,227
Oakton Elementary School,200,CLASSROOM,732,CORE CURICULUM,Core Curriculum,Classroom,37,732,True,517,227
Oakton Elementary School,201,CLASSROOM,752,CORE CURICULUM,Core Curriculum,Classroom,38,752,True,517,227
Oakton Elementary School,203,CLASSROOM,746,CORE CURICULUM,Core Curriculum,Classroom,38,746,True,517,227
Oakton Elementary School,204,CLASSROOM,729,CORE CURICULUM,Core Curriculum,Classroom,37,729,True,517,227
Oakton Elementary School,205,CLASSROOM,668,CORE CURICULUM,Core Curriculum,Classroom,34,668,True,518,227
Oakton Elementary School,206,CLASSROOM,714,CORE CURICULUM,Core Curriculum,Classroom,36,714,True,518,227
Oakton Elementary School,207,CLASSROOM,696,CORE CURICULUM,Core Curriculum,Classroom,35,696,True,518,227
Oakton Elementary School,300,CLASSROOM,722,CORE CURICULUM,Core Curriculum,Classroom,37,722,True,520,227
Oakton Elementary School,301,CLASSROOM,717,CORE CURICULUM,Core Curriculum,Classroom,36,717,True,520,227
Oakton Elementary School,302,CLASSROOM,679,CORE CURICULUM,Core Curriculum,Classroom,34,679,True,520,227
Oakton Elementary School,303,CLASSROOM,617,CORE CURICULUM,Core Curriculum,Classroom,31,617,True,520,227
Oakton Elementary School,305,CLASSROOM,609,CORE CURICULUM,Core Curriculum,Classroom,31,609,True,520,227
Oakton Elementary School,307,CLASSROOM,608,CORE CURICULUM,Core Curriculum,Classroom,31,608,True,520,227
Oakton Elementary School,0,TUNNEL,2966,CIRCULATION,Circulation,Circulation,,,,,227
Oakton Elementary School,2,TUNNEL,1295,CIRCULATION,Circulation,Circulation,,1295,True,512,227
Oakton Elementary School,3,CRAWL SPACE,1163,CIRCULATION,Circulation,Circulation,,,,,227
Oakton Elementary School,5,PASSAGE,563,CIRCULATION,Circulation,Circulation,,,,,227
Oakton Elementary School,6,PASSAGE,176,CIRCULATION,Circulation,Circulation,,,,,227
Oakton Elementary School,8,PASSAGE,102,CIRCULATION,Circulation,Circulation,,,,,227
Oakton Elementary School,12,PASSAGE,204,CIRCULATION,Circulation,Circulation,,,,,227
Oakton Elementary School,14,PASSAGE,274,CIRCULATION,Circulation,Circulation,,,,,227
Oakton Elementary School,C01,CORRIDOR,106,CIRCULATION,Circulation,Circulation,,106,True,516,227
Oakton Elementary School,C02,CORRIDOR,630,CIRCULATION,Circulation,Circulation,,,,,227
Oakton Elementary School,C03,CORRIDOR,451,CIRCULATION,Circulation,Circulation,,,,,227
Oakton Elementary School,C04,CORRIDOR,846,CIRCULATION,Circulation,Circulation,,,,,227
Oakton Elementary School,C05,CORRIDOR,2553,CIRCULATION,Circulation,Circulation,,,,,227
Oakton Elementary School,C06,CORRIDOR,135,CIRCULATION,Circulation,Circulation,,,,,227
Oakton Elementary School,C07,CORRIDOR,264,CIRCULATION,Circulation,Circulation,,,,,227
Oakton Elementary School,C08,CORRIDOR,800,CIRCULATION,Circulation,Circulation,,800,True,515,227
Oakton Elementary School,C09,CORRIDOR,782,CIRCULATION,Circulation,Circulation,,,,,227
Oakton Elementary School,C10,CORRIDOR,170,CIRCULATION,Circulation,Circulation,,,,,227
Oakton Elementary School,C10A,CORRIDOR,328,CIRCULATION,Circulation,Circulation,,,,,227
Oakton Elementary School,C11,CORRIDOR,184,CIRCULATION,Circulation,Circulation,,,,,227
Oakton Elementary School,C12,CORRIDOR,257,CIRCULATION,Circulation,Circulation,,,,,227
Oakton Elementary School,C12A,COORIDOR,325,CIRCULATION,Circulation,Circulation,,,,,227
Oakton Elementary School,C13,CORRIDOR,401,CIRCULATION,Circulation,Circulation,,,,,227
Oakton Elementary School,C14,CORRIDOR,933,CIRCULATION,Circulation,Circulation,,,,,227
Oakton Elementary School,C15,CORRIDOR,1250,CIRCULATION,Circulation,Circulation,,,,,227
Oakton Elementary School,C16,CORRIDOR,842,CIRCULATION,Circulation,Circulation,,,,,227
Oakton Elementary School,C17,CORRIDOR,1359,CIRCULATION,Circulation,Circulation,,,,,227
Oakton Elementary School,C18,CORRIDOR,3273,CIRCULATION,Circulation,Circulation,,,,,227
Oakton Elementary School,S0-0,STAIR,229,CIRCULATION,Circulation,Circulation,,229,True,511,227
Oakton Elementary School,S00-0,STAIR,245,CIRCULATION,Circulation,Circulation,,,,,227
Oakton Elementary School,S1-1,STAIR,85,CIRCULATION,Circulation,Circulation,,,,,227
Oakton Elementary School,S2-1,STAIR,148,CIRCULATION,Circulation,Circulation,,,,,227
Oakton Elementary School,S2-2,STAIR,61,CIRCULATION,Circulation,Circulation,,,,,227
Oakton Elementary School,S3-1,STAIR,140,CIRCULATION,Circulation,Circulation,,,,,227
Oakton Elementary School,S4-3,STAIR,303,CIRCULATION,Circulation,Circulation,,,,,227
Oakton Elementary School,S5-1,STAIR,124,CIRCULATION,Circulation,Circulation,,,,,227
Oakton Elementary School,S5-2,STAIR,108,CIRCULATION,Circulation,Circulation,,,,,227
Oakton Elementary School,S6-1,STAIR,246,CIRCULATION,Circulation,Circulation,,,,,227
Oakton Elementary School,S6-2,STAIR,295,CIRCULATION,Circulation,Circulation,,,,,227
Oakton Elementary School,S7-1,STAIR,233,CIRCULATION,Circulation,Circulation,,,,,227
Oakton Elementary School,S7-2,STAIR,249,CIRCULATION,Circulation,Circulation,,,,,227
Oakton Elementary School,S7-3,STAIR,242,CIRCULATION,Circulation,Circulation,,,,,227
Oakton Elementary School,S8-1,STAIR,244,CIRCULATION,Circulation,Circulation,,,,,227
Oakton Elementary School,S8-2,STAIR,187,CIRCULATION,Circulation,Circulation,,,,,227
Oakton Elementary School,S9-1,STAIR,63,CIRCULATION,Circulation,Circulation,,,,,227
Oakton Elementary School,S9-2,STAIR,176,CIRCULATION,Circulation,Circulation,,,,,227
Oakton Elementary School,T19,CRAWL,2326,CIRCULATION,Circulation,Circulation,,,,,227
Oakton Elementary School,T20,CRAWL,146,CIRCULATION,Circulation,Circulation,,,,,227
Oakton Elementary School,T21,CRAWL,146,CIRCULATION,Circulation,Circulation,,,,,227
Oakton Elementary School,T22,CRAWL,889,CIRCULATION,Circulation,Circulation,,,,,227
Oakton Elementary School,T23,CRAWL,598,CIRCULATION,Circulation,Circulation,,,,,227
Oakton Elementary School,V01,VESTIBULE,29,CIRCULATION,Circulation,Circulation,,,,,227
Oakton Elementary School,V02,VESTIBULE,27,CIRCULATION,Circulation,Circulation,,,,,227
Oakton Elementary School,V03,VESTIBULE,134,CIRCULATION,Circulation,Circulation,,,,,227
Oakton Elementary School,V04,VESTIBULE,103,CIRCULATION,Circulation,Circulation,,,,,227
Oakton Elementary School,V05,VESTIBULE,68,CIRCULATION,Circulation,Circulation,,,,,227
Oakton Elementary School,V06,VESTIBULE,66,CIRCULATION,Circulation,Circulation,,,,,227
Oakton Elementary School,V07,VESTIBULE,225,CIRCULATION,Circulation,Circulation,,,,,227
Oakton Elementary School,V08,VESTIBULE,94,CIRCULATION,Circulation,Circulation,,,,,227
Oakton Elementary School,V09,VESTIBULE,90,CIRCULATION,Circulation,Circulation,,,,,227
Oakton Elementary School,V10,VESTIBULE,65,CIRCULATION,Circulation,Circulation,,,,,227
Oakton Elementary School,V11,VESTIBULE,65,CIRCULATION,Circulation,Circulation,,,,,227
Oakton Elementary School,V12,VEST.,40,CIRCULATION,Circulation,Circulation,,,,,227
Oakton Elementary School,V13,VEST.,40,CIRCULATION,Circulation,Circulation,,,,,227
Oakton Elementary School,1,FAN ROOM,736,BUILDING SUPPORT,Building Support,Mechanical/Electrical/IT,3,736,True,512,227
Oakton Elementary School,4,FAN ROOM,454,BUILDING SUPPORT,Building Support,Mechanical/Electrical/IT,2,454,True,512,227
Oakton Elementary School,7,MAINTENANCE SHOP,676,BUILDING SUPPORT,Building Support,Storage/Custodial,3,676,True,511,227
Oakton Elementary School,7A,TLT,77,BUILDING SUPPORT,Building Support,Restroom,,,,,227
Oakton Elementary School,8A,STORAGE,62,BUILDING SUPPORT,Building Support,Storage/Custodial,1,62,True,511,227
Oakton Elementary School,9A,STORAGE,338,BUILDING SUPPORT,Building Support,Storage/Custodial,2,338,True,511,227
Oakton Elementary School,10,FAN ROOM,343,BUILDING SUPPORT,Building Support,Mechanical/Electrical/IT,2,343,True,511,227
Oakton Elementary School,11,BOILER ROOM,1377,BUILDING SUPPORT,Building Support,Mechanical/Electrical/IT,5,1377,True,511,227
Oakton Elementary School,11A,INCINER. RM,125,BUILDING SUPPORT,Building Support,Mechanical/Electrical/IT,1,125,True,511,227
Oakton Elementary School,13,STORAGE,700,BUILDING SUPPORT,Building Support,Storage/Custodial,3,700,True,511,227
Oakton Elementary School,13A,TLT,17,BUILDING SUPPORT,Building Support,Restroom,,,,,227
Oakton Elementary School,13B,STORAGE,19,BUILDING SUPPORT,Building Support,Storage/Custodial,,,,,227
Oakton Elementary School,101A,STORAGE,36,BUILDING SUPPORT,Building Support,Storage/Custodial,1,36,True,516,227
Oakton Elementary School,101B,STORAGE,46,BUILDING SUPPORT,Building Support,Storage/Custodial,1,46,True,516,227
Oakton Elementary School,102A,STORAGE,11,BUILDING SUPPORT,Building Support,Storage/Custodial,1,11,True,516,227
Oakton Elementary School,103A,TLT,17,BUILDING SUPPORT,Building Support,Restroom,,,,,227
Oakton Elementary School,103B,TLT,17,BUILDING SUPPORT,Building Support,Restroom,,,,,227
Oakton Elementary School,105A,STORAGE,4,BUILDING SUPPORT,Building Support,Storage/Custodial,,,,,227
Oakton Elementary School,112A,JC,72,BUILDING SUPPORT,Building Support,Storage/Custodial,,,,,227
Oakton Elementary School,115C,STORAGE,169,BUILDING SUPPORT,Building Support,Storage/Custodial,1,169,True,514,227
Oakton Elementary School,118A,STORAGE,111,BUILDING SUPPORT,Building Support,Storage/Custodial,1,111,True,515,227
Oakton Elementary School,118B,KITCHEN,148,BUILDING SUPPORT,Building Support,Cafeteria/Kitchen,10,148,True,515,227
Oakton Elementary School,118C,TLT,39,BUILDING SUPPORT,Building Support,Restroom,,,,,227
Oakton Elementary School,119,STORAGE,31,BUILDING SUPPORT,Building Support,Storage/Custodial,,319,False,515,227
Oakton Elementary School,119A,STORAGE,124,BUILDING SUPPORT,Building Support,Storage/Custodial,1,124,True,515,227
Oakton Elementary School,119B,TLT,26,BUILDING SUPPORT,Building Support,Restroom,,,,,227
Oakton Elementary School,119C,STORAGE,26,BUILDING SUPPORT,Building Support,Storage/Custodial,1,26,True,515,227
Oakton Elementary School,121,STORAGE,625,BUILDING SUPPORT,Building Support,Storage/Custodial,3,625,True,514,227
Oakton Elementary School,121A,IDF,35,BUILDING SUPPORT,Building Support,Mechanical/Electrical/IT,1,35,True,514,227
Oakton Elementary School,142,STORAGE,27,BUILDING SUPPORT,Building Support,Storage/Custodial,1,27,True,514,227
Oakton Elementary School,150A,STORAGE,53,BUILDING SUPPORT,Building Support,Storage/Custodial,1,53,True,515,227
Oakton Elementary School,153A,STORAGE,24,BUILDING SUPPORT,Building Support,Storage/Custodial,1,24,True,515,227
Oakton Elementary School,155A,STORAGE,30,BUILDING SUPPORT,Building Support,Storage/Custodial,1,30,True,515,227
Oakton Elementary School,156B,TLT,32,BUILDING SUPPORT,Building Support,Restroom,,,,,227
Oakton Elementary School,159A,TLT,57,BUILDING SUPPORT,Building Support,Restroom,,,,,227
Oakton Elementary School,159B,TLT,58,BUILDING SUPPORT,Building Support,Restroom,,,,,227
Oakton Elementary School,201,STORAGE,126,BUILDING SUPPORT,Building Support,Storage/Custodial,1,126,True,519,227
Oakton Elementary School,201A,JC,31,BUILDING SUPPORT,Building Support,Storage/Custodial,1,31,True,517,227
Oakton Elementary School,203H,STORAGE,69,BUILDING SUPPORT,Building Support,Storage/Custodial,1,69,True,519,227
Oakton Elementary School,205A,ART STORAGE,138,BUILDING SUPPORT,Building Support,Art/Music/Performance,1,138,True,518,227
Oakton Elementary School,209,STORAGE,62,BUILDING SUPPORT,Building Support,Storage/Custodial,1,62,True,518,227
Oakton Elementary School,211A,STORAGE,148,BUILDING SUPPORT,Building Support,Storage/Custodial,1,148,True,518,227
Oakton Elementary School,211B,IDF/MDF,134,BUILDING SUPPORT,Building Support,Mechanical/Electrical/IT,1,134,True,518,227
Oakton Elementary School,212,MECH,475,BUILDING SUPPORT,Building Support,Mechanical/Electrical/IT,2,475,True,518,227
Oakton Elementary School,214,JC,72,BUILDING SUPPORT,Building Support,Storage/Custodial,,,,,227
Oakton Elementary School,215,STORAGE,129,BUILDING SUPPORT,Building Support,Storage/Custodial,1,129,True,519,227
Oakton Elementary School,215A,STORAGE,28,BUILDING SUPPORT,Building Support,Storage/Custodial,1,28,True,518,227
Oakton Elementary School,217,STORAGE,155,BUILDING SUPPORT,Building Support,Storage/Custodial,1,155,True,519,227
Oakton Elementary School,217A,TLT,23,BUILDING SUPPORT,Building Support,Restroom,,,,,227
Oakton Elementary School,220,JC,33,BUILDING SUPPORT,Building Support,Storage/Custodial,,,,,227
Oakton Elementary School,302A,JC,76,BUILDING SUPPORT,Building Support,Storage/Custodial,,280,False,520,227
Oakton Elementary School,304A,STORAGE,9,BUILDING SUPPORT,Building Support,Storage/Custodial,,,,,227
Oakton Elementary School,305A,STORAGE,6,BUILDING SUPPORT,Building Support,Storage/Custodial,,,,,227
Oakton Elementary School,309,STORAGE,9,BUILDING SUPPORT,Building Support,Storage/Custodial,,,,,227
Oakton Elementary School,T01,TLT,33,BUILDING SUPPORT,Building Support,Restroom,,,,,227
Oakton Elementary School,T02,TLT,33,BUILDING SUPPORT,Building Support,Restroom,,,,,227
Oakton Elementary School,T03,MEN,170,BUILDING SUPPORT,Building Support,Restroom,,,,,227
Oakton Elementary School,T04,WOMEN,193,BUILDING SUPPORT,Building Support,Restroom,,,,,227
Oakton Elementary School,T05,BOY'S,154,BUILDING SUPPORT,Building Support,Restroom,,,,,227
Oakton Elementary School,T06,GIRL'S,123,BUILDING SUPPORT,Building Support,Restroom,,,,,227
Oakton Elementary School,T07,WOMEN,171,BUILDING SUPPORT,Building Support,Restroom,,,,,227
Oakton Elementary School,T08,MEN,168,BUILDING SUPPORT,Building Support,Restroom,,,,,227
Oakton Elementary School,T10,TLT,32,BUILDING SUPPORT,Building Support,Restroom,,,,,227
Oakton Elementary School,T11,MEN,195,BUILDING SUPPORT,Building Support,Restroom,,,,,227
Oakton Elementary School,T12,WOMEN,178,BUILDING SUPPORT,Building Support,Restroom,,,,,227
Oakton Elementary School,T13,MEN,189,BUILDING SUPPORT,Building Support,Restroom,,,,,227
Oakton Elementary School,T14,WOMEN,169,BUILDING SUPPORT,Building Support,Restroom,,,,,227
Oakton Elementary School,T15,WOMEN,178,BUILDING SUPPORT,Building Support,Restroom,,,,,227
Oakton Elementary School,T16,MEN,166,BUILDING SUPPORT,Building Support,Restroom,,,,,227
Orrington Elementary School,105,OFFICE,141,STAFF/OFFICE,Staff/Office,Office/Admin,2,141,True,532,243
Orrington Elementary School,107,OFFICE,158,STAFF/OFFICE,Staff/Office,Office/Admin,2,158,True,532,243
Orrington Elementary School,109,OFFICE,310,STAFF/OFFICE,Staff/Office,Office/Admin,4,310,True,532,243
Orrington Elementary School,117,OFFICE,130,STAFF/OFFICE,Staff/Office,Office/Admin,2,130,True,532,243
Orrington Elementary School,203,OFFICE,157,STAFF/OFFICE,Staff/Office,Office/Admin,2,157,True,533,243
Orrington Elementary School,203A,OFFICE,98,STAFF/OFFICE,Staff/Office,Office/Admin,1,98,True,533,243
Orrington Elementary School,205,NURSE OFFICE,198,STAFF/OFFICE,Staff/Office,Office/Admin,2,198,True,533,243
Orrington Elementary School,206A,OFFICE,528,STAFF/OFFICE,Staff/Office,Office/Admin,6,528,True,533,243
Orrington Elementary School,212,OFFICE,516,STAFF/OFFICE,Staff/Office,Office/Admin,6,516,True,533,243
Orrington Elementary School,306,OFFICE,267,STAFF/OFFICE,Staff/Office,Office/Admin,3,267,True,534,243
Orrington Elementary School,104,SMALL GROUP RM,392,SMALL GROUP SPACES,Small Group Spaces,Small Group/Intervention,8,392,True,532,243
Orrington Elementary School,309,CLASSROOM,511,SMALL GROUP SPACES,Small Group Spaces,Classroom,26,511,True,534,243
Orrington Elementary School,114,GYM & CAFETERIA,2591,SHARED INSTRUCTIONAL,Shared Instructional Spaces/Specials,Gym/Fitness,173,2591,True,532,243
Orrington Elementary School,115,ART,659,SHARED INSTRUCTIONAL,Shared Instructional Spaces/Specials,Art/Music/Performance,14,659,True,532,243
Orrington Elementary School,202,LIBRARY,1405,SHARED INSTRUCTIONAL,Shared Instructional Spaces/Specials,Library/Media,29,1405,True,533,243
Orrington Elementary School,310,STAGE,858,SHARED INSTRUCTIONAL,Shared Instructional Spaces/Specials,Art/Music/Performance,49,858,True,534,243
Orrington Elementary School,325,AUDITORIUM,2500,SHARED INSTRUCTIONAL,Shared Instructional Spaces/Specials,Art/Music/Performance,200,2500,True,534,243
Orrington Elementary School,325B,BALCONY,1071,SHARED INSTRUCTIONAL,Shared Instructional Spaces/Specials,Outdoor/Other,154,1071,True,535,243
Orrington Elementary School,101,CLASSROOM,794,CORE CURRICULUM,Core Curriculum,Classroom,40,794,True,532,243
Orrington Elementary School,102,CLASSROOM,810,CORE CURRICULUM,Core Curriculum,Classroom,41,810,True,532,243
Orrington Elementary School,106,CLASSROOM / SENSORY RM,988,CORE CURRICULUM,Core Curriculum,Classroom,49,988,True,532,243
Orrington Elementary School,108,CLASSROOM,872,CORE CURRICULUM,Core Curriculum,Classroom,44,872,True,532,243
Orrington Elementary School,113,SENSORY RM,669,CORE CURRICULUM,Core Curriculum,Classroom,14,669,True,532,243
Orrington Elementary School,116,CLASSROOM,718,CORE CURRICULUM,Core Curriculum,Classroom,36,718,True,532,243
Orrington Elementary School,201,CLASSROOM,1092,CORE CURRICULUM,Core Curriculum,Classroom,49,1092,True,533,243
Orrington Elementary School,204,CLASSROOM,697,CORE CURRICULUM,Core Curriculum,Classroom,35,697,True,533,243
Orrington Elementary School,206B,CLASSROOM,902,CORE CURRICULUM,Core Curriculum,Classroom,46,902,True,533,243
Orrington Elementary School,207,CLASSROOM,1085,CORE CURRICULUM,Core Curriculum,Classroom,49,1085,True,533,243
Orrington Elementary School,209,CLASSROOM,807,CORE CURRICULUM,Core Curriculum,Classroom,41,807,True,533,243
Orrington Elementary School,210,CLASSROOM,829,CORE CURRICULUM,Core Curriculum,Classroom,42,829,True,533,243
Orrington Elementary School,301,CLASSROOM,1093,CORE CURRICULUM,Core Curriculum,Classroom,49,1093,True,534,243
Orrington Elementary School,302,CLASSROOM,1114,CORE CURRICULUM,Core Curriculum,Classroom,49,1114,True,534,243
Orrington Elementary School,303,CLASSROOM,1046,CORE CURRICULUM,Core Curriculum,Classroom,49,1046,True,534,243
Orrington Elementary School,304,CLASSROOM,1032,CORE CURRICULUM,Core Curriculum,Classroom,49,1032,True,534,243
Orrington Elementary School,305,CLASSROOM,1101,CORE CURRICULUM,Core Curriculum,Classroom,49,1101,True,534,243
Orrington Elementary School,307,CLASSROOM,1021,CORE CURRICULUM,Core Curriculum,Classroom,49,1021,True,534,243
Orrington Elementary School,308,CLASSROOM,813,CORE CURRICULUM,Core Curriculum,Classroom,41,813,True,534,243
Orrington Elementary School,C01,CORRIDOR,97,CIRCULATION,Circulation,Circulation,,,,,243
Orrington Elementary School,C02,CORRIDOR,79,CIRCULATION,Circulation,Circulation,,,,,243
Orrington Elementary School,C03,CORRIDOR,785,CIRCULATION,Circulation,Circulation,,,,,243
Orrington Elementary School,C04,CORRIDOR,512,CIRCULATION,Circulation,Circulation,,,,,243
Orrington Elementary School,C05,CORRIDOR,759,CIRCULATION,Circulation,Circulation,,,,,243
Orrington Elementary School,C06,CORRIDOR,196,CIRCULATION,Circulation,Circulation,,,,,243
Orrington Elementary School,C07,CORRIDOR,1595,CIRCULATION,Circulation,Circulation,,,,,243
Orrington Elementary School,C08,CORRIDOR,1712,CIRCULATION,Circulation,Circulation,,,,,243
Orrington Elementary School,C09,CORRIDOR,172,CIRCULATION,Circulation,Circulation,,,,,243
Orrington Elementary School,ST1-0,STAIR,159,CIRCULATION,Circulation,Circulation,,,,,243
Orrington Elementary School,ST1-2,STAIR,308,CIRCULATION,Circulation,Circulation,,,,,243
Orrington Elementary School,ST2-0,STAIR,148,CIRCULATION,Circulation,Circulation,,,,,243
Orrington Elementary School,ST2-1,STAIR,277,CIRCULATION,Circulation,Circulation,,,,,243
Orrington Elementary School,ST2-2,STAIR,173,CIRCULATION,Circulation,Circulation,,,,,243
Orrington Elementary School,ST3-0,STAIR,569,CIRCULATION,Circulation,Circulation,,,,,243
Orrington Elementary School,ST3-1,STAIR,451,CIRCULATION,Circulation,Circulation,,,,,243
Orrington Elementary School,ST4-1,STAIR,261,CIRCULATION,Circulation,Circulation,,,,,243
Orrington Elementary School,ST-7,STAIR,296,CIRCULATION,Circulation,Circulation,,,,,243
Orrington Elementary School,101A,STORAGE,201,BUILDING SUPPORT,Building Support,Storage/Custodial,1,201,True,532,243
Orrington Elementary School,102A,STORAGE,52,BUILDING SUPPORT,Building Support,Storage/Custodial,1,52,True,532,243
Orrington Elementary School,104A,BOILER ROOM,464,BUILDING SUPPORT,Building Support,Mechanical/Electrical/IT,2,464,True,532,243
Orrington Elementary School,104B,ELECTRICAL,5,BUILDING SUPPORT,Building Support,Mechanical/Electrical/IT,,,,,243
Orrington Elementary School,104C,MECH / STOR / ELEC,589,BUILDING SUPPORT,Building Support,Mechanical/Electrical/IT,2,589,True,532,243
Orrington Elementary School,106,TLT,75,BUILDING SUPPORT,Building Support,Restroom,,75,True,532,243
Orrington Elementary School,107A,STORAGE,92,BUILDING SUPPORT,Building Support,Storage/Custodial,1,92,True,532,243
Orrington Elementary School,111,STORAGE,242,BUILDING SUPPORT,Building Support,Storage/Custodial,1,242,True,532,243
Orrington Elementary School,112,STOR.,145,BUILDING SUPPORT,Building Support,Storage/Custodial,1,145,True,532,243
Orrington Elementary School,112A,STORAGE,44,BUILDING SUPPORT,Building Support,Storage/Custodial,,,,,243
Orrington Elementary School,115,KITCHEN / PREP,163,BUILDING SUPPORT,Building Support,Cafeteria/Kitchen,11,163,True,532,243
Orrington Elementary School,115,KITCHEN/PREP,113,BUILDING SUPPORT,Building Support,Cafeteria/Kitchen,,659,False,532,243
Orrington Elementary School,117A,STORAGE,100,BUILDING SUPPORT,Building Support,Storage/Custodial,1,100,True,532,243
Orrington Elementary School,117B,STORAGE,14,BUILDING SUPPORT,Building Support,Storage/Custodial,1,14,True,532,243
Orrington Elementary School,120,JANITOR CLOSET,18,BUILDING SUPPORT,Building Support,Storage/Custodial,1,18,True,532,243
Orrington Elementary School,121,STORAGE,18,BUILDING SUPPORT,Building Support,Storage/Custodial,1,18,True,532,243
Orrington Elementary School,202A,TLT,28,BUILDING SUPPORT,Building Support,Restroom,,28,True,533,243
Orrington Elementary School,202B,STORAGE,224,BUILDING SUPPORT,Building Support,Storage/Custodial,,,,,243
Orrington Elementary School,206,COPY,213,BUILDING SUPPORT,Building Support,Office/Admin,1,213,True,533,243
Orrington Elementary School,208,STORAGE,107,BUILDING SUPPORT,Building Support,Storage/Custodial,1,107,True,533,243
Orrington Elementary School,208A,ELEC,134,BUILDING SUPPORT,Building Support,Mechanical/Electrical/IT,1,134,True,533,243
Orrington Elementary School,306B,KITCHEN,74,BUILDING SUPPORT,Building Support,Cafeteria/Kitchen,5,74,True,534,243
Orrington Elementary School,307A,STORAGE,104,BUILDING SUPPORT,Building Support,Storage/Custodial,1,104,True,534,243
Orrington Elementary School,325C,MEZZANINE,142,BUILDING SUPPORT,Building Support,Outdoor/Other,,,,,243
Orrington Elementary School,T01,GIRLS TOILET,228,BUILDING SUPPORT,Building Support,Restroom,,228,True,532,243
Orrington Elementary School,T02,BOYS TOILET,86,BUILDING SUPPORT,Building Support,Restroom,,86,True,532,243
Orrington Elementary School,T03,TLT,59,BUILDING SUPPORT,Building Support,Restroom,,59,True,532,243
Orrington Elementary School,T04,TLT,59,BUILDING SUPPORT,Building Support,Restroom,,59,True,532,243
Orrington Elementary School,T05,TLT,21,BUILDING SUPPORT,Building Support,Restroom,,21,True,532,243
Orrington Elementary School,T07,GIRLS,195,BUILDING SUPPORT,Building Support,Restroom,,195,True,533,243
Orrington Elementary School,T08,BOYS,244,BUILDING SUPPORT,Building Support,Restroom,,244,True,533,243
Orrington Elementary School,T08A,JC CLOSET,6,BUILDING SUPPORT,Building Support,Storage/Custodial,,,,,243
Orrington Elementary School,T09,WOMEN,203,BUILDING SUPPORT,Building Support,Restroom,,203,True,534,243
Orrington Elementary School,T10,MEN,181,BUILDING SUPPORT,Building Support,Restroom,,181,True,534,243
Park School,1,OFFICE,285,STAFF/OFFICE,Staff/Office,Office/Admin,3,285,True,545,261
Park School,1B,OFFICE,211,STAFF/OFFICE,Staff/Office,Office/Admin,3,211,True,545,261
Park School,2,NURSE OFFICE,263,STAFF/OFFICE,Staff/Office,Office/Admin,3,263,True,545,261
Park School,3,OFFICE,108,STAFF/OFFICE,Staff/Office,Office/Admin,2,108,True,545,261
Park School,4,OFFICE,106,STAFF/OFFICE,Staff/Office,Office/Admin,2,106,True,545,261
Park School,5,OFFICE,138,STAFF/OFFICE,Staff/Office,Office/Admin,2,138,True,545,261
Park School,6,OFFICE,141,STAFF/OFFICE,Staff/Office,Office/Admin,2,141,True,545,261
Park School,7,OFFICE,204,STAFF/OFFICE,Staff/Office,Office/Admin,2,204,True,545,261
Park School,9A,OFFICE,81,STAFF/OFFICE,Staff/Office,Office/Admin,1,81,True,545,261
Park School,9B,OFFICE,86,STAFF/OFFICE,Staff/Office,Office/Admin,1,86,True,545,261
Park School,21,OFFICE/STORAGE,130,STAFF/OFFICE,Staff/Office,Office/Admin,2,130,True,546,261
Park School,24A,OFFICE,225,STAFF/OFFICE,Staff/Office,Office/Admin,3,225,True,546,261
Park School,25,TEACHERS LOUNGE,675,STAFF/OFFICE,Staff/Office,Office/Admin,45,675,True,546,261
Park School,26,ALS,441,SMALL GROUP SPACES,Small Group Spaces,Other,23,441,True,546,261
Park School,21,GYM,3418,SHARE INSTRUCTIONAL,Shared Instructional Spaces/Specials,Gym/Fitness,228,3418,True,546,261
Park School,30C,QUIET ROOM,70,SHARE INSTRUCTIONAL,Shared Instructional Spaces/Specials,Other,2,70,True,546,261
Park School,8,CLASSROOM,818,CORE CURRICULUM,Core Curriculum,Classroom,41,818,True,545,261
Park School,9,CLASSROOM,1191,CORE CURRICULUM,Core Curriculum,Classroom,60,1191,True,545,261
Park School,10,CLASSROOM,998,CORE CURRICULUM,Core Curriculum,Classroom,49,998,True,545,261
Park School,11,CLASSROOM,1004,CORE CURRICULUM,Core Curriculum,Classroom,49,1004,True,545,261
Park School,12,CLASSROOM,965,CORE CURRICULUM,Core Curriculum,Classroom,49,965,True,545,261
Park School,13,CLASSROOM,947,CORE CURRICULUM,Core Curriculum,Classroom,48,947,True,545,261
Park School,20,CLASSROOM,991,CORE CURRICULUM,Core Curriculum,Classroom,49,991,True,546,261
Park School,22,CLASSROOM,1016,CORE CURRICULUM,Core Curriculum,Classroom,49,1016,True,546,261
Park School,23,CLASSROOM,951,CORE CURRICULUM,Core Curriculum,Classroom,48,951,True,546,261
Park School,24,CLASSROOM,903,CORE CURRICULUM,Core Curriculum,Classroom,19,903,True,546,261
Park School,27,CLASSROOM,958,CORE CURRICULUM,Core Curriculum,Classroom,48,958,True,546,261
Park School,28,CLASSROOM,967,CORE CURRICULUM,Core Curriculum,Classroom,49,967,True,546,261
Park School,29,CLASSROOM,958,CORE CURRICULUM,Core Curriculum,Classroom,48,958,True,546,261
Park School,C01,CORRIDOR,1448,CIRCULATION,Circulation,Circulation,,,,,261
Park School,C02,CORRIDOR,1584,CIRCULATION,Circulation,Circulation,,,,,261
Park School,C03,CORRIDOR,1223,CIRCULATION,Circulation,Circulation,,,,,261
Park School,C04,CORRIDOR,943,CIRCULATION,Circulation,Circulation,,,,,261
Park School,C05,CORRIDOR,571,CIRCULATION,Circulation,Circulation,,,,,261
Park School,C06,CORRIDOR,124,CIRCULATION,Circulation,Circulation,,,,,261
Park School,S1-1,STAIR,163,CIRCULATION,Circulation,Circulation,,,,,261
Park School,S1-2,STAIR,239,CIRCULATION,Circulation,Circulation,,,,,261
Park School,S2-1,STAIR,151,CIRCULATION,Circulation,Circulation,,,,,261
Park School,S2-2,STAIR,237,CIRCULATION,Circulation,Circulation,,,,,261
Park School,S3-1,STAIR,104,CIRCULATION,Circulation,Circulation,,,,,261
Park School,S3-2,STAIR,266,CIRCULATION,Circulation,Circulation,,,,,261
Park School,V01,VESTIBULE,190,CIRCULATION,Circulation,Circulation,,,,,261
Park School,V02,VESTIBULE,59,CIRCULATION,Circulation,Circulation,,,,,261
Park School,V03,VESTIBULE,231,CIRCULATION,Circulation,Circulation,,,,,261
Park School,1A,STORAGE,70,BUILDING SUPPORT,Building Support,Storage/Custodial,1,70,True,545,261
Park School,7A,STORAGE,21,BUILDING SUPPORT,Building Support,Storage/Custodial,1,21,True,545,261
Park School,8A,TLT,19,BUILDING SUPPORT,Building Support,Restroom,,19,True,545,261
Park School,9C,JANITOR OFFICE,79,BUILDING SUPPORT,Building Support,Office/Admin,1,79,True,545,261
Park School,9D,STORAGE,14,BUILDING SUPPORT,Building Support,Storage/Custodial,1,14,True,545,261
Park School,10A,STORAGE,230,BUILDING SUPPORT,Building Support,Storage/Custodial,1,230,True,545,261
Park School,10A,TLT,39,BUILDING SUPPORT,Building Support,Restroom,,39,True,545,261
Park School,11A,TLT,38,BUILDING SUPPORT,Building Support,Restroom,,38,True,545,261
Park School,12A,TLT,39,BUILDING SUPPORT,Building Support,Restroom,,39,True,545,261
Park School,12B,TLT,33,BUILDING SUPPORT,Building Support,Restroom,,33,True,545,261
Park School,13A,TLT,29,BUILDING SUPPORT,Building Support,Restroom,,29,True,545,261
Park School,13B,STORAGE,55,BUILDING SUPPORT,Building Support,Storage/Custodial,1,55,True,545,261
Park School,14,ELEVATOR CLOSET,88,BUILDING SUPPORT,Building Support,Circulation,1,88,True,545,261
Park School,15,STO/IDF,120,BUILDING SUPPORT,Building Support,Mechanical/Electrical/IT,1,120,True,545,261
Park School,20A,FOOD SERVICE,143,BUILDING SUPPORT,Building Support,Cafeteria/Kitchen,10,143,True,546,261
Park School,20B,TLT,45,BUILDING SUPPORT,Building Support,Restroom,,45,True,546,261
Park School,20C,DRESSING ROOM,59,BUILDING SUPPORT,Building Support,Other,1,59,True,546,261
Park School,21A,STORAGE,140,BUILDING SUPPORT,Building Support,Storage/Custodial,1,140,True,546,261
Park School,21B,STORAGE,160,BUILDING SUPPORT,Building Support,Storage/Custodial,1,160,True,546,261
Park School,24B,KATIE'S CORNER,471,BUILDING SUPPORT,Building Support,Other,10,471,True,546,261
Park School,25A,STORAGE,139,BUILDING SUPPORT,Building Support,Storage/Custodial,,,,,261
Park School,30A,STORAGE,25,BUILDING SUPPORT,Building Support,Storage/Custodial,1,25,True,546,261
Park School,30B,STORAGE,68,BUILDING SUPPORT,Building Support,Storage/Custodial,1,68,True,546,261
Park School,E-1,ELEVATOR,58,BUILDING SUPPORT,Building Support,Circulation,,,,,261
Park School,E-2,ELEVATOR,56,BUILDING SUPPORT,Building Support,Circulation,,,,,261
Park School,G0,BOILER ROOM,1315,BUILDING SUPPORT,Building Support,Mechanical/Electrical/IT,5,1315,True,545,261
Park School,G0B,OUTDOOR STORAGE,79,BUILDING SUPPORT,Building Support,Storage/Custodial,1,79,True,545,261
Park School,T01,TLT,135,BUILDING SUPPORT,Building Support,Restroom,,135,True,545,261
Park School,T02,TLT,133,BUILDING SUPPORT,Building Support,Restroom,,133,True,545,261
Park School,T03,TLT,41,BUILDING SUPPORT,Building Support,Restroom,,41,True,545,261
Park School,T04,TLT,28,BUILDING SUPPORT,Building Support,Restroom,,28,True,545,261
Park School,T05,TLT,28,BUILDING SUPPORT,Building Support,Restroom,,28,True,545,261
Park School,T06,TLT,175,BUILDING SUPPORT,Building Support,Restroom,,175,True,546,261
Park School,T07,TLT,174,BUILDING SUPPORT,Building Support,Restroom,,174,True,546,261
Walker Elementary School,103A,OFFICE,178,STAFF/OFFICE,Staff/Office,Office/Admin,2,178,True,555,279
Walker Elementary School,108A,OFFICE,235,STAFF/OFFICE,Staff/Office,Office/Admin,3,235,True,555,279
Walker Elementary School,109,CONFERENCE ROOM,294,STAFF/OFFICE,Staff/Office,Office/Admin,20,294,True,555,279
Walker Elementary School,110,HEALTH OFFICE,213,STAFF/OFFICE,Staff/Office,Office/Admin,3,213,True,555,279
Walker Elementary School,111,OFFICE,189,STAFF/OFFICE,Staff/Office,Office/Admin,2,189,True,555,279
Walker Elementary School,112,OFFICE,226,STAFF/OFFICE,Staff/Office,Office/Admin,3,226,True,555,279
Walker Elementary School,118,STAFF LOUNGE,436,STAFF/OFFICE,Staff/Office,Office/Admin,30,436,True,555,279
Walker Elementary School,119A,OFFICE,70,STAFF/OFFICE,Staff/Office,Office/Admin,1,70,True,555,279
Walker Elementary School,203A,OFFICE,88,STAFF/OFFICE,Staff/Office,Office/Admin,1,88,True,556,279
Walker Elementary School,204A,OFFICE,123,STAFF/OFFICE,Staff/Office,Office/Admin,2,123,True,556,279
Walker Elementary School,212,OFFICE,188,STAFF/OFFICE,Staff/Office,Office/Admin,2,188,True,556,279
Walker Elementary School,213,OFFICE,189,STAFF/OFFICE,Staff/Office,Office/Admin,2,189,True,556,279
Walker Elementary School,214,OFFICE,384,STAFF/OFFICE,Staff/Office,Office/Admin,4,384,True,556,279
Walker Elementary School,216,OFFICE,107,STAFF/OFFICE,Staff/Office,Office/Admin,2,107,True,556,279
Walker Elementary School,114,AUDITORIUM,3253,SHARED INSTRUCTIONAL,Shared Instructional Spaces/Specials,Art/Music/Performance,348,3253,True,555,279
Walker Elementary School,114A,STAGE,990,SHARED INSTRUCTIONAL,Shared Instructional Spaces/Specials,Art/Music/Performance,66,990,True,555,279
Walker Elementary School,116,ART,644,SHARED INSTRUCTIONAL,Shared Instructional Spaces/Specials,Art/Music/Performance,13,644,True,555,279
Walker Elementary School,119,GYM,3818,SHARED INSTRUCTIONAL,Shared Instructional Spaces/Specials,Gym/Fitness,255,3818,True,555,279
Walker Elementary School,120,CAFETERIA,1575,SHARED INSTRUCTIONAL,Shared Instructional Spaces/Specials,Cafeteria/Kitchen,105,1575,True,555,279
Walker Elementary School,211,LIBRARY,1539,SHARED INSTRUCTIONAL,Shared Instructional Spaces/Specials,Library/Media,31,1539,True,556,279
Walker Elementary School,101,CLASSROOM,1019,CORE CURRICULUM,Core Curriculum,Classroom,49,1019,True,555,279
Walker Elementary School,102,CLASSROOM,1022,CORE CURRICULUM,Core Curriculum,Classroom,49,1022,True,555,279
Walker Elementary School,103,CLASSROOM,1012,CORE CURRICULUM,Core Curriculum,Classroom,49,1012,True,555,279
Walker Elementary School,104,CLASSROOM,997,CORE CURRICULUM,Core Curriculum,Classroom,49,997,True,555,279
Walker Elementary School,105,CLASSROOM,990,CORE CURRICULUM,Core Curriculum,Classroom,49,990,True,555,279
Walker Elementary School,106,CLASSROOM,991,CORE CURRICULUM,Core Curriculum,Classroom,49,991,True,555,279
Walker Elementary School,107,CLASSROOM,1063,CORE CURRICULUM,Core Curriculum,Classroom,49,1063,True,555,279
Walker Elementary School,113,CLASSROOM,900,CORE CURRICULUM,Core Curriculum,Classroom,46,900,True,555,279
Walker Elementary School,113B,CLASSROOM,656,CORE CURRICULUM,Core Curriculum,Classroom,33,656,True,555,279
Walker Elementary School,201,CLASSROOM,1054,CORE CURRICULUM,Core Curriculum,Classroom,49,1054,True,556,279
Walker Elementary School,202,CLASSROOM,1052,CORE CURRICULUM,Core Curriculum,Classroom,49,1052,True,556,279
Walker Elementary School,203,CLASSROOM,1047,CORE CURRICULUM,Core Curriculum,Classroom,49,1047,True,556,279
Walker Elementary School,204,CLASSROOM,1049,CORE CURRICULUM,Core Curriculum,Classroom,49,1049,True,556,279
Walker Elementary School,205,CLASSROOM,978,CORE CURRICULUM,Core Curriculum,Classroom,49,978,True,556,279
Walker Elementary School,206,CLASSROOM,979,CORE CURRICULUM,Core Curriculum,Classroom,49,979,True,556,279
Walker Elementary School,207,CLASSROOM,978,CORE CURRICULUM,Core Curriculum,Classroom,49,978,True,556,279
Walker Elementary School,208,CLASSROOM,978,CORE CURRICULUM,Core Curriculum,Classroom,49,978,True,556,280
Walker Elementary School,209,CLASSROOM,978,CORE CURRICULUM,Core Curriculum,Classroom,49,978,True,556,280
Walker Elementary School,210,CLASSROOM,978,CORE CURRICULUM,Core Curriculum,Classroom,49,978,True,556,280
Walker Elementary School,C01,CORRIDOR,1651,CIRCULATION,Circulation,Circulation,,,,,280
Walker Elementary School,C02,CORRIDOR,2545,CIRCULATION,Circulation,Circulation,,,,,280
Walker Elementary School,C03,CORRIDOR,2345,CIRCULATION,Circulation,Circulation,,,,,280
Walker Elementary School,C04,CORRIDOR,3070,CIRCULATION,Circulation,Circulation,,,,,280
Walker Elementary School,S1-1,STAIR,172,CIRCULATION,Circulation,Circulation,,,,,280
Walker Elementary School,S1-2,STAIR,275,CIRCULATION,Circulation,Circulation,,,,,280
Walker Elementary School,S2-1,STAIR,248,CIRCULATION,Circulation,Circulation,,,,,280
Walker Elementary School,S2-2,STAIR,246,CIRCULATION,Circulation,Circulation,,,,,280
Walker Elementary School,V01,VESTIBULE,234,CIRCULATION,Circulation,Circulation,,234,True,555,280
Walker Elementary School,V02,VESTIBULE,87,CIRCULATION,Circulation,Circulation,,,,,280
Walker Elementary School,100,JC,70,BUILDING SUPPORT,Building Support,Storage/Custodial,1,70,True,555,280
Walker Elementary School,101A,TLT,28,BUILDING SUPPORT,Building Support,Restroom,,28,True,555,280
Walker Elementary School,102A,TLT,27,BUILDING SUPPORT,Building Support,Restroom,,27,True,555,280
Walker Elementary School,103B,TLT,24,BUILDING SUPPORT,Building Support,Restroom,,24,True,555,280
Walker Elementary School,104A,STORAGE,29,BUILDING SUPPORT,Building Support,Storage/Custodial,1,29,True,555,280
Walker Elementary School,108,WAITING,160,BUILDING SUPPORT,Building Support,Other,2,160,True,555,280
Walker Elementary School,110A,TLT,17,BUILDING SUPPORT,Building Support,Restroom,,17,True,555,280
Walker Elementary School,113A,TLT,28,BUILDING SUPPORT,Building Support,Restroom,,28,True,555,280
Walker Elementary School,113C,STORAGE,33,BUILDING SUPPORT,Building Support,Storage/Custodial,,,,,280
Walker Elementary School,115,BOILER ROOM,1074,BUILDING SUPPORT,Building Support,Mechanical/Electrical/IT,4,1074,True,555,280
Walker Elementary School,116A,ART STORAGE,89,BUILDING SUPPORT,Building Support,Art/Music/Performance,1,89,True,555,280
Walker Elementary School,117,STORAGE,127,BUILDING SUPPORT,Building Support,Storage/Custodial,1,127,True,555,280
Walker Elementary School,119B,STORAGE,150,BUILDING SUPPORT,Building Support,Storage/Custodial,1,150,True,555,280
Walker Elementary School,119C,KITCHEN,123,BUILDING SUPPORT,Building Support,Cafeteria/Kitchen,9,123,True,555,280
Walker Elementary School,119D,OUTDOOR STORAGE,132,BUILDING SUPPORT,Building Support,Storage/Custodial,1,132,True,555,280
Walker Elementary School,121,FOOD SERVICE,161,BUILDING SUPPORT,Building Support,Cafeteria/Kitchen,11,161,True,555,280
Walker Elementary School,200,JC,69,BUILDING SUPPORT,Building Support,Storage/Custodial,1,69,True,556,280
Walker Elementary School,212A,STORAGE,38,BUILDING SUPPORT,Building Support,Storage/Custodial,1,38,True,556,280
Walker Elementary School,215,MDF,189,BUILDING SUPPORT,Building Support,Mechanical/Electrical/IT,1,189,True,556,280
Walker Elementary School,216A,TLT,33,BUILDING SUPPORT,Building Support,Restroom,,33,True,556,280
Walker Elementary School,T01,MEN,199,BUILDING SUPPORT,Building Support,Restroom,,199,True,555,280
Walker Elementary School,T02,WOMEN,197,BUILDING SUPPORT,Building Support,Restroom,,197,True,555,280
Walker Elementary School,T03,TLT,44,BUILDING SUPPORT,Building Support,Restroom,,44,True,555,280
Walker Elementary School,T04,TLT,44,BUILDING SUPPORT,Building Support,Restroom,,44,True,555,280
Walker Elementary School,T05,MEN,199,BUILDING SUPPORT,Building Support,Restroom,,199,True,556,280
Walker Elementary School,T06,WOMEN,197,BUILDING SUPPORT,Building Support,Restroom,,197,True,556,280
Washington Elementary School,9,LOUNGE,433,STAFF/OFFICE,Staff/Office,Office/Admin,29,433,True,566,296
Washington Elementary School,10,OFFICE,202,STAFF/OFFICE,Staff/Office,Office/Admin,3,202,True,566,296
Washington Elementary School,14,CUSTODIAN OFFICE,152,STAFF/OFFICE,Staff/Office,Office/Admin,2,152,True,565,296
Washington Elementary School,17,OFFICE,281,STAFF/OFFICE,Staff/Office,Office/Admin,3,281,True,566,296
Washington Elementary School,17A,OFFICE,231,STAFF/OFFICE,Staff/Office,Office/Admin,3,231,True,566,296
Washington Elementary School,18,OFFICE,172,STAFF/OFFICE,Staff/Office,Office/Admin,2,172,True,566,296
Washington Elementary School,18A,OFFICE,290,STAFF/OFFICE,Staff/Office,Office/Admin,3,290,True,566,296
Washington Elementary School,19,OFFICE,267,STAFF/OFFICE,Staff/Office,Office/Admin,3,267,True,566,296
Washington Elementary School,20,OFFICE,298,STAFF/OFFICE,Staff/Office,Office/Admin,3,298,True,566,296
Washington Elementary School,21,OFFICE,362,STAFF/OFFICE,Staff/Office,Office/Admin,4,362,True,566,296
Washington Elementary School,23A,OFFICE,250,STAFF/OFFICE,Staff/Office,Office/Admin,3,250,True,566,296
Washington Elementary School,35,OFFICE,314,STAFF/OFFICE,Staff/Office,Office/Admin,4,314,True,567,296
Washington Elementary School,36,OFFICE,203,STAFF/OFFICE,Staff/Office,Office/Admin,3,203,True,567,296
Washington Elementary School,37,OFFICE,163,STAFF/OFFICE,Staff/Office,Office/Admin,2,163,True,567,296
Washington Elementary School,38A,OFFICE,101,STAFF/OFFICE,Staff/Office,Office/Admin,2,101,True,567,296
Washington Elementary School,39,OFFICE,284,STAFF/OFFICE,Staff/Office,Office/Admin,3,284,True,567,296
Washington Elementary School,39A,OFFICE,194,STAFF/OFFICE,Staff/Office,Office/Admin,2,194,True,567,296
Washington Elementary School,42,OFFICE,178,STAFF/OFFICE,Staff/Office,Office/Admin,1,178,True,567,296
Washington Elementary School,43,OFFICE,185,STAFF/OFFICE,Staff/Office,Office/Admin,1,185,True,567,296
Washington Elementary School,44,OFFICE,170,STAFF/OFFICE,Staff/Office,Office/Admin,2,170,True,567,296
Washington Elementary School,45,OFFICE,108,STAFF/OFFICE,Staff/Office,Office/Admin,2,108,True,567,296
Washington Elementary School,46A,OFFICE,86,STAFF/OFFICE,Staff/Office,Office/Admin,1,86,True,567,296
Washington Elementary School,47,OFFICE,78,STAFF/OFFICE,Staff/Office,Office/Admin,1,78,True,567,296
Washington Elementary School,12,CLASSROOM,464,SMALL GROUP SPACES,Small Group Spaces,Classroom,24,464,True,565,296
Washington Elementary School,22,CLASSROOM,309,SMALL GROUP SPACES,Small Group Spaces,Classroom,7,309,True,566,296
Washington Elementary School,48,CLASSROOM,252,SMALL GROUP SPACES,Small Group Spaces,Classroom,12,252,True,567,296
Washington Elementary School,49,CLASSROOM,165,SMALL GROUP SPACES,Small Group Spaces,Classroom,9,165,True,567,296
Washington Elementary School,11,WEST CAFETERIA,965,SHARED INSTRUCTIONAL,Shared Instructional Spaces/Specials,Cafeteria/Kitchen,65,965,True,565,296
Washington Elementary School,15,EAST CAFETERIA,914,SHARED INSTRUCTIONAL,Shared Instructional Spaces/Specials,Cafeteria/Kitchen,61,914,True,565,296
Washington Elementary School,23,GYM,4314,SHARED INSTRUCTIONAL,Shared Instructional Spaces/Specials,Gym/Fitness,289,4314,True,566,296
Washington Elementary School,24,AUDITORIUM,3469,SHARED INSTRUCTIONAL,Shared Instructional Spaces/Specials,Art/Music/Performance,318,3469,True,566,296
Washington Elementary School,25,LIBRARY,1993,SHARED INSTRUCTIONAL,Shared Instructional Spaces/Specials,Library/Media,40,1993,True,566,296
Washington Elementary School,39,CAFETERIA,1396,SHARED INSTRUCTIONAL,Shared Instructional Spaces/Specials,Cafeteria/Kitchen,94,1396,True,567,296
Washington Elementary School,2,CLASSROOM,1006,CORE CURRICULUM,Core Curriculum,Classroom,49,1006,True,566,296
Washington Elementary School,3,CLASSROOM,959,CORE CURRICULUM,Core Curriculum,Classroom,49,959,True,566,296
Washington Elementary School,4,CLASSROOM,1068,CORE CURRICULUM,Core Curriculum,Classroom,49,1068,True,566,296
Washington Elementary School,5,CLASSROOM,2154,CORE CURRICULUM,Core Curriculum,Classroom,49,2154,True,566,296
Washington Elementary School,6,CLASSROOM,1092,CORE CURRICULUM,Core Curriculum,Classroom,49,1092,True,566,296
Washington Elementary School,7,CLASSROOM,980,CORE CURRICULUM,Core Curriculum,Classroom,49,980,True,566,296
Washington Elementary School,8,CLASSROOM,1033,CORE CURRICULUM,Core Curriculum,Classroom,49,1033,True,566,296
Washington Elementary School,26,CLASSROOM,905,CORE CURRICULUM,Core Curriculum,Classroom,46,905,True,566,296
Washington Elementary School,27,CLASSROOM,918,CORE CURRICULUM,Core Curriculum,Classroom,47,918,True,566,296
Washington Elementary School,28,CLASSROOM,920,CORE CURRICULUM,Core Curriculum,Classroom,47,920,True,566,296
Washington Elementary School,29,CLASSROOM,917,CORE CURRICULUM,Core Curriculum,Classroom,47,917,True,566,296
Washington Elementary School,30,CLASSROOM,908,CORE CURRICULUM,Core Curriculum,Classroom,46,908,True,566,296
Washington Elementary School,31,CLASSROOM,734,CORE CURRICULUM,Core Curriculum,Classroom,37,734,True,567,296
Washington Elementary School,32,CLASSROOM,789,CORE CURRICULUM,Core Curriculum,Classroom,40,789,True,567,296
Washington Elementary School,33,CLASSROOM,931,CORE CURRICULUM,Core Curriculum,Classroom,47,931,True,567,296
Washington Elementary School,34,CLASSROOM,743,CORE CURRICULUM,Core Curriculum,Classroom,38,743,True,567,296
Washington Elementary School,38,CLASSROOM,990,CORE CURRICULUM,Core Curriculum,Classroom,49,990,True,567,296
Washington Elementary School,41,CLASSROOM,646,CORE CURRICULUM,Core Curriculum,Classroom,32,646,True,567,296
Washington Elementary School,46,CLASSROOM,956,CORE CURRICULUM,Core Curriculum,Classroom,49,956,True,567,296
Washington Elementary School,101,CLASSROOM,966,CORE CURRICULUM,Core Curriculum,Classroom,49,966,True,565,296
Washington Elementary School,102,CLASSROOM,959,CORE CURRICULUM,Core Curriculum,Classroom,48,959,True,565,296
Washington Elementary School,103,CLASSROOM,981,CORE CURRICULUM,Core Curriculum,Classroom,49,981,True,565,296
Washington Elementary School,104,CLASSROOM,962,CORE CURRICULUM,Core Curriculum,Classroom,49,962,True,565,296
Washington Elementary School,201,CLASSROOM,968,CORE CURRICULUM,Core Curriculum,Classroom,49,968,True,565,296
Washington Elementary School,202,CLASSROOM,959,CORE CURRICULUM,Core Curriculum,Classroom,48,959,True,565,296
Washington Elementary School,203,CLASSROOM,980,CORE CURRICULUM,Core Curriculum,Classroom,49,980,True,565,296
Washington Elementary School,204,CLASSROOM,963,CORE CURRICULUM,Core Curriculum,Classroom,49,963,True,565,296
Washington Elementary School,22B,ATTIC ACCESS,60,CIRCULATION,Circulation,Storage/Custodial,,,,,296
Washington Elementary School,23C,CORR,82,CIRCULATION,Circulation,Circulation,,,,,296
Washington Elementary School,C01,CORR,1573,CIRCULATION,Circulation,Circulation,,,,,296
Washington Elementary School,C02,CORR,2400,CIRCULATION,Circulation,Circulation,,,,,296
Washington Elementary School,C02,CORR,672,CIRCULATION,Circulation,Circulation,,,,,296
Washington Elementary School,C03,CORR,1574,CIRCULATION,Circulation,Circulation,,,,,296
Washington Elementary School,C04,CORR,2333,CIRCULATION,Circulation,Circulation,,,,,296
Washington Elementary School,C05,CORR,1454,CIRCULATION,Circulation,Circulation,,,,,296
Washington Elementary School,C05,CORR,1543,CIRCULATION,Circulation,Circulation,,,,,296
Washington Elementary School,C06,CORR,828,CIRCULATION,Circulation,Circulation,,,,,297
Washington Elementary School,C06,CORR,176,CIRCULATION,Circulation,Circulation,,,,,297
Washington Elementary School,C07,CORR,532,CIRCULATION,Circulation,Circulation,,,,,297
Washington Elementary School,ST1-1,STAIR,242,CIRCULATION,Circulation,Circulation,,,,,297
Washington Elementary School,ST1-2,STAIR,273,CIRCULATION,Circulation,Circulation,,,,,297
Washington Elementary School,ST1-3,STAIR,283,CIRCULATION,Circulation,Circulation,,,,,297
Washington Elementary School,ST2-2,STAIR,98,CIRCULATION,Circulation,Circulation,,,,,297
Washington Elementary School,ST2-3,STAIR,686,CIRCULATION,Circulation,Circulation,,,,,297
Washington Elementary School,V01,VEST,153,CIRCULATION,Circulation,Circulation,,,,,297
Washington Elementary School,V02,VEST,114,CIRCULATION,Circulation,Circulation,,,,,297
Washington Elementary School,01,JC,19,BUILDING SUPPORT,Building Support,Storage/Custodial,,,,,297
Washington Elementary School,3A,TLT,27,BUILDING SUPPORT,Building Support,Restroom,,27,True,566,297
Washington Elementary School,4A,TLT,27,BUILDING SUPPORT,Building Support,Restroom,,27,True,566,297
Washington Elementary School,5A,JC,38,BUILDING SUPPORT,Building Support,Storage/Custodial,1,39,True,566,297
Washington Elementary School,5A,TLT,39,BUILDING SUPPORT,Building Support,Restroom,1,39,True,566,297
Washington Elementary School,5B,TLT,39,BUILDING SUPPORT,Building Support,Restroom,,39,True,566,297
Washington Elementary School,6A,TLT,27,BUILDING SUPPORT,Building Support,Restroom,,27,True,566,297
Washington Elementary School,7A,TLT,28,BUILDING SUPPORT,Building Support,Restroom,,28,True,566,297
Washington Elementary School,11A,STORAGE,48,BUILDING SUPPORT,Building Support,Storage/Custodial,1,48,True,565,297
Washington Elementary School,11B,STORAGE,105,BUILDING SUPPORT,Building Support,Storage/Custodial,1,105,True,565,297
Washington Elementary School,12A,TLT,110,BUILDING SUPPORT,Building Support,Restroom,,110,True,565,297
Washington Elementary School,12B,TLT,136,BUILDING SUPPORT,Building Support,Restroom,,136,True,565,297
Washington Elementary School,12C,STORAGE,24,BUILDING SUPPORT,Building Support,Storage/Custodial,,,,,297
Washington Elementary School,12D,STORAGE,28,BUILDING SUPPORT,Building Support,Storage/Custodial,1,28,True,565,297
Washington Elementary School,13,STORAGE,162,BUILDING SUPPORT,Building Support,Storage/Custodial,1,162,True,565,297
Washington Elementary School,13A,STORAGE,126,BUILDING SUPPORT,Building Support,Storage/Custodial,1,126,True,565,297
Washington Elementary School,15A,STORAGE,75,BUILDING SUPPORT,Building Support,Storage/Custodial,1,75,True,565,297
Washington Elementary School,15B,STORAGE,60,BUILDING SUPPORT,Building Support,Storage/Custodial,1,60,True,565,297
Washington Elementary School,15C,TLT,37,BUILDING SUPPORT,Building Support,Restroom,,37,True,565,297
Washington Elementary School,16,BOILER,1033,BUILDING SUPPORT,Building Support,Mechanical/Electrical/IT,4,1033,True,565,297
Washington Elementary School,16A,STORAGE,77,BUILDING SUPPORT,Building Support,Storage/Custodial,1,77,True,565,297
Washington Elementary School,16B,STORAGE,42,BUILDING SUPPORT,Building Support,Storage/Custodial,1,42,True,565,297
Washington Elementary School,16C,EXTERIOR STORAGE,110,BUILDING SUPPORT,Building Support,Storage/Custodial,1,110,True,565,297
Washington Elementary School,17B,TLT,12,BUILDING SUPPORT,Building Support,Restroom,,12,True,566,297
Washington Elementary School,18B,TLT,24,BUILDING SUPPORT,Building Support,Restroom,,24,True,566,297
Washington Elementary School,22A,STORAGE,129,BUILDING SUPPORT,Building Support,Storage/Custodial,1,129,True,566,297
Washington Elementary School,23B,KITCHEN,124,BUILDING SUPPORT,Building Support,Cafeteria/Kitchen,9,124,True,566,297
Washington Elementary School,23D,TLT,54,BUILDING SUPPORT,Building Support,Restroom,,54,True,566,297
Washington Elementary School,24A,STAGE,648,BUILDING SUPPORT,Building Support,Art/Music/Performance,65,648,True,566,297
Washington Elementary School,26A,STORAGE,95,BUILDING SUPPORT,Building Support,Storage/Custodial,1,95,True,566,297
Washington Elementary School,26B,JC,9,BUILDING SUPPORT,Building Support,Storage/Custodial,,9,True,566,297
Washington Elementary School,30A,STORAGE,90,BUILDING SUPPORT,Building Support,Storage/Custodial,1,90,True,566,297
Washington Elementary School,30B,JC,9,BUILDING SUPPORT,Building Support,Storage/Custodial,,9,True,566,297
Washington Elementary School,36A,STORAGE,69,BUILDING SUPPORT,Building Support,Storage/Custodial,1,69,True,567,297
Washington Elementary School,36B,STORAGE,16,BUILDING SUPPORT,Building Support,Storage/Custodial,1,16,True,567,297
Washington Elementary School,37A,STORAGE,16,BUILDING SUPPORT,Building Support,Storage/Custodial,1,16,True,567,297
Washington Elementary School,38B,TLT,112,BUILDING SUPPORT,Building Support,Restroom,,112,True,567,297
Washington Elementary School,40,FAN ROOM,1038,BUILDING SUPPORT,Building Support,Mechanical/Electrical/IT,4,1038,True,567,297
Washington Elementary School,41A,STORAGE,36,BUILDING SUPPORT,Building Support,Storage/Custodial,1,36,True,567,297
Washington Elementary School,101A,STORAGE,43,BUILDING SUPPORT,Building Support,Storage/Custodial,1,43,True,565,297
Washington Elementary School,101B,STORAGE,50,BUILDING SUPPORT,Building Support,Storage/Custodial,1,50,True,565,297
Washington Elementary School,102A,STORAGE,29,BUILDING SUPPORT,Building Support,Storage/Custodial,1,29,True,565,297
Washington Elementary School,103B,STORAGE,36,BUILDING SUPPORT,Building Support,Storage/Custodial,1,36,True,565,297
Washington Elementary School,104 B,STORAGE,51,BUILDING SUPPORT,Building Support,Storage/Custodial,,,,,297
Washington Elementary School,104A,JC,43,BUILDING SUPPORT,Building Support,Storage/Custodial,1,43,True,565,297
Washington Elementary School,201A,STORAGE,50,BUILDING SUPPORT,Building Support,Storage/Custodial,1,50,True,565,297
Washington Elementary School,201B,ATTIC ACCESS,30,BUILDING SUPPORT,Building Support,Storage/Custodial,1,30,True,565,297
Washington Elementary School,202A,STORAGE,32,BUILDING SUPPORT,Building Support,Storage/Custodial,,,,,297
Washington Elementary School,203A,STORAGE,34,BUILDING SUPPORT,Building Support,Storage/Custodial,,,,,297
Washington Elementary School,204A,STORAGE,51,BUILDING SUPPORT,Building Support,Storage/Custodial,1,51,True,565,297
Washington Elementary School,204B,JC,43,BUILDING SUPPORT,Building Support,Storage/Custodial,1,43,True,565,297
Washington Elementary School,S01,STORAGE,50,BUILDING SUPPORT,Building Support,Storage/Custodial,1,50,True,"565, 566",297
Washington Elementary School,S10,STORAGE,515,BUILDING SUPPORT,Building Support,Storage/Custodial,,,,,297
Washington Elementary School,S10A,STORAGE,245,BUILDING SUPPORT,Building Support,Storage/Custodial,,,,,297
Washington Elementary School,T01,TLT,99,BUILDING SUPPORT,Building Support,Restroom,,99,True,566,297
Washington Elementary School,T02,TLT,98,BUILDING SUPPORT,Building Support,Restroom,,98,True,566,297
Washington Elementary School,T06,TLT,21,BUILDING SUPPORT,Building Support,Restroom,,21,True,566,297
Washington Elementary School,T08,TLT,131,BUILDING SUPPORT,Building Support,Restroom,,131,True,566,297
Washington Elementary School,T09,TLT,129,BUILDING SUPPORT,Building Support,Restroom,,129,True,566,297
Washington Elementary School,T10,TLT,170,BUILDING SUPPORT,Building Support,Restroom,,170,True,565,297
Washington Elementary School,T11,TLT,168,BUILDING SUPPORT,Building Support,Restroom,,168,True,565,297
Washington Elementary School,T12,TLT,170,BUILDING SUPPORT,Building Support,Restroom,,170,True,565,297
Washington Elementary School,T13,TLT,169,BUILDING SUPPORT,Building Support,Restroom,,169,True,565,297
Washington Elementary School,T14,WOMENS,98,BUILDING SUPPORT,Building Support,Restroom,,98,True,567,297
Washington Elementary School,T15,MENS,82,BUILDING SUPPORT,Building Support,Restroom,,82,True,567,297
Washington Elementary School,T16,TLT,64,BUILDING SUPPORT,Building Support,Restroom,,64,True,567,297
Washington Elementary School,T17,TLT,28,BUILDING SUPPORT,Building Support,Restroom,,28,True,567,297
Washington Elementary School,T18,TLT,28,BUILDING SUPPORT,Building Support,Restroom,,28,True,567,297
Washington Elementary School,T19,TLT,25,BUILDING SUPPORT,Building Support,Restroom,,25,True,567,297
Washington Elementary School,T20,TLT,25,BUILDING SUPPORT,Building Support,Restroom,,25,True,567,297
Washington Elementary School,T21,TLT,25,BUILDING SUPPORT,Building Support,Restroom,,25,True,"566, 567",297
Washington Elementary School,T22,TLT,25,BUILDING SUPPORT,Building Support,Restroom,,25,True,567,297
Washington Elementary School,T23,TLT,29,BUILDING SUPPORT,Building Support,Restroom,,29,True,567,297
Washington Elementary School,T24,TLT,29,BUILDING SUPPORT,Building Support,Restroom,,29,True,567,297
Washington Elementary School,T25,TLT,79,BUILDING SUPPORT,Building Support,Restroom,,79,True,567,297
Willard Elementary School,105,LOUNGE,800,STAFF/OFFICE,Staff/Office,Office/Admin,40,800,True,579,315
Willard Elementary School,111,OFFICE,190,STAFF/OFFICE,Staff/Office,Office/Admin,2,190,True,579,315
Willard Elementary School,153,MAIN OFFICE,320,STAFF/OFFICE,Staff/Office,Office/Admin,4,320,True,579,315
Willard Elementary School,153A,PRINCIPAL,235,STAFF/OFFICE,Staff/Office,Office/Admin,3,235,True,579,315
Willard Elementary School,153B,ASSISTANT,187,STAFF/OFFICE,Staff/Office,Other,2,187,True,579,315
Willard Elementary School,153C,STAFF WORK ROOM,271,STAFF/OFFICE,Staff/Office,Office/Admin,3,271,True,579,315
Willard Elementary School,153E,NURSE,243,STAFF/OFFICE,Staff/Office,Office/Admin,3,243,True,579,315
Willard Elementary School,210B,MEETING,294,STAFF/OFFICE,Staff/Office,Other,15,294,True,580,315
Willard Elementary School,214,OFFICE,153,STAFF/OFFICE,Staff/Office,Office/Admin,,,,,315
Willard Elementary School,B-2B,CUSTODIAL OFFICE,355,STAFF/OFFICE,Staff/Office,Office/Admin,4,355,True,578,315
Willard Elementary School,B-6,PHYS. ED. OFFICE,282,STAFF/OFFICE,Staff/Office,Office/Admin,3,282,True,578,315
Willard Elementary School,102A,ASC,560,SMALL GROUP SPACES,Small Group Spaces,Other,12,560,True,579,315
Willard Elementary School,103,SMALL GROUP,272,SMALL GROUP SPACES,Small Group Spaces,Small Group/Intervention,6,272,True,579,315
Willard Elementary School,202,SENSORY,287,SMALL GROUP SPACES,Small Group Spaces,Classroom,6,287,True,580,315
Willard Elementary School,B-4B,CLASSROOM,256,SMALL GROUP SPACES,Small Group Spaces,Classroom,13,256,True,578,315
Willard Elementary School,102,LIBRARY,934,SHARED INSTRUCTION,Shared Instructional Spaces/Specials,Library/Media,19,934,True,579,315
Willard Elementary School,154,CAFETERIA,2644,SHARED INSTRUCTION,Shared Instructional Spaces/Specials,Cafeteria/Kitchen,179,2644,True,579,315
Willard Elementary School,212,AUDITORIUM,2470,SHARED INSTRUCTION,Shared Instructional Spaces/Specials,Art/Music/Performance,310,2470,True,580,315
Willard Elementary School,212B,STAGE,468,SHARED INSTRUCTION,Shared Instructional Spaces/Specials,Art/Music/Performance,32,468,True,580,315
Willard Elementary School,B09,GYM,3017,SHARED INSTRUCTION,Shared Instructional Spaces/Specials,Gym/Fitness,202,3017,True,578,315
Willard Elementary School,B-1,ART,608,SHARED INSTRUCTION,Shared Instructional Spaces/Specials,Art/Music/Performance,13,608,True,578,315
Willard Elementary School,B-12,MUSIC,753,SHARED INSTRUCTION,Shared Instructional Spaces/Specials,Art/Music/Performance,38,753,True,578,315
Willard Elementary School,104,CLASSROOM,803,CORE CURICULUM,Core Curriculum,Classroom,41,803,True,579,315
Willard Elementary School,106,CLASSROOM,800,CORE CURICULUM,Core Curriculum,Classroom,42,800,True,579,315
Willard Elementary School,107,CLASSROOM,711,CORE CURICULUM,Core Curriculum,Classroom,36,711,True,579,315
Willard Elementary School,108,CLASSROOM,682,CORE CURICULUM,Core Curriculum,Classroom,35,682,True,579,315
Willard Elementary School,109,CLASSROOM,751,CORE CURICULUM,Core Curriculum,Classroom,38,751,True,579,315
Willard Elementary School,110,CLASSROOM,755,CORE CURICULUM,Core Curriculum,Classroom,38,755,True,579,315
Willard Elementary School,112,CLASSROOM,930,CORE CURICULUM,Core Curriculum,Classroom,47,930,True,579,315
Willard Elementary School,114,CLASSROOM,924,CORE CURICULUM,Core Curriculum,Classroom,47,924,True,579,315
Willard Elementary School,150,CLASSROOM,904,CORE CURICULUM,Core Curriculum,Classroom,46,904,True,579,315
Willard Elementary School,152,CLASSROOM,927,CORE CURICULUM,Core Curriculum,Classroom,47,927,True,579,315
Willard Elementary School,201,CLASSROOM,791,CORE CURICULUM,Core Curriculum,Classroom,40,791,True,580,315
Willard Elementary School,203,CLASSROOM,791,CORE CURICULUM,Core Curriculum,Classroom,40,791,True,580,315
Willard Elementary School,204,CLASSROOM,784,CORE CURICULUM,Core Curriculum,Classroom,40,784,True,580,315
Willard Elementary School,205,CLASSROOM,767,CORE CURICULUM,Core Curriculum,Classroom,39,767,True,580,315
Willard Elementary School,206,CLASSROOM,712,CORE CURICULUM,Core Curriculum,Classroom,36,712,True,580,315
Willard Elementary School,207,CLASSROOM,692,CORE CURICULUM,Core Curriculum,Classroom,35,692,True,580,315
Willard Elementary School,208,CLASSROOM,756,CORE CURICULUM,Core Curriculum,Classroom,39,756,True,580,315
Willard Elementary School,209,CLASSROOM,730,CORE CURICULUM,Core Curriculum,Classroom,38,730,True,580,315
Willard Elementary School,210,CLASSROOM,855,CORE CURICULUM,Core Curriculum,Classroom,43,855,True,580,315
Willard Elementary School,215,CLASSROOM,889,CORE CURICULUM,Core Curriculum,Classroom,45,889,True,580,315
Willard Elementary School,B-4,CLASSROOM,912,CORE CURICULUM,Core Curriculum,Classroom,47,912,True,578,315
Willard Elementary School,B-5,CLASSROOM,979,CORE CURICULUM,Core Curriculum,Classroom,49,979,True,578,315
Willard Elementary School,B-7,CLASSROOM,803,CORE CURICULUM,Core Curriculum,Classroom,41,803,True,578,315
Willard Elementary School,151,VESTIBULE,255,CIRCULATION,Circulation,Circulation,,255,True,579,315
Willard Elementary School,C01,CORRIDOR,1827,CIRCULATION,Circulation,Circulation,,,,,315
Willard Elementary School,C02,CORRIDOR,1855,CIRCULATION,Circulation,Circulation,,,,,315
Willard Elementary School,C03,CORRIDOR,973,CIRCULATION,Circulation,Circulation,,,,,315
Willard Elementary School,C04,CORRIDOR,398,CIRCULATION,Circulation,Circulation,,,,,315
Willard Elementary School,C04,CORRIDOR,552,CIRCULATION,Circulation,Circulation,,,,,315
Willard Elementary School,C05,CORRIDOR,376,CIRCULATION,Circulation,Circulation,,,,,315
Willard Elementary School,C06,CORRIDOR,621,CIRCULATION,Circulation,Circulation,,,,,315
Willard Elementary School,C07,CORRIDOR,1748,CIRCULATION,Circulation,Circulation,,,,,315
Willard Elementary School,S1-1,STAIR,340,CIRCULATION,Circulation,Circulation,,,,,315
Willard Elementary School,S1-2,STAIR,281,CIRCULATION,Circulation,Circulation,,,,,315
Willard Elementary School,S1-B,STAIR,91,CIRCULATION,Circulation,Circulation,,,,,315
Willard Elementary School,S2-1,STAIR,269,CIRCULATION,Circulation,Circulation,,,,,315
Willard Elementary School,S2-2,STAIR,287,CIRCULATION,Circulation,Circulation,,,,,315
Willard Elementary School,S2-B,STAIR,93,CIRCULATION,Circulation,Circulation,,,,,315
Willard Elementary School,S3-1,STAIR,266,CIRCULATION,Circulation,Circulation,,,,,315
Willard Elementary School,S3-2,STAIR,266,CIRCULATION,Circulation,Circulation,,,,,315
Willard Elementary School,S4,STAIR,46,CIRCULATION,Circulation,Circulation,,,,,315
Willard Elementary School,103A,TLT,42,BUILDING SUPPORT,Building Support,Restroom,,42,True,579,315
Willard Elementary School,103B,STORAGE,5,BUILDING SUPPORT,Building Support,Storage/Custodial,,,,,315
Willard Elementary School,106A,MECH,17,BUILDING SUPPORT,Building Support,Mechanical/Electrical/IT,1,17,True,579,315
Willard Elementary School,111A,STOR,45,BUILDING SUPPORT,Building Support,Storage/Custodial,1,45,True,579,315
Willard Elementary School,124A,STORAGE,28,BUILDING SUPPORT,Building Support,Storage/Custodial,1,28,True,579,315
Willard Elementary School,153D,STORAGE,96,BUILDING SUPPORT,Building Support,Storage/Custodial,1,96,True,579,315
Willard Elementary School,153G,TLT,45,BUILDING SUPPORT,Building Support,Restroom,,45,True,579,315
Willard Elementary School,153H,STORAGE,34,BUILDING SUPPORT,Building Support,Storage/Custodial,1,34,True,579,315
Willard Elementary School,153I,STORAGE,15,BUILDING SUPPORT,Building Support,Storage/Custodial,,,,,315
Willard Elementary School,154A,STORAGE,333,BUILDING SUPPORT,Building Support,Storage/Custodial,2,333,True,579,315
Willard Elementary School,154B,STORAGE,88,BUILDING SUPPORT,Building Support,Storage/Custodial,1,88,True,579,315
Willard Elementary School,154C,MECHANICAL,40,BUILDING SUPPORT,Building Support,Mechanical/Electrical/IT,1,40,True,579,315
Willard Elementary School,155,TLT,46,BUILDING SUPPORT,Building Support,Restroom,,46,True,579,315
Willard Elementary School,156,KITCHEN,369,BUILDING SUPPORT,Building Support,Cafeteria/Kitchen,25,369,True,579,315
Willard Elementary School,202B,KITCHENETTE,63,BUILDING SUPPORT,Building Support,Cafeteria/Kitchen,,,,,315
Willard Elementary School,203A,STORAGE,17,BUILDING SUPPORT,Building Support,Storage/Custodial,1,17,True,580,315
Willard Elementary School,205A,STORAGE,18,BUILDING SUPPORT,Building Support,Storage/Custodial,,,,,315
Willard Elementary School,213,STORAGE,14,BUILDING SUPPORT,Building Support,Storage/Custodial,,14,True,580,315
Willard Elementary School,B01A,STORAGE,162,BUILDING SUPPORT,Building Support,Storage/Custodial,1,162,True,578,315
Willard Elementary School,B04A,STORAGE,36,BUILDING SUPPORT,Building Support,Storage/Custodial,1,36,True,578,315
Willard Elementary School,B08,STORAGE,145,BUILDING SUPPORT,Building Support,Storage/Custodial,1,145,True,578,315
Willard Elementary School,B10A,MECH,81,BUILDING SUPPORT,Building Support,Mechanical/Electrical/IT,1,81,True,578,315
Willard Elementary School,B-2A,MECHANICAL ROOM,642,BUILDING SUPPORT,Building Support,Mechanical/Electrical/IT,3,642,True,578,315
Willard Elementary School,B-2C,BOILER ROOM,592,BUILDING SUPPORT,Building Support,Mechanical/Electrical/IT,2,592,True,578,315
Willard Elementary School,B-3,PTA BOOKSTORE,220,BUILDING SUPPORT,Building Support,Library/Media,1,220,True,578,315
Willard Elementary School,E-1,ELEVATOR,50,BUILDING SUPPORT,Building Support,Circulation,,,,,315
Willard Elementary School,E-2,ELEVATOR,50,BUILDING SUPPORT,Building Support,Circulation,,,,,315
Willard Elementary School,EL-B,ELEVATOR,50,BUILDING SUPPORT,Building Support,Circulation,,,,,315
Willard Elementary School,T01,TLT,27,BUILDING SUPPORT,Building Support,Restroom,,27,True,578,315
Willard Elementary School,T02,TLT,30,BUILDING SUPPORT,Building Support,Restroom,,30,True,578,315
Willard Elementary School,T03,MEN TLT,166,BUILDING SUPPORT,Building Support,Restroom,,166,True,578,315
Willard Elementary School,T04,WOMEN TLT,148,BUILDING SUPPORT,Building Support,Restroom,,148,True,578,315
Willard Elementary School,T05,WOMENS,130,BUILDING SUPPORT,Building Support,Restroom,,130,True,579,315
Willard Elementary School,T06,MENS,187,BUILDING SUPPORT,Building Support,Restroom,,,,,315
Willard Elementary School,T07,TLT,28,BUILDING SUPPORT,Building Support,Restroom,,28,True,580,315
Willard Elementary School,T08,WOMEN,156,BUILDING SUPPORT,Building Support,Restroom,,156,True,580,315
Willard Elementary School,T09,MEN,186,BUILDING SUPPORT,Building Support,Restroom,,186,True,580,315
Willard Elementary School,T115,TLT,68,BUILDING SUPPORT,Building Support,Restroom,1,68,True,579,315
Willard Elementary School,T157,WOMEN,154,BUILDING SUPPORT,Building Support,Restroom,,154,True,579,315
Willard Elementary School,T158,MEN,150,BUILDING SUPPORT,Building Support,Restroom,,150,True,579,315
