dataset,scope,page,test_type,chart_id,chart_title,series,category,value
students,District,home,,home-iep,IEP Status,,Has IEP,943
students,District,home,,home-iep,IEP Status,,No IEP,4472
students,District,home,,home-lep,EL Status,,EL,761
students,District,home,,home-lep,EL Status,,Not EL,4654
students,District,home,,home-race,Race/Ethnicity,,Asian,235
students,District,home,,home-race,Race/Ethnicity,,Black or African American,1223
students,District,home,,home-race,Race/Ethnicity,,Hispanic or Latino,1131
students,District,home,,home-race,Race/Ethnicity,,Middle Eastern or North African,18
students,District,home,,home-race,Race/Ethnicity,,Multi-racial,591
students,District,home,,home-race,Race/Ethnicity,,White,2208
students,District,home,,home-race,Race/Ethnicity,,Other*,6
students,District,home,,home-incidents,Incidents - SY27,,LVL1,769
students,District,home,,home-incidents,Incidents - SY27,,LVL2,381
students,District,home,,home-incidents,Incidents - SY27,,LVL3,268
students,District,home,,home-incidents,Incidents - SY27,,LVL4,10
students,District,home,,home-grade,Grade Level,,0,530
students,District,home,,home-grade,Grade Level,,1,559
students,District,home,,home-grade,Grade Level,,2,540
students,District,home,,home-grade,Grade Level,,3,603
students,District,home,,home-grade,Grade Level,,4,613
students,District,home,,home-grade,Grade Level,,5,639
students,District,home,,home-grade,Grade Level,,6,601
students,District,home,,home-grade,Grade Level,,7,652
students,District,home,,home-grade,Grade Level,,8,678
students,District,home,,home-twi,TWI Status,,TWE,290
students,District,home,,home-twi,TWI Status,,TWS,236
students,District,home,,home-twi,TWI Status,,TWX,157
students,District,home,,home-ada,ADA,,value,95.56
students,District,home,,home-enrollment,Enrollment,,value,5415
students,District,attendance,,students-count-att,summary counts,,Students,5415
students,District,attendance,,students-count-att,summary counts,,IEP,943
students,District,attendance,,students-count-att,summary counts,,EL,761
students,District,attendance,,att-ada,ADA,,value,95.56
students,District,attendance,,att-cron-abs,Chronic Absenteeism (%),,value,13.31
students,District,attendance,,att-distribution,"Attendance Rate Distribution (counts, 10-pt bins)",,0-9,13
students,District,attendance,,att-distribution,"Attendance Rate Distribution (counts, 10-pt bins)",,10-19,1
students,District,attendance,,att-distribution,"Attendance Rate Distribution (counts, 10-pt bins)",,20-29,3
students,District,attendance,,att-distribution,"Attendance Rate Distribution (counts, 10-pt bins)",,30-39,7
students,District,attendance,,att-distribution,"Attendance Rate Distribution (counts, 10-pt bins)",,40-49,15
students,District,attendance,,att-distribution,"Attendance Rate Distribution (counts, 10-pt bins)",,50-59,16
students,District,attendance,,att-distribution,"Attendance Rate Distribution (counts, 10-pt bins)",,60-69,35
students,District,attendance,,att-distribution,"Attendance Rate Distribution (counts, 10-pt bins)",,70-79,93
students,District,attendance,,att-distribution,"Attendance Rate Distribution (counts, 10-pt bins)",,80-89,520
students,District,attendance,,att-distribution,"Attendance Rate Distribution (counts, 10-pt bins)",,90-99,1880
students,District,attendance,,att-distribution,"Attendance Rate Distribution (counts, 10-pt bins)",,100+,2832
students,District,discipline,,students-count-discipline,summary counts,,Incidents,1428
students,District,discipline,,students-count-discipline,summary counts,,Students,611
students,District,discipline,,students-count-discipline,summary counts,,Minor Incidents,1150
students,District,discipline,,students-count-discipline,summary counts,,Major Incidents,278
students,District,discipline,,school,Incidents by School,,Chute Middle School,293
students,District,discipline,,school,Incidents by School,,Dawes Elementary School,87
students,District,discipline,,school,Incidents by School,,Dewey Elementary School,33
students,District,discipline,,school,Incidents by School,,Dr Martin Luther King Jr Literary & Fine Arts School,121
students,District,discipline,,school,Incidents by School,,Foster School,65
students,District,discipline,,school,Incidents by School,,Haven Middle School,255
students,District,discipline,,school,Incidents by School,,Lincoln Elementary School,199
students,District,discipline,,school,Incidents by School,,Lincolnwood Elementary School,6
students,District,discipline,,school,Incidents by School,,Nichols Middle School,93
students,District,discipline,,school,Incidents by School,,Oakton Elementary School,76
students,District,discipline,,school,Incidents by School,,Orrington Elementary School,15
students,District,discipline,,school,Incidents by School,,Walker Elementary School,31
students,District,discipline,,school,Incidents by School,,Washington Elementary School,56
students,District,discipline,,school,Incidents by School,,Willard Elementary School,98
students,District,discipline,,lvl,Incident Types,,LVL1,769
students,District,discipline,,lvl,Incident Types,,LVL2,381
students,District,discipline,,lvl,Incident Types,,LVL3,268
students,District,discipline,,lvl,Incident Types,,LVL4,10
students,District,discipline,,months,Incidents by Month,,August,151
students,District,discipline,,months,Incidents by Month,,September,1277
students,District,discipline,,race,Incidents by Race/Ethnicity,,American Indian or Alaska Native,8
students,District,discipline,,race,Incidents by Race/Ethnicity,,Asian,27
students,District,discipline,,race,Incidents by Race/Ethnicity,,Black or African American,676
students,District,discipline,,race,Incidents by Race/Ethnicity,,Hispanic or Latino,234
students,District,discipline,,race,Incidents by Race/Ethnicity,,Middle Eastern or North African,1
students,District,discipline,,race,Incidents by Race/Ethnicity,,Multi-racial,140
students,District,discipline,,race,Incidents by Race/Ethnicity,,Native Hawaiian / Other Pac Islander,1
students,District,discipline,,race,Incidents by Race/Ethnicity,,White,341
students,District,discipline,,grade,Incidents by Grade,,0,248
students,District,discipline,,grade,Incidents by Grade,,1,159
students,District,discipline,,grade,Incidents by Grade,,2,95
students,District,discipline,,grade,Incidents by Grade,,3,70
students,District,discipline,,grade,Incidents by Grade,,4,79
students,District,discipline,,grade,Incidents by Grade,,5,82
students,District,discipline,,grade,Incidents by Grade,,6,227
students,District,discipline,,grade,Incidents by Grade,,7,214
students,District,discipline,,grade,Incidents by Grade,,8,254
students,District,assessments,STAR Reading,students-count-ast,summary counts,,Students,3715
students,District,assessments,STAR Reading,ast-graph-1,STAR Reading Benchmark Category (Fall SY27),Urgent Intervention,Urgent Intervention,267
students,District,assessments,STAR Reading,ast-graph-1,STAR Reading Benchmark Category (Fall SY27),Intervention,Intervention,338
students,District,assessments,STAR Reading,ast-graph-1,STAR Reading Benchmark Category (Fall SY27),Approaching Benchmark,Approaching Benchmark,1112
students,District,assessments,STAR Reading,ast-graph-1,STAR Reading Benchmark Category (Fall SY27),At Benchmark,At Benchmark,1668
students,District,assessments,STAR Reading,ast-graph-1,STAR Reading Benchmark Category (Fall SY27),Above Benchmark,Above Benchmark,330
students,District,assessments,STAR Reading,ast-graph-2,"STAR Reading Percentile Rank Distribution (Fall SY27) (counts, 10-pt bins)",,0-9,240
students,District,assessments,STAR Reading,ast-graph-2,"STAR Reading Percentile Rank Distribution (Fall SY27) (counts, 10-pt bins)",,10-19,236
students,District,assessments,STAR Reading,ast-graph-2,"STAR Reading Percentile Rank Distribution (Fall SY27) (counts, 10-pt bins)",,20-29,241
students,District,assessments,STAR Reading,ast-graph-2,"STAR Reading Percentile Rank Distribution (Fall SY27) (counts, 10-pt bins)",,30-39,224
students,District,assessments,STAR Reading,ast-graph-2,"STAR Reading Percentile Rank Distribution (Fall SY27) (counts, 10-pt bins)",,40-49,282
students,District,assessments,STAR Reading,ast-graph-2,"STAR Reading Percentile Rank Distribution (Fall SY27) (counts, 10-pt bins)",,50-59,290
students,District,assessments,STAR Reading,ast-graph-2,"STAR Reading Percentile Rank Distribution (Fall SY27) (counts, 10-pt bins)",,60-69,288
students,District,assessments,STAR Reading,ast-graph-2,"STAR Reading Percentile Rank Distribution (Fall SY27) (counts, 10-pt bins)",,70-79,425
students,District,assessments,STAR Reading,ast-graph-2,"STAR Reading Percentile Rank Distribution (Fall SY27) (counts, 10-pt bins)",,80-89,530
students,District,assessments,STAR Reading,ast-graph-2,"STAR Reading Percentile Rank Distribution (Fall SY27) (counts, 10-pt bins)",,90-99,959
students,District,assessments,STAR Reading,ast-graph-3,"STAR Reading Student Growth Percentile(s) (Fall SY27) (counts, 10-pt bins)",Fall to Fall,0-9,241
students,District,assessments,STAR Reading,ast-graph-3,"STAR Reading Student Growth Percentile(s) (Fall SY27) (counts, 10-pt bins)",Fall to Fall,10-19,272
students,District,assessments,STAR Reading,ast-graph-3,"STAR Reading Student Growth Percentile(s) (Fall SY27) (counts, 10-pt bins)",Fall to Fall,20-29,261
students,District,assessments,STAR Reading,ast-graph-3,"STAR Reading Student Growth Percentile(s) (Fall SY27) (counts, 10-pt bins)",Fall to Fall,30-39,266
students,District,assessments,STAR Reading,ast-graph-3,"STAR Reading Student Growth Percentile(s) (Fall SY27) (counts, 10-pt bins)",Fall to Fall,40-49,315
students,District,assessments,STAR Reading,ast-graph-3,"STAR Reading Student Growth Percentile(s) (Fall SY27) (counts, 10-pt bins)",Fall to Fall,50-59,319
students,District,assessments,STAR Reading,ast-graph-3,"STAR Reading Student Growth Percentile(s) (Fall SY27) (counts, 10-pt bins)",Fall to Fall,60-69,353
students,District,assessments,STAR Reading,ast-graph-3,"STAR Reading Student Growth Percentile(s) (Fall SY27) (counts, 10-pt bins)",Fall to Fall,70-79,383
students,District,assessments,STAR Reading,ast-graph-3,"STAR Reading Student Growth Percentile(s) (Fall SY27) (counts, 10-pt bins)",Fall to Fall,80-89,416
students,District,assessments,STAR Reading,ast-graph-3,"STAR Reading Student Growth Percentile(s) (Fall SY27) (counts, 10-pt bins)",Fall to Fall,90-99,625
students,District,assessments,STAR Reading,ast-graph-3,"STAR Reading Student Growth Percentile(s) (Fall SY27) (counts, 10-pt bins)",Spring to Fall,0-9,329
students,District,assessments,STAR Reading,ast-graph-3,"STAR Reading Student Growth Percentile(s) (Fall SY27) (counts, 10-pt bins)",Spring to Fall,10-19,310
students,District,assessments,STAR Reading,ast-graph-3,"STAR Reading Student Growth Percentile(s) (Fall SY27) (counts, 10-pt bins)",Spring to Fall,20-29,302
students,District,assessments,STAR Reading,ast-graph-3,"STAR Reading Student Growth Percentile(s) (Fall SY27) (counts, 10-pt bins)",Spring to Fall,30-39,303
students,District,assessments,STAR Reading,ast-graph-3,"STAR Reading Student Growth Percentile(s) (Fall SY27) (counts, 10-pt bins)",Spring to Fall,40-49,317
students,District,assessments,STAR Reading,ast-graph-3,"STAR Reading Student Growth Percentile(s) (Fall SY27) (counts, 10-pt bins)",Spring to Fall,50-59,325
students,District,assessments,STAR Reading,ast-graph-3,"STAR Reading Student Growth Percentile(s) (Fall SY27) (counts, 10-pt bins)",Spring to Fall,60-69,326
students,District,assessments,STAR Reading,ast-graph-3,"STAR Reading Student Growth Percentile(s) (Fall SY27) (counts, 10-pt bins)",Spring to Fall,70-79,353
students,District,assessments,STAR Reading,ast-graph-3,"STAR Reading Student Growth Percentile(s) (Fall SY27) (counts, 10-pt bins)",Spring to Fall,80-89,387
students,District,assessments,STAR Reading,ast-graph-3,"STAR Reading Student Growth Percentile(s) (Fall SY27) (counts, 10-pt bins)",Spring to Fall,90-99,542
students,District,assessments,STAR Early Literacy,students-count-ast,summary counts,,Students,1583
students,District,assessments,STAR Early Literacy,ast-graph-1,STAR Early Literacy Benchmark Category (Fall SY27),Urgent Intervention,Urgent Intervention,101
students,District,assessments,STAR Early Literacy,ast-graph-1,STAR Early Literacy Benchmark Category (Fall SY27),Intervention,Intervention,153
students,District,assessments,STAR Early Literacy,ast-graph-1,STAR Early Literacy Benchmark Category (Fall SY27),Approaching Benchmark,Approaching Benchmark,561
students,District,assessments,STAR Early Literacy,ast-graph-1,STAR Early Literacy Benchmark Category (Fall SY27),At Benchmark,At Benchmark,671
students,District,assessments,STAR Early Literacy,ast-graph-1,STAR Early Literacy Benchmark Category (Fall SY27),Above Benchmark,Above Benchmark,97
students,District,assessments,STAR Early Literacy,ast-graph-2,"STAR Early Literacy Percentile Rank Distribution (Fall SY27) (counts, 10-pt bins)",,0-9,95
students,District,assessments,STAR Early Literacy,ast-graph-2,"STAR Early Literacy Percentile Rank Distribution (Fall SY27) (counts, 10-pt bins)",,10-19,88
students,District,assessments,STAR Early Literacy,ast-graph-2,"STAR Early Literacy Percentile Rank Distribution (Fall SY27) (counts, 10-pt bins)",,20-29,128
students,District,assessments,STAR Early Literacy,ast-graph-2,"STAR Early Literacy Percentile Rank Distribution (Fall SY27) (counts, 10-pt bins)",,30-39,112
students,District,assessments,STAR Early Literacy,ast-graph-2,"STAR Early Literacy Percentile Rank Distribution (Fall SY27) (counts, 10-pt bins)",,40-49,124
students,District,assessments,STAR Early Literacy,ast-graph-2,"STAR Early Literacy Percentile Rank Distribution (Fall SY27) (counts, 10-pt bins)",,50-59,158
students,District,assessments,STAR Early Literacy,ast-graph-2,"STAR Early Literacy Percentile Rank Distribution (Fall SY27) (counts, 10-pt bins)",,60-69,177
students,District,assessments,STAR Early Literacy,ast-graph-2,"STAR Early Literacy Percentile Rank Distribution (Fall SY27) (counts, 10-pt bins)",,70-79,191
students,District,assessments,STAR Early Literacy,ast-graph-2,"STAR Early Literacy Percentile Rank Distribution (Fall SY27) (counts, 10-pt bins)",,80-89,206
students,District,assessments,STAR Early Literacy,ast-graph-2,"STAR Early Literacy Percentile Rank Distribution (Fall SY27) (counts, 10-pt bins)",,90-99,304
students,District,assessments,STAR Early Literacy,ast-graph-3,"STAR Early Literacy Student Growth Percentile(s) (Fall SY27) (counts, 10-pt bins)",Fall to Fall,0-9,38
students,District,assessments,STAR Early Literacy,ast-graph-3,"STAR Early Literacy Student Growth Percentile(s) (Fall SY27) (counts, 10-pt bins)",Fall to Fall,10-19,54
students,District,assessments,STAR Early Literacy,ast-graph-3,"STAR Early Literacy Student Growth Percentile(s) (Fall SY27) (counts, 10-pt bins)",Fall to Fall,20-29,61
students,District,assessments,STAR Early Literacy,ast-graph-3,"STAR Early Literacy Student Growth Percentile(s) (Fall SY27) (counts, 10-pt bins)",Fall to Fall,30-39,58
students,District,assessments,STAR Early Literacy,ast-graph-3,"STAR Early Literacy Student Growth Percentile(s) (Fall SY27) (counts, 10-pt bins)",Fall to Fall,40-49,63
students,District,assessments,STAR Early Literacy,ast-graph-3,"STAR Early Literacy Student Growth Percentile(s) (Fall SY27) (counts, 10-pt bins)",Fall to Fall,50-59,87
students,District,assessments,STAR Early Literacy,ast-graph-3,"STAR Early Literacy Student Growth Percentile(s) (Fall SY27) (counts, 10-pt bins)",Fall to Fall,60-69,104
students,District,assessments,STAR Early Literacy,ast-graph-3,"STAR Early Literacy Student Growth Percentile(s) (Fall SY27) (counts, 10-pt bins)",Fall to Fall,70-79,109
students,District,assessments,STAR Early Literacy,ast-graph-3,"STAR Early Literacy Student Growth Percentile(s) (Fall SY27) (counts, 10-pt bins)",Fall to Fall,80-89,133
students,District,assessments,STAR Early Literacy,ast-graph-3,"STAR Early Literacy Student Growth Percentile(s) (Fall SY27) (counts, 10-pt bins)",Fall to Fall,90-99,250
students,District,assessments,STAR Early Literacy,ast-graph-3,"STAR Early Literacy Student Growth Percentile(s) (Fall SY27) (counts, 10-pt bins)",Spring to Fall,0-9,48
students,District,assessments,STAR Early Literacy,ast-graph-3,"STAR Early Literacy Student Growth Percentile(s) (Fall SY27) (counts, 10-pt bins)",Spring to Fall,10-19,87
students,District,assessments,STAR Early Literacy,ast-graph-3,"STAR Early Literacy Student Growth Percentile(s) (Fall SY27) (counts, 10-pt bins)",Spring to Fall,20-29,66
students,District,assessments,STAR Early Literacy,ast-graph-3,"STAR Early Literacy Student Growth Percentile(s) (Fall SY27) (counts, 10-pt bins)",Spring to Fall,30-39,76
students,District,assessments,STAR Early Literacy,ast-graph-3,"STAR Early Literacy Student Growth Percentile(s) (Fall SY27) (counts, 10-pt bins)",Spring to Fall,40-49,101
students,District,assessments,STAR Early Literacy,ast-graph-3,"STAR Early Literacy Student Growth Percentile(s) (Fall SY27) (counts, 10-pt bins)",Spring to Fall,50-59,99
students,District,assessments,STAR Early Literacy,ast-graph-3,"STAR Early Literacy Student Growth Percentile(s) (Fall SY27) (counts, 10-pt bins)",Spring to Fall,60-69,106
students,District,assessments,STAR Early Literacy,ast-graph-3,"STAR Early Literacy Student Growth Percentile(s) (Fall SY27) (counts, 10-pt bins)",Spring to Fall,70-79,106
students,District,assessments,STAR Early Literacy,ast-graph-3,"STAR Early Literacy Student Growth Percentile(s) (Fall SY27) (counts, 10-pt bins)",Spring to Fall,80-89,113
students,District,assessments,STAR Early Literacy,ast-graph-3,"STAR Early Literacy Student Growth Percentile(s) (Fall SY27) (counts, 10-pt bins)",Spring to Fall,90-99,172
students,District,assessments,STAR Reading Spanish,students-count-ast,summary counts,,Students,563
students,District,assessments,STAR Reading Spanish,ast-graph-1,STAR Reading Spanish Benchmark Category (Fall SY27),Urgent Intervention,Urgent Intervention,99
students,District,assessments,STAR Reading Spanish,ast-graph-1,STAR Reading Spanish Benchmark Category (Fall SY27),Intervention,Intervention,139
students,District,assessments,STAR Reading Spanish,ast-graph-1,STAR Reading Spanish Benchmark Category (Fall SY27),Approaching Benchmark,Approaching Benchmark,212
students,District,assessments,STAR Reading Spanish,ast-graph-1,STAR Reading Spanish Benchmark Category (Fall SY27),At Benchmark,At Benchmark,97
students,District,assessments,STAR Reading Spanish,ast-graph-1,STAR Reading Spanish Benchmark Category (Fall SY27),Above Benchmark,Above Benchmark,16
students,District,assessments,STAR Reading Spanish,ast-graph-2,"STAR Reading Spanish Percentile Rank Distribution (Fall SY27) (counts, 10-pt bins)",,0-9,91
students,District,assessments,STAR Reading Spanish,ast-graph-2,"STAR Reading Spanish Percentile Rank Distribution (Fall SY27) (counts, 10-pt bins)",,10-19,95
students,District,assessments,STAR Reading Spanish,ast-graph-2,"STAR Reading Spanish Percentile Rank Distribution (Fall SY27) (counts, 10-pt bins)",,20-29,89
students,District,assessments,STAR Reading Spanish,ast-graph-2,"STAR Reading Spanish Percentile Rank Distribution (Fall SY27) (counts, 10-pt bins)",,30-39,60
students,District,assessments,STAR Reading Spanish,ast-graph-2,"STAR Reading Spanish Percentile Rank Distribution (Fall SY27) (counts, 10-pt bins)",,40-49,49
students,District,assessments,STAR Reading Spanish,ast-graph-2,"STAR Reading Spanish Percentile Rank Distribution (Fall SY27) (counts, 10-pt bins)",,50-59,39
students,District,assessments,STAR Reading Spanish,ast-graph-2,"STAR Reading Spanish Percentile Rank Distribution (Fall SY27) (counts, 10-pt bins)",,60-69,35
students,District,assessments,STAR Reading Spanish,ast-graph-2,"STAR Reading Spanish Percentile Rank Distribution (Fall SY27) (counts, 10-pt bins)",,70-79,35
students,District,assessments,STAR Reading Spanish,ast-graph-2,"STAR Reading Spanish Percentile Rank Distribution (Fall SY27) (counts, 10-pt bins)",,80-89,26
students,District,assessments,STAR Reading Spanish,ast-graph-2,"STAR Reading Spanish Percentile Rank Distribution (Fall SY27) (counts, 10-pt bins)",,90-99,44
students,District,assessments,STAR Reading Spanish,ast-graph-3,"STAR Reading Spanish Student Growth Percentile(s) (Fall SY27) (counts, 10-pt bins)",Fall to Fall,0-9,32
students,District,assessments,STAR Reading Spanish,ast-graph-3,"STAR Reading Spanish Student Growth Percentile(s) (Fall SY27) (counts, 10-pt bins)",Fall to Fall,10-19,56
students,District,assessments,STAR Reading Spanish,ast-graph-3,"STAR Reading Spanish Student Growth Percentile(s) (Fall SY27) (counts, 10-pt bins)",Fall to Fall,20-29,45
students,District,assessments,STAR Reading Spanish,ast-graph-3,"STAR Reading Spanish Student Growth Percentile(s) (Fall SY27) (counts, 10-pt bins)",Fall to Fall,30-39,39
students,District,assessments,STAR Reading Spanish,ast-graph-3,"STAR Reading Spanish Student Growth Percentile(s) (Fall SY27) (counts, 10-pt bins)",Fall to Fall,40-49,42
students,District,assessments,STAR Reading Spanish,ast-graph-3,"STAR Reading Spanish Student Growth Percentile(s) (Fall SY27) (counts, 10-pt bins)",Fall to Fall,50-59,35
students,District,assessments,STAR Reading Spanish,ast-graph-3,"STAR Reading Spanish Student Growth Percentile(s) (Fall SY27) (counts, 10-pt bins)",Fall to Fall,60-69,44
students,District,assessments,STAR Reading Spanish,ast-graph-3,"STAR Reading Spanish Student Growth Percentile(s) (Fall SY27) (counts, 10-pt bins)",Fall to Fall,70-79,19
students,District,assessments,STAR Reading Spanish,ast-graph-3,"STAR Reading Spanish Student Growth Percentile(s) (Fall SY27) (counts, 10-pt bins)",Fall to Fall,80-89,26
students,District,assessments,STAR Reading Spanish,ast-graph-3,"STAR Reading Spanish Student Growth Percentile(s) (Fall SY27) (counts, 10-pt bins)",Fall to Fall,90-99,37
students,District,assessments,STAR Reading Spanish,ast-graph-3,"STAR Reading Spanish Student Growth Percentile(s) (Fall SY27) (counts, 10-pt bins)",Spring to Fall,0-9,52
students,District,assessments,STAR Reading Spanish,ast-graph-3,"STAR Reading Spanish Student Growth Percentile(s) (Fall SY27) (counts, 10-pt bins)",Spring to Fall,10-19,36
students,District,assessments,STAR Reading Spanish,ast-graph-3,"STAR Reading Spanish Student Growth Percentile(s) (Fall SY27) (counts, 10-pt bins)",Spring to Fall,20-29,48
students,District,assessments,STAR Reading Spanish,ast-graph-3,"STAR Reading Spanish Student Growth Percentile(s) (Fall SY27) (counts, 10-pt bins)",Spring to Fall,30-39,47
students,District,assessments,STAR Reading Spanish,ast-graph-3,"STAR Reading Spanish Student Growth Percentile(s) (Fall SY27) (counts, 10-pt bins)",Spring to Fall,40-49,31
students,District,assessments,STAR Reading Spanish,ast-graph-3,"STAR Reading Spanish Student Growth Percentile(s) (Fall SY27) (counts, 10-pt bins)",Spring to Fall,50-59,40
students,District,assessments,STAR Reading Spanish,ast-graph-3,"STAR Reading Spanish Student Growth Percentile(s) (Fall SY27) (counts, 10-pt bins)",Spring to Fall,60-69,29
students,District,assessments,STAR Reading Spanish,ast-graph-3,"STAR Reading Spanish Student Growth Percentile(s) (Fall SY27) (counts, 10-pt bins)",Spring to Fall,70-79,31
students,District,assessments,STAR Reading Spanish,ast-graph-3,"STAR Reading Spanish Student Growth Percentile(s) (Fall SY27) (counts, 10-pt bins)",Spring to Fall,80-89,24
students,District,assessments,STAR Reading Spanish,ast-graph-3,"STAR Reading Spanish Student Growth Percentile(s) (Fall SY27) (counts, 10-pt bins)",Spring to Fall,90-99,36
students,District,assessments,STAR Early Literacy Spanish,students-count-ast,summary counts,,Students,333
students,District,assessments,STAR Early Literacy Spanish,ast-graph-1,STAR Early Literacy Spanish Benchmark Category (Fall SY27),Urgent Intervention,Urgent Intervention,17
students,District,assessments,STAR Early Literacy Spanish,ast-graph-1,STAR Early Literacy Spanish Benchmark Category (Fall SY27),Intervention,Intervention,30
students,District,assessments,STAR Early Literacy Spanish,ast-graph-1,STAR Early Literacy Spanish Benchmark Category (Fall SY27),Approaching Benchmark,Approaching Benchmark,103
students,District,assessments,STAR Early Literacy Spanish,ast-graph-1,STAR Early Literacy Spanish Benchmark Category (Fall SY27),At Benchmark,At Benchmark,159
students,District,assessments,STAR Early Literacy Spanish,ast-graph-1,STAR Early Literacy Spanish Benchmark Category (Fall SY27),Above Benchmark,Above Benchmark,24
students,District,assessments,STAR Early Literacy Spanish,ast-graph-2,"STAR Early Literacy Spanish Percentile Rank Distribution (Fall SY27) (counts, 10-pt bins)",,0-9,17
students,District,assessments,STAR Early Literacy Spanish,ast-graph-2,"STAR Early Literacy Spanish Percentile Rank Distribution (Fall SY27) (counts, 10-pt bins)",,10-19,15
students,District,assessments,STAR Early Literacy Spanish,ast-graph-2,"STAR Early Literacy Spanish Percentile Rank Distribution (Fall SY27) (counts, 10-pt bins)",,20-29,21
students,District,assessments,STAR Early Literacy Spanish,ast-graph-2,"STAR Early Literacy Spanish Percentile Rank Distribution (Fall SY27) (counts, 10-pt bins)",,30-39,22
students,District,assessments,STAR Early Literacy Spanish,ast-graph-2,"STAR Early Literacy Spanish Percentile Rank Distribution (Fall SY27) (counts, 10-pt bins)",,40-49,16
students,District,assessments,STAR Early Literacy Spanish,ast-graph-2,"STAR Early Literacy Spanish Percentile Rank Distribution (Fall SY27) (counts, 10-pt bins)",,50-59,26
students,District,assessments,STAR Early Literacy Spanish,ast-graph-2,"STAR Early Literacy Spanish Percentile Rank Distribution (Fall SY27) (counts, 10-pt bins)",,60-69,47
students,District,assessments,STAR Early Literacy Spanish,ast-graph-2,"STAR Early Literacy Spanish Percentile Rank Distribution (Fall SY27) (counts, 10-pt bins)",,70-79,43
students,District,assessments,STAR Early Literacy Spanish,ast-graph-2,"STAR Early Literacy Spanish Percentile Rank Distribution (Fall SY27) (counts, 10-pt bins)",,80-89,52
students,District,assessments,STAR Early Literacy Spanish,ast-graph-2,"STAR Early Literacy Spanish Percentile Rank Distribution (Fall SY27) (counts, 10-pt bins)",,90-99,74
students,District,assessments,STAR Early Literacy Spanish,ast-graph-3,"STAR Early Literacy Spanish Student Growth Percentile(s) (Fall SY27) (counts, 10-pt bins)",Fall to Fall,0-9,18
students,District,assessments,STAR Early Literacy Spanish,ast-graph-3,"STAR Early Literacy Spanish Student Growth Percentile(s) (Fall SY27) (counts, 10-pt bins)",Fall to Fall,10-19,10
students,District,assessments,STAR Early Literacy Spanish,ast-graph-3,"STAR Early Literacy Spanish Student Growth Percentile(s) (Fall SY27) (counts, 10-pt bins)",Fall to Fall,20-29,8
students,District,assessments,STAR Early Literacy Spanish,ast-graph-3,"STAR Early Literacy Spanish Student Growth Percentile(s) (Fall SY27) (counts, 10-pt bins)",Fall to Fall,30-39,15
students,District,assessments,STAR Early Literacy Spanish,ast-graph-3,"STAR Early Literacy Spanish Student Growth Percentile(s) (Fall SY27) (counts, 10-pt bins)",Fall to Fall,40-49,16
students,District,assessments,STAR Early Literacy Spanish,ast-graph-3,"STAR Early Literacy Spanish Student Growth Percentile(s) (Fall SY27) (counts, 10-pt bins)",Fall to Fall,50-59,14
students,District,assessments,STAR Early Literacy Spanish,ast-graph-3,"STAR Early Literacy Spanish Student Growth Percentile(s) (Fall SY27) (counts, 10-pt bins)",Fall to Fall,60-69,25
students,District,assessments,STAR Early Literacy Spanish,ast-graph-3,"STAR Early Literacy Spanish Student Growth Percentile(s) (Fall SY27) (counts, 10-pt bins)",Fall to Fall,70-79,20
students,District,assessments,STAR Early Literacy Spanish,ast-graph-3,"STAR Early Literacy Spanish Student Growth Percentile(s) (Fall SY27) (counts, 10-pt bins)",Fall to Fall,80-89,44
students,District,assessments,STAR Early Literacy Spanish,ast-graph-3,"STAR Early Literacy Spanish Student Growth Percentile(s) (Fall SY27) (counts, 10-pt bins)",Fall to Fall,90-99,45
students,District,assessments,STAR Early Literacy Spanish,ast-graph-3,"STAR Early Literacy Spanish Student Growth Percentile(s) (Fall SY27) (counts, 10-pt bins)",Spring to Fall,0-9,22
students,District,assessments,STAR Early Literacy Spanish,ast-graph-3,"STAR Early Literacy Spanish Student Growth Percentile(s) (Fall SY27) (counts, 10-pt bins)",Spring to Fall,10-19,11
students,District,assessments,STAR Early Literacy Spanish,ast-graph-3,"STAR Early Literacy Spanish Student Growth Percentile(s) (Fall SY27) (counts, 10-pt bins)",Spring to Fall,20-29,15
students,District,assessments,STAR Early Literacy Spanish,ast-graph-3,"STAR Early Literacy Spanish Student Growth Percentile(s) (Fall SY27) (counts, 10-pt bins)",Spring to Fall,30-39,18
students,District,assessments,STAR Early Literacy Spanish,ast-graph-3,"STAR Early Literacy Spanish Student Growth Percentile(s) (Fall SY27) (counts, 10-pt bins)",Spring to Fall,40-49,15
students,District,assessments,STAR Early Literacy Spanish,ast-graph-3,"STAR Early Literacy Spanish Student Growth Percentile(s) (Fall SY27) (counts, 10-pt bins)",Spring to Fall,50-59,24
students,District,assessments,STAR Early Literacy Spanish,ast-graph-3,"STAR Early Literacy Spanish Student Growth Percentile(s) (Fall SY27) (counts, 10-pt bins)",Spring to Fall,60-69,21
students,District,assessments,STAR Early Literacy Spanish,ast-graph-3,"STAR Early Literacy Spanish Student Growth Percentile(s) (Fall SY27) (counts, 10-pt bins)",Spring to Fall,70-79,31
students,District,assessments,STAR Early Literacy Spanish,ast-graph-3,"STAR Early Literacy Spanish Student Growth Percentile(s) (Fall SY27) (counts, 10-pt bins)",Spring to Fall,80-89,29
students,District,assessments,STAR Early Literacy Spanish,ast-graph-3,"STAR Early Literacy Spanish Student Growth Percentile(s) (Fall SY27) (counts, 10-pt bins)",Spring to Fall,90-99,31
students,District,assessments,i-Ready Math,students-count-ast,summary counts,,Students,5309
students,District,assessments,i-Ready Math,ast-graph-1,i-Ready Math — Overall Relative Placement,3 or More Grade Levels Below,3 or More Grade Levels Below,504
students,District,assessments,i-Ready Math,ast-graph-1,i-Ready Math — Overall Relative Placement,2 Grade Levels Below,2 Grade Levels Below,570
students,District,assessments,i-Ready Math,ast-graph-1,i-Ready Math — Overall Relative Placement,1 Grade Level Below,1 Grade Level Below,2355
students,District,assessments,i-Ready Math,ast-graph-1,i-Ready Math — Overall Relative Placement,Early On Grade Level,Early On Grade Level,1008
students,District,assessments,i-Ready Math,ast-graph-1,i-Ready Math — Overall Relative Placement,Mid or Above Grade Level,Mid or Above Grade Level,872
students,District,assessments,i-Ready Math,ast-graph-2,"i-Ready Math — Percentile Distribution (counts, 10-pt bins)",,0-9,250
students,District,assessments,i-Ready Math,ast-graph-2,"i-Ready Math — Percentile Distribution (counts, 10-pt bins)",,10-19,362
students,District,assessments,i-Ready Math,ast-graph-2,"i-Ready Math — Percentile Distribution (counts, 10-pt bins)",,20-29,349
students,District,assessments,i-Ready Math,ast-graph-2,"i-Ready Math — Percentile Distribution (counts, 10-pt bins)",,30-39,409
students,District,assessments,i-Ready Math,ast-graph-2,"i-Ready Math — Percentile Distribution (counts, 10-pt bins)",,40-49,413
students,District,assessments,i-Ready Math,ast-graph-2,"i-Ready Math — Percentile Distribution (counts, 10-pt bins)",,50-59,484
students,District,assessments,i-Ready Math,ast-graph-2,"i-Ready Math — Percentile Distribution (counts, 10-pt bins)",,60-69,538
students,District,assessments,i-Ready Math,ast-graph-2,"i-Ready Math — Percentile Distribution (counts, 10-pt bins)",,70-79,606
students,District,assessments,i-Ready Math,ast-graph-2,"i-Ready Math — Percentile Distribution (counts, 10-pt bins)",,80-89,779
students,District,assessments,i-Ready Math,ast-graph-2,"i-Ready Math — Percentile Distribution (counts, 10-pt bins)",,90-99,1119
students,District,assessments,i-Ready Math,ast-graph-3,"i-Ready Math — Percent Progress to Annual Typical Growth (counts, 10-pt bins)",,0-9,5309
students,Chute Middle School,home,,home-iep,IEP Status,,Has IEP,94
students,Chute Middle School,home,,home-iep,IEP Status,,No IEP,494
students,Chute Middle School,home,,home-lep,EL Status,,EL,83
students,Chute Middle School,home,,home-lep,EL Status,,Not EL,505
students,Chute Middle School,home,,home-race,Race/Ethnicity,,Asian,42
students,Chute Middle School,home,,home-race,Race/Ethnicity,,Black or African American,173
students,Chute Middle School,home,,home-race,Race/Ethnicity,,Hispanic or Latino,156
students,Chute Middle School,home,,home-race,Race/Ethnicity,,Multi-racial,59
students,Chute Middle School,home,,home-race,Race/Ethnicity,,White,153
students,Chute Middle School,home,,home-race,Race/Ethnicity,,Other*,5
students,Chute Middle School,home,,home-incidents,Incidents - SY27,,LVL1,188
students,Chute Middle School,home,,home-incidents,Incidents - SY27,,LVL2,71
students,Chute Middle School,home,,home-incidents,Incidents - SY27,,LVL3,33
students,Chute Middle School,home,,home-incidents,Incidents - SY27,,LVL4,1
students,Chute Middle School,home,,home-grade,Grade Level,,6,185
students,Chute Middle School,home,,home-grade,Grade Level,,7,206
students,Chute Middle School,home,,home-grade,Grade Level,,8,197
students,Chute Middle School,home,,home-ada,ADA,,value,94.57
students,Chute Middle School,home,,home-enrollment,Enrollment,,value,588
students,Chute Middle School,attendance,,students-count-att,summary counts,,Students,588
students,Chute Middle School,attendance,,students-count-att,summary counts,,IEP,94
students,Chute Middle School,attendance,,students-count-att,summary counts,,EL,83
students,Chute Middle School,attendance,,att-ada,ADA,,value,94.57
students,Chute Middle School,attendance,,att-cron-abs,Chronic Absenteeism (%),,value,16.67
students,Chute Middle School,attendance,,att-distribution,"Attendance Rate Distribution (counts, 10-pt bins)",,0-9,1
students,Chute Middle School,attendance,,att-distribution,"Attendance Rate Distribution (counts, 10-pt bins)",,20-29,2
students,Chute Middle School,attendance,,att-distribution,"Attendance Rate Distribution (counts, 10-pt bins)",,30-39,1
students,Chute Middle School,attendance,,att-distribution,"Attendance Rate Distribution (counts, 10-pt bins)",,40-49,1
students,Chute Middle School,attendance,,att-distribution,"Attendance Rate Distribution (counts, 10-pt bins)",,60-69,6
students,Chute Middle School,attendance,,att-distribution,"Attendance Rate Distribution (counts, 10-pt bins)",,70-79,20
students,Chute Middle School,attendance,,att-distribution,"Attendance Rate Distribution (counts, 10-pt bins)",,80-89,65
students,Chute Middle School,attendance,,att-distribution,"Attendance Rate Distribution (counts, 10-pt bins)",,90-99,251
students,Chute Middle School,attendance,,att-distribution,"Attendance Rate Distribution (counts, 10-pt bins)",,100+,241
students,Chute Middle School,discipline,,students-count-discipline,summary counts,,Incidents,293
students,Chute Middle School,discipline,,students-count-discipline,summary counts,,Students,123
students,Chute Middle School,discipline,,students-count-discipline,summary counts,,Minor Incidents,259
students,Chute Middle School,discipline,,students-count-discipline,summary counts,,Major Incidents,34
students,Chute Middle School,discipline,,school,Incidents by School,,Chute Middle School,293
students,Chute Middle School,discipline,,lvl,Incident Types,,LVL1,188
students,Chute Middle School,discipline,,lvl,Incident Types,,LVL2,71
students,Chute Middle School,discipline,,lvl,Incident Types,,LVL3,33
students,Chute Middle School,discipline,,lvl,Incident Types,,LVL4,1
students,Chute Middle School,discipline,,months,Incidents by Month,,August,41
students,Chute Middle School,discipline,,months,Incidents by Month,,September,252
students,Chute Middle School,discipline,,race,Incidents by Race/Ethnicity,,American Indian or Alaska Native,2
students,Chute Middle School,discipline,,race,Incidents by Race/Ethnicity,,Asian,11
students,Chute Middle School,discipline,,race,Incidents by Race/Ethnicity,,Black or African American,169
students,Chute Middle School,discipline,,race,Incidents by Race/Ethnicity,,Hispanic or Latino,74
students,Chute Middle School,discipline,,race,Incidents by Race/Ethnicity,,Middle Eastern or North African,1
students,Chute Middle School,discipline,,race,Incidents by Race/Ethnicity,,Multi-racial,3
students,Chute Middle School,discipline,,race,Incidents by Race/Ethnicity,,Native Hawaiian / Other Pac Islander,1
students,Chute Middle School,discipline,,race,Incidents by Race/Ethnicity,,White,32
students,Chute Middle School,discipline,,grade,Incidents by Grade,,6,78
students,Chute Middle School,discipline,,grade,Incidents by Grade,,7,76
students,Chute Middle School,discipline,,grade,Incidents by Grade,,8,139
students,Chute Middle School,assessments,STAR Reading,students-count-ast,summary counts,,Students,583
students,Chute Middle School,assessments,STAR Reading,ast-graph-1,STAR Reading Benchmark Category (Fall SY27),Urgent Intervention,Urgent Intervention,44
students,Chute Middle School,assessments,STAR Reading,ast-graph-1,STAR Reading Benchmark Category (Fall SY27),Intervention,Intervention,47
students,Chute Middle School,assessments,STAR Reading,ast-graph-1,STAR Reading Benchmark Category (Fall SY27),Approaching Benchmark,Approaching Benchmark,210
students,Chute Middle School,assessments,STAR Reading,ast-graph-1,STAR Reading Benchmark Category (Fall SY27),At Benchmark,At Benchmark,247
students,Chute Middle School,assessments,STAR Reading,ast-graph-1,STAR Reading Benchmark Category (Fall SY27),Above Benchmark,Above Benchmark,35
students,Chute Middle School,assessments,STAR Reading,ast-graph-2,"STAR Reading Percentile Rank Distribution (Fall SY27) (counts, 10-pt bins)",,0-9,38
students,Chute Middle School,assessments,STAR Reading,ast-graph-2,"STAR Reading Percentile Rank Distribution (Fall SY27) (counts, 10-pt bins)",,10-19,38
students,Chute Middle School,assessments,STAR Reading,ast-graph-2,"STAR Reading Percentile Rank Distribution (Fall SY27) (counts, 10-pt bins)",,20-29,34
students,Chute Middle School,assessments,STAR Reading,ast-graph-2,"STAR Reading Percentile Rank Distribution (Fall SY27) (counts, 10-pt bins)",,30-39,38
students,Chute Middle School,assessments,STAR Reading,ast-graph-2,"STAR Reading Percentile Rank Distribution (Fall SY27) (counts, 10-pt bins)",,40-49,47
students,Chute Middle School,assessments,STAR Reading,ast-graph-2,"STAR Reading Percentile Rank Distribution (Fall SY27) (counts, 10-pt bins)",,50-59,65
students,Chute Middle School,assessments,STAR Reading,ast-graph-2,"STAR Reading Percentile Rank Distribution (Fall SY27) (counts, 10-pt bins)",,60-69,52
students,Chute Middle School,assessments,STAR Reading,ast-graph-2,"STAR Reading Percentile Rank Distribution (Fall SY27) (counts, 10-pt bins)",,70-79,71
students,Chute Middle School,assessments,STAR Reading,ast-graph-2,"STAR Reading Percentile Rank Distribution (Fall SY27) (counts, 10-pt bins)",,80-89,72
students,Chute Middle School,assessments,STAR Reading,ast-graph-2,"STAR Reading Percentile Rank Distribution (Fall SY27) (counts, 10-pt bins)",,90-99,128
students,Chute Middle School,assessments,STAR Reading,ast-graph-3,"STAR Reading Student Growth Percentile(s) (Fall SY27) (counts, 10-pt bins)",Fall to Fall,0-9,38
students,Chute Middle School,assessments,STAR Reading,ast-graph-3,"STAR Reading Student Growth Percentile(s) (Fall SY27) (counts, 10-pt bins)",Fall to Fall,10-19,62
students,Chute Middle School,assessments,STAR Reading,ast-graph-3,"STAR Reading Student Growth Percentile(s) (Fall SY27) (counts, 10-pt bins)",Fall to Fall,20-29,36
students,Chute Middle School,assessments,STAR Reading,ast-graph-3,"STAR Reading Student Growth Percentile(s) (Fall SY27) (counts, 10-pt bins)",Fall to Fall,30-39,42
students,Chute Middle School,assessments,STAR Reading,ast-graph-3,"STAR Reading Student Growth Percentile(s) (Fall SY27) (counts, 10-pt bins)",Fall to Fall,40-49,42
students,Chute Middle School,assessments,STAR Reading,ast-graph-3,"STAR Reading Student Growth Percentile(s) (Fall SY27) (counts, 10-pt bins)",Fall to Fall,50-59,55
students,Chute Middle School,assessments,STAR Reading,ast-graph-3,"STAR Reading Student Growth Percentile(s) (Fall SY27) (counts, 10-pt bins)",Fall to Fall,60-69,57
students,Chute Middle School,assessments,STAR Reading,ast-graph-3,"STAR Reading Student Growth Percentile(s) (Fall SY27) (counts, 10-pt bins)",Fall to Fall,70-79,56
students,Chute Middle School,assessments,STAR Reading,ast-graph-3,"STAR Reading Student Growth Percentile(s) (Fall SY27) (counts, 10-pt bins)",Fall to Fall,80-89,72
students,Chute Middle School,assessments,STAR Reading,ast-graph-3,"STAR Reading Student Growth Percentile(s) (Fall SY27) (counts, 10-pt bins)",Fall to Fall,90-99,86
students,Chute Middle School,assessments,STAR Reading,ast-graph-3,"STAR Reading Student Growth Percentile(s) (Fall SY27) (counts, 10-pt bins)",Spring to Fall,0-9,53
students,Chute Middle School,assessments,STAR Reading,ast-graph-3,"STAR Reading Student Growth Percentile(s) (Fall SY27) (counts, 10-pt bins)",Spring to Fall,10-19,53
students,Chute Middle School,assessments,STAR Reading,ast-graph-3,"STAR Reading Student Growth Percentile(s) (Fall SY27) (counts, 10-pt bins)",Spring to Fall,20-29,50
students,Chute Middle School,assessments,STAR Reading,ast-graph-3,"STAR Reading Student Growth Percentile(s) (Fall SY27) (counts, 10-pt bins)",Spring to Fall,30-39,55
students,Chute Middle School,assessments,STAR Reading,ast-graph-3,"STAR Reading Student Growth Percentile(s) (Fall SY27) (counts, 10-pt bins)",Spring to Fall,40-49,45
students,Chute Middle School,assessments,STAR Reading,ast-graph-3,"STAR Reading Student Growth Percentile(s) (Fall SY27) (counts, 10-pt bins)",Spring to Fall,50-59,52
students,Chute Middle School,assessments,STAR Reading,ast-graph-3,"STAR Reading Student Growth Percentile(s) (Fall SY27) (counts, 10-pt bins)",Spring to Fall,60-69,53
students,Chute Middle School,assessments,STAR Reading,ast-graph-3,"STAR Reading Student Growth Percentile(s) (Fall SY27) (counts, 10-pt bins)",Spring to Fall,70-79,59
students,Chute Middle School,assessments,STAR Reading,ast-graph-3,"STAR Reading Student Growth Percentile(s) (Fall SY27) (counts, 10-pt bins)",Spring to Fall,80-89,56
students,Chute Middle School,assessments,STAR Reading,ast-graph-3,"STAR Reading Student Growth Percentile(s) (Fall SY27) (counts, 10-pt bins)",Spring to Fall,90-99,78
students,Chute Middle School,assessments,STAR Reading Spanish,students-count-ast,summary counts,,Students,86
students,Chute Middle School,assessments,STAR Reading Spanish,ast-graph-1,STAR Reading Spanish Benchmark Category (Fall SY27),Urgent Intervention,Urgent Intervention,16
students,Chute Middle School,assessments,STAR Reading Spanish,ast-graph-1,STAR Reading Spanish Benchmark Category (Fall SY27),Intervention,Intervention,19
students,Chute Middle School,assessments,STAR Reading Spanish,ast-graph-1,STAR Reading Spanish Benchmark Category (Fall SY27),Approaching Benchmark,Approaching Benchmark,31
students,Chute Middle School,assessments,STAR Reading Spanish,ast-graph-1,STAR Reading Spanish Benchmark Category (Fall SY27),At Benchmark,At Benchmark,18
students,Chute Middle School,assessments,STAR Reading Spanish,ast-graph-1,STAR Reading Spanish Benchmark Category (Fall SY27),Above Benchmark,Above Benchmark,2
students,Chute Middle School,assessments,STAR Reading Spanish,ast-graph-2,"STAR Reading Spanish Percentile Rank Distribution (Fall SY27) (counts, 10-pt bins)",,0-9,15
students,Chute Middle School,assessments,STAR Reading Spanish,ast-graph-2,"STAR Reading Spanish Percentile Rank Distribution (Fall SY27) (counts, 10-pt bins)",,10-19,14
students,Chute Middle School,assessments,STAR Reading Spanish,ast-graph-2,"STAR Reading Spanish Percentile Rank Distribution (Fall SY27) (counts, 10-pt bins)",,20-29,13
students,Chute Middle School,assessments,STAR Reading Spanish,ast-graph-2,"STAR Reading Spanish Percentile Rank Distribution (Fall SY27) (counts, 10-pt bins)",,30-39,7
students,Chute Middle School,assessments,STAR Reading Spanish,ast-graph-2,"STAR Reading Spanish Percentile Rank Distribution (Fall SY27) (counts, 10-pt bins)",,40-49,6
students,Chute Middle School,assessments,STAR Reading Spanish,ast-graph-2,"STAR Reading Spanish Percentile Rank Distribution (Fall SY27) (counts, 10-pt bins)",,50-59,7
students,Chute Middle School,assessments,STAR Reading Spanish,ast-graph-2,"STAR Reading Spanish Percentile Rank Distribution (Fall SY27) (counts, 10-pt bins)",,60-69,6
students,Chute Middle School,assessments,STAR Reading Spanish,ast-graph-2,"STAR Reading Spanish Percentile Rank Distribution (Fall SY27) (counts, 10-pt bins)",,70-79,6
students,Chute Middle School,assessments,STAR Reading Spanish,ast-graph-2,"STAR Reading Spanish Percentile Rank Distribution (Fall SY27) (counts, 10-pt bins)",,80-89,5
students,Chute Middle School,assessments,STAR Reading Spanish,ast-graph-2,"STAR Reading Spanish Percentile Rank Distribution (Fall SY27) (counts, 10-pt bins)",,90-99,7
students,Chute Middle School,assessments,STAR Reading Spanish,ast-graph-3,"STAR Reading Spanish Student Growth Percentile(s) (Fall SY27) (counts, 10-pt bins)",Fall to Fall,0-9,2
students,Chute Middle School,assessments,STAR Reading Spanish,ast-graph-3,"STAR Reading Spanish Student Growth Percentile(s) (Fall SY27) (counts, 10-pt bins)",Fall to Fall,10-19,8
students,Chute Middle School,assessments,STAR Reading Spanish,ast-graph-3,"STAR Reading Spanish Student Growth Percentile(s) (Fall SY27) (counts, 10-pt bins)",Fall to Fall,20-29,5
students,Chute Middle School,assessments,STAR Reading Spanish,ast-graph-3,"STAR Reading Spanish Student Growth Percentile(s) (Fall SY27) (counts, 10-pt bins)",Fall to Fall,30-39,2
students,Chute Middle School,assessments,STAR Reading Spanish,ast-graph-3,"STAR Reading Spanish Student Growth Percentile(s) (Fall SY27) (counts, 10-pt bins)",Fall to Fall,40-49,4
students,Chute Middle School,assessments,STAR Reading Spanish,ast-graph-3,"STAR Reading Spanish Student Growth Percentile(s) (Fall SY27) (counts, 10-pt bins)",Fall to Fall,50-59,1
students,Chute Middle School,assessments,STAR Reading Spanish,ast-graph-3,"STAR Reading Spanish Student Growth Percentile(s) (Fall SY27) (counts, 10-pt bins)",Fall to Fall,60-69,4
students,Chute Middle School,assessments,STAR Reading Spanish,ast-graph-3,"STAR Reading Spanish Student Growth Percentile(s) (Fall SY27) (counts, 10-pt bins)",Fall to Fall,70-79,1
students,Chute Middle School,assessments,STAR Reading Spanish,ast-graph-3,"STAR Reading Spanish Student Growth Percentile(s) (Fall SY27) (counts, 10-pt bins)",Fall to Fall,90-99,2
students,Chute Middle School,assessments,STAR Reading Spanish,ast-graph-3,"STAR Reading Spanish Student Growth Percentile(s) (Fall SY27) (counts, 10-pt bins)",Spring to Fall,0-9,4
students,Chute Middle School,assessments,STAR Reading Spanish,ast-graph-3,"STAR Reading Spanish Student Growth Percentile(s) (Fall SY27) (counts, 10-pt bins)",Spring to Fall,10-19,4
students,Chute Middle School,assessments,STAR Reading Spanish,ast-graph-3,"STAR Reading Spanish Student Growth Percentile(s) (Fall SY27) (counts, 10-pt bins)",Spring to Fall,20-29,6
students,Chute Middle School,assessments,STAR Reading Spanish,ast-graph-3,"STAR Reading Spanish Student Growth Percentile(s) (Fall SY27) (counts, 10-pt bins)",Spring to Fall,30-39,3
students,Chute Middle School,assessments,STAR Reading Spanish,ast-graph-3,"STAR Reading Spanish Student Growth Percentile(s) (Fall SY27) (counts, 10-pt bins)",Spring to Fall,40-49,1
students,Chute Middle School,assessments,STAR Reading Spanish,ast-graph-3,"STAR Reading Spanish Student Growth Percentile(s) (Fall SY27) (counts, 10-pt bins)",Spring to Fall,60-69,2
students,Chute Middle School,assessments,STAR Reading Spanish,ast-graph-3,"STAR Reading Spanish Student Growth Percentile(s) (Fall SY27) (counts, 10-pt bins)",Spring to Fall,70-79,3
students,Chute Middle School,assessments,STAR Reading Spanish,ast-graph-3,"STAR Reading Spanish Student Growth Percentile(s) (Fall SY27) (counts, 10-pt bins)",Spring to Fall,90-99,2
students,Chute Middle School,assessments,i-Ready Math,students-count-ast,summary counts,,Students,581
students,Chute Middle School,assessments,i-Ready Math,ast-graph-1,i-Ready Math — Overall Relative Placement,3 or More Grade Levels Below,3 or More Grade Levels Below,101
students,Chute Middle School,assessments,i-Ready Math,ast-graph-1,i-Ready Math — Overall Relative Placement,2 Grade Levels Below,2 Grade Levels Below,70
students,Chute Middle School,assessments,i-Ready Math,ast-graph-1,i-Ready Math — Overall Relative Placement,1 Grade Level Below,1 Grade Level Below,186
students,Chute Middle School,assessments,i-Ready Math,ast-graph-1,i-Ready Math — Overall Relative Placement,Early On Grade Level,Early On Grade Level,141
students,Chute Middle School,assessments,i-Ready Math,ast-graph-1,i-Ready Math — Overall Relative Placement,Mid or Above Grade Level,Mid or Above Grade Level,83
students,Chute Middle School,assessments,i-Ready Math,ast-graph-2,"i-Ready Math — Percentile Distribution (counts, 10-pt bins)",,0-9,22
students,Chute Middle School,assessments,i-Ready Math,ast-graph-2,"i-Ready Math — Percentile Distribution (counts, 10-pt bins)",,10-19,39
students,Chute Middle School,assessments,i-Ready Math,ast-graph-2,"i-Ready Math — Percentile Distribution (counts, 10-pt bins)",,20-29,43
students,Chute Middle School,assessments,i-Ready Math,ast-graph-2,"i-Ready Math — Percentile Distribution (counts, 10-pt bins)",,30-39,45
students,Chute Middle School,assessments,i-Ready Math,ast-graph-2,"i-Ready Math — Percentile Distribution (counts, 10-pt bins)",,40-49,56
students,Chute Middle School,assessments,i-Ready Math,ast-graph-2,"i-Ready Math — Percentile Distribution (counts, 10-pt bins)",,50-59,61
students,Chute Middle School,assessments,i-Ready Math,ast-graph-2,"i-Ready Math — Percentile Distribution (counts, 10-pt bins)",,60-69,68
students,Chute Middle School,assessments,i-Ready Math,ast-graph-2,"i-Ready Math — Percentile Distribution (counts, 10-pt bins)",,70-79,65
students,Chute Middle School,assessments,i-Ready Math,ast-graph-2,"i-Ready Math — Percentile Distribution (counts, 10-pt bins)",,80-89,90
students,Chute Middle School,assessments,i-Ready Math,ast-graph-2,"i-Ready Math — Percentile Distribution (counts, 10-pt bins)",,90-99,92
students,Chute Middle School,assessments,i-Ready Math,ast-graph-3,"i-Ready Math — Percent Progress to Annual Typical Growth (counts, 10-pt bins)",,0-9,581
students,Dawes Elementary School,home,,home-iep,IEP Status,,Has IEP,53
students,Dawes Elementary School,home,,home-iep,IEP Status,,No IEP,231
students,Dawes Elementary School,home,,home-lep,EL Status,,EL,65
students,Dawes Elementary School,home,,home-lep,EL Status,,Not EL,219
students,Dawes Elementary School,home,,home-race,Race/Ethnicity,,Asian,10
students,Dawes Elementary School,home,,home-race,Race/Ethnicity,,Black or African American,78
students,Dawes Elementary School,home,,home-race,Race/Ethnicity,,Hispanic or Latino,83
students,Dawes Elementary School,home,,home-race,Race/Ethnicity,,Multi-racial,32
students,Dawes Elementary School,home,,home-race,Race/Ethnicity,,White,79
students,Dawes Elementary School,home,,home-race,Race/Ethnicity,,Other*,2
students,Dawes Elementary School,home,,home-incidents,Incidents - SY27,,LVL1,38
students,Dawes Elementary School,home,,home-incidents,Incidents - SY27,,LVL2,18
students,Dawes Elementary School,home,,home-incidents,Incidents - SY27,,LVL3,31
students,Dawes Elementary School,home,,home-grade,Grade Level,,0,40
students,Dawes Elementary School,home,,home-grade,Grade Level,,1,44
students,Dawes Elementary School,home,,home-grade,Grade Level,,2,42
students,Dawes Elementary School,home,,home-grade,Grade Level,,3,48
students,Dawes Elementary School,home,,home-grade,Grade Level,,4,59
students,Dawes Elementary School,home,,home-grade,Grade Level,,5,51
students,Dawes Elementary School,home,,home-twi,TWI Status,,TWE,48
students,Dawes Elementary School,home,,home-twi,TWI Status,,TWS,50
students,Dawes Elementary School,home,,home-twi,TWI Status,,TWX,16
students,Dawes Elementary School,home,,home-ada,ADA,,value,96.74
students,Dawes Elementary School,home,,home-enrollment,Enrollment,,value,284
students,Dawes Elementary School,attendance,,students-count-att,summary counts,,Students,284
students,Dawes Elementary School,attendance,,students-count-att,summary counts,,IEP,53
students,Dawes Elementary School,attendance,,students-count-att,summary counts,,EL,65
students,Dawes Elementary School,attendance,,att-ada,ADA,,value,96.74
students,Dawes Elementary School,attendance,,att-cron-abs,Chronic Absenteeism (%),,value,8.1
students,Dawes Elementary School,attendance,,att-distribution,"Attendance Rate Distribution (counts, 10-pt bins)",,60-69,1
students,Dawes Elementary School,attendance,,att-distribution,"Attendance Rate Distribution (counts, 10-pt bins)",,70-79,7
students,Dawes Elementary School,attendance,,att-distribution,"Attendance Rate Distribution (counts, 10-pt bins)",,80-89,15
students,Dawes Elementary School,attendance,,att-distribution,"Attendance Rate Distribution (counts, 10-pt bins)",,90-99,88
students,Dawes Elementary School,attendance,,att-distribution,"Attendance Rate Distribution (counts, 10-pt bins)",,100+,173
students,Dawes Elementary School,discipline,,students-count-discipline,summary counts,,Incidents,87
students,Dawes Elementary School,discipline,,students-count-discipline,summary counts,,Students,33
students,Dawes Elementary School,discipline,,students-count-discipline,summary counts,,Minor Incidents,56
students,Dawes Elementary School,discipline,,students-count-discipline,summary counts,,Major Incidents,31
students,Dawes Elementary School,discipline,,school,Incidents by School,,Dawes Elementary School,87
students,Dawes Elementary School,discipline,,lvl,Incident Types,,LVL1,38
students,Dawes Elementary School,discipline,,lvl,Incident Types,,LVL2,18
students,Dawes Elementary School,discipline,,lvl,Incident Types,,LVL3,31
students,Dawes Elementary School,discipline,,months,Incidents by Month,,August,2
students,Dawes Elementary School,discipline,,months,Incidents by Month,,September,85
students,Dawes Elementary School,discipline,,race,Incidents by Race/Ethnicity,,Asian,1
students,Dawes Elementary School,discipline,,race,Incidents by Race/Ethnicity,,Black or African American,63
students,Dawes Elementary School,discipline,,race,Incidents by Race/Ethnicity,,Hispanic or Latino,5
students,Dawes Elementary School,discipline,,race,Incidents by Race/Ethnicity,,Multi-racial,5
students,Dawes Elementary School,discipline,,race,Incidents by Race/Ethnicity,,White,13
students,Dawes Elementary School,discipline,,grade,Incidents by Grade,,0,47
students,Dawes Elementary School,discipline,,grade,Incidents by Grade,,1,4
students,Dawes Elementary School,discipline,,grade,Incidents by Grade,,2,5
students,Dawes Elementary School,discipline,,grade,Incidents by Grade,,3,12
students,Dawes Elementary School,discipline,,grade,Incidents by Grade,,4,16
students,Dawes Elementary School,discipline,,grade,Incidents by Grade,,5,3
students,Dawes Elementary School,assessments,STAR Reading,students-count-ast,summary counts,,Students,157
students,Dawes Elementary School,assessments,STAR Reading,ast-graph-1,STAR Reading Benchmark Category (Fall SY27),Urgent Intervention,Urgent Intervention,13
students,Dawes Elementary School,assessments,STAR Reading,ast-graph-1,STAR Reading Benchmark Category (Fall SY27),Intervention,Intervention,17
students,Dawes Elementary School,assessments,STAR Reading,ast-graph-1,STAR Reading Benchmark Category (Fall SY27),Approaching Benchmark,Approaching Benchmark,51
students,Dawes Elementary School,assessments,STAR Reading,ast-graph-1,STAR Reading Benchmark Category (Fall SY27),At Benchmark,At Benchmark,58
students,Dawes Elementary School,assessments,STAR Reading,ast-graph-1,STAR Reading Benchmark Category (Fall SY27),Above Benchmark,Above Benchmark,18
students,Dawes Elementary School,assessments,STAR Reading,ast-graph-2,"STAR Reading Percentile Rank Distribution (Fall SY27) (counts, 10-pt bins)",,0-9,11
students,Dawes Elementary School,assessments,STAR Reading,ast-graph-2,"STAR Reading Percentile Rank Distribution (Fall SY27) (counts, 10-pt bins)",,10-19,13
students,Dawes Elementary School,assessments,STAR Reading,ast-graph-2,"STAR Reading Percentile Rank Distribution (Fall SY27) (counts, 10-pt bins)",,20-29,9
students,Dawes Elementary School,assessments,STAR Reading,ast-graph-2,"STAR Reading Percentile Rank Distribution (Fall SY27) (counts, 10-pt bins)",,30-39,15
students,Dawes Elementary School,assessments,STAR Reading,ast-graph-2,"STAR Reading Percentile Rank Distribution (Fall SY27) (counts, 10-pt bins)",,40-49,14
students,Dawes Elementary School,assessments,STAR Reading,ast-graph-2,"STAR Reading Percentile Rank Distribution (Fall SY27) (counts, 10-pt bins)",,50-59,13
students,Dawes Elementary School,assessments,STAR Reading,ast-graph-2,"STAR Reading Percentile Rank Distribution (Fall SY27) (counts, 10-pt bins)",,60-69,10
students,Dawes Elementary School,assessments,STAR Reading,ast-graph-2,"STAR Reading Percentile Rank Distribution (Fall SY27) (counts, 10-pt bins)",,70-79,17
students,Dawes Elementary School,assessments,STAR Reading,ast-graph-2,"STAR Reading Percentile Rank Distribution (Fall SY27) (counts, 10-pt bins)",,80-89,16
students,Dawes Elementary School,assessments,STAR Reading,ast-graph-2,"STAR Reading Percentile Rank Distribution (Fall SY27) (counts, 10-pt bins)",,90-99,39
students,Dawes Elementary School,assessments,STAR Reading,ast-graph-3,"STAR Reading Student Growth Percentile(s) (Fall SY27) (counts, 10-pt bins)",Fall to Fall,0-9,9
students,Dawes Elementary School,assessments,STAR Reading,ast-graph-3,"STAR Reading Student Growth Percentile(s) (Fall SY27) (counts, 10-pt bins)",Fall to Fall,10-19,12
students,Dawes Elementary School,assessments,STAR Reading,ast-graph-3,"STAR Reading Student Growth Percentile(s) (Fall SY27) (counts, 10-pt bins)",Fall to Fall,20-29,8
students,Dawes Elementary School,assessments,STAR Reading,ast-graph-3,"STAR Reading Student Growth Percentile(s) (Fall SY27) (counts, 10-pt bins)",Fall to Fall,30-39,9
students,Dawes Elementary School,assessments,STAR Reading,ast-graph-3,"STAR Reading Student Growth Percentile(s) (Fall SY27) (counts, 10-pt bins)",Fall to Fall,40-49,20
students,Dawes Elementary School,assessments,STAR Reading,ast-graph-3,"STAR Reading Student Growth Percentile(s) (Fall SY27) (counts, 10-pt bins)",Fall to Fall,50-59,14
students,Dawes Elementary School,assessments,STAR Reading,ast-graph-3,"STAR Reading Student Growth Percentile(s) (Fall SY27) (counts, 10-pt bins)",Fall to Fall,60-69,14
students,Dawes Elementary School,assessments,STAR Reading,ast-graph-3,"STAR Reading Student Growth Percentile(s) (Fall SY27) (counts, 10-pt bins)",Fall to Fall,70-79,14
students,Dawes Elementary School,assessments,STAR Reading,ast-graph-3,"STAR Reading Student Growth Percentile(s) (Fall SY27) (counts, 10-pt bins)",Fall to Fall,80-89,15
students,Dawes Elementary School,assessments,STAR Reading,ast-graph-3,"STAR Reading Student Growth Percentile(s) (Fall SY27) (counts, 10-pt bins)",Fall to Fall,90-99,31
students,Dawes Elementary School,assessments,STAR Reading,ast-graph-3,"STAR Reading Student Growth Percentile(s) (Fall SY27) (counts, 10-pt bins)",Spring to Fall,0-9,12
students,Dawes Elementary School,assessments,STAR Reading,ast-graph-3,"STAR Reading Student Growth Percentile(s) (Fall SY27) (counts, 10-pt bins)",Spring to Fall,10-19,12
students,Dawes Elementary School,assessments,STAR Reading,ast-graph-3,"STAR Reading Student Growth Percentile(s) (Fall SY27) (counts, 10-pt bins)",Spring to Fall,20-29,17
students,Dawes Elementary School,assessments,STAR Reading,ast-graph-3,"STAR Reading Student Growth Percentile(s) (Fall SY27) (counts, 10-pt bins)",Spring to Fall,30-39,11
students,Dawes Elementary School,assessments,STAR Reading,ast-graph-3,"STAR Reading Student Growth Percentile(s) (Fall SY27) (counts, 10-pt bins)",Spring to Fall,40-49,16
students,Dawes Elementary School,assessments,STAR Reading,ast-graph-3,"STAR Reading Student Growth Percentile(s) (Fall SY27) (counts, 10-pt bins)",Spring to Fall,50-59,11
students,Dawes Elementary School,assessments,STAR Reading,ast-graph-3,"STAR Reading Student Growth Percentile(s) (Fall SY27) (counts, 10-pt bins)",Spring to Fall,60-69,15
students,Dawes Elementary School,assessments,STAR Reading,ast-graph-3,"STAR Reading Student Growth Percentile(s) (Fall SY27) (counts, 10-pt bins)",Spring to Fall,70-79,11
students,Dawes Elementary School,assessments,STAR Reading,ast-graph-3,"STAR Reading Student Growth Percentile(s) (Fall SY27) (counts, 10-pt bins)",Spring to Fall,80-89,17
students,Dawes Elementary School,assessments,STAR Reading,ast-graph-3,"STAR Reading Student Growth Percentile(s) (Fall SY27) (counts, 10-pt bins)",Spring to Fall,90-99,27
students,Dawes Elementary School,assessments,STAR Early Literacy,students-count-ast,summary counts,,Students,126
students,Dawes Elementary School,assessments,STAR Early Literacy,ast-graph-1,STAR Early Literacy Benchmark Category (Fall SY27),Urgent Intervention,Urgent Intervention,10
students,Dawes Elementary School,assessments,STAR Early Literacy,ast-graph-1,STAR Early Literacy Benchmark Category (Fall SY27),Intervention,Intervention,19
students,Dawes Elementary School,assessments,STAR Early Literacy,ast-graph-1,STAR Early Literacy Benchmark Category (Fall SY27),Approaching Benchmark,Approaching Benchmark,47
students,Dawes Elementary School,assessments,STAR Early Literacy,ast-graph-1,STAR Early Literacy Benchmark Category (Fall SY27),At Benchmark,At Benchmark,44
students,Dawes Elementary School,assessments,STAR Early Literacy,ast-graph-1,STAR Early Literacy Benchmark Category (Fall SY27),Above Benchmark,Above Benchmark,6
students,Dawes Elementary School,assessments,STAR Early Literacy,ast-graph-2,"STAR Early Literacy Percentile Rank Distribution (Fall SY27) (counts, 10-pt bins)",,0-9,10
students,Dawes Elementary School,assessments,STAR Early Literacy,ast-graph-2,"STAR Early Literacy Percentile Rank Distribution (Fall SY27) (counts, 10-pt bins)",,10-19,12
students,Dawes Elementary School,assessments,STAR Early Literacy,ast-graph-2,"STAR Early Literacy Percentile Rank Distribution (Fall SY27) (counts, 10-pt bins)",,20-29,14
students,Dawes Elementary School,assessments,STAR Early Literacy,ast-graph-2,"STAR Early Literacy Percentile Rank Distribution (Fall SY27) (counts, 10-pt bins)",,30-39,10
students,Dawes Elementary School,assessments,STAR Early Literacy,ast-graph-2,"STAR Early Literacy Percentile Rank Distribution (Fall SY27) (counts, 10-pt bins)",,40-49,13
students,Dawes Elementary School,assessments,STAR Early Literacy,ast-graph-2,"STAR Early Literacy Percentile Rank Distribution (Fall SY27) (counts, 10-pt bins)",,50-59,11
students,Dawes Elementary School,assessments,STAR Early Literacy,ast-graph-2,"STAR Early Literacy Percentile Rank Distribution (Fall SY27) (counts, 10-pt bins)",,60-69,8
students,Dawes Elementary School,assessments,STAR Early Literacy,ast-graph-2,"STAR Early Literacy Percentile Rank Distribution (Fall SY27) (counts, 10-pt bins)",,70-79,17
students,Dawes Elementary School,assessments,STAR Early Literacy,ast-graph-2,"STAR Early Literacy Percentile Rank Distribution (Fall SY27) (counts, 10-pt bins)",,80-89,8
students,Dawes Elementary School,assessments,STAR Early Literacy,ast-graph-2,"STAR Early Literacy Percentile Rank Distribution (Fall SY27) (counts, 10-pt bins)",,90-99,23
students,Dawes Elementary School,assessments,STAR Early Literacy,ast-graph-3,"STAR Early Literacy Student Growth Percentile(s) (Fall SY27) (counts, 10-pt bins)",Fall to Fall,0-9,3
students,Dawes Elementary School,assessments,STAR Early Literacy,ast-graph-3,"STAR Early Literacy Student Growth Percentile(s) (Fall SY27) (counts, 10-pt bins)",Fall to Fall,10-19,5
students,Dawes Elementary School,assessments,STAR Early Literacy,ast-graph-3,"STAR Early Literacy Student Growth Percentile(s) (Fall SY27) (counts, 10-pt bins)",Fall to Fall,20-29,9
students,Dawes Elementary School,assessments,STAR Early Literacy,ast-graph-3,"STAR Early Literacy Student Growth Percentile(s) (Fall SY27) (counts, 10-pt bins)",Fall to Fall,30-39,7
students,Dawes Elementary School,assessments,STAR Early Literacy,ast-graph-3,"STAR Early Literacy Student Growth Percentile(s) (Fall SY27) (counts, 10-pt bins)",Fall to Fall,40-49,5
students,Dawes Elementary School,assessments,STAR Early Literacy,ast-graph-3,"STAR Early Literacy Student Growth Percentile(s) (Fall SY27) (counts, 10-pt bins)",Fall to Fall,50-59,10
students,Dawes Elementary School,assessments,STAR Early Literacy,ast-graph-3,"STAR Early Literacy Student Growth Percentile(s) (Fall SY27) (counts, 10-pt bins)",Fall to Fall,60-69,7
students,Dawes Elementary School,assessments,STAR Early Literacy,ast-graph-3,"STAR Early Literacy Student Growth Percentile(s) (Fall SY27) (counts, 10-pt bins)",Fall to Fall,70-79,5
students,Dawes Elementary School,assessments,STAR Early Literacy,ast-graph-3,"STAR Early Literacy Student Growth Percentile(s) (Fall SY27) (counts, 10-pt bins)",Fall to Fall,80-89,9
students,Dawes Elementary School,assessments,STAR Early Literacy,ast-graph-3,"STAR Early Literacy Student Growth Percentile(s) (Fall SY27) (counts, 10-pt bins)",Fall to Fall,90-99,20
students,Dawes Elementary School,assessments,STAR Early Literacy,ast-graph-3,"STAR Early Literacy Student Growth Percentile(s) (Fall SY27) (counts, 10-pt bins)",Spring to Fall,0-9,1
students,Dawes Elementary School,assessments,STAR Early Literacy,ast-graph-3,"STAR Early Literacy Student Growth Percentile(s) (Fall SY27) (counts, 10-pt bins)",Spring to Fall,10-19,8
students,Dawes Elementary School,assessments,STAR Early Literacy,ast-graph-3,"STAR Early Literacy Student Growth Percentile(s) (Fall SY27) (counts, 10-pt bins)",Spring to Fall,20-29,7
students,Dawes Elementary School,assessments,STAR Early Literacy,ast-graph-3,"STAR Early Literacy Student Growth Percentile(s) (Fall SY27) (counts, 10-pt bins)",Spring to Fall,30-39,3
students,Dawes Elementary School,assessments,STAR Early Literacy,ast-graph-3,"STAR Early Literacy Student Growth Percentile(s) (Fall SY27) (counts, 10-pt bins)",Spring to Fall,40-49,12
students,Dawes Elementary School,assessments,STAR Early Literacy,ast-graph-3,"STAR Early Literacy Student Growth Percentile(s) (Fall SY27) (counts, 10-pt bins)",Spring to Fall,50-59,10
students,Dawes Elementary School,assessments,STAR Early Literacy,ast-graph-3,"STAR Early Literacy Student Growth Percentile(s) (Fall SY27) (counts, 10-pt bins)",Spring to Fall,60-69,12
students,Dawes Elementary School,assessments,STAR Early Literacy,ast-graph-3,"STAR Early Literacy Student Growth Percentile(s) (Fall SY27) (counts, 10-pt bins)",Spring to Fall,70-79,8
students,Dawes Elementary School,assessments,STAR Early Literacy,ast-graph-3,"STAR Early Literacy Student Growth Percentile(s) (Fall SY27) (counts, 10-pt bins)",Spring to Fall,80-89,4
students,Dawes Elementary School,assessments,STAR Early Literacy,ast-graph-3,"STAR Early Literacy Student Growth Percentile(s) (Fall SY27) (counts, 10-pt bins)",Spring to Fall,90-99,15
students,Dawes Elementary School,assessments,STAR Reading Spanish,students-count-ast,summary counts,,Students,55
students,Dawes Elementary School,assessments,STAR Reading Spanish,ast-graph-1,STAR Reading Spanish Benchmark Category (Fall SY27),Urgent Intervention,Urgent Intervention,7
students,Dawes Elementary School,assessments,STAR Reading Spanish,ast-graph-1,STAR Reading Spanish Benchmark Category (Fall SY27),Intervention,Intervention,15
students,Dawes Elementary School,assessments,STAR Reading Spanish,ast-graph-1,STAR Reading Spanish Benchmark Category (Fall SY27),Approaching Benchmark,Approaching Benchmark,23
students,Dawes Elementary School,assessments,STAR Reading Spanish,ast-graph-1,STAR Reading Spanish Benchmark Category (Fall SY27),At Benchmark,At Benchmark,8
students,Dawes Elementary School,assessments,STAR Reading Spanish,ast-graph-1,STAR Reading Spanish Benchmark Category (Fall SY27),Above Benchmark,Above Benchmark,2
students,Dawes Elementary School,assessments,STAR Reading Spanish,ast-graph-2,"STAR Reading Spanish Percentile Rank Distribution (Fall SY27) (counts, 10-pt bins)",,0-9,7
students,Dawes Elementary School,assessments,STAR Reading Spanish,ast-graph-2,"STAR Reading Spanish Percentile Rank Distribution (Fall SY27) (counts, 10-pt bins)",,10-19,8
students,Dawes Elementary School,assessments,STAR Reading Spanish,ast-graph-2,"STAR Reading Spanish Percentile Rank Distribution (Fall SY27) (counts, 10-pt bins)",,20-29,10
students,Dawes Elementary School,assessments,STAR Reading Spanish,ast-graph-2,"STAR Reading Spanish Percentile Rank Distribution (Fall SY27) (counts, 10-pt bins)",,30-39,5
students,Dawes Elementary School,assessments,STAR Reading Spanish,ast-graph-2,"STAR Reading Spanish Percentile Rank Distribution (Fall SY27) (counts, 10-pt bins)",,40-49,5
students,Dawes Elementary School,assessments,STAR Reading Spanish,ast-graph-2,"STAR Reading Spanish Percentile Rank Distribution (Fall SY27) (counts, 10-pt bins)",,50-59,6
students,Dawes Elementary School,assessments,STAR Reading Spanish,ast-graph-2,"STAR Reading Spanish Percentile Rank Distribution (Fall SY27) (counts, 10-pt bins)",,60-69,5
students,Dawes Elementary School,assessments,STAR Reading Spanish,ast-graph-2,"STAR Reading Spanish Percentile Rank Distribution (Fall SY27) (counts, 10-pt bins)",,70-79,3
students,Dawes Elementary School,assessments,STAR Reading Spanish,ast-graph-2,"STAR Reading Spanish Percentile Rank Distribution (Fall SY27) (counts, 10-pt bins)",,90-99,6
students,Dawes Elementary School,assessments,STAR Reading Spanish,ast-graph-3,"STAR Reading Spanish Student Growth Percentile(s) (Fall SY27) (counts, 10-pt bins)",Fall to Fall,0-9,4
students,Dawes Elementary School,assessments,STAR Reading Spanish,ast-graph-3,"STAR Reading Spanish Student Growth Percentile(s) (Fall SY27) (counts, 10-pt bins)",Fall to Fall,10-19,8
students,Dawes Elementary School,assessments,STAR Reading Spanish,ast-graph-3,"STAR Reading Spanish Student Growth Percentile(s) (Fall SY27) (counts, 10-pt bins)",Fall to Fall,20-29,5
students,Dawes Elementary School,assessments,STAR Reading Spanish,ast-graph-3,"STAR Reading Spanish Student Growth Percentile(s) (Fall SY27) (counts, 10-pt bins)",Fall to Fall,30-39,9
students,Dawes Elementary School,assessments,STAR Reading Spanish,ast-graph-3,"STAR Reading Spanish Student Growth Percentile(s) (Fall SY27) (counts, 10-pt bins)",Fall to Fall,40-49,5
students,Dawes Elementary School,assessments,STAR Reading Spanish,ast-graph-3,"STAR Reading Spanish Student Growth Percentile(s) (Fall SY27) (counts, 10-pt bins)",Fall to Fall,50-59,4
students,Dawes Elementary School,assessments,STAR Reading Spanish,ast-graph-3,"STAR Reading Spanish Student Growth Percentile(s) (Fall SY27) (counts, 10-pt bins)",Fall to Fall,60-69,7
students,Dawes Elementary School,assessments,STAR Reading Spanish,ast-graph-3,"STAR Reading Spanish Student Growth Percentile(s) (Fall SY27) (counts, 10-pt bins)",Fall to Fall,70-79,3
students,Dawes Elementary School,assessments,STAR Reading Spanish,ast-graph-3,"STAR Reading Spanish Student Growth Percentile(s) (Fall SY27) (counts, 10-pt bins)",Fall to Fall,80-89,4
students,Dawes Elementary School,assessments,STAR Reading Spanish,ast-graph-3,"STAR Reading Spanish Student Growth Percentile(s) (Fall SY27) (counts, 10-pt bins)",Fall to Fall,90-99,2
students,Dawes Elementary School,assessments,STAR Reading Spanish,ast-graph-3,"STAR Reading Spanish Student Growth Percentile(s) (Fall SY27) (counts, 10-pt bins)",Spring to Fall,0-9,4
students,Dawes Elementary School,assessments,STAR Reading Spanish,ast-graph-3,"STAR Reading Spanish Student Growth Percentile(s) (Fall SY27) (counts, 10-pt bins)",Spring to Fall,10-19,10
students,Dawes Elementary School,assessments,STAR Reading Spanish,ast-graph-3,"STAR Reading Spanish Student Growth Percentile(s) (Fall SY27) (counts, 10-pt bins)",Spring to Fall,20-29,6
students,Dawes Elementary School,assessments,STAR Reading Spanish,ast-graph-3,"STAR Reading Spanish Student Growth Percentile(s) (Fall SY27) (counts, 10-pt bins)",Spring to Fall,30-39,5
students,Dawes Elementary School,assessments,STAR Reading Spanish,ast-graph-3,"STAR Reading Spanish Student Growth Percentile(s) (Fall SY27) (counts, 10-pt bins)",Spring to Fall,40-49,5
students,Dawes Elementary School,assessments,STAR Reading Spanish,ast-graph-3,"STAR Reading Spanish Student Growth Percentile(s) (Fall SY27) (counts, 10-pt bins)",Spring to Fall,50-59,3
students,Dawes Elementary School,assessments,STAR Reading Spanish,ast-graph-3,"STAR Reading Spanish Student Growth Percentile(s) (Fall SY27) (counts, 10-pt bins)",Spring to Fall,60-69,4
students,Dawes Elementary School,assessments,STAR Reading Spanish,ast-graph-3,"STAR Reading Spanish Student Growth Percentile(s) (Fall SY27) (counts, 10-pt bins)",Spring to Fall,70-79,5
students,Dawes Elementary School,assessments,STAR Reading Spanish,ast-graph-3,"STAR Reading Spanish Student Growth Percentile(s) (Fall SY27) (counts, 10-pt bins)",Spring to Fall,80-89,5
students,Dawes Elementary School,assessments,STAR Reading Spanish,ast-graph-3,"STAR Reading Spanish Student Growth Percentile(s) (Fall SY27) (counts, 10-pt bins)",Spring to Fall,90-99,6
students,Dawes Elementary School,assessments,STAR Early Literacy Spanish,students-count-ast,summary counts,,Students,59
students,Dawes Elementary School,assessments,STAR Early Literacy Spanish,ast-graph-1,STAR Early Literacy Spanish Benchmark Category (Fall SY27),Urgent Intervention,Urgent Intervention,3
students,Dawes Elementary School,assessments,STAR Early Literacy Spanish,ast-graph-1,STAR Early Literacy Spanish Benchmark Category (Fall SY27),Intervention,Intervention,3
students,Dawes Elementary School,assessments,STAR Early Literacy Spanish,ast-graph-1,STAR Early Literacy Spanish Benchmark Category (Fall SY27),Approaching Benchmark,Approaching Benchmark,13
students,Dawes Elementary School,assessments,STAR Early Literacy Spanish,ast-graph-1,STAR Early Literacy Spanish Benchmark Category (Fall SY27),At Benchmark,At Benchmark,34
students,Dawes Elementary School,assessments,STAR Early Literacy Spanish,ast-graph-1,STAR Early Literacy Spanish Benchmark Category (Fall SY27),Above Benchmark,Above Benchmark,6
students,Dawes Elementary School,assessments,STAR Early Literacy Spanish,ast-graph-2,"STAR Early Literacy Spanish Percentile Rank Distribution (Fall SY27) (counts, 10-pt bins)",,0-9,3
students,Dawes Elementary School,assessments,STAR Early Literacy Spanish,ast-graph-2,"STAR Early Literacy Spanish Percentile Rank Distribution (Fall SY27) (counts, 10-pt bins)",,10-19,1
students,Dawes Elementary School,assessments,STAR Early Literacy Spanish,ast-graph-2,"STAR Early Literacy Spanish Percentile Rank Distribution (Fall SY27) (counts, 10-pt bins)",,20-29,3
students,Dawes Elementary School,assessments,STAR Early Literacy Spanish,ast-graph-2,"STAR Early Literacy Spanish Percentile Rank Distribution (Fall SY27) (counts, 10-pt bins)",,30-39,1
students,Dawes Elementary School,assessments,STAR Early Literacy Spanish,ast-graph-2,"STAR Early Literacy Spanish Percentile Rank Distribution (Fall SY27) (counts, 10-pt bins)",,40-49,3
students,Dawes Elementary School,assessments,STAR Early Literacy Spanish,ast-graph-2,"STAR Early Literacy Spanish Percentile Rank Distribution (Fall SY27) (counts, 10-pt bins)",,50-59,4
students,Dawes Elementary School,assessments,STAR Early Literacy Spanish,ast-graph-2,"STAR Early Literacy Spanish Percentile Rank Distribution (Fall SY27) (counts, 10-pt bins)",,60-69,5
students,Dawes Elementary School,assessments,STAR Early Literacy Spanish,ast-graph-2,"STAR Early Literacy Spanish Percentile Rank Distribution (Fall SY27) (counts, 10-pt bins)",,70-79,13
students,Dawes Elementary School,assessments,STAR Early Literacy Spanish,ast-graph-2,"STAR Early Literacy Spanish Percentile Rank Distribution (Fall SY27) (counts, 10-pt bins)",,80-89,10
students,Dawes Elementary School,assessments,STAR Early Literacy Spanish,ast-graph-2,"STAR Early Literacy Spanish Percentile Rank Distribution (Fall SY27) (counts, 10-pt bins)",,90-99,16
students,Dawes Elementary School,assessments,STAR Early Literacy Spanish,ast-graph-3,"STAR Early Literacy Spanish Student Growth Percentile(s) (Fall SY27) (counts, 10-pt bins)",Fall to Fall,0-9,3
students,Dawes Elementary School,assessments,STAR Early Literacy Spanish,ast-graph-3,"STAR Early Literacy Spanish Student Growth Percentile(s) (Fall SY27) (counts, 10-pt bins)",Fall to Fall,10-19,1
students,Dawes Elementary School,assessments,STAR Early Literacy Spanish,ast-graph-3,"STAR Early Literacy Spanish Student Growth Percentile(s) (Fall SY27) (counts, 10-pt bins)",Fall to Fall,20-29,1
students,Dawes Elementary School,assessments,STAR Early Literacy Spanish,ast-graph-3,"STAR Early Literacy Spanish Student Growth Percentile(s) (Fall SY27) (counts, 10-pt bins)",Fall to Fall,30-39,1
students,Dawes Elementary School,assessments,STAR Early Literacy Spanish,ast-graph-3,"STAR Early Literacy Spanish Student Growth Percentile(s) (Fall SY27) (counts, 10-pt bins)",Fall to Fall,40-49,1
students,Dawes Elementary School,assessments,STAR Early Literacy Spanish,ast-graph-3,"STAR Early Literacy Spanish Student Growth Percentile(s) (Fall SY27) (counts, 10-pt bins)",Fall to Fall,50-59,1
students,Dawes Elementary School,assessments,STAR Early Literacy Spanish,ast-graph-3,"STAR Early Literacy Spanish Student Growth Percentile(s) (Fall SY27) (counts, 10-pt bins)",Fall to Fall,60-69,6
students,Dawes Elementary School,assessments,STAR Early Literacy Spanish,ast-graph-3,"STAR Early Literacy Spanish Student Growth Percentile(s) (Fall SY27) (counts, 10-pt bins)",Fall to Fall,70-79,4
students,Dawes Elementary School,assessments,STAR Early Literacy Spanish,ast-graph-3,"STAR Early Literacy Spanish Student Growth Percentile(s) (Fall SY27) (counts, 10-pt bins)",Fall to Fall,80-89,12
students,Dawes Elementary School,assessments,STAR Early Literacy Spanish,ast-graph-3,"STAR Early Literacy Spanish Student Growth Percentile(s) (Fall SY27) (counts, 10-pt bins)",Fall to Fall,90-99,8
students,Dawes Elementary School,assessments,STAR Early Literacy Spanish,ast-graph-3,"STAR Early Literacy Spanish Student Growth Percentile(s) (Fall SY27) (counts, 10-pt bins)",Spring to Fall,0-9,4
students,Dawes Elementary School,assessments,STAR Early Literacy Spanish,ast-graph-3,"STAR Early Literacy Spanish Student Growth Percentile(s) (Fall SY27) (counts, 10-pt bins)",Spring to Fall,10-19,1
students,Dawes Elementary School,assessments,STAR Early Literacy Spanish,ast-graph-3,"STAR Early Literacy Spanish Student Growth Percentile(s) (Fall SY27) (counts, 10-pt bins)",Spring to Fall,20-29,3
students,Dawes Elementary School,assessments,STAR Early Literacy Spanish,ast-graph-3,"STAR Early Literacy Spanish Student Growth Percentile(s) (Fall SY27) (counts, 10-pt bins)",Spring to Fall,30-39,4
students,Dawes Elementary School,assessments,STAR Early Literacy Spanish,ast-graph-3,"STAR Early Literacy Spanish Student Growth Percentile(s) (Fall SY27) (counts, 10-pt bins)",Spring to Fall,40-49,2
students,Dawes Elementary School,assessments,STAR Early Literacy Spanish,ast-graph-3,"STAR Early Literacy Spanish Student Growth Percentile(s) (Fall SY27) (counts, 10-pt bins)",Spring to Fall,50-59,5
students,Dawes Elementary School,assessments,STAR Early Literacy Spanish,ast-graph-3,"STAR Early Literacy Spanish Student Growth Percentile(s) (Fall SY27) (counts, 10-pt bins)",Spring to Fall,60-69,1
students,Dawes Elementary School,assessments,STAR Early Literacy Spanish,ast-graph-3,"STAR Early Literacy Spanish Student Growth Percentile(s) (Fall SY27) (counts, 10-pt bins)",Spring to Fall,70-79,8
students,Dawes Elementary School,assessments,STAR Early Literacy Spanish,ast-graph-3,"STAR Early Literacy Spanish Student Growth Percentile(s) (Fall SY27) (counts, 10-pt bins)",Spring to Fall,80-89,2
students,Dawes Elementary School,assessments,STAR Early Literacy Spanish,ast-graph-3,"STAR Early Literacy Spanish Student Growth Percentile(s) (Fall SY27) (counts, 10-pt bins)",Spring to Fall,90-99,7
students,Dawes Elementary School,assessments,i-Ready Math,students-count-ast,summary counts,,Students,284
students,Dawes Elementary School,assessments,i-Ready Math,ast-graph-1,i-Ready Math — Overall Relative Placement,3 or More Grade Levels Below,3 or More Grade Levels Below,11
students,Dawes Elementary School,assessments,i-Ready Math,ast-graph-1,i-Ready Math — Overall Relative Placement,2 Grade Levels Below,2 Grade Levels Below,37
students,Dawes Elementary School,assessments,i-Ready Math,ast-graph-1,i-Ready Math — Overall Relative Placement,1 Grade Level Below,1 Grade Level Below,171
students,Dawes Elementary School,assessments,i-Ready Math,ast-graph-1,i-Ready Math — Overall Relative Placement,Early On Grade Level,Early On Grade Level,29
students,Dawes Elementary School,assessments,i-Ready Math,ast-graph-1,i-Ready Math — Overall Relative Placement,Mid or Above Grade Level,Mid or Above Grade Level,36
students,Dawes Elementary School,assessments,i-Ready Math,ast-graph-2,"i-Ready Math — Percentile Distribution (counts, 10-pt bins)",,0-9,11
students,Dawes Elementary School,assessments,i-Ready Math,ast-graph-2,"i-Ready Math — Percentile Distribution (counts, 10-pt bins)",,10-19,20
students,Dawes Elementary School,assessments,i-Ready Math,ast-graph-2,"i-Ready Math — Percentile Distribution (counts, 10-pt bins)",,20-29,26
students,Dawes Elementary School,assessments,i-Ready Math,ast-graph-2,"i-Ready Math — Percentile Distribution (counts, 10-pt bins)",,30-39,32
students,Dawes Elementary School,assessments,i-Ready Math,ast-graph-2,"i-Ready Math — Percentile Distribution (counts, 10-pt bins)",,40-49,21
students,Dawes Elementary School,assessments,i-Ready Math,ast-graph-2,"i-Ready Math — Percentile Distribution (counts, 10-pt bins)",,50-59,35
students,Dawes Elementary School,assessments,i-Ready Math,ast-graph-2,"i-Ready Math — Percentile Distribution (counts, 10-pt bins)",,60-69,38
students,Dawes Elementary School,assessments,i-Ready Math,ast-graph-2,"i-Ready Math — Percentile Distribution (counts, 10-pt bins)",,70-79,27
students,Dawes Elementary School,assessments,i-Ready Math,ast-graph-2,"i-Ready Math — Percentile Distribution (counts, 10-pt bins)",,80-89,27
students,Dawes Elementary School,assessments,i-Ready Math,ast-graph-2,"i-Ready Math — Percentile Distribution (counts, 10-pt bins)",,90-99,47
students,Dawes Elementary School,assessments,i-Ready Math,ast-graph-3,"i-Ready Math — Percent Progress to Annual Typical Growth (counts, 10-pt bins)",,0-9,284
students,Dewey Elementary School,home,,home-iep,IEP Status,,Has IEP,50
students,Dewey Elementary School,home,,home-iep,IEP Status,,No IEP,264
students,Dewey Elementary School,home,,home-lep,EL Status,,EL,42
students,Dewey Elementary School,home,,home-lep,EL Status,,Not EL,272
students,Dewey Elementary School,home,,home-race,Race/Ethnicity,,Asian,19
students,Dewey Elementary School,home,,home-race,Race/Ethnicity,,Black or African American,47
students,Dewey Elementary School,home,,home-race,Race/Ethnicity,,Hispanic or Latino,69
students,Dewey Elementary School,home,,home-race,Race/Ethnicity,,Multi-racial,40
students,Dewey Elementary School,home,,home-race,Race/Ethnicity,,White,134
students,Dewey Elementary School,home,,home-race,Race/Ethnicity,,Other*,5
students,Dewey Elementary School,home,,home-incidents,Incidents - SY27,,LVL1,13
students,Dewey Elementary School,home,,home-incidents,Incidents - SY27,,LVL2,6
students,Dewey Elementary School,home,,home-incidents,Incidents - SY27,,LVL3,14
students,Dewey Elementary School,home,,home-grade,Grade Level,,0,47
students,Dewey Elementary School,home,,home-grade,Grade Level,,1,56
students,Dewey Elementary School,home,,home-grade,Grade Level,,2,45
students,Dewey Elementary School,home,,home-grade,Grade Level,,3,52
students,Dewey Elementary School,home,,home-grade,Grade Level,,4,64
students,Dewey Elementary School,home,,home-grade,Grade Level,,5,50
students,Dewey Elementary School,home,,home-twi,TWI Status,,TWE,49
students,Dewey Elementary School,home,,home-twi,TWI Status,,TWS,26
students,Dewey Elementary School,home,,home-twi,TWI Status,,TWX,26
students,Dewey Elementary School,home,,home-ada,ADA,,value,95.62
students,Dewey Elementary School,home,,home-enrollment,Enrollment,,value,314
students,Dewey Elementary School,attendance,,students-count-att,summary counts,,Students,314
students,Dewey Elementary School,attendance,,students-count-att,summary counts,,IEP,50
students,Dewey Elementary School,attendance,,students-count-att,summary counts,,EL,42
students,Dewey Elementary School,attendance,,att-ada,ADA,,value,95.62
students,Dewey Elementary School,attendance,,att-cron-abs,Chronic Absenteeism (%),,value,11.46
students,Dewey Elementary School,attendance,,att-distribution,"Attendance Rate Distribution (counts, 10-pt bins)",,0-9,3
students,Dewey Elementary School,attendance,,att-distribution,"Attendance Rate Distribution (counts, 10-pt bins)",,40-49,1
students,Dewey Elementary School,attendance,,att-distribution,"Attendance Rate Distribution (counts, 10-pt bins)",,60-69,1
students,Dewey Elementary School,attendance,,att-distribution,"Attendance Rate Distribution (counts, 10-pt bins)",,70-79,1
students,Dewey Elementary School,attendance,,att-distribution,"Attendance Rate Distribution (counts, 10-pt bins)",,80-89,30
students,Dewey Elementary School,attendance,,att-distribution,"Attendance Rate Distribution (counts, 10-pt bins)",,90-99,98
students,Dewey Elementary School,attendance,,att-distribution,"Attendance Rate Distribution (counts, 10-pt bins)",,100+,180
students,Dewey Elementary School,discipline,,students-count-discipline,summary counts,,Incidents,33
students,Dewey Elementary School,discipline,,students-count-discipline,summary counts,,Students,17
students,Dewey Elementary School,discipline,,students-count-discipline,summary counts,,Minor Incidents,19
students,Dewey Elementary School,discipline,,students-count-discipline,summary counts,,Major Incidents,14
students,Dewey Elementary School,discipline,,school,Incidents by School,,Dewey Elementary School,33
students,Dewey Elementary School,discipline,,lvl,Incident Types,,LVL1,13
students,Dewey Elementary School,discipline,,lvl,Incident Types,,LVL2,6
students,Dewey Elementary School,discipline,,lvl,Incident Types,,LVL3,14
students,Dewey Elementary School,discipline,,months,Incidents by Month,,August,5
students,Dewey Elementary School,discipline,,months,Incidents by Month,,September,28
students,Dewey Elementary School,discipline,,race,Incidents by Race/Ethnicity,,American Indian or Alaska Native,6
students,Dewey Elementary School,discipline,,race,Incidents by Race/Ethnicity,,Asian,1
students,Dewey Elementary School,discipline,,race,Incidents by Race/Ethnicity,,Black or African American,13
students,Dewey Elementary School,discipline,,race,Incidents by Race/Ethnicity,,Hispanic or Latino,7
students,Dewey Elementary School,discipline,,race,Incidents by Race/Ethnicity,,Multi-racial,1
students,Dewey Elementary School,discipline,,race,Incidents by Race/Ethnicity,,White,5
students,Dewey Elementary School,discipline,,grade,Incidents by Grade,,0,11
students,Dewey Elementary School,discipline,,grade,Incidents by Grade,,1,3
students,Dewey Elementary School,discipline,,grade,Incidents by Grade,,2,3
students,Dewey Elementary School,discipline,,grade,Incidents by Grade,,3,7
students,Dewey Elementary School,discipline,,grade,Incidents by Grade,,4,9
students,Dewey Elementary School,assessments,STAR Reading,students-count-ast,summary counts,,Students,162
students,Dewey Elementary School,assessments,STAR Reading,ast-graph-1,STAR Reading Benchmark Category (Fall SY27),Urgent Intervention,Urgent Intervention,8
students,Dewey Elementary School,assessments,STAR Reading,ast-graph-1,STAR Reading Benchmark Category (Fall SY27),Intervention,Intervention,12
students,Dewey Elementary School,assessments,STAR Reading,ast-graph-1,STAR Reading Benchmark Category (Fall SY27),Approaching Benchmark,Approaching Benchmark,56
students,Dewey Elementary School,assessments,STAR Reading,ast-graph-1,STAR Reading Benchmark Category (Fall SY27),At Benchmark,At Benchmark,66
students,Dewey Elementary School,assessments,STAR Reading,ast-graph-1,STAR Reading Benchmark Category (Fall SY27),Above Benchmark,Above Benchmark,20
students,Dewey Elementary School,assessments,STAR Reading,ast-graph-2,"STAR Reading Percentile Rank Distribution (Fall SY27) (counts, 10-pt bins)",,0-9,8
students,Dewey Elementary School,assessments,STAR Reading,ast-graph-2,"STAR Reading Percentile Rank Distribution (Fall SY27) (counts, 10-pt bins)",,10-19,9
students,Dewey Elementary School,assessments,STAR Reading,ast-graph-2,"STAR Reading Percentile Rank Distribution (Fall SY27) (counts, 10-pt bins)",,20-29,11
students,Dewey Elementary School,assessments,STAR Reading,ast-graph-2,"STAR Reading Percentile Rank Distribution (Fall SY27) (counts, 10-pt bins)",,30-39,5
students,Dewey Elementary School,assessments,STAR Reading,ast-graph-2,"STAR Reading Percentile Rank Distribution (Fall SY27) (counts, 10-pt bins)",,40-49,10
students,Dewey Elementary School,assessments,STAR Reading,ast-graph-2,"STAR Reading Percentile Rank Distribution (Fall SY27) (counts, 10-pt bins)",,50-59,20
students,Dewey Elementary School,assessments,STAR Reading,ast-graph-2,"STAR Reading Percentile Rank Distribution (Fall SY27) (counts, 10-pt bins)",,60-69,20
students,Dewey Elementary School,assessments,STAR Reading,ast-graph-2,"STAR Reading Percentile Rank Distribution (Fall SY27) (counts, 10-pt bins)",,70-79,16
students,Dewey Elementary School,assessments,STAR Reading,ast-graph-2,"STAR Reading Percentile Rank Distribution (Fall SY27) (counts, 10-pt bins)",,80-89,17
students,Dewey Elementary School,assessments,STAR Reading,ast-graph-2,"STAR Reading Percentile Rank Distribution (Fall SY27) (counts, 10-pt bins)",,90-99,46
students,Dewey Elementary School,assessments,STAR Reading,ast-graph-3,"STAR Reading Student Growth Percentile(s) (Fall SY27) (counts, 10-pt bins)",Fall to Fall,0-9,12
students,Dewey Elementary School,assessments,STAR Reading,ast-graph-3,"STAR Reading Student Growth Percentile(s) (Fall SY27) (counts, 10-pt bins)",Fall to Fall,10-19,10
students,Dewey Elementary School,assessments,STAR Reading,ast-graph-3,"STAR Reading Student Growth Percentile(s) (Fall SY27) (counts, 10-pt bins)",Fall to Fall,20-29,14
students,Dewey Elementary School,assessments,STAR Reading,ast-graph-3,"STAR Reading Student Growth Percentile(s) (Fall SY27) (counts, 10-pt bins)",Fall to Fall,30-39,7
students,Dewey Elementary School,assessments,STAR Reading,ast-graph-3,"STAR Reading Student Growth Percentile(s) (Fall SY27) (counts, 10-pt bins)",Fall to Fall,40-49,11
students,Dewey Elementary School,assessments,STAR Reading,ast-graph-3,"STAR Reading Student Growth Percentile(s) (Fall SY27) (counts, 10-pt bins)",Fall to Fall,50-59,8
students,Dewey Elementary School,assessments,STAR Reading,ast-graph-3,"STAR Reading Student Growth Percentile(s) (Fall SY27) (counts, 10-pt bins)",Fall to Fall,60-69,15
students,Dewey Elementary School,assessments,STAR Reading,ast-graph-3,"STAR Reading Student Growth Percentile(s) (Fall SY27) (counts, 10-pt bins)",Fall to Fall,70-79,22
students,Dewey Elementary School,assessments,STAR Reading,ast-graph-3,"STAR Reading Student Growth Percentile(s) (Fall SY27) (counts, 10-pt bins)",Fall to Fall,80-89,18
students,Dewey Elementary School,assessments,STAR Reading,ast-graph-3,"STAR Reading Student Growth Percentile(s) (Fall SY27) (counts, 10-pt bins)",Fall to Fall,90-99,32
students,Dewey Elementary School,assessments,STAR Reading,ast-graph-3,"STAR Reading Student Growth Percentile(s) (Fall SY27) (counts, 10-pt bins)",Spring to Fall,0-9,14
students,Dewey Elementary School,assessments,STAR Reading,ast-graph-3,"STAR Reading Student Growth Percentile(s) (Fall SY27) (counts, 10-pt bins)",Spring to Fall,10-19,10
students,Dewey Elementary School,assessments,STAR Reading,ast-graph-3,"STAR Reading Student Growth Percentile(s) (Fall SY27) (counts, 10-pt bins)",Spring to Fall,20-29,19
students,Dewey Elementary School,assessments,STAR Reading,ast-graph-3,"STAR Reading Student Growth Percentile(s) (Fall SY27) (counts, 10-pt bins)",Spring to Fall,30-39,10
students,Dewey Elementary School,assessments,STAR Reading,ast-graph-3,"STAR Reading Student Growth Percentile(s) (Fall SY27) (counts, 10-pt bins)",Spring to Fall,40-49,11
students,Dewey Elementary School,assessments,STAR Reading,ast-graph-3,"STAR Reading Student Growth Percentile(s) (Fall SY27) (counts, 10-pt bins)",Spring to Fall,50-59,7
students,Dewey Elementary School,assessments,STAR Reading,ast-graph-3,"STAR Reading Student Growth Percentile(s) (Fall SY27) (counts, 10-pt bins)",Spring to Fall,60-69,18
students,Dewey Elementary School,assessments,STAR Reading,ast-graph-3,"STAR Reading Student Growth Percentile(s) (Fall SY27) (counts, 10-pt bins)",Spring to Fall,70-79,16
students,Dewey Elementary School,assessments,STAR Reading,ast-graph-3,"STAR Reading Student Growth Percentile(s) (Fall SY27) (counts, 10-pt bins)",Spring to Fall,80-89,17
students,Dewey Elementary School,assessments,STAR Reading,ast-graph-3,"STAR Reading Student Growth Percentile(s) (Fall SY27) (counts, 10-pt bins)",Spring to Fall,90-99,25
students,Dewey Elementary School,assessments,STAR Early Literacy,students-count-ast,summary counts,,Students,144
students,Dewey Elementary School,assessments,STAR Early Literacy,ast-graph-1,STAR Early Literacy Benchmark Category (Fall SY27),Urgent Intervention,Urgent Intervention,11
students,Dewey Elementary School,assessments,STAR Early Literacy,ast-graph-1,STAR Early Literacy Benchmark Category (Fall SY27),Intervention,Intervention,11
students,Dewey Elementary School,assessments,STAR Early Literacy,ast-graph-1,STAR Early Literacy Benchmark Category (Fall SY27),Approaching Benchmark,Approaching Benchmark,37
students,Dewey Elementary School,assessments,STAR Early Literacy,ast-graph-1,STAR Early Literacy Benchmark Category (Fall SY27),At Benchmark,At Benchmark,71
students,Dewey Elementary School,assessments,STAR Early Literacy,ast-graph-1,STAR Early Literacy Benchmark Category (Fall SY27),Above Benchmark,Above Benchmark,14
students,Dewey Elementary School,assessments,STAR Early Literacy,ast-graph-2,"STAR Early Literacy Percentile Rank Distribution (Fall SY27) (counts, 10-pt bins)",,0-9,10
students,Dewey Elementary School,assessments,STAR Early Literacy,ast-graph-2,"STAR Early Literacy Percentile Rank Distribution (Fall SY27) (counts, 10-pt bins)",,10-19,8
students,Dewey Elementary School,assessments,STAR Early Literacy,ast-graph-2,"STAR Early Literacy Percentile Rank Distribution (Fall SY27) (counts, 10-pt bins)",,20-29,7
students,Dewey Elementary School,assessments,STAR Early Literacy,ast-graph-2,"STAR Early Literacy Percentile Rank Distribution (Fall SY27) (counts, 10-pt bins)",,30-39,7
students,Dewey Elementary School,assessments,STAR Early Literacy,ast-graph-2,"STAR Early Literacy Percentile Rank Distribution (Fall SY27) (counts, 10-pt bins)",,40-49,11
students,Dewey Elementary School,assessments,STAR Early Literacy,ast-graph-2,"STAR Early Literacy Percentile Rank Distribution (Fall SY27) (counts, 10-pt bins)",,50-59,9
students,Dewey Elementary School,assessments,STAR Early Literacy,ast-graph-2,"STAR Early Literacy Percentile Rank Distribution (Fall SY27) (counts, 10-pt bins)",,60-69,14
students,Dewey Elementary School,assessments,STAR Early Literacy,ast-graph-2,"STAR Early Literacy Percentile Rank Distribution (Fall SY27) (counts, 10-pt bins)",,70-79,20
students,Dewey Elementary School,assessments,STAR Early Literacy,ast-graph-2,"STAR Early Literacy Percentile Rank Distribution (Fall SY27) (counts, 10-pt bins)",,80-89,21
students,Dewey Elementary School,assessments,STAR Early Literacy,ast-graph-2,"STAR Early Literacy Percentile Rank Distribution (Fall SY27) (counts, 10-pt bins)",,90-99,37
students,Dewey Elementary School,assessments,STAR Early Literacy,ast-graph-3,"STAR Early Literacy Student Growth Percentile(s) (Fall SY27) (counts, 10-pt bins)",Fall to Fall,0-9,5
students,Dewey Elementary School,assessments,STAR Early Literacy,ast-graph-3,"STAR Early Literacy Student Growth Percentile(s) (Fall SY27) (counts, 10-pt bins)",Fall to Fall,10-19,7
students,Dewey Elementary School,assessments,STAR Early Literacy,ast-graph-3,"STAR Early Literacy Student Growth Percentile(s) (Fall SY27) (counts, 10-pt bins)",Fall to Fall,20-29,4
students,Dewey Elementary School,assessments,STAR Early Literacy,ast-graph-3,"STAR Early Literacy Student Growth Percentile(s) (Fall SY27) (counts, 10-pt bins)",Fall to Fall,30-39,6
students,Dewey Elementary School,assessments,STAR Early Literacy,ast-graph-3,"STAR Early Literacy Student Growth Percentile(s) (Fall SY27) (counts, 10-pt bins)",Fall to Fall,40-49,3
students,Dewey Elementary School,assessments,STAR Early Literacy,ast-graph-3,"STAR Early Literacy Student Growth Percentile(s) (Fall SY27) (counts, 10-pt bins)",Fall to Fall,50-59,9
students,Dewey Elementary School,assessments,STAR Early Literacy,ast-graph-3,"STAR Early Literacy Student Growth Percentile(s) (Fall SY27) (counts, 10-pt bins)",Fall to Fall,60-69,10
students,Dewey Elementary School,assessments,STAR Early Literacy,ast-graph-3,"STAR Early Literacy Student Growth Percentile(s) (Fall SY27) (counts, 10-pt bins)",Fall to Fall,70-79,8
students,Dewey Elementary School,assessments,STAR Early Literacy,ast-graph-3,"STAR Early Literacy Student Growth Percentile(s) (Fall SY27) (counts, 10-pt bins)",Fall to Fall,80-89,10
students,Dewey Elementary School,assessments,STAR Early Literacy,ast-graph-3,"STAR Early Literacy Student Growth Percentile(s) (Fall SY27) (counts, 10-pt bins)",Fall to Fall,90-99,24
students,Dewey Elementary School,assessments,STAR Early Literacy,ast-graph-3,"STAR Early Literacy Student Growth Percentile(s) (Fall SY27) (counts, 10-pt bins)",Spring to Fall,0-9,7
students,Dewey Elementary School,assessments,STAR Early Literacy,ast-graph-3,"STAR Early Literacy Student Growth Percentile(s) (Fall SY27) (counts, 10-pt bins)",Spring to Fall,10-19,6
students,Dewey Elementary School,assessments,STAR Early Literacy,ast-graph-3,"STAR Early Literacy Student Growth Percentile(s) (Fall SY27) (counts, 10-pt bins)",Spring to Fall,20-29,4
students,Dewey Elementary School,assessments,STAR Early Literacy,ast-graph-3,"STAR Early Literacy Student Growth Percentile(s) (Fall SY27) (counts, 10-pt bins)",Spring to Fall,30-39,7
students,Dewey Elementary School,assessments,STAR Early Literacy,ast-graph-3,"STAR Early Literacy Student Growth Percentile(s) (Fall SY27) (counts, 10-pt bins)",Spring to Fall,40-49,9
students,Dewey Elementary School,assessments,STAR Early Literacy,ast-graph-3,"STAR Early Literacy Student Growth Percentile(s) (Fall SY27) (counts, 10-pt bins)",Spring to Fall,50-59,9
students,Dewey Elementary School,assessments,STAR Early Literacy,ast-graph-3,"STAR Early Literacy Student Growth Percentile(s) (Fall SY27) (counts, 10-pt bins)",Spring to Fall,60-69,9
students,Dewey Elementary School,assessments,STAR Early Literacy,ast-graph-3,"STAR Early Literacy Student Growth Percentile(s) (Fall SY27) (counts, 10-pt bins)",Spring to Fall,70-79,8
students,Dewey Elementary School,assessments,STAR Early Literacy,ast-graph-3,"STAR Early Literacy Student Growth Percentile(s) (Fall SY27) (counts, 10-pt bins)",Spring to Fall,80-89,7
students,Dewey Elementary School,assessments,STAR Early Literacy,ast-graph-3,"STAR Early Literacy Student Growth Percentile(s) (Fall SY27) (counts, 10-pt bins)",Spring to Fall,90-99,20
students,Dewey Elementary School,assessments,STAR Reading Spanish,students-count-ast,summary counts,,Students,45
students,Dewey Elementary School,assessments,STAR Reading Spanish,ast-graph-1,STAR Reading Spanish Benchmark Category (Fall SY27),Urgent Intervention,Urgent Intervention,12
students,Dewey Elementary School,assessments,STAR Reading Spanish,ast-graph-1,STAR Reading Spanish Benchmark Category (Fall SY27),Intervention,Intervention,7
students,Dewey Elementary School,assessments,STAR Reading Spanish,ast-graph-1,STAR Reading Spanish Benchmark Category (Fall SY27),Approaching Benchmark,Approaching Benchmark,20
students,Dewey Elementary School,assessments,STAR Reading Spanish,ast-graph-1,STAR Reading Spanish Benchmark Category (Fall SY27),At Benchmark,At Benchmark,6
students,Dewey Elementary School,assessments,STAR Reading Spanish,ast-graph-2,"STAR Reading Spanish Percentile Rank Distribution (Fall SY27) (counts, 10-pt bins)",,0-9,11
students,Dewey Elementary School,assessments,STAR Reading Spanish,ast-graph-2,"STAR Reading Spanish Percentile Rank Distribution (Fall SY27) (counts, 10-pt bins)",,10-19,5
students,Dewey Elementary School,assessments,STAR Reading Spanish,ast-graph-2,"STAR Reading Spanish Percentile Rank Distribution (Fall SY27) (counts, 10-pt bins)",,20-29,6
students,Dewey Elementary School,assessments,STAR Reading Spanish,ast-graph-2,"STAR Reading Spanish Percentile Rank Distribution (Fall SY27) (counts, 10-pt bins)",,30-39,7
students,Dewey Elementary School,assessments,STAR Reading Spanish,ast-graph-2,"STAR Reading Spanish Percentile Rank Distribution (Fall SY27) (counts, 10-pt bins)",,40-49,6
students,Dewey Elementary School,assessments,STAR Reading Spanish,ast-graph-2,"STAR Reading Spanish Percentile Rank Distribution (Fall SY27) (counts, 10-pt bins)",,50-59,2
students,Dewey Elementary School,assessments,STAR Reading Spanish,ast-graph-2,"STAR Reading Spanish Percentile Rank Distribution (Fall SY27) (counts, 10-pt bins)",,60-69,4
students,Dewey Elementary School,assessments,STAR Reading Spanish,ast-graph-2,"STAR Reading Spanish Percentile Rank Distribution (Fall SY27) (counts, 10-pt bins)",,70-79,4
students,Dewey Elementary School,assessments,STAR Reading Spanish,ast-graph-3,"STAR Reading Spanish Student Growth Percentile(s) (Fall SY27) (counts, 10-pt bins)",Fall to Fall,0-9,7
students,Dewey Elementary School,assessments,STAR Reading Spanish,ast-graph-3,"STAR Reading Spanish Student Growth Percentile(s) (Fall SY27) (counts, 10-pt bins)",Fall to Fall,10-19,6
students,Dewey Elementary School,assessments,STAR Reading Spanish,ast-graph-3,"STAR Reading Spanish Student Growth Percentile(s) (Fall SY27) (counts, 10-pt bins)",Fall to Fall,20-29,3
students,Dewey Elementary School,assessments,STAR Reading Spanish,ast-graph-3,"STAR Reading Spanish Student Growth Percentile(s) (Fall SY27) (counts, 10-pt bins)",Fall to Fall,30-39,5
students,Dewey Elementary School,assessments,STAR Reading Spanish,ast-graph-3,"STAR Reading Spanish Student Growth Percentile(s) (Fall SY27) (counts, 10-pt bins)",Fall to Fall,40-49,3
students,Dewey Elementary School,assessments,STAR Reading Spanish,ast-graph-3,"STAR Reading Spanish Student Growth Percentile(s) (Fall SY27) (counts, 10-pt bins)",Fall to Fall,60-69,1
students,Dewey Elementary School,assessments,STAR Reading Spanish,ast-graph-3,"STAR Reading Spanish Student Growth Percentile(s) (Fall SY27) (counts, 10-pt bins)",Fall to Fall,70-79,1
students,Dewey Elementary School,assessments,STAR Reading Spanish,ast-graph-3,"STAR Reading Spanish Student Growth Percentile(s) (Fall SY27) (counts, 10-pt bins)",Fall to Fall,80-89,1
students,Dewey Elementary School,assessments,STAR Reading Spanish,ast-graph-3,"STAR Reading Spanish Student Growth Percentile(s) (Fall SY27) (counts, 10-pt bins)",Spring to Fall,0-9,13
students,Dewey Elementary School,assessments,STAR Reading Spanish,ast-graph-3,"STAR Reading Spanish Student Growth Percentile(s) (Fall SY27) (counts, 10-pt bins)",Spring to Fall,10-19,2
students,Dewey Elementary School,assessments,STAR Reading Spanish,ast-graph-3,"STAR Reading Spanish Student Growth Percentile(s) (Fall SY27) (counts, 10-pt bins)",Spring to Fall,20-29,2
students,Dewey Elementary School,assessments,STAR Reading Spanish,ast-graph-3,"STAR Reading Spanish Student Growth Percentile(s) (Fall SY27) (counts, 10-pt bins)",Spring to Fall,30-39,2
students,Dewey Elementary School,assessments,STAR Reading Spanish,ast-graph-3,"STAR Reading Spanish Student Growth Percentile(s) (Fall SY27) (counts, 10-pt bins)",Spring to Fall,50-59,3
students,Dewey Elementary School,assessments,STAR Reading Spanish,ast-graph-3,"STAR Reading Spanish Student Growth Percentile(s) (Fall SY27) (counts, 10-pt bins)",Spring to Fall,60-69,2
students,Dewey Elementary School,assessments,STAR Reading Spanish,ast-graph-3,"STAR Reading Spanish Student Growth Percentile(s) (Fall SY27) (counts, 10-pt bins)",Spring to Fall,70-79,1
students,Dewey Elementary School,assessments,STAR Reading Spanish,ast-graph-3,"STAR Reading Spanish Student Growth Percentile(s) (Fall SY27) (counts, 10-pt bins)",Spring to Fall,90-99,1
students,Dewey Elementary School,assessments,STAR Early Literacy Spanish,students-count-ast,summary counts,,Students,56
students,Dewey Elementary School,assessments,STAR Early Literacy Spanish,ast-graph-1,STAR Early Literacy Spanish Benchmark Category (Fall SY27),Urgent Intervention,Urgent Intervention,2
students,Dewey Elementary School,assessments,STAR Early Literacy Spanish,ast-graph-1,STAR Early Literacy Spanish Benchmark Category (Fall SY27),Intervention,Intervention,8
students,Dewey Elementary School,assessments,STAR Early Literacy Spanish,ast-graph-1,STAR Early Literacy Spanish Benchmark Category (Fall SY27),Approaching Benchmark,Approaching Benchmark,10
students,Dewey Elementary School,assessments,STAR Early Literacy Spanish,ast-graph-1,STAR Early Literacy Spanish Benchmark Category (Fall SY27),At Benchmark,At Benchmark,31
students,Dewey Elementary School,assessments,STAR Early Literacy Spanish,ast-graph-1,STAR Early Literacy Spanish Benchmark Category (Fall SY27),Above Benchmark,Above Benchmark,5
students,Dewey Elementary School,assessments,STAR Early Literacy Spanish,ast-graph-2,"STAR Early Literacy Spanish Percentile Rank Distribution (Fall SY27) (counts, 10-pt bins)",,0-9,2
students,Dewey Elementary School,assessments,STAR Early Literacy Spanish,ast-graph-2,"STAR Early Literacy Spanish Percentile Rank Distribution (Fall SY27) (counts, 10-pt bins)",,10-19,2
students,Dewey Elementary School,assessments,STAR Early Literacy Spanish,ast-graph-2,"STAR Early Literacy Spanish Percentile Rank Distribution (Fall SY27) (counts, 10-pt bins)",,20-29,7
students,Dewey Elementary School,assessments,STAR Early Literacy Spanish,ast-graph-2,"STAR Early Literacy Spanish Percentile Rank Distribution (Fall SY27) (counts, 10-pt bins)",,30-39,1
students,Dewey Elementary School,assessments,STAR Early Literacy Spanish,ast-graph-2,"STAR Early Literacy Spanish Percentile Rank Distribution (Fall SY27) (counts, 10-pt bins)",,40-49,1
students,Dewey Elementary School,assessments,STAR Early Literacy Spanish,ast-graph-2,"STAR Early Literacy Spanish Percentile Rank Distribution (Fall SY27) (counts, 10-pt bins)",,50-59,2
students,Dewey Elementary School,assessments,STAR Early Literacy Spanish,ast-graph-2,"STAR Early Literacy Spanish Percentile Rank Distribution (Fall SY27) (counts, 10-pt bins)",,60-69,8
students,Dewey Elementary School,assessments,STAR Early Literacy Spanish,ast-graph-2,"STAR Early Literacy Spanish Percentile Rank Distribution (Fall SY27) (counts, 10-pt bins)",,70-79,5
students,Dewey Elementary School,assessments,STAR Early Literacy Spanish,ast-graph-2,"STAR Early Literacy Spanish Percentile Rank Distribution (Fall SY27) (counts, 10-pt bins)",,80-89,12
students,Dewey Elementary School,assessments,STAR Early Literacy Spanish,ast-graph-2,"STAR Early Literacy Spanish Percentile Rank Distribution (Fall SY27) (counts, 10-pt bins)",,90-99,16
students,Dewey Elementary School,assessments,STAR Early Literacy Spanish,ast-graph-3,"STAR Early Literacy Spanish Student Growth Percentile(s) (Fall SY27) (counts, 10-pt bins)",Fall to Fall,0-9,1
students,Dewey Elementary School,assessments,STAR Early Literacy Spanish,ast-graph-3,"STAR Early Literacy Spanish Student Growth Percentile(s) (Fall SY27) (counts, 10-pt bins)",Fall to Fall,10-19,1
students,Dewey Elementary School,assessments,STAR Early Literacy Spanish,ast-graph-3,"STAR Early Literacy Spanish Student Growth Percentile(s) (Fall SY27) (counts, 10-pt bins)",Fall to Fall,30-39,3
students,Dewey Elementary School,assessments,STAR Early Literacy Spanish,ast-graph-3,"STAR Early Literacy Spanish Student Growth Percentile(s) (Fall SY27) (counts, 10-pt bins)",Fall to Fall,40-49,4
students,Dewey Elementary School,assessments,STAR Early Literacy Spanish,ast-graph-3,"STAR Early Literacy Spanish Student Growth Percentile(s) (Fall SY27) (counts, 10-pt bins)",Fall to Fall,60-69,2
students,Dewey Elementary School,assessments,STAR Early Literacy Spanish,ast-graph-3,"STAR Early Literacy Spanish Student Growth Percentile(s) (Fall SY27) (counts, 10-pt bins)",Fall to Fall,70-79,3
students,Dewey Elementary School,assessments,STAR Early Literacy Spanish,ast-graph-3,"STAR Early Literacy Spanish Student Growth Percentile(s) (Fall SY27) (counts, 10-pt bins)",Fall to Fall,80-89,10
students,Dewey Elementary School,assessments,STAR Early Literacy Spanish,ast-graph-3,"STAR Early Literacy Spanish Student Growth Percentile(s) (Fall SY27) (counts, 10-pt bins)",Fall to Fall,90-99,10
students,Dewey Elementary School,assessments,STAR Early Literacy Spanish,ast-graph-3,"STAR Early Literacy Spanish Student Growth Percentile(s) (Fall SY27) (counts, 10-pt bins)",Spring to Fall,10-19,1
students,Dewey Elementary School,assessments,STAR Early Literacy Spanish,ast-graph-3,"STAR Early Literacy Spanish Student Growth Percentile(s) (Fall SY27) (counts, 10-pt bins)",Spring to Fall,20-29,2
students,Dewey Elementary School,assessments,STAR Early Literacy Spanish,ast-graph-3,"STAR Early Literacy Spanish Student Growth Percentile(s) (Fall SY27) (counts, 10-pt bins)",Spring to Fall,30-39,3
students,Dewey Elementary School,assessments,STAR Early Literacy Spanish,ast-graph-3,"STAR Early Literacy Spanish Student Growth Percentile(s) (Fall SY27) (counts, 10-pt bins)",Spring to Fall,40-49,3
students,Dewey Elementary School,assessments,STAR Early Literacy Spanish,ast-graph-3,"STAR Early Literacy Spanish Student Growth Percentile(s) (Fall SY27) (counts, 10-pt bins)",Spring to Fall,50-59,5
students,Dewey Elementary School,assessments,STAR Early Literacy Spanish,ast-graph-3,"STAR Early Literacy Spanish Student Growth Percentile(s) (Fall SY27) (counts, 10-pt bins)",Spring to Fall,60-69,3
students,Dewey Elementary School,assessments,STAR Early Literacy Spanish,ast-graph-3,"STAR Early Literacy Spanish Student Growth Percentile(s) (Fall SY27) (counts, 10-pt bins)",Spring to Fall,70-79,6
students,Dewey Elementary School,assessments,STAR Early Literacy Spanish,ast-graph-3,"STAR Early Literacy Spanish Student Growth Percentile(s) (Fall SY27) (counts, 10-pt bins)",Spring to Fall,80-89,6
students,Dewey Elementary School,assessments,STAR Early Literacy Spanish,ast-graph-3,"STAR Early Literacy Spanish Student Growth Percentile(s) (Fall SY27) (counts, 10-pt bins)",Spring to Fall,90-99,4
students,Dewey Elementary School,assessments,i-Ready Math,students-count-ast,summary counts,,Students,310
students,Dewey Elementary School,assessments,i-Ready Math,ast-graph-1,i-Ready Math — Overall Relative Placement,3 or More Grade Levels Below,3 or More Grade Levels Below,7
students,Dewey Elementary School,assessments,i-Ready Math,ast-graph-1,i-Ready Math — Overall Relative Placement,2 Grade Levels Below,2 Grade Levels Below,25
students,Dewey Elementary School,assessments,i-Ready Math,ast-graph-1,i-Ready Math — Overall Relative Placement,1 Grade Level Below,1 Grade Level Below,170
students,Dewey Elementary School,assessments,i-Ready Math,ast-graph-1,i-Ready Math — Overall Relative Placement,Early On Grade Level,Early On Grade Level,54
students,Dewey Elementary School,assessments,i-Ready Math,ast-graph-1,i-Ready Math — Overall Relative Placement,Mid or Above Grade Level,Mid or Above Grade Level,54
students,Dewey Elementary School,assessments,i-Ready Math,ast-graph-2,"i-Ready Math — Percentile Distribution (counts, 10-pt bins)",,0-9,9
students,Dewey Elementary School,assessments,i-Ready Math,ast-graph-2,"i-Ready Math — Percentile Distribution (counts, 10-pt bins)",,10-19,15
students,Dewey Elementary School,assessments,i-Ready Math,ast-graph-2,"i-Ready Math — Percentile Distribution (counts, 10-pt bins)",,20-29,18
students,Dewey Elementary School,assessments,i-Ready Math,ast-graph-2,"i-Ready Math — Percentile Distribution (counts, 10-pt bins)",,30-39,29
students,Dewey Elementary School,assessments,i-Ready Math,ast-graph-2,"i-Ready Math — Percentile Distribution (counts, 10-pt bins)",,40-49,28
students,Dewey Elementary School,assessments,i-Ready Math,ast-graph-2,"i-Ready Math — Percentile Distribution (counts, 10-pt bins)",,50-59,27
students,Dewey Elementary School,assessments,i-Ready Math,ast-graph-2,"i-Ready Math — Percentile Distribution (counts, 10-pt bins)",,60-69,26
students,Dewey Elementary School,assessments,i-Ready Math,ast-graph-2,"i-Ready Math — Percentile Distribution (counts, 10-pt bins)",,70-79,34
students,Dewey Elementary School,assessments,i-Ready Math,ast-graph-2,"i-Ready Math — Percentile Distribution (counts, 10-pt bins)",,80-89,49
students,Dewey Elementary School,assessments,i-Ready Math,ast-graph-2,"i-Ready Math — Percentile Distribution (counts, 10-pt bins)",,90-99,75
students,Dewey Elementary School,assessments,i-Ready Math,ast-graph-3,"i-Ready Math — Percent Progress to Annual Typical Growth (counts, 10-pt bins)",,0-9,310
students,Dr Martin Luther King Jr Literary & Fine Arts School,home,,home-iep,IEP Status,,Has IEP,123
students,Dr Martin Luther King Jr Literary & Fine Arts School,home,,home-iep,IEP Status,,No IEP,322
students,Dr Martin Luther King Jr Literary & Fine Arts School,home,,home-lep,EL Status,,EL,48
students,Dr Martin Luther King Jr Literary & Fine Arts School,home,,home-lep,EL Status,,Not EL,397
students,Dr Martin Luther King Jr Literary & Fine Arts School,home,,home-race,Race/Ethnicity,,Asian,17
students,Dr Martin Luther King Jr Literary & Fine Arts School,home,,home-race,Race/Ethnicity,,Black or African American,181
students,Dr Martin Luther King Jr Literary & Fine Arts School,home,,home-race,Race/Ethnicity,,Hispanic or Latino,76
students,Dr Martin Luther King Jr Literary & Fine Arts School,home,,home-race,Race/Ethnicity,,Multi-racial,56
students,Dr Martin Luther King Jr Literary & Fine Arts School,home,,home-race,Race/Ethnicity,,White,115
students,Dr Martin Luther King Jr Literary & Fine Arts School,home,,home-incidents,Incidents - SY27,,LVL1,66
students,Dr Martin Luther King Jr Literary & Fine Arts School,home,,home-incidents,Incidents - SY27,,LVL2,35
students,Dr Martin Luther King Jr Literary & Fine Arts School,home,,home-incidents,Incidents - SY27,,LVL3,18
students,Dr Martin Luther King Jr Literary & Fine Arts School,home,,home-incidents,Incidents - SY27,,LVL4,2
students,Dr Martin Luther King Jr Literary & Fine Arts School,home,,home-grade,Grade Level,,0,41
students,Dr Martin Luther King Jr Literary & Fine Arts School,home,,home-grade,Grade Level,,1,40
students,Dr Martin Luther King Jr Literary & Fine Arts School,home,,home-grade,Grade Level,,2,37
students,Dr Martin Luther King Jr Literary & Fine Arts School,home,,home-grade,Grade Level,,3,56
students,Dr Martin Luther King Jr Literary & Fine Arts School,home,,home-grade,Grade Level,,4,54
students,Dr Martin Luther King Jr Literary & Fine Arts School,home,,home-grade,Grade Level,,5,46
students,Dr Martin Luther King Jr Literary & Fine Arts School,home,,home-grade,Grade Level,,6,43
students,Dr Martin Luther King Jr Literary & Fine Arts School,home,,home-grade,Grade Level,,7,67
students,Dr Martin Luther King Jr Literary & Fine Arts School,home,,home-grade,Grade Level,,8,61
students,Dr Martin Luther King Jr Literary & Fine Arts School,home,,home-ada,ADA,,value,93.97
students,Dr Martin Luther King Jr Literary & Fine Arts School,home,,home-enrollment,Enrollment,,value,445
students,Dr Martin Luther King Jr Literary & Fine Arts School,attendance,,students-count-att,summary counts,,Students,445
students,Dr Martin Luther King Jr Literary & Fine Arts School,attendance,,students-count-att,summary counts,,IEP,123
students,Dr Martin Luther King Jr Literary & Fine Arts School,attendance,,students-count-att,summary counts,,EL,48
students,Dr Martin Luther King Jr Literary & Fine Arts School,attendance,,att-ada,ADA,,value,93.97
students,Dr Martin Luther King Jr Literary & Fine Arts School,attendance,,att-cron-abs,Chronic Absenteeism (%),,value,18.43
students,Dr Martin Luther King Jr Literary & Fine Arts School,attendance,,att-distribution,"Attendance Rate Distribution (counts, 10-pt bins)",,0-9,1
students,Dr Martin Luther King Jr Literary & Fine Arts School,attendance,,att-distribution,"Attendance Rate Distribution (counts, 10-pt bins)",,30-39,2
students,Dr Martin Luther King Jr Literary & Fine Arts School,attendance,,att-distribution,"Attendance Rate Distribution (counts, 10-pt bins)",,40-49,7
students,Dr Martin Luther King Jr Literary & Fine Arts School,attendance,,att-distribution,"Attendance Rate Distribution (counts, 10-pt bins)",,50-59,7
students,Dr Martin Luther King Jr Literary & Fine Arts School,attendance,,att-distribution,"Attendance Rate Distribution (counts, 10-pt bins)",,60-69,2
students,Dr Martin Luther King Jr Literary & Fine Arts School,attendance,,att-distribution,"Attendance Rate Distribution (counts, 10-pt bins)",,70-79,7
students,Dr Martin Luther King Jr Literary & Fine Arts School,attendance,,att-distribution,"Attendance Rate Distribution (counts, 10-pt bins)",,80-89,56
students,Dr Martin Luther King Jr Literary & Fine Arts School,attendance,,att-distribution,"Attendance Rate Distribution (counts, 10-pt bins)",,90-99,142
students,Dr Martin Luther King Jr Literary & Fine Arts School,attendance,,att-distribution,"Attendance Rate Distribution (counts, 10-pt bins)",,100+,221
students,Dr Martin Luther King Jr Literary & Fine Arts School,discipline,,students-count-discipline,summary counts,,Incidents,121
students,Dr Martin Luther King Jr Literary & Fine Arts School,discipline,,students-count-discipline,summary counts,,Students,64
students,Dr Martin Luther King Jr Literary & Fine Arts School,discipline,,students-count-discipline,summary counts,,Minor Incidents,101
students,Dr Martin Luther King Jr Literary & Fine Arts School,discipline,,students-count-discipline,summary counts,,Major Incidents,20
students,Dr Martin Luther King Jr Literary & Fine Arts School,discipline,,school,Incidents by School,,Dr Martin Luther King Jr Literary & Fine Arts School,121
students,Dr Martin Luther King Jr Literary & Fine Arts School,discipline,,lvl,Incident Types,,LVL1,66
students,Dr Martin Luther King Jr Literary & Fine Arts School,discipline,,lvl,Incident Types,,LVL2,35
students,Dr Martin Luther King Jr Literary & Fine Arts School,discipline,,lvl,Incident Types,,LVL3,18
students,Dr Martin Luther King Jr Literary & Fine Arts School,discipline,,lvl,Incident Types,,LVL4,2
students,Dr Martin Luther King Jr Literary & Fine Arts School,discipline,,months,Incidents by Month,,August,11
students,Dr Martin Luther King Jr Literary & Fine Arts School,discipline,,months,Incidents by Month,,September,110
students,Dr Martin Luther King Jr Literary & Fine Arts School,discipline,,race,Incidents by Race/Ethnicity,,Asian,2
students,Dr Martin Luther King Jr Literary & Fine Arts School,discipline,,race,Incidents by Race/Ethnicity,,Black or African American,79
students,Dr Martin Luther King Jr Literary & Fine Arts School,discipline,,race,Incidents by Race/Ethnicity,,Hispanic or Latino,11
students,Dr Martin Luther King Jr Literary & Fine Arts School,discipline,,race,Incidents by Race/Ethnicity,,Multi-racial,8
students,Dr Martin Luther King Jr Literary & Fine Arts School,discipline,,race,Incidents by Race/Ethnicity,,White,21
students,Dr Martin Luther King Jr Literary & Fine Arts School,discipline,,grade,Incidents by Grade,,0,9
students,Dr Martin Luther King Jr Literary & Fine Arts School,discipline,,grade,Incidents by Grade,,1,7
students,Dr Martin Luther King Jr Literary & Fine Arts School,discipline,,grade,Incidents by Grade,,2,29
students,Dr Martin Luther King Jr Literary & Fine Arts School,discipline,,grade,Incidents by Grade,,3,5
students,Dr Martin Luther King Jr Literary & Fine Arts School,discipline,,grade,Incidents by Grade,,4,11
students,Dr Martin Luther King Jr Literary & Fine Arts School,discipline,,grade,Incidents by Grade,,5,6
students,Dr Martin Luther King Jr Literary & Fine Arts School,discipline,,grade,Incidents by Grade,,6,18
students,Dr Martin Luther King Jr Literary & Fine Arts School,discipline,,grade,Incidents by Grade,,7,20
students,Dr Martin Luther King Jr Literary & Fine Arts School,discipline,,grade,Incidents by Grade,,8,16
students,Dr Martin Luther King Jr Literary & Fine Arts School,assessments,STAR Reading,students-count-ast,summary counts,,Students,312
students,Dr Martin Luther King Jr Literary & Fine Arts School,assessments,STAR Reading,ast-graph-1,STAR Reading Benchmark Category (Fall SY27),Urgent Intervention,Urgent Intervention,37
students,Dr Martin Luther King Jr Literary & Fine Arts School,assessments,STAR Reading,ast-graph-1,STAR Reading Benchmark Category (Fall SY27),Intervention,Intervention,26
students,Dr Martin Luther King Jr Literary & Fine Arts School,assessments,STAR Reading,ast-graph-1,STAR Reading Benchmark Category (Fall SY27),Approaching Benchmark,Approaching Benchmark,108
students,Dr Martin Luther King Jr Literary & Fine Arts School,assessments,STAR Reading,ast-graph-1,STAR Reading Benchmark Category (Fall SY27),At Benchmark,At Benchmark,118
students,Dr Martin Luther King Jr Literary & Fine Arts School,assessments,STAR Reading,ast-graph-1,STAR Reading Benchmark Category (Fall SY27),Above Benchmark,Above Benchmark,23
students,Dr Martin Luther King Jr Literary & Fine Arts School,assessments,STAR Reading,ast-graph-2,"STAR Reading Percentile Rank Distribution (Fall SY27) (counts, 10-pt bins)",,0-9,31
students,Dr Martin Luther King Jr Literary & Fine Arts School,assessments,STAR Reading,ast-graph-2,"STAR Reading Percentile Rank Distribution (Fall SY27) (counts, 10-pt bins)",,10-19,21
students,Dr Martin Luther King Jr Literary & Fine Arts School,assessments,STAR Reading,ast-graph-2,"STAR Reading Percentile Rank Distribution (Fall SY27) (counts, 10-pt bins)",,20-29,23
students,Dr Martin Luther King Jr Literary & Fine Arts School,assessments,STAR Reading,ast-graph-2,"STAR Reading Percentile Rank Distribution (Fall SY27) (counts, 10-pt bins)",,30-39,27
students,Dr Martin Luther King Jr Literary & Fine Arts School,assessments,STAR Reading,ast-graph-2,"STAR Reading Percentile Rank Distribution (Fall SY27) (counts, 10-pt bins)",,40-49,29
students,Dr Martin Luther King Jr Literary & Fine Arts School,assessments,STAR Reading,ast-graph-2,"STAR Reading Percentile Rank Distribution (Fall SY27) (counts, 10-pt bins)",,50-59,25
students,Dr Martin Luther King Jr Literary & Fine Arts School,assessments,STAR Reading,ast-graph-2,"STAR Reading Percentile Rank Distribution (Fall SY27) (counts, 10-pt bins)",,60-69,23
students,Dr Martin Luther King Jr Literary & Fine Arts School,assessments,STAR Reading,ast-graph-2,"STAR Reading Percentile Rank Distribution (Fall SY27) (counts, 10-pt bins)",,70-79,30
students,Dr Martin Luther King Jr Literary & Fine Arts School,assessments,STAR Reading,ast-graph-2,"STAR Reading Percentile Rank Distribution (Fall SY27) (counts, 10-pt bins)",,80-89,46
students,Dr Martin Luther King Jr Literary & Fine Arts School,assessments,STAR Reading,ast-graph-2,"STAR Reading Percentile Rank Distribution (Fall SY27) (counts, 10-pt bins)",,90-99,57
students,Dr Martin Luther King Jr Literary & Fine Arts School,assessments,STAR Reading,ast-graph-3,"STAR Reading Student Growth Percentile(s) (Fall SY27) (counts, 10-pt bins)",Fall to Fall,0-9,25
students,Dr Martin Luther King Jr Literary & Fine Arts School,assessments,STAR Reading,ast-graph-3,"STAR Reading Student Growth Percentile(s) (Fall SY27) (counts, 10-pt bins)",Fall to Fall,10-19,15
students,Dr Martin Luther King Jr Literary & Fine Arts School,assessments,STAR Reading,ast-graph-3,"STAR Reading Student Growth Percentile(s) (Fall SY27) (counts, 10-pt bins)",Fall to Fall,20-29,23
students,Dr Martin Luther King Jr Literary & Fine Arts School,assessments,STAR Reading,ast-graph-3,"STAR Reading Student Growth Percentile(s) (Fall SY27) (counts, 10-pt bins)",Fall to Fall,30-39,16
students,Dr Martin Luther King Jr Literary & Fine Arts School,assessments,STAR Reading,ast-graph-3,"STAR Reading Student Growth Percentile(s) (Fall SY27) (counts, 10-pt bins)",Fall to Fall,40-49,19
students,Dr Martin Luther King Jr Literary & Fine Arts School,assessments,STAR Reading,ast-graph-3,"STAR Reading Student Growth Percentile(s) (Fall SY27) (counts, 10-pt bins)",Fall to Fall,50-59,32
students,Dr Martin Luther King Jr Literary & Fine Arts School,assessments,STAR Reading,ast-graph-3,"STAR Reading Student Growth Percentile(s) (Fall SY27) (counts, 10-pt bins)",Fall to Fall,60-69,29
students,Dr Martin Luther King Jr Literary & Fine Arts School,assessments,STAR Reading,ast-graph-3,"STAR Reading Student Growth Percentile(s) (Fall SY27) (counts, 10-pt bins)",Fall to Fall,70-79,34
students,Dr Martin Luther King Jr Literary & Fine Arts School,assessments,STAR Reading,ast-graph-3,"STAR Reading Student Growth Percentile(s) (Fall SY27) (counts, 10-pt bins)",Fall to Fall,80-89,42
students,Dr Martin Luther King Jr Literary & Fine Arts School,assessments,STAR Reading,ast-graph-3,"STAR Reading Student Growth Percentile(s) (Fall SY27) (counts, 10-pt bins)",Fall to Fall,90-99,62
students,Dr Martin Luther King Jr Literary & Fine Arts School,assessments,STAR Reading,ast-graph-3,"STAR Reading Student Growth Percentile(s) (Fall SY27) (counts, 10-pt bins)",Spring to Fall,0-9,32
students,Dr Martin Luther King Jr Literary & Fine Arts School,assessments,STAR Reading,ast-graph-3,"STAR Reading Student Growth Percentile(s) (Fall SY27) (counts, 10-pt bins)",Spring to Fall,10-19,24
students,Dr Martin Luther King Jr Literary & Fine Arts School,assessments,STAR Reading,ast-graph-3,"STAR Reading Student Growth Percentile(s) (Fall SY27) (counts, 10-pt bins)",Spring to Fall,20-29,24
students,Dr Martin Luther King Jr Literary & Fine Arts School,assessments,STAR Reading,ast-graph-3,"STAR Reading Student Growth Percentile(s) (Fall SY27) (counts, 10-pt bins)",Spring to Fall,30-39,24
students,Dr Martin Luther King Jr Literary & Fine Arts School,assessments,STAR Reading,ast-graph-3,"STAR Reading Student Growth Percentile(s) (Fall SY27) (counts, 10-pt bins)",Spring to Fall,40-49,24
students,Dr Martin Luther King Jr Literary & Fine Arts School,assessments,STAR Reading,ast-graph-3,"STAR Reading Student Growth Percentile(s) (Fall SY27) (counts, 10-pt bins)",Spring to Fall,50-59,39
students,Dr Martin Luther King Jr Literary & Fine Arts School,assessments,STAR Reading,ast-graph-3,"STAR Reading Student Growth Percentile(s) (Fall SY27) (counts, 10-pt bins)",Spring to Fall,60-69,29
students,Dr Martin Luther King Jr Literary & Fine Arts School,assessments,STAR Reading,ast-graph-3,"STAR Reading Student Growth Percentile(s) (Fall SY27) (counts, 10-pt bins)",Spring to Fall,70-79,29
students,Dr Martin Luther King Jr Literary & Fine Arts School,assessments,STAR Reading,ast-graph-3,"STAR Reading Student Growth Percentile(s) (Fall SY27) (counts, 10-pt bins)",Spring to Fall,80-89,32
students,Dr Martin Luther King Jr Literary & Fine Arts School,assessments,STAR Reading,ast-graph-3,"STAR Reading Student Growth Percentile(s) (Fall SY27) (counts, 10-pt bins)",Spring to Fall,90-99,42
students,Dr Martin Luther King Jr Literary & Fine Arts School,assessments,STAR Early Literacy,students-count-ast,summary counts,,Students,117
students,Dr Martin Luther King Jr Literary & Fine Arts School,assessments,STAR Early Literacy,ast-graph-1,STAR Early Literacy Benchmark Category (Fall SY27),Urgent Intervention,Urgent Intervention,11
students,Dr Martin Luther King Jr Literary & Fine Arts School,assessments,STAR Early Literacy,ast-graph-1,STAR Early Literacy Benchmark Category (Fall SY27),Intervention,Intervention,11
students,Dr Martin Luther King Jr Literary & Fine Arts School,assessments,STAR Early Literacy,ast-graph-1,STAR Early Literacy Benchmark Category (Fall SY27),Approaching Benchmark,Approaching Benchmark,52
students,Dr Martin Luther King Jr Literary & Fine Arts School,assessments,STAR Early Literacy,ast-graph-1,STAR Early Literacy Benchmark Category (Fall SY27),At Benchmark,At Benchmark,39
students,Dr Martin Luther King Jr Literary & Fine Arts School,assessments,STAR Early Literacy,ast-graph-1,STAR Early Literacy Benchmark Category (Fall SY27),Above Benchmark,Above Benchmark,4
students,Dr Martin Luther King Jr Literary & Fine Arts School,assessments,STAR Early Literacy,ast-graph-2,"STAR Early Literacy Percentile Rank Distribution (Fall SY27) (counts, 10-pt bins)",,0-9,11
students,Dr Martin Luther King Jr Literary & Fine Arts School,assessments,STAR Early Literacy,ast-graph-2,"STAR Early Literacy Percentile Rank Distribution (Fall SY27) (counts, 10-pt bins)",,10-19,7
students,Dr Martin Luther King Jr Literary & Fine Arts School,assessments,STAR Early Literacy,ast-graph-2,"STAR Early Literacy Percentile Rank Distribution (Fall SY27) (counts, 10-pt bins)",,20-29,10
students,Dr Martin Luther King Jr Literary & Fine Arts School,assessments,STAR Early Literacy,ast-graph-2,"STAR Early Literacy Percentile Rank Distribution (Fall SY27) (counts, 10-pt bins)",,30-39,11
students,Dr Martin Luther King Jr Literary & Fine Arts School,assessments,STAR Early Literacy,ast-graph-2,"STAR Early Literacy Percentile Rank Distribution (Fall SY27) (counts, 10-pt bins)",,40-49,13
students,Dr Martin Luther King Jr Literary & Fine Arts School,assessments,STAR Early Literacy,ast-graph-2,"STAR Early Literacy Percentile Rank Distribution (Fall SY27) (counts, 10-pt bins)",,50-59,15
students,Dr Martin Luther King Jr Literary & Fine Arts School,assessments,STAR Early Literacy,ast-graph-2,"STAR Early Literacy Percentile Rank Distribution (Fall SY27) (counts, 10-pt bins)",,60-69,10
students,Dr Martin Luther King Jr Literary & Fine Arts School,assessments,STAR Early Literacy,ast-graph-2,"STAR Early Literacy Percentile Rank Distribution (Fall SY27) (counts, 10-pt bins)",,70-79,11
students,Dr Martin Luther King Jr Literary & Fine Arts School,assessments,STAR Early Literacy,ast-graph-2,"STAR Early Literacy Percentile Rank Distribution (Fall SY27) (counts, 10-pt bins)",,80-89,13
students,Dr Martin Luther King Jr Literary & Fine Arts School,assessments,STAR Early Literacy,ast-graph-2,"STAR Early Literacy Percentile Rank Distribution (Fall SY27) (counts, 10-pt bins)",,90-99,16
students,Dr Martin Luther King Jr Literary & Fine Arts School,assessments,STAR Early Literacy,ast-graph-3,"STAR Early Literacy Student Growth Percentile(s) (Fall SY27) (counts, 10-pt bins)",Fall to Fall,0-9,3
students,Dr Martin Luther King Jr Literary & Fine Arts School,assessments,STAR Early Literacy,ast-graph-3,"STAR Early Literacy Student Growth Percentile(s) (Fall SY27) (counts, 10-pt bins)",Fall to Fall,10-19,2
students,Dr Martin Luther King Jr Literary & Fine Arts School,assessments,STAR Early Literacy,ast-graph-3,"STAR Early Literacy Student Growth Percentile(s) (Fall SY27) (counts, 10-pt bins)",Fall to Fall,20-29,3
students,Dr Martin Luther King Jr Literary & Fine Arts School,assessments,STAR Early Literacy,ast-graph-3,"STAR Early Literacy Student Growth Percentile(s) (Fall SY27) (counts, 10-pt bins)",Fall to Fall,30-39,5
students,Dr Martin Luther King Jr Literary & Fine Arts School,assessments,STAR Early Literacy,ast-graph-3,"STAR Early Literacy Student Growth Percentile(s) (Fall SY27) (counts, 10-pt bins)",Fall to Fall,40-49,7
students,Dr Martin Luther King Jr Literary & Fine Arts School,assessments,STAR Early Literacy,ast-graph-3,"STAR Early Literacy Student Growth Percentile(s) (Fall SY27) (counts, 10-pt bins)",Fall to Fall,50-59,8
students,Dr Martin Luther King Jr Literary & Fine Arts School,assessments,STAR Early Literacy,ast-graph-3,"STAR Early Literacy Student Growth Percentile(s) (Fall SY27) (counts, 10-pt bins)",Fall to Fall,60-69,3
students,Dr Martin Luther King Jr Literary & Fine Arts School,assessments,STAR Early Literacy,ast-graph-3,"STAR Early Literacy Student Growth Percentile(s) (Fall SY27) (counts, 10-pt bins)",Fall to Fall,70-79,11
students,Dr Martin Luther King Jr Literary & Fine Arts School,assessments,STAR Early Literacy,ast-graph-3,"STAR Early Literacy Student Growth Percentile(s) (Fall SY27) (counts, 10-pt bins)",Fall to Fall,80-89,13
students,Dr Martin Luther King Jr Literary & Fine Arts School,assessments,STAR Early Literacy,ast-graph-3,"STAR Early Literacy Student Growth Percentile(s) (Fall SY27) (counts, 10-pt bins)",Fall to Fall,90-99,13
students,Dr Martin Luther King Jr Literary & Fine Arts School,assessments,STAR Early Literacy,ast-graph-3,"STAR Early Literacy Student Growth Percentile(s) (Fall SY27) (counts, 10-pt bins)",Spring to Fall,0-9,6
students,Dr Martin Luther King Jr Literary & Fine Arts School,assessments,STAR Early Literacy,ast-graph-3,"STAR Early Literacy Student Growth Percentile(s) (Fall SY27) (counts, 10-pt bins)",Spring to Fall,10-19,3
students,Dr Martin Luther King Jr Literary & Fine Arts School,assessments,STAR Early Literacy,ast-graph-3,"STAR Early Literacy Student Growth Percentile(s) (Fall SY27) (counts, 10-pt bins)",Spring to Fall,20-29,9
students,Dr Martin Luther King Jr Literary & Fine Arts School,assessments,STAR Early Literacy,ast-graph-3,"STAR Early Literacy Student Growth Percentile(s) (Fall SY27) (counts, 10-pt bins)",Spring to Fall,30-39,1
students,Dr Martin Luther King Jr Literary & Fine Arts School,assessments,STAR Early Literacy,ast-graph-3,"STAR Early Literacy Student Growth Percentile(s) (Fall SY27) (counts, 10-pt bins)",Spring to Fall,40-49,5
students,Dr Martin Luther King Jr Literary & Fine Arts School,assessments,STAR Early Literacy,ast-graph-3,"STAR Early Literacy Student Growth Percentile(s) (Fall SY27) (counts, 10-pt bins)",Spring to Fall,50-59,5
students,Dr Martin Luther King Jr Literary & Fine Arts School,assessments,STAR Early Literacy,ast-graph-3,"STAR Early Literacy Student Growth Percentile(s) (Fall SY27) (counts, 10-pt bins)",Spring to Fall,60-69,10
students,Dr Martin Luther King Jr Literary & Fine Arts School,assessments,STAR Early Literacy,ast-graph-3,"STAR Early Literacy Student Growth Percentile(s) (Fall SY27) (counts, 10-pt bins)",Spring to Fall,70-79,8
students,Dr Martin Luther King Jr Literary & Fine Arts School,assessments,STAR Early Literacy,ast-graph-3,"STAR Early Literacy Student Growth Percentile(s) (Fall SY27) (counts, 10-pt bins)",Spring to Fall,80-89,14
students,Dr Martin Luther King Jr Literary & Fine Arts School,assessments,STAR Early Literacy,ast-graph-3,"STAR Early Literacy Student Growth Percentile(s) (Fall SY27) (counts, 10-pt bins)",Spring to Fall,90-99,6
students,Dr Martin Luther King Jr Literary & Fine Arts School,assessments,i-Ready Math,students-count-ast,summary counts,,Students,427
students,Dr Martin Luther King Jr Literary & Fine Arts School,assessments,i-Ready Math,ast-graph-1,i-Ready Math — Overall Relative Placement,3 or More Grade Levels Below,3 or More Grade Levels Below,60
students,Dr Martin Luther King Jr Literary & Fine Arts School,assessments,i-Ready Math,ast-graph-1,i-Ready Math — Overall Relative Placement,2 Grade Levels Below,2 Grade Levels Below,64
students,Dr Martin Luther King Jr Literary & Fine Arts School,assessments,i-Ready Math,ast-graph-1,i-Ready Math — Overall Relative Placement,1 Grade Level Below,1 Grade Level Below,195
students,Dr Martin Luther King Jr Literary & Fine Arts School,assessments,i-Ready Math,ast-graph-1,i-Ready Math — Overall Relative Placement,Early On Grade Level,Early On Grade Level,61
students,Dr Martin Luther King Jr Literary & Fine Arts School,assessments,i-Ready Math,ast-graph-1,i-Ready Math — Overall Relative Placement,Mid or Above Grade Level,Mid or Above Grade Level,47
students,Dr Martin Luther King Jr Literary & Fine Arts School,assessments,i-Ready Math,ast-graph-2,"i-Ready Math — Percentile Distribution (counts, 10-pt bins)",,0-9,27
students,Dr Martin Luther King Jr Literary & Fine Arts School,assessments,i-Ready Math,ast-graph-2,"i-Ready Math — Percentile Distribution (counts, 10-pt bins)",,10-19,46
students,Dr Martin Luther King Jr Literary & Fine Arts School,assessments,i-Ready Math,ast-graph-2,"i-Ready Math — Percentile Distribution (counts, 10-pt bins)",,20-29,26
students,Dr Martin Luther King Jr Literary & Fine Arts School,assessments,i-Ready Math,ast-graph-2,"i-Ready Math — Percentile Distribution (counts, 10-pt bins)",,30-39,42
students,Dr Martin Luther King Jr Literary & Fine Arts School,assessments,i-Ready Math,ast-graph-2,"i-Ready Math — Percentile Distribution (counts, 10-pt bins)",,40-49,43
students,Dr Martin Luther King Jr Literary & Fine Arts School,assessments,i-Ready Math,ast-graph-2,"i-Ready Math — Percentile Distribution (counts, 10-pt bins)",,50-59,36
students,Dr Martin Luther King Jr Literary & Fine Arts School,assessments,i-Ready Math,ast-graph-2,"i-Ready Math — Percentile Distribution (counts, 10-pt bins)",,60-69,54
students,Dr Martin Luther King Jr Literary & Fine Arts School,assessments,i-Ready Math,ast-graph-2,"i-Ready Math — Percentile Distribution (counts, 10-pt bins)",,70-79,47
students,Dr Martin Luther King Jr Literary & Fine Arts School,assessments,i-Ready Math,ast-graph-2,"i-Ready Math — Percentile Distribution (counts, 10-pt bins)",,80-89,45
students,Dr Martin Luther King Jr Literary & Fine Arts School,assessments,i-Ready Math,ast-graph-2,"i-Ready Math — Percentile Distribution (counts, 10-pt bins)",,90-99,61
students,Dr Martin Luther King Jr Literary & Fine Arts School,assessments,i-Ready Math,ast-graph-3,"i-Ready Math — Percent Progress to Annual Typical Growth (counts, 10-pt bins)",,0-9,427
students,Foster School,home,,home-iep,IEP Status,,Has IEP,72
students,Foster School,home,,home-iep,IEP Status,,No IEP,285
students,Foster School,home,,home-lep,EL Status,,EL,104
students,Foster School,home,,home-lep,EL Status,,Not EL,253
students,Foster School,home,,home-race,Race/Ethnicity,,Black or African American,128
students,Foster School,home,,home-race,Race/Ethnicity,,Hispanic or Latino,154
students,Foster School,home,,home-race,Race/Ethnicity,,Multi-racial,16
students,Foster School,home,,home-race,Race/Ethnicity,,White,54
students,Foster School,home,,home-race,Race/Ethnicity,,Other*,4
students,Foster School,home,,home-incidents,Incidents - SY27,,LVL1,22
students,Foster School,home,,home-incidents,Incidents - SY27,,LVL2,20
students,Foster School,home,,home-incidents,Incidents - SY27,,LVL3,23
students,Foster School,home,,home-grade,Grade Level,,0,46
students,Foster School,home,,home-grade,Grade Level,,1,42
students,Foster School,home,,home-grade,Grade Level,,2,64
students,Foster School,home,,home-grade,Grade Level,,3,77
students,Foster School,home,,home-grade,Grade Level,,4,57
students,Foster School,home,,home-grade,Grade Level,,5,71
students,Foster School,home,,home-twi,TWI Status,,TWE,69
students,Foster School,home,,home-twi,TWI Status,,TWS,73
students,Foster School,home,,home-twi,TWI Status,,TWX,56
students,Foster School,home,,home-ada,ADA,,value,92.93
students,Foster School,home,,home-enrollment,Enrollment,,value,357
students,Foster School,attendance,,students-count-att,summary counts,,Students,357
students,Foster School,attendance,,students-count-att,summary counts,,IEP,72
students,Foster School,attendance,,students-count-att,summary counts,,EL,104
students,Foster School,attendance,,att-ada,ADA,,value,92.93
students,Foster School,attendance,,att-cron-abs,Chronic Absenteeism (%),,value,21.85
students,Foster School,attendance,,att-distribution,"Attendance Rate Distribution (counts, 10-pt bins)",,0-9,4
students,Foster School,attendance,,att-distribution,"Attendance Rate Distribution (counts, 10-pt bins)",,10-19,1
students,Foster School,attendance,,att-distribution,"Attendance Rate Distribution (counts, 10-pt bins)",,50-59,4
students,Foster School,attendance,,att-distribution,"Attendance Rate Distribution (counts, 10-pt bins)",,60-69,7
students,Foster School,attendance,,att-distribution,"Attendance Rate Distribution (counts, 10-pt bins)",,70-79,16
students,Foster School,attendance,,att-distribution,"Attendance Rate Distribution (counts, 10-pt bins)",,80-89,46
students,Foster School,attendance,,att-distribution,"Attendance Rate Distribution (counts, 10-pt bins)",,90-99,108
students,Foster School,attendance,,att-distribution,"Attendance Rate Distribution (counts, 10-pt bins)",,100+,171
students,Foster School,discipline,,students-count-discipline,summary counts,,Incidents,65
students,Foster School,discipline,,students-count-discipline,summary counts,,Students,35
students,Foster School,discipline,,students-count-discipline,summary counts,,Minor Incidents,42
students,Foster School,discipline,,students-count-discipline,summary counts,,Major Incidents,23
students,Foster School,discipline,,school,Incidents by School,,Foster School,65
students,Foster School,discipline,,lvl,Incident Types,,LVL1,22
students,Foster School,discipline,,lvl,Incident Types,,LVL2,20
students,Foster School,discipline,,lvl,Incident Types,,LVL3,23
students,Foster School,discipline,,months,Incidents by Month,,August,2
students,Foster School,discipline,,months,Incidents by Month,,September,63
students,Foster School,discipline,,race,Incidents by Race/Ethnicity,,Black or African American,48
students,Foster School,discipline,,race,Incidents by Race/Ethnicity,,Hispanic or Latino,10
students,Foster School,discipline,,race,Incidents by Race/Ethnicity,,Multi-racial,2
students,Foster School,discipline,,race,Incidents by Race/Ethnicity,,White,5
students,Foster School,discipline,,grade,Incidents by Grade,,0,14
students,Foster School,discipline,,grade,Incidents by Grade,,1,1
students,Foster School,discipline,,grade,Incidents by Grade,,2,9
students,Foster School,discipline,,grade,Incidents by Grade,,3,9
students,Foster School,discipline,,grade,Incidents by Grade,,4,8
students,Foster School,discipline,,grade,Incidents by Grade,,5,24
students,Foster School,assessments,STAR Reading,students-count-ast,summary counts,,Students,194
students,Foster School,assessments,STAR Reading,ast-graph-1,STAR Reading Benchmark Category (Fall SY27),Urgent Intervention,Urgent Intervention,32
students,Foster School,assessments,STAR Reading,ast-graph-1,STAR Reading Benchmark Category (Fall SY27),Intervention,Intervention,36
students,Foster School,assessments,STAR Reading,ast-graph-1,STAR Reading Benchmark Category (Fall SY27),Approaching Benchmark,Approaching Benchmark,62
students,Foster School,assessments,STAR Reading,ast-graph-1,STAR Reading Benchmark Category (Fall SY27),At Benchmark,At Benchmark,58
students,Foster School,assessments,STAR Reading,ast-graph-1,STAR Reading Benchmark Category (Fall SY27),Above Benchmark,Above Benchmark,6
students,Foster School,assessments,STAR Reading,ast-graph-2,"STAR Reading Percentile Rank Distribution (Fall SY27) (counts, 10-pt bins)",,0-9,31
students,Foster School,assessments,STAR Reading,ast-graph-2,"STAR Reading Percentile Rank Distribution (Fall SY27) (counts, 10-pt bins)",,10-19,26
students,Foster School,assessments,STAR Reading,ast-graph-2,"STAR Reading Percentile Rank Distribution (Fall SY27) (counts, 10-pt bins)",,20-29,16
students,Foster School,assessments,STAR Reading,ast-graph-2,"STAR Reading Percentile Rank Distribution (Fall SY27) (counts, 10-pt bins)",,30-39,15
students,Foster School,assessments,STAR Reading,ast-graph-2,"STAR Reading Percentile Rank Distribution (Fall SY27) (counts, 10-pt bins)",,40-49,15
students,Foster School,assessments,STAR Reading,ast-graph-2,"STAR Reading Percentile Rank Distribution (Fall SY27) (counts, 10-pt bins)",,50-59,15
students,Foster School,assessments,STAR Reading,ast-graph-2,"STAR Reading Percentile Rank Distribution (Fall SY27) (counts, 10-pt bins)",,60-69,15
students,Foster School,assessments,STAR Reading,ast-graph-2,"STAR Reading Percentile Rank Distribution (Fall SY27) (counts, 10-pt bins)",,70-79,21
students,Foster School,assessments,STAR Reading,ast-graph-2,"STAR Reading Percentile Rank Distribution (Fall SY27) (counts, 10-pt bins)",,80-89,19
students,Foster School,assessments,STAR Reading,ast-graph-2,"STAR Reading Percentile Rank Distribution (Fall SY27) (counts, 10-pt bins)",,90-99,21
students,Foster School,assessments,STAR Reading,ast-graph-3,"STAR Reading Student Growth Percentile(s) (Fall SY27) (counts, 10-pt bins)",Fall to Fall,0-9,13
students,Foster School,assessments,STAR Reading,ast-graph-3,"STAR Reading Student Growth Percentile(s) (Fall SY27) (counts, 10-pt bins)",Fall to Fall,10-19,12
students,Foster School,assessments,STAR Reading,ast-graph-3,"STAR Reading Student Growth Percentile(s) (Fall SY27) (counts, 10-pt bins)",Fall to Fall,20-29,14
students,Foster School,assessments,STAR Reading,ast-graph-3,"STAR Reading Student Growth Percentile(s) (Fall SY27) (counts, 10-pt bins)",Fall to Fall,30-39,9
students,Foster School,assessments,STAR Reading,ast-graph-3,"STAR Reading Student Growth Percentile(s) (Fall SY27) (counts, 10-pt bins)",Fall to Fall,40-49,18
students,Foster School,assessments,STAR Reading,ast-graph-3,"STAR Reading Student Growth Percentile(s) (Fall SY27) (counts, 10-pt bins)",Fall to Fall,50-59,16
students,Foster School,assessments,STAR Reading,ast-graph-3,"STAR Reading Student Growth Percentile(s) (Fall SY27) (counts, 10-pt bins)",Fall to Fall,60-69,11
students,Foster School,assessments,STAR Reading,ast-graph-3,"STAR Reading Student Growth Percentile(s) (Fall SY27) (counts, 10-pt bins)",Fall to Fall,70-79,17
students,Foster School,assessments,STAR Reading,ast-graph-3,"STAR Reading Student Growth Percentile(s) (Fall SY27) (counts, 10-pt bins)",Fall to Fall,80-89,28
students,Foster School,assessments,STAR Reading,ast-graph-3,"STAR Reading Student Growth Percentile(s) (Fall SY27) (counts, 10-pt bins)",Fall to Fall,90-99,37
students,Foster School,assessments,STAR Reading,ast-graph-3,"STAR Reading Student Growth Percentile(s) (Fall SY27) (counts, 10-pt bins)",Spring to Fall,0-9,22
students,Foster School,assessments,STAR Reading,ast-graph-3,"STAR Reading Student Growth Percentile(s) (Fall SY27) (counts, 10-pt bins)",Spring to Fall,10-19,16
students,Foster School,assessments,STAR Reading,ast-graph-3,"STAR Reading Student Growth Percentile(s) (Fall SY27) (counts, 10-pt bins)",Spring to Fall,20-29,13
students,Foster School,assessments,STAR Reading,ast-graph-3,"STAR Reading Student Growth Percentile(s) (Fall SY27) (counts, 10-pt bins)",Spring to Fall,30-39,13
students,Foster School,assessments,STAR Reading,ast-graph-3,"STAR Reading Student Growth Percentile(s) (Fall SY27) (counts, 10-pt bins)",Spring to Fall,40-49,13
students,Foster School,assessments,STAR Reading,ast-graph-3,"STAR Reading Student Growth Percentile(s) (Fall SY27) (counts, 10-pt bins)",Spring to Fall,50-59,11
students,Foster School,assessments,STAR Reading,ast-graph-3,"STAR Reading Student Growth Percentile(s) (Fall SY27) (counts, 10-pt bins)",Spring to Fall,60-69,17
students,Foster School,assessments,STAR Reading,ast-graph-3,"STAR Reading Student Growth Percentile(s) (Fall SY27) (counts, 10-pt bins)",Spring to Fall,70-79,18
students,Foster School,assessments,STAR Reading,ast-graph-3,"STAR Reading Student Growth Percentile(s) (Fall SY27) (counts, 10-pt bins)",Spring to Fall,80-89,18
students,Foster School,assessments,STAR Reading,ast-graph-3,"STAR Reading Student Growth Percentile(s) (Fall SY27) (counts, 10-pt bins)",Spring to Fall,90-99,39
students,Foster School,assessments,STAR Early Literacy,students-count-ast,summary counts,,Students,146
students,Foster School,assessments,STAR Early Literacy,ast-graph-1,STAR Early Literacy Benchmark Category (Fall SY27),Urgent Intervention,Urgent Intervention,27
students,Foster School,assessments,STAR Early Literacy,ast-graph-1,STAR Early Literacy Benchmark Category (Fall SY27),Intervention,Intervention,29
students,Foster School,assessments,STAR Early Literacy,ast-graph-1,STAR Early Literacy Benchmark Category (Fall SY27),Approaching Benchmark,Approaching Benchmark,51
students,Foster School,assessments,STAR Early Literacy,ast-graph-1,STAR Early Literacy Benchmark Category (Fall SY27),At Benchmark,At Benchmark,34
students,Foster School,assessments,STAR Early Literacy,ast-graph-1,STAR Early Literacy Benchmark Category (Fall SY27),Above Benchmark,Above Benchmark,5
students,Foster School,assessments,STAR Early Literacy,ast-graph-2,"STAR Early Literacy Percentile Rank Distribution (Fall SY27) (counts, 10-pt bins)",,0-9,27
students,Foster School,assessments,STAR Early Literacy,ast-graph-2,"STAR Early Literacy Percentile Rank Distribution (Fall SY27) (counts, 10-pt bins)",,10-19,15
students,Foster School,assessments,STAR Early Literacy,ast-graph-2,"STAR Early Literacy Percentile Rank Distribution (Fall SY27) (counts, 10-pt bins)",,20-29,22
students,Foster School,assessments,STAR Early Literacy,ast-graph-2,"STAR Early Literacy Percentile Rank Distribution (Fall SY27) (counts, 10-pt bins)",,30-39,14
students,Foster School,assessments,STAR Early Literacy,ast-graph-2,"STAR Early Literacy Percentile Rank Distribution (Fall SY27) (counts, 10-pt bins)",,40-49,11
students,Foster School,assessments,STAR Early Literacy,ast-graph-2,"STAR Early Literacy Percentile Rank Distribution (Fall SY27) (counts, 10-pt bins)",,50-59,14
students,Foster School,assessments,STAR Early Literacy,ast-graph-2,"STAR Early Literacy Percentile Rank Distribution (Fall SY27) (counts, 10-pt bins)",,60-69,7
students,Foster School,assessments,STAR Early Literacy,ast-graph-2,"STAR Early Literacy Percentile Rank Distribution (Fall SY27) (counts, 10-pt bins)",,70-79,13
students,Foster School,assessments,STAR Early Literacy,ast-graph-2,"STAR Early Literacy Percentile Rank Distribution (Fall SY27) (counts, 10-pt bins)",,80-89,8
students,Foster School,assessments,STAR Early Literacy,ast-graph-2,"STAR Early Literacy Percentile Rank Distribution (Fall SY27) (counts, 10-pt bins)",,90-99,15
students,Foster School,assessments,STAR Early Literacy,ast-graph-3,"STAR Early Literacy Student Growth Percentile(s) (Fall SY27) (counts, 10-pt bins)",Fall to Fall,0-9,7
students,Foster School,assessments,STAR Early Literacy,ast-graph-3,"STAR Early Literacy Student Growth Percentile(s) (Fall SY27) (counts, 10-pt bins)",Fall to Fall,10-19,5
students,Foster School,assessments,STAR Early Literacy,ast-graph-3,"STAR Early Literacy Student Growth Percentile(s) (Fall SY27) (counts, 10-pt bins)",Fall to Fall,20-29,8
students,Foster School,assessments,STAR Early Literacy,ast-graph-3,"STAR Early Literacy Student Growth Percentile(s) (Fall SY27) (counts, 10-pt bins)",Fall to Fall,30-39,4
students,Foster School,assessments,STAR Early Literacy,ast-graph-3,"STAR Early Literacy Student Growth Percentile(s) (Fall SY27) (counts, 10-pt bins)",Fall to Fall,40-49,5
students,Foster School,assessments,STAR Early Literacy,ast-graph-3,"STAR Early Literacy Student Growth Percentile(s) (Fall SY27) (counts, 10-pt bins)",Fall to Fall,50-59,12
students,Foster School,assessments,STAR Early Literacy,ast-graph-3,"STAR Early Literacy Student Growth Percentile(s) (Fall SY27) (counts, 10-pt bins)",Fall to Fall,60-69,14
students,Foster School,assessments,STAR Early Literacy,ast-graph-3,"STAR Early Literacy Student Growth Percentile(s) (Fall SY27) (counts, 10-pt bins)",Fall to Fall,70-79,4
students,Foster School,assessments,STAR Early Literacy,ast-graph-3,"STAR Early Literacy Student Growth Percentile(s) (Fall SY27) (counts, 10-pt bins)",Fall to Fall,80-89,7
students,Foster School,assessments,STAR Early Literacy,ast-graph-3,"STAR Early Literacy Student Growth Percentile(s) (Fall SY27) (counts, 10-pt bins)",Fall to Fall,90-99,11
students,Foster School,assessments,STAR Early Literacy,ast-graph-3,"STAR Early Literacy Student Growth Percentile(s) (Fall SY27) (counts, 10-pt bins)",Spring to Fall,0-9,6
students,Foster School,assessments,STAR Early Literacy,ast-graph-3,"STAR Early Literacy Student Growth Percentile(s) (Fall SY27) (counts, 10-pt bins)",Spring to Fall,10-19,8
students,Foster School,assessments,STAR Early Literacy,ast-graph-3,"STAR Early Literacy Student Growth Percentile(s) (Fall SY27) (counts, 10-pt bins)",Spring to Fall,20-29,2
students,Foster School,assessments,STAR Early Literacy,ast-graph-3,"STAR Early Literacy Student Growth Percentile(s) (Fall SY27) (counts, 10-pt bins)",Spring to Fall,30-39,6
students,Foster School,assessments,STAR Early Literacy,ast-graph-3,"STAR Early Literacy Student Growth Percentile(s) (Fall SY27) (counts, 10-pt bins)",Spring to Fall,40-49,13
students,Foster School,assessments,STAR Early Literacy,ast-graph-3,"STAR Early Literacy Student Growth Percentile(s) (Fall SY27) (counts, 10-pt bins)",Spring to Fall,50-59,6
students,Foster School,assessments,STAR Early Literacy,ast-graph-3,"STAR Early Literacy Student Growth Percentile(s) (Fall SY27) (counts, 10-pt bins)",Spring to Fall,60-69,11
students,Foster School,assessments,STAR Early Literacy,ast-graph-3,"STAR Early Literacy Student Growth Percentile(s) (Fall SY27) (counts, 10-pt bins)",Spring to Fall,70-79,13
students,Foster School,assessments,STAR Early Literacy,ast-graph-3,"STAR Early Literacy Student Growth Percentile(s) (Fall SY27) (counts, 10-pt bins)",Spring to Fall,80-89,7
students,Foster School,assessments,STAR Early Literacy,ast-graph-3,"STAR Early Literacy Student Growth Percentile(s) (Fall SY27) (counts, 10-pt bins)",Spring to Fall,90-99,12
students,Foster School,assessments,STAR Reading Spanish,students-count-ast,summary counts,,Students,107
students,Foster School,assessments,STAR Reading Spanish,ast-graph-1,STAR Reading Spanish Benchmark Category (Fall SY27),Urgent Intervention,Urgent Intervention,22
students,Foster School,assessments,STAR Reading Spanish,ast-graph-1,STAR Reading Spanish Benchmark Category (Fall SY27),Intervention,Intervention,22
students,Foster School,assessments,STAR Reading Spanish,ast-graph-1,STAR Reading Spanish Benchmark Category (Fall SY27),Approaching Benchmark,Approaching Benchmark,38
students,Foster School,assessments,STAR Reading Spanish,ast-graph-1,STAR Reading Spanish Benchmark Category (Fall SY27),At Benchmark,At Benchmark,20
students,Foster School,assessments,STAR Reading Spanish,ast-graph-1,STAR Reading Spanish Benchmark Category (Fall SY27),Above Benchmark,Above Benchmark,5
students,Foster School,assessments,STAR Reading Spanish,ast-graph-2,"STAR Reading Spanish Percentile Rank Distribution (Fall SY27) (counts, 10-pt bins)",,0-9,19
students,Foster School,assessments,STAR Reading Spanish,ast-graph-2,"STAR Reading Spanish Percentile Rank Distribution (Fall SY27) (counts, 10-pt bins)",,10-19,15
students,Foster School,assessments,STAR Reading Spanish,ast-graph-2,"STAR Reading Spanish Percentile Rank Distribution (Fall SY27) (counts, 10-pt bins)",,20-29,17
students,Foster School,assessments,STAR Reading Spanish,ast-graph-2,"STAR Reading Spanish Percentile Rank Distribution (Fall SY27) (counts, 10-pt bins)",,30-39,9
students,Foster School,assessments,STAR Reading Spanish,ast-graph-2,"STAR Reading Spanish Percentile Rank Distribution (Fall SY27) (counts, 10-pt bins)",,40-49,9
students,Foster School,assessments,STAR Reading Spanish,ast-graph-2,"STAR Reading Spanish Percentile Rank Distribution (Fall SY27) (counts, 10-pt bins)",,50-59,11
students,Foster School,assessments,STAR Reading Spanish,ast-graph-2,"STAR Reading Spanish Percentile Rank Distribution (Fall SY27) (counts, 10-pt bins)",,60-69,4
students,Foster School,assessments,STAR Reading Spanish,ast-graph-2,"STAR Reading Spanish Percentile Rank Distribution (Fall SY27) (counts, 10-pt bins)",,70-79,8
students,Foster School,assessments,STAR Reading Spanish,ast-graph-2,"STAR Reading Spanish Percentile Rank Distribution (Fall SY27) (counts, 10-pt bins)",,80-89,6
students,Foster School,assessments,STAR Reading Spanish,ast-graph-2,"STAR Reading Spanish Percentile Rank Distribution (Fall SY27) (counts, 10-pt bins)",,90-99,9
students,Foster School,assessments,STAR Reading Spanish,ast-graph-3,"STAR Reading Spanish Student Growth Percentile(s) (Fall SY27) (counts, 10-pt bins)",Fall to Fall,0-9,2
students,Foster School,assessments,STAR Reading Spanish,ast-graph-3,"STAR Reading Spanish Student Growth Percentile(s) (Fall SY27) (counts, 10-pt bins)",Fall to Fall,10-19,5
students,Foster School,assessments,STAR Reading Spanish,ast-graph-3,"STAR Reading Spanish Student Growth Percentile(s) (Fall SY27) (counts, 10-pt bins)",Fall to Fall,20-29,7
students,Foster School,assessments,STAR Reading Spanish,ast-graph-3,"STAR Reading Spanish Student Growth Percentile(s) (Fall SY27) (counts, 10-pt bins)",Fall to Fall,30-39,7
students,Foster School,assessments,STAR Reading Spanish,ast-graph-3,"STAR Reading Spanish Student Growth Percentile(s) (Fall SY27) (counts, 10-pt bins)",Fall to Fall,40-49,8
students,Foster School,assessments,STAR Reading Spanish,ast-graph-3,"STAR Reading Spanish Student Growth Percentile(s) (Fall SY27) (counts, 10-pt bins)",Fall to Fall,50-59,10
students,Foster School,assessments,STAR Reading Spanish,ast-graph-3,"STAR Reading Spanish Student Growth Percentile(s) (Fall SY27) (counts, 10-pt bins)",Fall to Fall,60-69,11
students,Foster School,assessments,STAR Reading Spanish,ast-graph-3,"STAR Reading Spanish Student Growth Percentile(s) (Fall SY27) (counts, 10-pt bins)",Fall to Fall,70-79,3
students,Foster School,assessments,STAR Reading Spanish,ast-graph-3,"STAR Reading Spanish Student Growth Percentile(s) (Fall SY27) (counts, 10-pt bins)",Fall to Fall,80-89,5
students,Foster School,assessments,STAR Reading Spanish,ast-graph-3,"STAR Reading Spanish Student Growth Percentile(s) (Fall SY27) (counts, 10-pt bins)",Fall to Fall,90-99,14
students,Foster School,assessments,STAR Reading Spanish,ast-graph-3,"STAR Reading Spanish Student Growth Percentile(s) (Fall SY27) (counts, 10-pt bins)",Spring to Fall,0-9,5
students,Foster School,assessments,STAR Reading Spanish,ast-graph-3,"STAR Reading Spanish Student Growth Percentile(s) (Fall SY27) (counts, 10-pt bins)",Spring to Fall,10-19,4
students,Foster School,assessments,STAR Reading Spanish,ast-graph-3,"STAR Reading Spanish Student Growth Percentile(s) (Fall SY27) (counts, 10-pt bins)",Spring to Fall,20-29,7
students,Foster School,assessments,STAR Reading Spanish,ast-graph-3,"STAR Reading Spanish Student Growth Percentile(s) (Fall SY27) (counts, 10-pt bins)",Spring to Fall,30-39,12
students,Foster School,assessments,STAR Reading Spanish,ast-graph-3,"STAR Reading Spanish Student Growth Percentile(s) (Fall SY27) (counts, 10-pt bins)",Spring to Fall,40-49,8
students,Foster School,assessments,STAR Reading Spanish,ast-graph-3,"STAR Reading Spanish Student Growth Percentile(s) (Fall SY27) (counts, 10-pt bins)",Spring to Fall,50-59,12
students,Foster School,assessments,STAR Reading Spanish,ast-graph-3,"STAR Reading Spanish Student Growth Percentile(s) (Fall SY27) (counts, 10-pt bins)",Spring to Fall,60-69,4
students,Foster School,assessments,STAR Reading Spanish,ast-graph-3,"STAR Reading Spanish Student Growth Percentile(s) (Fall SY27) (counts, 10-pt bins)",Spring to Fall,70-79,10
students,Foster School,assessments,STAR Reading Spanish,ast-graph-3,"STAR Reading Spanish Student Growth Percentile(s) (Fall SY27) (counts, 10-pt bins)",Spring to Fall,80-89,7
students,Foster School,assessments,STAR Reading Spanish,ast-graph-3,"STAR Reading Spanish Student Growth Percentile(s) (Fall SY27) (counts, 10-pt bins)",Spring to Fall,90-99,12
students,Foster School,assessments,STAR Early Literacy Spanish,students-count-ast,summary counts,,Students,83
students,Foster School,assessments,STAR Early Literacy Spanish,ast-graph-1,STAR Early Literacy Spanish Benchmark Category (Fall SY27),Urgent Intervention,Urgent Intervention,7
students,Foster School,assessments,STAR Early Literacy Spanish,ast-graph-1,STAR Early Literacy Spanish Benchmark Category (Fall SY27),Intervention,Intervention,8
students,Foster School,assessments,STAR Early Literacy Spanish,ast-graph-1,STAR Early Literacy Spanish Benchmark Category (Fall SY27),Approaching Benchmark,Approaching Benchmark,29
students,Foster School,assessments,STAR Early Literacy Spanish,ast-graph-1,STAR Early Literacy Spanish Benchmark Category (Fall SY27),At Benchmark,At Benchmark,37
students,Foster School,assessments,STAR Early Literacy Spanish,ast-graph-1,STAR Early Literacy Spanish Benchmark Category (Fall SY27),Above Benchmark,Above Benchmark,2
students,Foster School,assessments,STAR Early Literacy Spanish,ast-graph-2,"STAR Early Literacy Spanish Percentile Rank Distribution (Fall SY27) (counts, 10-pt bins)",,0-9,7
students,Foster School,assessments,STAR Early Literacy Spanish,ast-graph-2,"STAR Early Literacy Spanish Percentile Rank Distribution (Fall SY27) (counts, 10-pt bins)",,10-19,8
students,Foster School,assessments,STAR Early Literacy Spanish,ast-graph-2,"STAR Early Literacy Spanish Percentile Rank Distribution (Fall SY27) (counts, 10-pt bins)",,30-39,6
students,Foster School,assessments,STAR Early Literacy Spanish,ast-graph-2,"STAR Early Literacy Spanish Percentile Rank Distribution (Fall SY27) (counts, 10-pt bins)",,40-49,4
students,Foster School,assessments,STAR Early Literacy Spanish,ast-graph-2,"STAR Early Literacy Spanish Percentile Rank Distribution (Fall SY27) (counts, 10-pt bins)",,50-59,9
students,Foster School,assessments,STAR Early Literacy Spanish,ast-graph-2,"STAR Early Literacy Spanish Percentile Rank Distribution (Fall SY27) (counts, 10-pt bins)",,60-69,14
students,Foster School,assessments,STAR Early Literacy Spanish,ast-graph-2,"STAR Early Literacy Spanish Percentile Rank Distribution (Fall SY27) (counts, 10-pt bins)",,70-79,11
students,Foster School,assessments,STAR Early Literacy Spanish,ast-graph-2,"STAR Early Literacy Spanish Percentile Rank Distribution (Fall SY27) (counts, 10-pt bins)",,80-89,10
students,Foster School,assessments,STAR Early Literacy Spanish,ast-graph-2,"STAR Early Literacy Spanish Percentile Rank Distribution (Fall SY27) (counts, 10-pt bins)",,90-99,14
students,Foster School,assessments,STAR Early Literacy Spanish,ast-graph-3,"STAR Early Literacy Spanish Student Growth Percentile(s) (Fall SY27) (counts, 10-pt bins)",Fall to Fall,0-9,5
students,Foster School,assessments,STAR Early Literacy Spanish,ast-graph-3,"STAR Early Literacy Spanish Student Growth Percentile(s) (Fall SY27) (counts, 10-pt bins)",Fall to Fall,10-19,6
students,Foster School,assessments,STAR Early Literacy Spanish,ast-graph-3,"STAR Early Literacy Spanish Student Growth Percentile(s) (Fall SY27) (counts, 10-pt bins)",Fall to Fall,20-29,3
students,Foster School,assessments,STAR Early Literacy Spanish,ast-graph-3,"STAR Early Literacy Spanish Student Growth Percentile(s) (Fall SY27) (counts, 10-pt bins)",Fall to Fall,30-39,6
students,Foster School,assessments,STAR Early Literacy Spanish,ast-graph-3,"STAR Early Literacy Spanish Student Growth Percentile(s) (Fall SY27) (counts, 10-pt bins)",Fall to Fall,40-49,6
students,Foster School,assessments,STAR Early Literacy Spanish,ast-graph-3,"STAR Early Literacy Spanish Student Growth Percentile(s) (Fall SY27) (counts, 10-pt bins)",Fall to Fall,50-59,6
students,Foster School,assessments,STAR Early Literacy Spanish,ast-graph-3,"STAR Early Literacy Spanish Student Growth Percentile(s) (Fall SY27) (counts, 10-pt bins)",Fall to Fall,60-69,8
students,Foster School,assessments,STAR Early Literacy Spanish,ast-graph-3,"STAR Early Literacy Spanish Student Growth Percentile(s) (Fall SY27) (counts, 10-pt bins)",Fall to Fall,70-79,6
students,Foster School,assessments,STAR Early Literacy Spanish,ast-graph-3,"STAR Early Literacy Spanish Student Growth Percentile(s) (Fall SY27) (counts, 10-pt bins)",Fall to Fall,80-89,5
students,Foster School,assessments,STAR Early Literacy Spanish,ast-graph-3,"STAR Early Literacy Spanish Student Growth Percentile(s) (Fall SY27) (counts, 10-pt bins)",Fall to Fall,90-99,7
students,Foster School,assessments,STAR Early Literacy Spanish,ast-graph-3,"STAR Early Literacy Spanish Student Growth Percentile(s) (Fall SY27) (counts, 10-pt bins)",Spring to Fall,0-9,8
students,Foster School,assessments,STAR Early Literacy Spanish,ast-graph-3,"STAR Early Literacy Spanish Student Growth Percentile(s) (Fall SY27) (counts, 10-pt bins)",Spring to Fall,10-19,5
students,Foster School,assessments,STAR Early Literacy Spanish,ast-graph-3,"STAR Early Literacy Spanish Student Growth Percentile(s) (Fall SY27) (counts, 10-pt bins)",Spring to Fall,20-29,4
students,Foster School,assessments,STAR Early Literacy Spanish,ast-graph-3,"STAR Early Literacy Spanish Student Growth Percentile(s) (Fall SY27) (counts, 10-pt bins)",Spring to Fall,30-39,3
students,Foster School,assessments,STAR Early Literacy Spanish,ast-graph-3,"STAR Early Literacy Spanish Student Growth Percentile(s) (Fall SY27) (counts, 10-pt bins)",Spring to Fall,40-49,6
students,Foster School,assessments,STAR Early Literacy Spanish,ast-graph-3,"STAR Early Literacy Spanish Student Growth Percentile(s) (Fall SY27) (counts, 10-pt bins)",Spring to Fall,50-59,7
students,Foster School,assessments,STAR Early Literacy Spanish,ast-graph-3,"STAR Early Literacy Spanish Student Growth Percentile(s) (Fall SY27) (counts, 10-pt bins)",Spring to Fall,60-69,9
students,Foster School,assessments,STAR Early Literacy Spanish,ast-graph-3,"STAR Early Literacy Spanish Student Growth Percentile(s) (Fall SY27) (counts, 10-pt bins)",Spring to Fall,70-79,8
students,Foster School,assessments,STAR Early Literacy Spanish,ast-graph-3,"STAR Early Literacy Spanish Student Growth Percentile(s) (Fall SY27) (counts, 10-pt bins)",Spring to Fall,80-89,6
students,Foster School,assessments,STAR Early Literacy Spanish,ast-graph-3,"STAR Early Literacy Spanish Student Growth Percentile(s) (Fall SY27) (counts, 10-pt bins)",Spring to Fall,90-99,5
students,Foster School,assessments,i-Ready Math,students-count-ast,summary counts,,Students,351
students,Foster School,assessments,i-Ready Math,ast-graph-1,i-Ready Math — Overall Relative Placement,3 or More Grade Levels Below,3 or More Grade Levels Below,42
students,Foster School,assessments,i-Ready Math,ast-graph-1,i-Ready Math — Overall Relative Placement,2 Grade Levels Below,2 Grade Levels Below,89
students,Foster School,assessments,i-Ready Math,ast-graph-1,i-Ready Math — Overall Relative Placement,1 Grade Level Below,1 Grade Level Below,185
students,Foster School,assessments,i-Ready Math,ast-graph-1,i-Ready Math — Overall Relative Placement,Early On Grade Level,Early On Grade Level,20
students,Foster School,assessments,i-Ready Math,ast-graph-1,i-Ready Math — Overall Relative Placement,Mid or Above Grade Level,Mid or Above Grade Level,15
students,Foster School,assessments,i-Ready Math,ast-graph-2,"i-Ready Math — Percentile Distribution (counts, 10-pt bins)",,0-9,41
students,Foster School,assessments,i-Ready Math,ast-graph-2,"i-Ready Math — Percentile Distribution (counts, 10-pt bins)",,10-19,53
students,Foster School,assessments,i-Ready Math,ast-graph-2,"i-Ready Math — Percentile Distribution (counts, 10-pt bins)",,20-29,45
students,Foster School,assessments,i-Ready Math,ast-graph-2,"i-Ready Math — Percentile Distribution (counts, 10-pt bins)",,30-39,45
students,Foster School,assessments,i-Ready Math,ast-graph-2,"i-Ready Math — Percentile Distribution (counts, 10-pt bins)",,40-49,32
students,Foster School,assessments,i-Ready Math,ast-graph-2,"i-Ready Math — Percentile Distribution (counts, 10-pt bins)",,50-59,31
students,Foster School,assessments,i-Ready Math,ast-graph-2,"i-Ready Math — Percentile Distribution (counts, 10-pt bins)",,60-69,26
students,Foster School,assessments,i-Ready Math,ast-graph-2,"i-Ready Math — Percentile Distribution (counts, 10-pt bins)",,70-79,37
students,Foster School,assessments,i-Ready Math,ast-graph-2,"i-Ready Math — Percentile Distribution (counts, 10-pt bins)",,80-89,21
students,Foster School,assessments,i-Ready Math,ast-graph-2,"i-Ready Math — Percentile Distribution (counts, 10-pt bins)",,90-99,20
students,Foster School,assessments,i-Ready Math,ast-graph-3,"i-Ready Math — Percent Progress to Annual Typical Growth (counts, 10-pt bins)",,0-9,351
students,Haven Middle School,home,,home-iep,IEP Status,,Has IEP,105
students,Haven Middle School,home,,home-iep,IEP Status,,No IEP,496
students,Haven Middle School,home,,home-lep,EL Status,,EL,56
students,Haven Middle School,home,,home-lep,EL Status,,Not EL,545
students,Haven Middle School,home,,home-race,Race/Ethnicity,,Asian,10
students,Haven Middle School,home,,home-race,Race/Ethnicity,,Black or African American,116
students,Haven Middle School,home,,home-race,Race/Ethnicity,,Hispanic or Latino,97
students,Haven Middle School,home,,home-race,Race/Ethnicity,,Multi-racial,60
students,Haven Middle School,home,,home-race,Race/Ethnicity,,White,318
students,Haven Middle School,home,,home-incidents,Incidents - SY27,,LVL1,156
students,Haven Middle School,home,,home-incidents,Incidents - SY27,,LVL2,75
students,Haven Middle School,home,,home-incidents,Incidents - SY27,,LVL3,22
students,Haven Middle School,home,,home-incidents,Incidents - SY27,,LVL4,2
students,Haven Middle School,home,,home-grade,Grade Level,,6,181
students,Haven Middle School,home,,home-grade,Grade Level,,7,210
students,Haven Middle School,home,,home-grade,Grade Level,,8,210
students,Haven Middle School,home,,home-ada,ADA,,value,95.59
students,Haven Middle School,home,,home-enrollment,Enrollment,,value,601
students,Haven Middle School,attendance,,students-count-att,summary counts,,Students,601
students,Haven Middle School,attendance,,students-count-att,summary counts,,IEP,105
students,Haven Middle School,attendance,,students-count-att,summary counts,,EL,56
students,Haven Middle School,attendance,,att-ada,ADA,,value,95.59
students,Haven Middle School,attendance,,att-cron-abs,Chronic Absenteeism (%),,value,14.98
students,Haven Middle School,attendance,,att-distribution,"Attendance Rate Distribution (counts, 10-pt bins)",,0-9,1
students,Haven Middle School,attendance,,att-distribution,"Attendance Rate Distribution (counts, 10-pt bins)",,40-49,1
students,Haven Middle School,attendance,,att-distribution,"Attendance Rate Distribution (counts, 10-pt bins)",,50-59,2
students,Haven Middle School,attendance,,att-distribution,"Attendance Rate Distribution (counts, 10-pt bins)",,60-69,2
students,Haven Middle School,attendance,,att-distribution,"Attendance Rate Distribution (counts, 10-pt bins)",,70-79,10
students,Haven Middle School,attendance,,att-distribution,"Attendance Rate Distribution (counts, 10-pt bins)",,80-89,64
students,Haven Middle School,attendance,,att-distribution,"Attendance Rate Distribution (counts, 10-pt bins)",,90-99,248
students,Haven Middle School,attendance,,att-distribution,"Attendance Rate Distribution (counts, 10-pt bins)",,100+,273
students,Haven Middle School,discipline,,students-count-discipline,summary counts,,Incidents,255
students,Haven Middle School,discipline,,students-count-discipline,summary counts,,Students,107
students,Haven Middle School,discipline,,students-count-discipline,summary counts,,Minor Incidents,231
students,Haven Middle School,discipline,,students-count-discipline,summary counts,,Major Incidents,24
students,Haven Middle School,discipline,,school,Incidents by School,,Haven Middle School,255
students,Haven Middle School,discipline,,lvl,Incident Types,,LVL1,156
students,Haven Middle School,discipline,,lvl,Incident Types,,LVL2,75
students,Haven Middle School,discipline,,lvl,Incident Types,,LVL3,22
students,Haven Middle School,discipline,,lvl,Incident Types,,LVL4,2
students,Haven Middle School,discipline,,months,Incidents by Month,,August,37
students,Haven Middle School,discipline,,months,Incidents by Month,,September,218
students,Haven Middle School,discipline,,race,Incidents by Race/Ethnicity,,Asian,1
students,Haven Middle School,discipline,,race,Incidents by Race/Ethnicity,,Black or African American,124
students,Haven Middle School,discipline,,race,Incidents by Race/Ethnicity,,Hispanic or Latino,18
students,Haven Middle School,discipline,,race,Incidents by Race/Ethnicity,,Multi-racial,52
students,Haven Middle School,discipline,,race,Incidents by Race/Ethnicity,,White,60
students,Haven Middle School,discipline,,grade,Incidents by Grade,,6,98
students,Haven Middle School,discipline,,grade,Incidents by Grade,,7,93
students,Haven Middle School,discipline,,grade,Incidents by Grade,,8,64
students,Haven Middle School,assessments,STAR Reading,students-count-ast,summary counts,,Students,595
students,Haven Middle School,assessments,STAR Reading,ast-graph-1,STAR Reading Benchmark Category (Fall SY27),Urgent Intervention,Urgent Intervention,37
students,Haven Middle School,assessments,STAR Reading,ast-graph-1,STAR Reading Benchmark Category (Fall SY27),Intervention,Intervention,54
students,Haven Middle School,assessments,STAR Reading,ast-graph-1,STAR Reading Benchmark Category (Fall SY27),Approaching Benchmark,Approaching Benchmark,152
students,Haven Middle School,assessments,STAR Reading,ast-graph-1,STAR Reading Benchmark Category (Fall SY27),At Benchmark,At Benchmark,291
students,Haven Middle School,assessments,STAR Reading,ast-graph-1,STAR Reading Benchmark Category (Fall SY27),Above Benchmark,Above Benchmark,61
students,Haven Middle School,assessments,STAR Reading,ast-graph-2,"STAR Reading Percentile Rank Distribution (Fall SY27) (counts, 10-pt bins)",,0-9,35
students,Haven Middle School,assessments,STAR Reading,ast-graph-2,"STAR Reading Percentile Rank Distribution (Fall SY27) (counts, 10-pt bins)",,10-19,29
students,Haven Middle School,assessments,STAR Reading,ast-graph-2,"STAR Reading Percentile Rank Distribution (Fall SY27) (counts, 10-pt bins)",,20-29,46
students,Haven Middle School,assessments,STAR Reading,ast-graph-2,"STAR Reading Percentile Rank Distribution (Fall SY27) (counts, 10-pt bins)",,30-39,27
students,Haven Middle School,assessments,STAR Reading,ast-graph-2,"STAR Reading Percentile Rank Distribution (Fall SY27) (counts, 10-pt bins)",,40-49,39
students,Haven Middle School,assessments,STAR Reading,ast-graph-2,"STAR Reading Percentile Rank Distribution (Fall SY27) (counts, 10-pt bins)",,50-59,33
students,Haven Middle School,assessments,STAR Reading,ast-graph-2,"STAR Reading Percentile Rank Distribution (Fall SY27) (counts, 10-pt bins)",,60-69,50
students,Haven Middle School,assessments,STAR Reading,ast-graph-2,"STAR Reading Percentile Rank Distribution (Fall SY27) (counts, 10-pt bins)",,70-79,63
students,Haven Middle School,assessments,STAR Reading,ast-graph-2,"STAR Reading Percentile Rank Distribution (Fall SY27) (counts, 10-pt bins)",,80-89,102
students,Haven Middle School,assessments,STAR Reading,ast-graph-2,"STAR Reading Percentile Rank Distribution (Fall SY27) (counts, 10-pt bins)",,90-99,171
students,Haven Middle School,assessments,STAR Reading,ast-graph-3,"STAR Reading Student Growth Percentile(s) (Fall SY27) (counts, 10-pt bins)",Fall to Fall,0-9,33
students,Haven Middle School,assessments,STAR Reading,ast-graph-3,"STAR Reading Student Growth Percentile(s) (Fall SY27) (counts, 10-pt bins)",Fall to Fall,10-19,45
students,Haven Middle School,assessments,STAR Reading,ast-graph-3,"STAR Reading Student Growth Percentile(s) (Fall SY27) (counts, 10-pt bins)",Fall to Fall,20-29,47
students,Haven Middle School,assessments,STAR Reading,ast-graph-3,"STAR Reading Student Growth Percentile(s) (Fall SY27) (counts, 10-pt bins)",Fall to Fall,30-39,52
students,Haven Middle School,assessments,STAR Reading,ast-graph-3,"STAR Reading Student Growth Percentile(s) (Fall SY27) (counts, 10-pt bins)",Fall to Fall,40-49,58
students,Haven Middle School,assessments,STAR Reading,ast-graph-3,"STAR Reading Student Growth Percentile(s) (Fall SY27) (counts, 10-pt bins)",Fall to Fall,50-59,42
students,Haven Middle School,assessments,STAR Reading,ast-graph-3,"STAR Reading Student Growth Percentile(s) (Fall SY27) (counts, 10-pt bins)",Fall to Fall,60-69,61
students,Haven Middle School,assessments,STAR Reading,ast-graph-3,"STAR Reading Student Growth Percentile(s) (Fall SY27) (counts, 10-pt bins)",Fall to Fall,70-79,66
students,Haven Middle School,assessments,STAR Reading,ast-graph-3,"STAR Reading Student Growth Percentile(s) (Fall SY27) (counts, 10-pt bins)",Fall to Fall,80-89,74
students,Haven Middle School,assessments,STAR Reading,ast-graph-3,"STAR Reading Student Growth Percentile(s) (Fall SY27) (counts, 10-pt bins)",Fall to Fall,90-99,78
students,Haven Middle School,assessments,STAR Reading,ast-graph-3,"STAR Reading Student Growth Percentile(s) (Fall SY27) (counts, 10-pt bins)",Spring to Fall,0-9,38
students,Haven Middle School,assessments,STAR Reading,ast-graph-3,"STAR Reading Student Growth Percentile(s) (Fall SY27) (counts, 10-pt bins)",Spring to Fall,10-19,53
students,Haven Middle School,assessments,STAR Reading,ast-graph-3,"STAR Reading Student Growth Percentile(s) (Fall SY27) (counts, 10-pt bins)",Spring to Fall,20-29,50
students,Haven Middle School,assessments,STAR Reading,ast-graph-3,"STAR Reading Student Growth Percentile(s) (Fall SY27) (counts, 10-pt bins)",Spring to Fall,30-39,50
students,Haven Middle School,assessments,STAR Reading,ast-graph-3,"STAR Reading Student Growth Percentile(s) (Fall SY27) (counts, 10-pt bins)",Spring to Fall,40-49,55
students,Haven Middle School,assessments,STAR Reading,ast-graph-3,"STAR Reading Student Growth Percentile(s) (Fall SY27) (counts, 10-pt bins)",Spring to Fall,50-59,53
students,Haven Middle School,assessments,STAR Reading,ast-graph-3,"STAR Reading Student Growth Percentile(s) (Fall SY27) (counts, 10-pt bins)",Spring to Fall,60-69,51
students,Haven Middle School,assessments,STAR Reading,ast-graph-3,"STAR Reading Student Growth Percentile(s) (Fall SY27) (counts, 10-pt bins)",Spring to Fall,70-79,61
students,Haven Middle School,assessments,STAR Reading,ast-graph-3,"STAR Reading Student Growth Percentile(s) (Fall SY27) (counts, 10-pt bins)",Spring to Fall,80-89,67
students,Haven Middle School,assessments,STAR Reading,ast-graph-3,"STAR Reading Student Growth Percentile(s) (Fall SY27) (counts, 10-pt bins)",Spring to Fall,90-99,85
students,Haven Middle School,assessments,STAR Reading Spanish,students-count-ast,summary counts,,Students,33
students,Haven Middle School,assessments,STAR Reading Spanish,ast-graph-1,STAR Reading Spanish Benchmark Category (Fall SY27),Urgent Intervention,Urgent Intervention,5
students,Haven Middle School,assessments,STAR Reading Spanish,ast-graph-1,STAR Reading Spanish Benchmark Category (Fall SY27),Intervention,Intervention,5
students,Haven Middle School,assessments,STAR Reading Spanish,ast-graph-1,STAR Reading Spanish Benchmark Category (Fall SY27),Approaching Benchmark,Approaching Benchmark,10
students,Haven Middle School,assessments,STAR Reading Spanish,ast-graph-1,STAR Reading Spanish Benchmark Category (Fall SY27),At Benchmark,At Benchmark,9
students,Haven Middle School,assessments,STAR Reading Spanish,ast-graph-1,STAR Reading Spanish Benchmark Category (Fall SY27),Above Benchmark,Above Benchmark,4
students,Haven Middle School,assessments,STAR Reading Spanish,ast-graph-2,"STAR Reading Spanish Percentile Rank Distribution (Fall SY27) (counts, 10-pt bins)",,0-9,5
students,Haven Middle School,assessments,STAR Reading Spanish,ast-graph-2,"STAR Reading Spanish Percentile Rank Distribution (Fall SY27) (counts, 10-pt bins)",,10-19,4
students,Haven Middle School,assessments,STAR Reading Spanish,ast-graph-2,"STAR Reading Spanish Percentile Rank Distribution (Fall SY27) (counts, 10-pt bins)",,20-29,5
students,Haven Middle School,assessments,STAR Reading Spanish,ast-graph-2,"STAR Reading Spanish Percentile Rank Distribution (Fall SY27) (counts, 10-pt bins)",,30-39,3
students,Haven Middle School,assessments,STAR Reading Spanish,ast-graph-2,"STAR Reading Spanish Percentile Rank Distribution (Fall SY27) (counts, 10-pt bins)",,40-49,2
students,Haven Middle School,assessments,STAR Reading Spanish,ast-graph-2,"STAR Reading Spanish Percentile Rank Distribution (Fall SY27) (counts, 10-pt bins)",,60-69,1
students,Haven Middle School,assessments,STAR Reading Spanish,ast-graph-2,"STAR Reading Spanish Percentile Rank Distribution (Fall SY27) (counts, 10-pt bins)",,70-79,4
students,Haven Middle School,assessments,STAR Reading Spanish,ast-graph-2,"STAR Reading Spanish Percentile Rank Distribution (Fall SY27) (counts, 10-pt bins)",,80-89,2
students,Haven Middle School,assessments,STAR Reading Spanish,ast-graph-2,"STAR Reading Spanish Percentile Rank Distribution (Fall SY27) (counts, 10-pt bins)",,90-99,7
students,Haven Middle School,assessments,STAR Reading Spanish,ast-graph-3,"STAR Reading Spanish Student Growth Percentile(s) (Fall SY27) (counts, 10-pt bins)",Fall to Fall,0-9,1
students,Haven Middle School,assessments,STAR Reading Spanish,ast-graph-3,"STAR Reading Spanish Student Growth Percentile(s) (Fall SY27) (counts, 10-pt bins)",Fall to Fall,10-19,3
students,Haven Middle School,assessments,STAR Reading Spanish,ast-graph-3,"STAR Reading Spanish Student Growth Percentile(s) (Fall SY27) (counts, 10-pt bins)",Fall to Fall,20-29,2
students,Haven Middle School,assessments,STAR Reading Spanish,ast-graph-3,"STAR Reading Spanish Student Growth Percentile(s) (Fall SY27) (counts, 10-pt bins)",Fall to Fall,30-39,1
students,Haven Middle School,assessments,STAR Reading Spanish,ast-graph-3,"STAR Reading Spanish Student Growth Percentile(s) (Fall SY27) (counts, 10-pt bins)",Fall to Fall,40-49,2
students,Haven Middle School,assessments,STAR Reading Spanish,ast-graph-3,"STAR Reading Spanish Student Growth Percentile(s) (Fall SY27) (counts, 10-pt bins)",Fall to Fall,50-59,2
students,Haven Middle School,assessments,STAR Reading Spanish,ast-graph-3,"STAR Reading Spanish Student Growth Percentile(s) (Fall SY27) (counts, 10-pt bins)",Fall to Fall,60-69,1
students,Haven Middle School,assessments,STAR Reading Spanish,ast-graph-3,"STAR Reading Spanish Student Growth Percentile(s) (Fall SY27) (counts, 10-pt bins)",Fall to Fall,80-89,1
students,Haven Middle School,assessments,STAR Reading Spanish,ast-graph-3,"STAR Reading Spanish Student Growth Percentile(s) (Fall SY27) (counts, 10-pt bins)",Fall to Fall,90-99,4
students,Haven Middle School,assessments,STAR Reading Spanish,ast-graph-3,"STAR Reading Spanish Student Growth Percentile(s) (Fall SY27) (counts, 10-pt bins)",Spring to Fall,0-9,2
students,Haven Middle School,assessments,STAR Reading Spanish,ast-graph-3,"STAR Reading Spanish Student Growth Percentile(s) (Fall SY27) (counts, 10-pt bins)",Spring to Fall,10-19,2
students,Haven Middle School,assessments,STAR Reading Spanish,ast-graph-3,"STAR Reading Spanish Student Growth Percentile(s) (Fall SY27) (counts, 10-pt bins)",Spring to Fall,20-29,6
students,Haven Middle School,assessments,STAR Reading Spanish,ast-graph-3,"STAR Reading Spanish Student Growth Percentile(s) (Fall SY27) (counts, 10-pt bins)",Spring to Fall,30-39,3
students,Haven Middle School,assessments,STAR Reading Spanish,ast-graph-3,"STAR Reading Spanish Student Growth Percentile(s) (Fall SY27) (counts, 10-pt bins)",Spring to Fall,40-49,1
students,Haven Middle School,assessments,STAR Reading Spanish,ast-graph-3,"STAR Reading Spanish Student Growth Percentile(s) (Fall SY27) (counts, 10-pt bins)",Spring to Fall,50-59,6
students,Haven Middle School,assessments,STAR Reading Spanish,ast-graph-3,"STAR Reading Spanish Student Growth Percentile(s) (Fall SY27) (counts, 10-pt bins)",Spring to Fall,60-69,4
students,Haven Middle School,assessments,STAR Reading Spanish,ast-graph-3,"STAR Reading Spanish Student Growth Percentile(s) (Fall SY27) (counts, 10-pt bins)",Spring to Fall,70-79,3
students,Haven Middle School,assessments,STAR Reading Spanish,ast-graph-3,"STAR Reading Spanish Student Growth Percentile(s) (Fall SY27) (counts, 10-pt bins)",Spring to Fall,80-89,2
students,Haven Middle School,assessments,STAR Reading Spanish,ast-graph-3,"STAR Reading Spanish Student Growth Percentile(s) (Fall SY27) (counts, 10-pt bins)",Spring to Fall,90-99,4
students,Haven Middle School,assessments,i-Ready Math,students-count-ast,summary counts,,Students,591
students,Haven Middle School,assessments,i-Ready Math,ast-graph-1,i-Ready Math — Overall Relative Placement,3 or More Grade Levels Below,3 or More Grade Levels Below,108
students,Haven Middle School,assessments,i-Ready Math,ast-graph-1,i-Ready Math — Overall Relative Placement,2 Grade Levels Below,2 Grade Levels Below,47
students,Haven Middle School,assessments,i-Ready Math,ast-graph-1,i-Ready Math — Overall Relative Placement,1 Grade Level Below,1 Grade Level Below,143
students,Haven Middle School,assessments,i-Ready Math,ast-graph-1,i-Ready Math — Overall Relative Placement,Early On Grade Level,Early On Grade Level,179
students,Haven Middle School,assessments,i-Ready Math,ast-graph-1,i-Ready Math — Overall Relative Placement,Mid or Above Grade Level,Mid or Above Grade Level,114
students,Haven Middle School,assessments,i-Ready Math,ast-graph-2,"i-Ready Math — Percentile Distribution (counts, 10-pt bins)",,0-9,32
students,Haven Middle School,assessments,i-Ready Math,ast-graph-2,"i-Ready Math — Percentile Distribution (counts, 10-pt bins)",,10-19,36
students,Haven Middle School,assessments,i-Ready Math,ast-graph-2,"i-Ready Math — Percentile Distribution (counts, 10-pt bins)",,20-29,43
students,Haven Middle School,assessments,i-Ready Math,ast-graph-2,"i-Ready Math — Percentile Distribution (counts, 10-pt bins)",,30-39,39
students,Haven Middle School,assessments,i-Ready Math,ast-graph-2,"i-Ready Math — Percentile Distribution (counts, 10-pt bins)",,40-49,26
students,Haven Middle School,assessments,i-Ready Math,ast-graph-2,"i-Ready Math — Percentile Distribution (counts, 10-pt bins)",,50-59,46
students,Haven Middle School,assessments,i-Ready Math,ast-graph-2,"i-Ready Math — Percentile Distribution (counts, 10-pt bins)",,60-69,49
students,Haven Middle School,assessments,i-Ready Math,ast-graph-2,"i-Ready Math — Percentile Distribution (counts, 10-pt bins)",,70-79,66
students,Haven Middle School,assessments,i-Ready Math,ast-graph-2,"i-Ready Math — Percentile Distribution (counts, 10-pt bins)",,80-89,128
students,Haven Middle School,assessments,i-Ready Math,ast-graph-2,"i-Ready Math — Percentile Distribution (counts, 10-pt bins)",,90-99,126
students,Haven Middle School,assessments,i-Ready Math,ast-graph-3,"i-Ready Math — Percent Progress to Annual Typical Growth (counts, 10-pt bins)",,0-9,591
students,Lincoln Elementary School,home,,home-iep,IEP Status,,Has IEP,71
students,Lincoln Elementary School,home,,home-iep,IEP Status,,No IEP,269
students,Lincoln Elementary School,home,,home-lep,EL Status,,EL,54
students,Lincoln Elementary School,home,,home-lep,EL Status,,Not EL,286
students,Lincoln Elementary School,home,,home-race,Race/Ethnicity,,Asian,20
students,Lincoln Elementary School,home,,home-race,Race/Ethnicity,,Black or African American,58
students,Lincoln Elementary School,home,,home-race,Race/Ethnicity,,Hispanic or Latino,39
students,Lincoln Elementary School,home,,home-race,Race/Ethnicity,,Multi-racial,46
students,Lincoln Elementary School,home,,home-race,Race/Ethnicity,,White,173
students,Lincoln Elementary School,home,,home-race,Race/Ethnicity,,Other*,4
students,Lincoln Elementary School,home,,home-incidents,Incidents - SY27,,LVL1,64
students,Lincoln Elementary School,home,,home-incidents,Incidents - SY27,,LVL2,67
students,Lincoln Elementary School,home,,home-incidents,Incidents - SY27,,LVL3,67
students,Lincoln Elementary School,home,,home-incidents,Incidents - SY27,,LVL4,1
students,Lincoln Elementary School,home,,home-grade,Grade Level,,0,57
students,Lincoln Elementary School,home,,home-grade,Grade Level,,1,69
students,Lincoln Elementary School,home,,home-grade,Grade Level,,2,51
students,Lincoln Elementary School,home,,home-grade,Grade Level,,3,43
students,Lincoln Elementary School,home,,home-grade,Grade Level,,4,65
students,Lincoln Elementary School,home,,home-grade,Grade Level,,5,55
students,Lincoln Elementary School,home,,home-ada,ADA,,value,95.79
students,Lincoln Elementary School,home,,home-enrollment,Enrollment,,value,340
students,Lincoln Elementary School,attendance,,students-count-att,summary counts,,Students,340
students,Lincoln Elementary School,attendance,,students-count-att,summary counts,,IEP,71
students,Lincoln Elementary School,attendance,,students-count-att,summary counts,,EL,54
students,Lincoln Elementary School,attendance,,att-ada,ADA,,value,95.79
students,Lincoln Elementary School,attendance,,att-cron-abs,Chronic Absenteeism (%),,value,13.53
students,Lincoln Elementary School,attendance,,att-distribution,"Attendance Rate Distribution (counts, 10-pt bins)",,30-39,1
students,Lincoln Elementary School,attendance,,att-distribution,"Attendance Rate Distribution (counts, 10-pt bins)",,60-69,2
students,Lincoln Elementary School,attendance,,att-distribution,"Attendance Rate Distribution (counts, 10-pt bins)",,70-79,10
students,Lincoln Elementary School,attendance,,att-distribution,"Attendance Rate Distribution (counts, 10-pt bins)",,80-89,33
students,Lincoln Elementary School,attendance,,att-distribution,"Attendance Rate Distribution (counts, 10-pt bins)",,90-99,105
students,Lincoln Elementary School,attendance,,att-distribution,"Attendance Rate Distribution (counts, 10-pt bins)",,100+,189
students,Lincoln Elementary School,discipline,,students-count-discipline,summary counts,,Incidents,199
students,Lincoln Elementary School,discipline,,students-count-discipline,summary counts,,Students,41
students,Lincoln Elementary School,discipline,,students-count-discipline,summary counts,,Minor Incidents,131
students,Lincoln Elementary School,discipline,,students-count-discipline,summary counts,,Major Incidents,68
students,Lincoln Elementary School,discipline,,school,Incidents by School,,Lincoln Elementary School,199
students,Lincoln Elementary School,discipline,,lvl,Incident Types,,LVL1,64
students,Lincoln Elementary School,discipline,,lvl,Incident Types,,LVL2,67
students,Lincoln Elementary School,discipline,,lvl,Incident Types,,LVL3,67
students,Lincoln Elementary School,discipline,,lvl,Incident Types,,LVL4,1
students,Lincoln Elementary School,discipline,,months,Incidents by Month,,August,31
students,Lincoln Elementary School,discipline,,months,Incidents by Month,,September,168
students,Lincoln Elementary School,discipline,,race,Incidents by Race/Ethnicity,,Asian,1
students,Lincoln Elementary School,discipline,,race,Incidents by Race/Ethnicity,,Black or African American,78
students,Lincoln Elementary School,discipline,,race,Incidents by Race/Ethnicity,,Hispanic or Latino,69
students,Lincoln Elementary School,discipline,,race,Incidents by Race/Ethnicity,,Multi-racial,8
students,Lincoln Elementary School,discipline,,race,Incidents by Race/Ethnicity,,White,43
students,Lincoln Elementary School,discipline,,grade,Incidents by Grade,,0,95
students,Lincoln Elementary School,discipline,,grade,Incidents by Grade,,1,52
students,Lincoln Elementary School,discipline,,grade,Incidents by Grade,,2,8
students,Lincoln Elementary School,discipline,,grade,Incidents by Grade,,3,9
students,Lincoln Elementary School,discipline,,grade,Incidents by Grade,,4,11
students,Lincoln Elementary School,discipline,,grade,Incidents by Grade,,5,24
students,Lincoln Elementary School,assessments,STAR Reading,students-count-ast,summary counts,,Students,160
students,Lincoln Elementary School,assessments,STAR Reading,ast-graph-1,STAR Reading Benchmark Category (Fall SY27),Urgent Intervention,Urgent Intervention,16
students,Lincoln Elementary School,assessments,STAR Reading,ast-graph-1,STAR Reading Benchmark Category (Fall SY27),Intervention,Intervention,10
students,Lincoln Elementary School,assessments,STAR Reading,ast-graph-1,STAR Reading Benchmark Category (Fall SY27),Approaching Benchmark,Approaching Benchmark,40
students,Lincoln Elementary School,assessments,STAR Reading,ast-graph-1,STAR Reading Benchmark Category (Fall SY27),At Benchmark,At Benchmark,77
students,Lincoln Elementary School,assessments,STAR Reading,ast-graph-1,STAR Reading Benchmark Category (Fall SY27),Above Benchmark,Above Benchmark,17
students,Lincoln Elementary School,assessments,STAR Reading,ast-graph-2,"STAR Reading Percentile Rank Distribution (Fall SY27) (counts, 10-pt bins)",,0-9,15
students,Lincoln Elementary School,assessments,STAR Reading,ast-graph-2,"STAR Reading Percentile Rank Distribution (Fall SY27) (counts, 10-pt bins)",,10-19,8
students,Lincoln Elementary School,assessments,STAR Reading,ast-graph-2,"STAR Reading Percentile Rank Distribution (Fall SY27) (counts, 10-pt bins)",,20-29,6
students,Lincoln Elementary School,assessments,STAR Reading,ast-graph-2,"STAR Reading Percentile Rank Distribution (Fall SY27) (counts, 10-pt bins)",,30-39,13
students,Lincoln Elementary School,assessments,STAR Reading,ast-graph-2,"STAR Reading Percentile Rank Distribution (Fall SY27) (counts, 10-pt bins)",,40-49,8
students,Lincoln Elementary School,assessments,STAR Reading,ast-graph-2,"STAR Reading Percentile Rank Distribution (Fall SY27) (counts, 10-pt bins)",,50-59,9
students,Lincoln Elementary School,assessments,STAR Reading,ast-graph-2,"STAR Reading Percentile Rank Distribution (Fall SY27) (counts, 10-pt bins)",,60-69,10
students,Lincoln Elementary School,assessments,STAR Reading,ast-graph-2,"STAR Reading Percentile Rank Distribution (Fall SY27) (counts, 10-pt bins)",,70-79,14
students,Lincoln Elementary School,assessments,STAR Reading,ast-graph-2,"STAR Reading Percentile Rank Distribution (Fall SY27) (counts, 10-pt bins)",,80-89,27
students,Lincoln Elementary School,assessments,STAR Reading,ast-graph-2,"STAR Reading Percentile Rank Distribution (Fall SY27) (counts, 10-pt bins)",,90-99,50
students,Lincoln Elementary School,assessments,STAR Reading,ast-graph-3,"STAR Reading Student Growth Percentile(s) (Fall SY27) (counts, 10-pt bins)",Fall to Fall,0-9,13
students,Lincoln Elementary School,assessments,STAR Reading,ast-graph-3,"STAR Reading Student Growth Percentile(s) (Fall SY27) (counts, 10-pt bins)",Fall to Fall,10-19,5
students,Lincoln Elementary School,assessments,STAR Reading,ast-graph-3,"STAR Reading Student Growth Percentile(s) (Fall SY27) (counts, 10-pt bins)",Fall to Fall,20-29,12
students,Lincoln Elementary School,assessments,STAR Reading,ast-graph-3,"STAR Reading Student Growth Percentile(s) (Fall SY27) (counts, 10-pt bins)",Fall to Fall,30-39,16
students,Lincoln Elementary School,assessments,STAR Reading,ast-graph-3,"STAR Reading Student Growth Percentile(s) (Fall SY27) (counts, 10-pt bins)",Fall to Fall,40-49,13
students,Lincoln Elementary School,assessments,STAR Reading,ast-graph-3,"STAR Reading Student Growth Percentile(s) (Fall SY27) (counts, 10-pt bins)",Fall to Fall,50-59,11
students,Lincoln Elementary School,assessments,STAR Reading,ast-graph-3,"STAR Reading Student Growth Percentile(s) (Fall SY27) (counts, 10-pt bins)",Fall to Fall,60-69,20
students,Lincoln Elementary School,assessments,STAR Reading,ast-graph-3,"STAR Reading Student Growth Percentile(s) (Fall SY27) (counts, 10-pt bins)",Fall to Fall,70-79,9
students,Lincoln Elementary School,assessments,STAR Reading,ast-graph-3,"STAR Reading Student Growth Percentile(s) (Fall SY27) (counts, 10-pt bins)",Fall to Fall,80-89,10
students,Lincoln Elementary School,assessments,STAR Reading,ast-graph-3,"STAR Reading Student Growth Percentile(s) (Fall SY27) (counts, 10-pt bins)",Fall to Fall,90-99,34
students,Lincoln Elementary School,assessments,STAR Reading,ast-graph-3,"STAR Reading Student Growth Percentile(s) (Fall SY27) (counts, 10-pt bins)",Spring to Fall,0-9,19
students,Lincoln Elementary School,assessments,STAR Reading,ast-graph-3,"STAR Reading Student Growth Percentile(s) (Fall SY27) (counts, 10-pt bins)",Spring to Fall,10-19,8
students,Lincoln Elementary School,assessments,STAR Reading,ast-graph-3,"STAR Reading Student Growth Percentile(s) (Fall SY27) (counts, 10-pt bins)",Spring to Fall,20-29,9
students,Lincoln Elementary School,assessments,STAR Reading,ast-graph-3,"STAR Reading Student Growth Percentile(s) (Fall SY27) (counts, 10-pt bins)",Spring to Fall,30-39,15
students,Lincoln Elementary School,assessments,STAR Reading,ast-graph-3,"STAR Reading Student Growth Percentile(s) (Fall SY27) (counts, 10-pt bins)",Spring to Fall,40-49,7
students,Lincoln Elementary School,assessments,STAR Reading,ast-graph-3,"STAR Reading Student Growth Percentile(s) (Fall SY27) (counts, 10-pt bins)",Spring to Fall,50-59,13
students,Lincoln Elementary School,assessments,STAR Reading,ast-graph-3,"STAR Reading Student Growth Percentile(s) (Fall SY27) (counts, 10-pt bins)",Spring to Fall,60-69,8
students,Lincoln Elementary School,assessments,STAR Reading,ast-graph-3,"STAR Reading Student Growth Percentile(s) (Fall SY27) (counts, 10-pt bins)",Spring to Fall,70-79,16
students,Lincoln Elementary School,assessments,STAR Reading,ast-graph-3,"STAR Reading Student Growth Percentile(s) (Fall SY27) (counts, 10-pt bins)",Spring to Fall,80-89,15
students,Lincoln Elementary School,assessments,STAR Reading,ast-graph-3,"STAR Reading Student Growth Percentile(s) (Fall SY27) (counts, 10-pt bins)",Spring to Fall,90-99,36
students,Lincoln Elementary School,assessments,STAR Early Literacy,students-count-ast,summary counts,,Students,165
students,Lincoln Elementary School,assessments,STAR Early Literacy,ast-graph-1,STAR Early Literacy Benchmark Category (Fall SY27),Urgent Intervention,Urgent Intervention,6
students,Lincoln Elementary School,assessments,STAR Early Literacy,ast-graph-1,STAR Early Literacy Benchmark Category (Fall SY27),Intervention,Intervention,16
students,Lincoln Elementary School,assessments,STAR Early Literacy,ast-graph-1,STAR Early Literacy Benchmark Category (Fall SY27),Approaching Benchmark,Approaching Benchmark,68
students,Lincoln Elementary School,assessments,STAR Early Literacy,ast-graph-1,STAR Early Literacy Benchmark Category (Fall SY27),At Benchmark,At Benchmark,70
students,Lincoln Elementary School,assessments,STAR Early Literacy,ast-graph-1,STAR Early Literacy Benchmark Category (Fall SY27),Above Benchmark,Above Benchmark,5
students,Lincoln Elementary School,assessments,STAR Early Literacy,ast-graph-2,"STAR Early Literacy Percentile Rank Distribution (Fall SY27) (counts, 10-pt bins)",,0-9,5
students,Lincoln Elementary School,assessments,STAR Early Literacy,ast-graph-2,"STAR Early Literacy Percentile Rank Distribution (Fall SY27) (counts, 10-pt bins)",,10-19,6
students,Lincoln Elementary School,assessments,STAR Early Literacy,ast-graph-2,"STAR Early Literacy Percentile Rank Distribution (Fall SY27) (counts, 10-pt bins)",,20-29,17
students,Lincoln Elementary School,assessments,STAR Early Literacy,ast-graph-2,"STAR Early Literacy Percentile Rank Distribution (Fall SY27) (counts, 10-pt bins)",,30-39,10
students,Lincoln Elementary School,assessments,STAR Early Literacy,ast-graph-2,"STAR Early Literacy Percentile Rank Distribution (Fall SY27) (counts, 10-pt bins)",,40-49,15
students,Lincoln Elementary School,assessments,STAR Early Literacy,ast-graph-2,"STAR Early Literacy Percentile Rank Distribution (Fall SY27) (counts, 10-pt bins)",,50-59,20
students,Lincoln Elementary School,assessments,STAR Early Literacy,ast-graph-2,"STAR Early Literacy Percentile Rank Distribution (Fall SY27) (counts, 10-pt bins)",,60-69,25
students,Lincoln Elementary School,assessments,STAR Early Literacy,ast-graph-2,"STAR Early Literacy Percentile Rank Distribution (Fall SY27) (counts, 10-pt bins)",,70-79,14
students,Lincoln Elementary School,assessments,STAR Early Literacy,ast-graph-2,"STAR Early Literacy Percentile Rank Distribution (Fall SY27) (counts, 10-pt bins)",,80-89,25
students,Lincoln Elementary School,assessments,STAR Early Literacy,ast-graph-2,"STAR Early Literacy Percentile Rank Distribution (Fall SY27) (counts, 10-pt bins)",,90-99,28
students,Lincoln Elementary School,assessments,STAR Early Literacy,ast-graph-3,"STAR Early Literacy Student Growth Percentile(s) (Fall SY27) (counts, 10-pt bins)",Fall to Fall,0-9,3
students,Lincoln Elementary School,assessments,STAR Early Literacy,ast-graph-3,"STAR Early Literacy Student Growth Percentile(s) (Fall SY27) (counts, 10-pt bins)",Fall to Fall,10-19,4
students,Lincoln Elementary School,assessments,STAR Early Literacy,ast-graph-3,"STAR Early Literacy Student Growth Percentile(s) (Fall SY27) (counts, 10-pt bins)",Fall to Fall,20-29,6
students,Lincoln Elementary School,assessments,STAR Early Literacy,ast-graph-3,"STAR Early Literacy Student Growth Percentile(s) (Fall SY27) (counts, 10-pt bins)",Fall to Fall,30-39,11
students,Lincoln Elementary School,assessments,STAR Early Literacy,ast-graph-3,"STAR Early Literacy Student Growth Percentile(s) (Fall SY27) (counts, 10-pt bins)",Fall to Fall,40-49,8
students,Lincoln Elementary School,assessments,STAR Early Literacy,ast-graph-3,"STAR Early Literacy Student Growth Percentile(s) (Fall SY27) (counts, 10-pt bins)",Fall to Fall,50-59,7
students,Lincoln Elementary School,assessments,STAR Early Literacy,ast-graph-3,"STAR Early Literacy Student Growth Percentile(s) (Fall SY27) (counts, 10-pt bins)",Fall to Fall,60-69,11
students,Lincoln Elementary School,assessments,STAR Early Literacy,ast-graph-3,"STAR Early Literacy Student Growth Percentile(s) (Fall SY27) (counts, 10-pt bins)",Fall to Fall,70-79,8
students,Lincoln Elementary School,assessments,STAR Early Literacy,ast-graph-3,"STAR Early Literacy Student Growth Percentile(s) (Fall SY27) (counts, 10-pt bins)",Fall to Fall,80-89,15
students,Lincoln Elementary School,assessments,STAR Early Literacy,ast-graph-3,"STAR Early Literacy Student Growth Percentile(s) (Fall SY27) (counts, 10-pt bins)",Fall to Fall,90-99,25
students,Lincoln Elementary School,assessments,STAR Early Literacy,ast-graph-3,"STAR Early Literacy Student Growth Percentile(s) (Fall SY27) (counts, 10-pt bins)",Spring to Fall,0-9,11
students,Lincoln Elementary School,assessments,STAR Early Literacy,ast-graph-3,"STAR Early Literacy Student Growth Percentile(s) (Fall SY27) (counts, 10-pt bins)",Spring to Fall,10-19,11
students,Lincoln Elementary School,assessments,STAR Early Literacy,ast-graph-3,"STAR Early Literacy Student Growth Percentile(s) (Fall SY27) (counts, 10-pt bins)",Spring to Fall,20-29,7
students,Lincoln Elementary School,assessments,STAR Early Literacy,ast-graph-3,"STAR Early Literacy Student Growth Percentile(s) (Fall SY27) (counts, 10-pt bins)",Spring to Fall,30-39,10
students,Lincoln Elementary School,assessments,STAR Early Literacy,ast-graph-3,"STAR Early Literacy Student Growth Percentile(s) (Fall SY27) (counts, 10-pt bins)",Spring to Fall,40-49,12
students,Lincoln Elementary School,assessments,STAR Early Literacy,ast-graph-3,"STAR Early Literacy Student Growth Percentile(s) (Fall SY27) (counts, 10-pt bins)",Spring to Fall,50-59,9
students,Lincoln Elementary School,assessments,STAR Early Literacy,ast-graph-3,"STAR Early Literacy Student Growth Percentile(s) (Fall SY27) (counts, 10-pt bins)",Spring to Fall,60-69,9
students,Lincoln Elementary School,assessments,STAR Early Literacy,ast-graph-3,"STAR Early Literacy Student Growth Percentile(s) (Fall SY27) (counts, 10-pt bins)",Spring to Fall,70-79,10
students,Lincoln Elementary School,assessments,STAR Early Literacy,ast-graph-3,"STAR Early Literacy Student Growth Percentile(s) (Fall SY27) (counts, 10-pt bins)",Spring to Fall,80-89,10
students,Lincoln Elementary School,assessments,STAR Early Literacy,ast-graph-3,"STAR Early Literacy Student Growth Percentile(s) (Fall SY27) (counts, 10-pt bins)",Spring to Fall,90-99,11
students,Lincoln Elementary School,assessments,i-Ready Math,students-count-ast,summary counts,,Students,326
students,Lincoln Elementary School,assessments,i-Ready Math,ast-graph-1,i-Ready Math — Overall Relative Placement,3 or More Grade Levels Below,3 or More Grade Levels Below,23
students,Lincoln Elementary School,assessments,i-Ready Math,ast-graph-1,i-Ready Math — Overall Relative Placement,2 Grade Levels Below,2 Grade Levels Below,24
students,Lincoln Elementary School,assessments,i-Ready Math,ast-graph-1,i-Ready Math — Overall Relative Placement,1 Grade Level Below,1 Grade Level Below,165
students,Lincoln Elementary School,assessments,i-Ready Math,ast-graph-1,i-Ready Math — Overall Relative Placement,Early On Grade Level,Early On Grade Level,49
students,Lincoln Elementary School,assessments,i-Ready Math,ast-graph-1,i-Ready Math — Overall Relative Placement,Mid or Above Grade Level,Mid or Above Grade Level,65
students,Lincoln Elementary School,assessments,i-Ready Math,ast-graph-2,"i-Ready Math — Percentile Distribution (counts, 10-pt bins)",,0-9,22
students,Lincoln Elementary School,assessments,i-Ready Math,ast-graph-2,"i-Ready Math — Percentile Distribution (counts, 10-pt bins)",,10-19,16
students,Lincoln Elementary School,assessments,i-Ready Math,ast-graph-2,"i-Ready Math — Percentile Distribution (counts, 10-pt bins)",,20-29,13
students,Lincoln Elementary School,assessments,i-Ready Math,ast-graph-2,"i-Ready Math — Percentile Distribution (counts, 10-pt bins)",,30-39,22
students,Lincoln Elementary School,assessments,i-Ready Math,ast-graph-2,"i-Ready Math — Percentile Distribution (counts, 10-pt bins)",,40-49,27
students,Lincoln Elementary School,assessments,i-Ready Math,ast-graph-2,"i-Ready Math — Percentile Distribution (counts, 10-pt bins)",,50-59,30
students,Lincoln Elementary School,assessments,i-Ready Math,ast-graph-2,"i-Ready Math — Percentile Distribution (counts, 10-pt bins)",,60-69,31
students,Lincoln Elementary School,assessments,i-Ready Math,ast-graph-2,"i-Ready Math — Percentile Distribution (counts, 10-pt bins)",,70-79,36
students,Lincoln Elementary School,assessments,i-Ready Math,ast-graph-2,"i-Ready Math — Percentile Distribution (counts, 10-pt bins)",,80-89,43
students,Lincoln Elementary School,assessments,i-Ready Math,ast-graph-2,"i-Ready Math — Percentile Distribution (counts, 10-pt bins)",,90-99,86
students,Lincoln Elementary School,assessments,i-Ready Math,ast-graph-3,"i-Ready Math — Percent Progress to Annual Typical Growth (counts, 10-pt bins)",,0-9,326
students,Lincolnwood Elementary School,home,,home-iep,IEP Status,,Has IEP,62
students,Lincolnwood Elementary School,home,,home-iep,IEP Status,,No IEP,269
students,Lincolnwood Elementary School,home,,home-lep,EL Status,,EL,12
students,Lincolnwood Elementary School,home,,home-lep,EL Status,,Not EL,319
students,Lincolnwood Elementary School,home,,home-race,Race/Ethnicity,,Black or African American,61
students,Lincolnwood Elementary School,home,,home-race,Race/Ethnicity,,Hispanic or Latino,19
students,Lincolnwood Elementary School,home,,home-race,Race/Ethnicity,,Multi-racial,39
students,Lincolnwood Elementary School,home,,home-race,Race/Ethnicity,,White,206
students,Lincolnwood Elementary School,home,,home-race,Race/Ethnicity,,Other*,6
students,Lincolnwood Elementary School,home,,home-incidents,Incidents - SY27,,LVL1,1
students,Lincolnwood Elementary School,home,,home-incidents,Incidents - SY27,,LVL3,5
students,Lincolnwood Elementary School,home,,home-grade,Grade Level,,0,48
students,Lincolnwood Elementary School,home,,home-grade,Grade Level,,1,60
students,Lincolnwood Elementary School,home,,home-grade,Grade Level,,2,54
students,Lincolnwood Elementary School,home,,home-grade,Grade Level,,3,42
students,Lincolnwood Elementary School,home,,home-grade,Grade Level,,4,48
students,Lincolnwood Elementary School,home,,home-grade,Grade Level,,5,79
students,Lincolnwood Elementary School,home,,home-ada,ADA,,value,97.32
students,Lincolnwood Elementary School,home,,home-enrollment,Enrollment,,value,331
students,Lincolnwood Elementary School,attendance,,students-count-att,summary counts,,Students,331
students,Lincolnwood Elementary School,attendance,,students-count-att,summary counts,,IEP,62
students,Lincolnwood Elementary School,attendance,,students-count-att,summary counts,,EL,12
students,Lincolnwood Elementary School,attendance,,att-ada,ADA,,value,97.32
students,Lincolnwood Elementary School,attendance,,att-cron-abs,Chronic Absenteeism (%),,value,5.74
students,Lincolnwood Elementary School,attendance,,att-distribution,"Attendance Rate Distribution (counts, 10-pt bins)",,40-49,1
students,Lincolnwood Elementary School,attendance,,att-distribution,"Attendance Rate Distribution (counts, 10-pt bins)",,60-69,1
students,Lincolnwood Elementary School,attendance,,att-distribution,"Attendance Rate Distribution (counts, 10-pt bins)",,80-89,17
students,Lincolnwood Elementary School,attendance,,att-distribution,"Attendance Rate Distribution (counts, 10-pt bins)",,90-99,108
students,Lincolnwood Elementary School,attendance,,att-distribution,"Attendance Rate Distribution (counts, 10-pt bins)",,100+,204
students,Lincolnwood Elementary School,discipline,,students-count-discipline,summary counts,,Incidents,6
students,Lincolnwood Elementary School,discipline,,students-count-discipline,summary counts,,Students,5
students,Lincolnwood Elementary School,discipline,,students-count-discipline,summary counts,,Minor Incidents,1
students,Lincolnwood Elementary School,discipline,,students-count-discipline,summary counts,,Major Incidents,5
students,Lincolnwood Elementary School,discipline,,school,Incidents by School,,Lincolnwood Elementary School,6
students,Lincolnwood Elementary School,discipline,,lvl,Incident Types,,LVL1,1
students,Lincolnwood Elementary School,discipline,,lvl,Incident Types,,LVL3,5
students,Lincolnwood Elementary School,discipline,,months,Incidents by Month,,August,2
students,Lincolnwood Elementary School,discipline,,months,Incidents by Month,,September,4
students,Lincolnwood Elementary School,discipline,,race,Incidents by Race/Ethnicity,,Asian,1
students,Lincolnwood Elementary School,discipline,,race,Incidents by Race/Ethnicity,,Black or African American,3
students,Lincolnwood Elementary School,discipline,,race,Incidents by Race/Ethnicity,,Multi-racial,1
students,Lincolnwood Elementary School,discipline,,race,Incidents by Race/Ethnicity,,White,1
students,Lincolnwood Elementary School,discipline,,grade,Incidents by Grade,,0,4
students,Lincolnwood Elementary School,discipline,,grade,Incidents by Grade,,5,2
students,Lincolnwood Elementary School,assessments,STAR Reading,students-count-ast,summary counts,,Students,162
students,Lincolnwood Elementary School,assessments,STAR Reading,ast-graph-1,STAR Reading Benchmark Category (Fall SY27),Urgent Intervention,Urgent Intervention,6
students,Lincolnwood Elementary School,assessments,STAR Reading,ast-graph-1,STAR Reading Benchmark Category (Fall SY27),Intervention,Intervention,14
students,Lincolnwood Elementary School,assessments,STAR Reading,ast-graph-1,STAR Reading Benchmark Category (Fall SY27),Approaching Benchmark,Approaching Benchmark,47
students,Lincolnwood Elementary School,assessments,STAR Reading,ast-graph-1,STAR Reading Benchmark Category (Fall SY27),At Benchmark,At Benchmark,87
students,Lincolnwood Elementary School,assessments,STAR Reading,ast-graph-1,STAR Reading Benchmark Category (Fall SY27),Above Benchmark,Above Benchmark,8
students,Lincolnwood Elementary School,assessments,STAR Reading,ast-graph-2,"STAR Reading Percentile Rank Distribution (Fall SY27) (counts, 10-pt bins)",,0-9,6
students,Lincolnwood Elementary School,assessments,STAR Reading,ast-graph-2,"STAR Reading Percentile Rank Distribution (Fall SY27) (counts, 10-pt bins)",,10-19,9
students,Lincolnwood Elementary School,assessments,STAR Reading,ast-graph-2,"STAR Reading Percentile Rank Distribution (Fall SY27) (counts, 10-pt bins)",,20-29,9
students,Lincolnwood Elementary School,assessments,STAR Reading,ast-graph-2,"STAR Reading Percentile Rank Distribution (Fall SY27) (counts, 10-pt bins)",,30-39,8
students,Lincolnwood Elementary School,assessments,STAR Reading,ast-graph-2,"STAR Reading Percentile Rank Distribution (Fall SY27) (counts, 10-pt bins)",,40-49,14
students,Lincolnwood Elementary School,assessments,STAR Reading,ast-graph-2,"STAR Reading Percentile Rank Distribution (Fall SY27) (counts, 10-pt bins)",,50-59,13
students,Lincolnwood Elementary School,assessments,STAR Reading,ast-graph-2,"STAR Reading Percentile Rank Distribution (Fall SY27) (counts, 10-pt bins)",,60-69,9
students,Lincolnwood Elementary School,assessments,STAR Reading,ast-graph-2,"STAR Reading Percentile Rank Distribution (Fall SY27) (counts, 10-pt bins)",,70-79,23
students,Lincolnwood Elementary School,assessments,STAR Reading,ast-graph-2,"STAR Reading Percentile Rank Distribution (Fall SY27) (counts, 10-pt bins)",,80-89,32
students,Lincolnwood Elementary School,assessments,STAR Reading,ast-graph-2,"STAR Reading Percentile Rank Distribution (Fall SY27) (counts, 10-pt bins)",,90-99,39
students,Lincolnwood Elementary School,assessments,STAR Reading,ast-graph-3,"STAR Reading Student Growth Percentile(s) (Fall SY27) (counts, 10-pt bins)",Fall to Fall,0-9,13
students,Lincolnwood Elementary School,assessments,STAR Reading,ast-graph-3,"STAR Reading Student Growth Percentile(s) (Fall SY27) (counts, 10-pt bins)",Fall to Fall,10-19,14
students,Lincolnwood Elementary School,assessments,STAR Reading,ast-graph-3,"STAR Reading Student Growth Percentile(s) (Fall SY27) (counts, 10-pt bins)",Fall to Fall,20-29,11
students,Lincolnwood Elementary School,assessments,STAR Reading,ast-graph-3,"STAR Reading Student Growth Percentile(s) (Fall SY27) (counts, 10-pt bins)",Fall to Fall,30-39,16
students,Lincolnwood Elementary School,assessments,STAR Reading,ast-graph-3,"STAR Reading Student Growth Percentile(s) (Fall SY27) (counts, 10-pt bins)",Fall to Fall,40-49,9
students,Lincolnwood Elementary School,assessments,STAR Reading,ast-graph-3,"STAR Reading Student Growth Percentile(s) (Fall SY27) (counts, 10-pt bins)",Fall to Fall,50-59,12
students,Lincolnwood Elementary School,assessments,STAR Reading,ast-graph-3,"STAR Reading Student Growth Percentile(s) (Fall SY27) (counts, 10-pt bins)",Fall to Fall,60-69,23
students,Lincolnwood Elementary School,assessments,STAR Reading,ast-graph-3,"STAR Reading Student Growth Percentile(s) (Fall SY27) (counts, 10-pt bins)",Fall to Fall,70-79,19
students,Lincolnwood Elementary School,assessments,STAR Reading,ast-graph-3,"STAR Reading Student Growth Percentile(s) (Fall SY27) (counts, 10-pt bins)",Fall to Fall,80-89,16
students,Lincolnwood Elementary School,assessments,STAR Reading,ast-graph-3,"STAR Reading Student Growth Percentile(s) (Fall SY27) (counts, 10-pt bins)",Fall to Fall,90-99,19
students,Lincolnwood Elementary School,assessments,STAR Reading,ast-graph-3,"STAR Reading Student Growth Percentile(s) (Fall SY27) (counts, 10-pt bins)",Spring to Fall,0-9,22
students,Lincolnwood Elementary School,assessments,STAR Reading,ast-graph-3,"STAR Reading Student Growth Percentile(s) (Fall SY27) (counts, 10-pt bins)",Spring to Fall,10-19,19
students,Lincolnwood Elementary School,assessments,STAR Reading,ast-graph-3,"STAR Reading Student Growth Percentile(s) (Fall SY27) (counts, 10-pt bins)",Spring to Fall,20-29,17
students,Lincolnwood Elementary School,assessments,STAR Reading,ast-graph-3,"STAR Reading Student Growth Percentile(s) (Fall SY27) (counts, 10-pt bins)",Spring to Fall,30-39,9
students,Lincolnwood Elementary School,assessments,STAR Reading,ast-graph-3,"STAR Reading Student Growth Percentile(s) (Fall SY27) (counts, 10-pt bins)",Spring to Fall,40-49,13
students,Lincolnwood Elementary School,assessments,STAR Reading,ast-graph-3,"STAR Reading Student Growth Percentile(s) (Fall SY27) (counts, 10-pt bins)",Spring to Fall,50-59,19
students,Lincolnwood Elementary School,assessments,STAR Reading,ast-graph-3,"STAR Reading Student Growth Percentile(s) (Fall SY27) (counts, 10-pt bins)",Spring to Fall,60-69,10
students,Lincolnwood Elementary School,assessments,STAR Reading,ast-graph-3,"STAR Reading Student Growth Percentile(s) (Fall SY27) (counts, 10-pt bins)",Spring to Fall,70-79,12
students,Lincolnwood Elementary School,assessments,STAR Reading,ast-graph-3,"STAR Reading Student Growth Percentile(s) (Fall SY27) (counts, 10-pt bins)",Spring to Fall,80-89,18
students,Lincolnwood Elementary School,assessments,STAR Reading,ast-graph-3,"STAR Reading Student Growth Percentile(s) (Fall SY27) (counts, 10-pt bins)",Spring to Fall,90-99,13
students,Lincolnwood Elementary School,assessments,STAR Early Literacy,students-count-ast,summary counts,,Students,154
students,Lincolnwood Elementary School,assessments,STAR Early Literacy,ast-graph-1,STAR Early Literacy Benchmark Category (Fall SY27),Urgent Intervention,Urgent Intervention,5
students,Lincolnwood Elementary School,assessments,STAR Early Literacy,ast-graph-1,STAR Early Literacy Benchmark Category (Fall SY27),Intervention,Intervention,9
students,Lincolnwood Elementary School,assessments,STAR Early Literacy,ast-graph-1,STAR Early Literacy Benchmark Category (Fall SY27),Approaching Benchmark,Approaching Benchmark,44
students,Lincolnwood Elementary School,assessments,STAR Early Literacy,ast-graph-1,STAR Early Literacy Benchmark Category (Fall SY27),At Benchmark,At Benchmark,84
students,Lincolnwood Elementary School,assessments,STAR Early Literacy,ast-graph-1,STAR Early Literacy Benchmark Category (Fall SY27),Above Benchmark,Above Benchmark,12
students,Lincolnwood Elementary School,assessments,STAR Early Literacy,ast-graph-2,"STAR Early Literacy Percentile Rank Distribution (Fall SY27) (counts, 10-pt bins)",,0-9,5
students,Lincolnwood Elementary School,assessments,STAR Early Literacy,ast-graph-2,"STAR Early Literacy Percentile Rank Distribution (Fall SY27) (counts, 10-pt bins)",,10-19,6
students,Lincolnwood Elementary School,assessments,STAR Early Literacy,ast-graph-2,"STAR Early Literacy Percentile Rank Distribution (Fall SY27) (counts, 10-pt bins)",,20-29,7
students,Lincolnwood Elementary School,assessments,STAR Early Literacy,ast-graph-2,"STAR Early Literacy Percentile Rank Distribution (Fall SY27) (counts, 10-pt bins)",,30-39,6
students,Lincolnwood Elementary School,assessments,STAR Early Literacy,ast-graph-2,"STAR Early Literacy Percentile Rank Distribution (Fall SY27) (counts, 10-pt bins)",,40-49,10
students,Lincolnwood Elementary School,assessments,STAR Early Literacy,ast-graph-2,"STAR Early Literacy Percentile Rank Distribution (Fall SY27) (counts, 10-pt bins)",,50-59,12
students,Lincolnwood Elementary School,assessments,STAR Early Literacy,ast-graph-2,"STAR Early Literacy Percentile Rank Distribution (Fall SY27) (counts, 10-pt bins)",,60-69,23
students,Lincolnwood Elementary School,assessments,STAR Early Literacy,ast-graph-2,"STAR Early Literacy Percentile Rank Distribution (Fall SY27) (counts, 10-pt bins)",,70-79,19
students,Lincolnwood Elementary School,assessments,STAR Early Literacy,ast-graph-2,"STAR Early Literacy Percentile Rank Distribution (Fall SY27) (counts, 10-pt bins)",,80-89,24
students,Lincolnwood Elementary School,assessments,STAR Early Literacy,ast-graph-2,"STAR Early Literacy Percentile Rank Distribution (Fall SY27) (counts, 10-pt bins)",,90-99,42
students,Lincolnwood Elementary School,assessments,STAR Early Literacy,ast-graph-3,"STAR Early Literacy Student Growth Percentile(s) (Fall SY27) (counts, 10-pt bins)",Fall to Fall,0-9,2
students,Lincolnwood Elementary School,assessments,STAR Early Literacy,ast-graph-3,"STAR Early Literacy Student Growth Percentile(s) (Fall SY27) (counts, 10-pt bins)",Fall to Fall,10-19,7
students,Lincolnwood Elementary School,assessments,STAR Early Literacy,ast-graph-3,"STAR Early Literacy Student Growth Percentile(s) (Fall SY27) (counts, 10-pt bins)",Fall to Fall,20-29,3
students,Lincolnwood Elementary School,assessments,STAR Early Literacy,ast-graph-3,"STAR Early Literacy Student Growth Percentile(s) (Fall SY27) (counts, 10-pt bins)",Fall to Fall,30-39,3
students,Lincolnwood Elementary School,assessments,STAR Early Literacy,ast-graph-3,"STAR Early Literacy Student Growth Percentile(s) (Fall SY27) (counts, 10-pt bins)",Fall to Fall,40-49,8
students,Lincolnwood Elementary School,assessments,STAR Early Literacy,ast-graph-3,"STAR Early Literacy Student Growth Percentile(s) (Fall SY27) (counts, 10-pt bins)",Fall to Fall,50-59,12
students,Lincolnwood Elementary School,assessments,STAR Early Literacy,ast-graph-3,"STAR Early Literacy Student Growth Percentile(s) (Fall SY27) (counts, 10-pt bins)",Fall to Fall,60-69,13
students,Lincolnwood Elementary School,assessments,STAR Early Literacy,ast-graph-3,"STAR Early Literacy Student Growth Percentile(s) (Fall SY27) (counts, 10-pt bins)",Fall to Fall,70-79,14
students,Lincolnwood Elementary School,assessments,STAR Early Literacy,ast-graph-3,"STAR Early Literacy Student Growth Percentile(s) (Fall SY27) (counts, 10-pt bins)",Fall to Fall,80-89,15
students,Lincolnwood Elementary School,assessments,STAR Early Literacy,ast-graph-3,"STAR Early Literacy Student Growth Percentile(s) (Fall SY27) (counts, 10-pt bins)",Fall to Fall,90-99,25
students,Lincolnwood Elementary School,assessments,STAR Early Literacy,ast-graph-3,"STAR Early Literacy Student Growth Percentile(s) (Fall SY27) (counts, 10-pt bins)",Spring to Fall,0-9,1
students,Lincolnwood Elementary School,assessments,STAR Early Literacy,ast-graph-3,"STAR Early Literacy Student Growth Percentile(s) (Fall SY27) (counts, 10-pt bins)",Spring to Fall,10-19,7
students,Lincolnwood Elementary School,assessments,STAR Early Literacy,ast-graph-3,"STAR Early Literacy Student Growth Percentile(s) (Fall SY27) (counts, 10-pt bins)",Spring to Fall,20-29,7
students,Lincolnwood Elementary School,assessments,STAR Early Literacy,ast-graph-3,"STAR Early Literacy Student Growth Percentile(s) (Fall SY27) (counts, 10-pt bins)",Spring to Fall,30-39,9
students,Lincolnwood Elementary School,assessments,STAR Early Literacy,ast-graph-3,"STAR Early Literacy Student Growth Percentile(s) (Fall SY27) (counts, 10-pt bins)",Spring to Fall,40-49,11
students,Lincolnwood Elementary School,assessments,STAR Early Literacy,ast-graph-3,"STAR Early Literacy Student Growth Percentile(s) (Fall SY27) (counts, 10-pt bins)",Spring to Fall,50-59,17
students,Lincolnwood Elementary School,assessments,STAR Early Literacy,ast-graph-3,"STAR Early Literacy Student Growth Percentile(s) (Fall SY27) (counts, 10-pt bins)",Spring to Fall,60-69,8
students,Lincolnwood Elementary School,assessments,STAR Early Literacy,ast-graph-3,"STAR Early Literacy Student Growth Percentile(s) (Fall SY27) (counts, 10-pt bins)",Spring to Fall,70-79,12
students,Lincolnwood Elementary School,assessments,STAR Early Literacy,ast-graph-3,"STAR Early Literacy Student Growth Percentile(s) (Fall SY27) (counts, 10-pt bins)",Spring to Fall,80-89,13
students,Lincolnwood Elementary School,assessments,STAR Early Literacy,ast-graph-3,"STAR Early Literacy Student Growth Percentile(s) (Fall SY27) (counts, 10-pt bins)",Spring to Fall,90-99,17
students,Lincolnwood Elementary School,assessments,i-Ready Math,students-count-ast,summary counts,,Students,310
students,Lincolnwood Elementary School,assessments,i-Ready Math,ast-graph-1,i-Ready Math — Overall Relative Placement,3 or More Grade Levels Below,3 or More Grade Levels Below,6
students,Lincolnwood Elementary School,assessments,i-Ready Math,ast-graph-1,i-Ready Math — Overall Relative Placement,2 Grade Levels Below,2 Grade Levels Below,13
students,Lincolnwood Elementary School,assessments,i-Ready Math,ast-graph-1,i-Ready Math — Overall Relative Placement,1 Grade Level Below,1 Grade Level Below,131
students,Lincolnwood Elementary School,assessments,i-Ready Math,ast-graph-1,i-Ready Math — Overall Relative Placement,Early On Grade Level,Early On Grade Level,72
students,Lincolnwood Elementary School,assessments,i-Ready Math,ast-graph-1,i-Ready Math — Overall Relative Placement,Mid or Above Grade Level,Mid or Above Grade Level,88
students,Lincolnwood Elementary School,assessments,i-Ready Math,ast-graph-2,"i-Ready Math — Percentile Distribution (counts, 10-pt bins)",,0-9,4
students,Lincolnwood Elementary School,assessments,i-Ready Math,ast-graph-2,"i-Ready Math — Percentile Distribution (counts, 10-pt bins)",,10-19,8
students,Lincolnwood Elementary School,assessments,i-Ready Math,ast-graph-2,"i-Ready Math — Percentile Distribution (counts, 10-pt bins)",,20-29,8
students,Lincolnwood Elementary School,assessments,i-Ready Math,ast-graph-2,"i-Ready Math — Percentile Distribution (counts, 10-pt bins)",,30-39,11
students,Lincolnwood Elementary School,assessments,i-Ready Math,ast-graph-2,"i-Ready Math — Percentile Distribution (counts, 10-pt bins)",,40-49,12
students,Lincolnwood Elementary School,assessments,i-Ready Math,ast-graph-2,"i-Ready Math — Percentile Distribution (counts, 10-pt bins)",,50-59,27
students,Lincolnwood Elementary School,assessments,i-Ready Math,ast-graph-2,"i-Ready Math — Percentile Distribution (counts, 10-pt bins)",,60-69,31
students,Lincolnwood Elementary School,assessments,i-Ready Math,ast-graph-2,"i-Ready Math — Percentile Distribution (counts, 10-pt bins)",,70-79,36
students,Lincolnwood Elementary School,assessments,i-Ready Math,ast-graph-2,"i-Ready Math — Percentile Distribution (counts, 10-pt bins)",,80-89,45
students,Lincolnwood Elementary School,assessments,i-Ready Math,ast-graph-2,"i-Ready Math — Percentile Distribution (counts, 10-pt bins)",,90-99,128
students,Lincolnwood Elementary School,assessments,i-Ready Math,ast-graph-3,"i-Ready Math — Percent Progress to Annual Typical Growth (counts, 10-pt bins)",,0-9,310
students,Nichols Middle School,home,,home-iep,IEP Status,,Has IEP,72
students,Nichols Middle School,home,,home-iep,IEP Status,,No IEP,499
students,Nichols Middle School,home,,home-lep,EL Status,,EL,67
students,Nichols Middle School,home,,home-lep,EL Status,,Not EL,504
students,Nichols Middle School,home,,home-race,Race/Ethnicity,,Asian,24
students,Nichols Middle School,home,,home-race,Race/Ethnicity,,Black or African American,92
students,Nichols Middle School,home,,home-race,Race/Ethnicity,,Hispanic or Latino,140
students,Nichols Middle School,home,,home-race,Race/Ethnicity,,Multi-racial,67
students,Nichols Middle School,home,,home-race,Race/Ethnicity,,White,247
students,Nichols Middle School,home,,home-incidents,Incidents - SY27,,LVL1,57
students,Nichols Middle School,home,,home-incidents,Incidents - SY27,,LVL2,17
students,Nichols Middle School,home,,home-incidents,Incidents - SY27,,LVL3,16
students,Nichols Middle School,home,,home-incidents,Incidents - SY27,,LVL4,3
students,Nichols Middle School,home,,home-grade,Grade Level,,6,192
students,Nichols Middle School,home,,home-grade,Grade Level,,7,169
students,Nichols Middle School,home,,home-grade,Grade Level,,8,210
students,Nichols Middle School,home,,home-ada,ADA,,value,95.01
students,Nichols Middle School,home,,home-enrollment,Enrollment,,value,571
students,Nichols Middle School,attendance,,students-count-att,summary counts,,Students,571
students,Nichols Middle School,attendance,,students-count-att,summary counts,,IEP,72
students,Nichols Middle School,attendance,,students-count-att,summary counts,,EL,67
students,Nichols Middle School,attendance,,att-ada,ADA,,value,95.01
students,Nichols Middle School,attendance,,att-cron-abs,Chronic Absenteeism (%),,value,15.24
students,Nichols Middle School,attendance,,att-distribution,"Attendance Rate Distribution (counts, 10-pt bins)",,0-9,3
students,Nichols Middle School,attendance,,att-distribution,"Attendance Rate Distribution (counts, 10-pt bins)",,20-29,1
students,Nichols Middle School,attendance,,att-distribution,"Attendance Rate Distribution (counts, 10-pt bins)",,30-39,2
students,Nichols Middle School,attendance,,att-distribution,"Attendance Rate Distribution (counts, 10-pt bins)",,40-49,3
students,Nichols Middle School,attendance,,att-distribution,"Attendance Rate Distribution (counts, 10-pt bins)",,60-69,4
students,Nichols Middle School,attendance,,att-distribution,"Attendance Rate Distribution (counts, 10-pt bins)",,70-79,12
students,Nichols Middle School,attendance,,att-distribution,"Attendance Rate Distribution (counts, 10-pt bins)",,80-89,56
students,Nichols Middle School,attendance,,att-distribution,"Attendance Rate Distribution (counts, 10-pt bins)",,90-99,204
students,Nichols Middle School,attendance,,att-distribution,"Attendance Rate Distribution (counts, 10-pt bins)",,100+,286
students,Nichols Middle School,discipline,,students-count-discipline,summary counts,,Incidents,93
students,Nichols Middle School,discipline,,students-count-discipline,summary counts,,Students,64
students,Nichols Middle School,discipline,,students-count-discipline,summary counts,,Minor Incidents,74
students,Nichols Middle School,discipline,,students-count-discipline,summary counts,,Major Incidents,19
students,Nichols Middle School,discipline,,school,Incidents by School,,Nichols Middle School,93
students,Nichols Middle School,discipline,,lvl,Incident Types,,LVL1,57
students,Nichols Middle School,discipline,,lvl,Incident Types,,LVL2,17
students,Nichols Middle School,discipline,,lvl,Incident Types,,LVL3,16
students,Nichols Middle School,discipline,,lvl,Incident Types,,LVL4,3
students,Nichols Middle School,discipline,,months,Incidents by Month,,August,2
students,Nichols Middle School,discipline,,months,Incidents by Month,,September,91
students,Nichols Middle School,discipline,,race,Incidents by Race/Ethnicity,,Asian,3
students,Nichols Middle School,discipline,,race,Incidents by Race/Ethnicity,,Black or African American,23
students,Nichols Middle School,discipline,,race,Incidents by Race/Ethnicity,,Hispanic or Latino,12
students,Nichols Middle School,discipline,,race,Incidents by Race/Ethnicity,,Multi-racial,8
students,Nichols Middle School,discipline,,race,Incidents by Race/Ethnicity,,White,47
students,Nichols Middle School,discipline,,grade,Incidents by Grade,,6,33
students,Nichols Middle School,discipline,,grade,Incidents by Grade,,7,25
students,Nichols Middle School,discipline,,grade,Incidents by Grade,,8,35
students,Nichols Middle School,assessments,STAR Reading,students-count-ast,summary counts,,Students,564
students,Nichols Middle School,assessments,STAR Reading,ast-graph-1,STAR Reading Benchmark Category (Fall SY27),Urgent Intervention,Urgent Intervention,28
students,Nichols Middle School,assessments,STAR Reading,ast-graph-1,STAR Reading Benchmark Category (Fall SY27),Intervention,Intervention,54
students,Nichols Middle School,assessments,STAR Reading,ast-graph-1,STAR Reading Benchmark Category (Fall SY27),Approaching Benchmark,Approaching Benchmark,137
students,Nichols Middle School,assessments,STAR Reading,ast-graph-1,STAR Reading Benchmark Category (Fall SY27),At Benchmark,At Benchmark,286
students,Nichols Middle School,assessments,STAR Reading,ast-graph-1,STAR Reading Benchmark Category (Fall SY27),Above Benchmark,Above Benchmark,59
students,Nichols Middle School,assessments,STAR Reading,ast-graph-2,"STAR Reading Percentile Rank Distribution (Fall SY27) (counts, 10-pt bins)",,0-9,22
students,Nichols Middle School,assessments,STAR Reading,ast-graph-2,"STAR Reading Percentile Rank Distribution (Fall SY27) (counts, 10-pt bins)",,10-19,35
students,Nichols Middle School,assessments,STAR Reading,ast-graph-2,"STAR Reading Percentile Rank Distribution (Fall SY27) (counts, 10-pt bins)",,20-29,38
students,Nichols Middle School,assessments,STAR Reading,ast-graph-2,"STAR Reading Percentile Rank Distribution (Fall SY27) (counts, 10-pt bins)",,30-39,20
students,Nichols Middle School,assessments,STAR Reading,ast-graph-2,"STAR Reading Percentile Rank Distribution (Fall SY27) (counts, 10-pt bins)",,40-49,41
students,Nichols Middle School,assessments,STAR Reading,ast-graph-2,"STAR Reading Percentile Rank Distribution (Fall SY27) (counts, 10-pt bins)",,50-59,40
students,Nichols Middle School,assessments,STAR Reading,ast-graph-2,"STAR Reading Percentile Rank Distribution (Fall SY27) (counts, 10-pt bins)",,60-69,36
students,Nichols Middle School,assessments,STAR Reading,ast-graph-2,"STAR Reading Percentile Rank Distribution (Fall SY27) (counts, 10-pt bins)",,70-79,60
students,Nichols Middle School,assessments,STAR Reading,ast-graph-2,"STAR Reading Percentile Rank Distribution (Fall SY27) (counts, 10-pt bins)",,80-89,90
students,Nichols Middle School,assessments,STAR Reading,ast-graph-2,"STAR Reading Percentile Rank Distribution (Fall SY27) (counts, 10-pt bins)",,90-99,182
students,Nichols Middle School,assessments,STAR Reading,ast-graph-3,"STAR Reading Student Growth Percentile(s) (Fall SY27) (counts, 10-pt bins)",Fall to Fall,0-9,35
students,Nichols Middle School,assessments,STAR Reading,ast-graph-3,"STAR Reading Student Growth Percentile(s) (Fall SY27) (counts, 10-pt bins)",Fall to Fall,10-19,47
students,Nichols Middle School,assessments,STAR Reading,ast-graph-3,"STAR Reading Student Growth Percentile(s) (Fall SY27) (counts, 10-pt bins)",Fall to Fall,20-29,47
students,Nichols Middle School,assessments,STAR Reading,ast-graph-3,"STAR Reading Student Growth Percentile(s) (Fall SY27) (counts, 10-pt bins)",Fall to Fall,30-39,33
students,Nichols Middle School,assessments,STAR Reading,ast-graph-3,"STAR Reading Student Growth Percentile(s) (Fall SY27) (counts, 10-pt bins)",Fall to Fall,40-49,48
students,Nichols Middle School,assessments,STAR Reading,ast-graph-3,"STAR Reading Student Growth Percentile(s) (Fall SY27) (counts, 10-pt bins)",Fall to Fall,50-59,50
students,Nichols Middle School,assessments,STAR Reading,ast-graph-3,"STAR Reading Student Growth Percentile(s) (Fall SY27) (counts, 10-pt bins)",Fall to Fall,60-69,50
students,Nichols Middle School,assessments,STAR Reading,ast-graph-3,"STAR Reading Student Growth Percentile(s) (Fall SY27) (counts, 10-pt bins)",Fall to Fall,70-79,51
students,Nichols Middle School,assessments,STAR Reading,ast-graph-3,"STAR Reading Student Growth Percentile(s) (Fall SY27) (counts, 10-pt bins)",Fall to Fall,80-89,55
students,Nichols Middle School,assessments,STAR Reading,ast-graph-3,"STAR Reading Student Growth Percentile(s) (Fall SY27) (counts, 10-pt bins)",Fall to Fall,90-99,100
students,Nichols Middle School,assessments,STAR Reading,ast-graph-3,"STAR Reading Student Growth Percentile(s) (Fall SY27) (counts, 10-pt bins)",Spring to Fall,0-9,48
students,Nichols Middle School,assessments,STAR Reading,ast-graph-3,"STAR Reading Student Growth Percentile(s) (Fall SY27) (counts, 10-pt bins)",Spring to Fall,10-19,43
students,Nichols Middle School,assessments,STAR Reading,ast-graph-3,"STAR Reading Student Growth Percentile(s) (Fall SY27) (counts, 10-pt bins)",Spring to Fall,20-29,36
students,Nichols Middle School,assessments,STAR Reading,ast-graph-3,"STAR Reading Student Growth Percentile(s) (Fall SY27) (counts, 10-pt bins)",Spring to Fall,30-39,53
students,Nichols Middle School,assessments,STAR Reading,ast-graph-3,"STAR Reading Student Growth Percentile(s) (Fall SY27) (counts, 10-pt bins)",Spring to Fall,40-49,57
students,Nichols Middle School,assessments,STAR Reading,ast-graph-3,"STAR Reading Student Growth Percentile(s) (Fall SY27) (counts, 10-pt bins)",Spring to Fall,50-59,48
students,Nichols Middle School,assessments,STAR Reading,ast-graph-3,"STAR Reading Student Growth Percentile(s) (Fall SY27) (counts, 10-pt bins)",Spring to Fall,60-69,48
students,Nichols Middle School,assessments,STAR Reading,ast-graph-3,"STAR Reading Student Growth Percentile(s) (Fall SY27) (counts, 10-pt bins)",Spring to Fall,70-79,56
students,Nichols Middle School,assessments,STAR Reading,ast-graph-3,"STAR Reading Student Growth Percentile(s) (Fall SY27) (counts, 10-pt bins)",Spring to Fall,80-89,56
students,Nichols Middle School,assessments,STAR Reading,ast-graph-3,"STAR Reading Student Growth Percentile(s) (Fall SY27) (counts, 10-pt bins)",Spring to Fall,90-99,69
students,Nichols Middle School,assessments,STAR Reading Spanish,students-count-ast,summary counts,,Students,105
students,Nichols Middle School,assessments,STAR Reading Spanish,ast-graph-1,STAR Reading Spanish Benchmark Category (Fall SY27),Urgent Intervention,Urgent Intervention,15
students,Nichols Middle School,assessments,STAR Reading Spanish,ast-graph-1,STAR Reading Spanish Benchmark Category (Fall SY27),Intervention,Intervention,32
students,Nichols Middle School,assessments,STAR Reading Spanish,ast-graph-1,STAR Reading Spanish Benchmark Category (Fall SY27),Approaching Benchmark,Approaching Benchmark,36
students,Nichols Middle School,assessments,STAR Reading Spanish,ast-graph-1,STAR Reading Spanish Benchmark Category (Fall SY27),At Benchmark,At Benchmark,20
students,Nichols Middle School,assessments,STAR Reading Spanish,ast-graph-1,STAR Reading Spanish Benchmark Category (Fall SY27),Above Benchmark,Above Benchmark,2
students,Nichols Middle School,assessments,STAR Reading Spanish,ast-graph-2,"STAR Reading Spanish Percentile Rank Distribution (Fall SY27) (counts, 10-pt bins)",,0-9,15
students,Nichols Middle School,assessments,STAR Reading Spanish,ast-graph-2,"STAR Reading Spanish Percentile Rank Distribution (Fall SY27) (counts, 10-pt bins)",,10-19,24
students,Nichols Middle School,assessments,STAR Reading Spanish,ast-graph-2,"STAR Reading Spanish Percentile Rank Distribution (Fall SY27) (counts, 10-pt bins)",,20-29,13
students,Nichols Middle School,assessments,STAR Reading Spanish,ast-graph-2,"STAR Reading Spanish Percentile Rank Distribution (Fall SY27) (counts, 10-pt bins)",,30-39,12
students,Nichols Middle School,assessments,STAR Reading Spanish,ast-graph-2,"STAR Reading Spanish Percentile Rank Distribution (Fall SY27) (counts, 10-pt bins)",,40-49,5
students,Nichols Middle School,assessments,STAR Reading Spanish,ast-graph-2,"STAR Reading Spanish Percentile Rank Distribution (Fall SY27) (counts, 10-pt bins)",,50-59,8
students,Nichols Middle School,assessments,STAR Reading Spanish,ast-graph-2,"STAR Reading Spanish Percentile Rank Distribution (Fall SY27) (counts, 10-pt bins)",,60-69,7
students,Nichols Middle School,assessments,STAR Reading Spanish,ast-graph-2,"STAR Reading Spanish Percentile Rank Distribution (Fall SY27) (counts, 10-pt bins)",,70-79,6
students,Nichols Middle School,assessments,STAR Reading Spanish,ast-graph-2,"STAR Reading Spanish Percentile Rank Distribution (Fall SY27) (counts, 10-pt bins)",,80-89,8
students,Nichols Middle School,assessments,STAR Reading Spanish,ast-graph-2,"STAR Reading Spanish Percentile Rank Distribution (Fall SY27) (counts, 10-pt bins)",,90-99,7
students,Nichols Middle School,assessments,STAR Reading Spanish,ast-graph-3,"STAR Reading Spanish Student Growth Percentile(s) (Fall SY27) (counts, 10-pt bins)",Fall to Fall,0-9,8
students,Nichols Middle School,assessments,STAR Reading Spanish,ast-graph-3,"STAR Reading Spanish Student Growth Percentile(s) (Fall SY27) (counts, 10-pt bins)",Fall to Fall,10-19,13
students,Nichols Middle School,assessments,STAR Reading Spanish,ast-graph-3,"STAR Reading Spanish Student Growth Percentile(s) (Fall SY27) (counts, 10-pt bins)",Fall to Fall,20-29,18
students,Nichols Middle School,assessments,STAR Reading Spanish,ast-graph-3,"STAR Reading Spanish Student Growth Percentile(s) (Fall SY27) (counts, 10-pt bins)",Fall to Fall,30-39,6
students,Nichols Middle School,assessments,STAR Reading Spanish,ast-graph-3,"STAR Reading Spanish Student Growth Percentile(s) (Fall SY27) (counts, 10-pt bins)",Fall to Fall,40-49,11
students,Nichols Middle School,assessments,STAR Reading Spanish,ast-graph-3,"STAR Reading Spanish Student Growth Percentile(s) (Fall SY27) (counts, 10-pt bins)",Fall to Fall,50-59,10
students,Nichols Middle School,assessments,STAR Reading Spanish,ast-graph-3,"STAR Reading Spanish Student Growth Percentile(s) (Fall SY27) (counts, 10-pt bins)",Fall to Fall,60-69,11
students,Nichols Middle School,assessments,STAR Reading Spanish,ast-graph-3,"STAR Reading Spanish Student Growth Percentile(s) (Fall SY27) (counts, 10-pt bins)",Fall to Fall,70-79,5
students,Nichols Middle School,assessments,STAR Reading Spanish,ast-graph-3,"STAR Reading Spanish Student Growth Percentile(s) (Fall SY27) (counts, 10-pt bins)",Fall to Fall,80-89,8
students,Nichols Middle School,assessments,STAR Reading Spanish,ast-graph-3,"STAR Reading Spanish Student Growth Percentile(s) (Fall SY27) (counts, 10-pt bins)",Fall to Fall,90-99,7
students,Nichols Middle School,assessments,STAR Reading Spanish,ast-graph-3,"STAR Reading Spanish Student Growth Percentile(s) (Fall SY27) (counts, 10-pt bins)",Spring to Fall,0-9,11
students,Nichols Middle School,assessments,STAR Reading Spanish,ast-graph-3,"STAR Reading Spanish Student Growth Percentile(s) (Fall SY27) (counts, 10-pt bins)",Spring to Fall,10-19,4
students,Nichols Middle School,assessments,STAR Reading Spanish,ast-graph-3,"STAR Reading Spanish Student Growth Percentile(s) (Fall SY27) (counts, 10-pt bins)",Spring to Fall,20-29,9
students,Nichols Middle School,assessments,STAR Reading Spanish,ast-graph-3,"STAR Reading Spanish Student Growth Percentile(s) (Fall SY27) (counts, 10-pt bins)",Spring to Fall,30-39,10
students,Nichols Middle School,assessments,STAR Reading Spanish,ast-graph-3,"STAR Reading Spanish Student Growth Percentile(s) (Fall SY27) (counts, 10-pt bins)",Spring to Fall,40-49,10
students,Nichols Middle School,assessments,STAR Reading Spanish,ast-graph-3,"STAR Reading Spanish Student Growth Percentile(s) (Fall SY27) (counts, 10-pt bins)",Spring to Fall,50-59,7
students,Nichols Middle School,assessments,STAR Reading Spanish,ast-graph-3,"STAR Reading Spanish Student Growth Percentile(s) (Fall SY27) (counts, 10-pt bins)",Spring to Fall,60-69,9
students,Nichols Middle School,assessments,STAR Reading Spanish,ast-graph-3,"STAR Reading Spanish Student Growth Percentile(s) (Fall SY27) (counts, 10-pt bins)",Spring to Fall,70-79,4
students,Nichols Middle School,assessments,STAR Reading Spanish,ast-graph-3,"STAR Reading Spanish Student Growth Percentile(s) (Fall SY27) (counts, 10-pt bins)",Spring to Fall,80-89,3
students,Nichols Middle School,assessments,STAR Reading Spanish,ast-graph-3,"STAR Reading Spanish Student Growth Percentile(s) (Fall SY27) (counts, 10-pt bins)",Spring to Fall,90-99,5
students,Nichols Middle School,assessments,i-Ready Math,students-count-ast,summary counts,,Students,565
students,Nichols Middle School,assessments,i-Ready Math,ast-graph-1,i-Ready Math — Overall Relative Placement,3 or More Grade Levels Below,3 or More Grade Levels Below,77
students,Nichols Middle School,assessments,i-Ready Math,ast-graph-1,i-Ready Math — Overall Relative Placement,2 Grade Levels Below,2 Grade Levels Below,38
students,Nichols Middle School,assessments,i-Ready Math,ast-graph-1,i-Ready Math — Overall Relative Placement,1 Grade Level Below,1 Grade Level Below,169
students,Nichols Middle School,assessments,i-Ready Math,ast-graph-1,i-Ready Math — Overall Relative Placement,Early On Grade Level,Early On Grade Level,155
students,Nichols Middle School,assessments,i-Ready Math,ast-graph-1,i-Ready Math — Overall Relative Placement,Mid or Above Grade Level,Mid or Above Grade Level,126
students,Nichols Middle School,assessments,i-Ready Math,ast-graph-2,"i-Ready Math — Percentile Distribution (counts, 10-pt bins)",,0-9,24
students,Nichols Middle School,assessments,i-Ready Math,ast-graph-2,"i-Ready Math — Percentile Distribution (counts, 10-pt bins)",,10-19,29
students,Nichols Middle School,assessments,i-Ready Math,ast-graph-2,"i-Ready Math — Percentile Distribution (counts, 10-pt bins)",,20-29,22
students,Nichols Middle School,assessments,i-Ready Math,ast-graph-2,"i-Ready Math — Percentile Distribution (counts, 10-pt bins)",,30-39,32
students,Nichols Middle School,assessments,i-Ready Math,ast-graph-2,"i-Ready Math — Percentile Distribution (counts, 10-pt bins)",,40-49,42
students,Nichols Middle School,assessments,i-Ready Math,ast-graph-2,"i-Ready Math — Percentile Distribution (counts, 10-pt bins)",,50-59,50
students,Nichols Middle School,assessments,i-Ready Math,ast-graph-2,"i-Ready Math — Percentile Distribution (counts, 10-pt bins)",,60-69,49
students,Nichols Middle School,assessments,i-Ready Math,ast-graph-2,"i-Ready Math — Percentile Distribution (counts, 10-pt bins)",,70-79,82
students,Nichols Middle School,assessments,i-Ready Math,ast-graph-2,"i-Ready Math — Percentile Distribution (counts, 10-pt bins)",,80-89,99
students,Nichols Middle School,assessments,i-Ready Math,ast-graph-2,"i-Ready Math — Percentile Distribution (counts, 10-pt bins)",,90-99,136
students,Nichols Middle School,assessments,i-Ready Math,ast-graph-3,"i-Ready Math — Percent Progress to Annual Typical Growth (counts, 10-pt bins)",,0-9,565
students,Oakton Elementary School,home,,home-iep,IEP Status,,Has IEP,48
students,Oakton Elementary School,home,,home-iep,IEP Status,,No IEP,318
students,Oakton Elementary School,home,,home-lep,EL Status,,EL,62
students,Oakton Elementary School,home,,home-lep,EL Status,,Not EL,304
students,Oakton Elementary School,home,,home-race,Race/Ethnicity,,Asian,14
students,Oakton Elementary School,home,,home-race,Race/Ethnicity,,Black or African American,145
students,Oakton Elementary School,home,,home-race,Race/Ethnicity,,Hispanic or Latino,67
students,Oakton Elementary School,home,,home-race,Race/Ethnicity,,Multi-racial,32
students,Oakton Elementary School,home,,home-race,Race/Ethnicity,,White,107
students,Oakton Elementary School,home,,home-race,Race/Ethnicity,,Other*,1
students,Oakton Elementary School,home,,home-incidents,Incidents - SY27,,LVL1,34
students,Oakton Elementary School,home,,home-incidents,Incidents - SY27,,LVL2,30
students,Oakton Elementary School,home,,home-incidents,Incidents - SY27,,LVL3,12
students,Oakton Elementary School,home,,home-grade,Grade Level,,0,68
students,Oakton Elementary School,home,,home-grade,Grade Level,,1,55
students,Oakton Elementary School,home,,home-grade,Grade Level,,2,58
students,Oakton Elementary School,home,,home-grade,Grade Level,,3,54
students,Oakton Elementary School,home,,home-grade,Grade Level,,4,68
students,Oakton Elementary School,home,,home-grade,Grade Level,,5,63
students,Oakton Elementary School,home,,home-twi,TWI Status,,TWE,34
students,Oakton Elementary School,home,,home-twi,TWI Status,,TWS,24
students,Oakton Elementary School,home,,home-twi,TWI Status,,TWX,17
students,Oakton Elementary School,home,,home-ada,ADA,,value,95.48
students,Oakton Elementary School,home,,home-enrollment,Enrollment,,value,366
students,Oakton Elementary School,attendance,,students-count-att,summary counts,,Students,366
students,Oakton Elementary School,attendance,,students-count-att,summary counts,,IEP,48
students,Oakton Elementary School,attendance,,students-count-att,summary counts,,EL,62
students,Oakton Elementary School,attendance,,att-ada,ADA,,value,95.48
students,Oakton Elementary School,attendance,,att-cron-abs,Chronic Absenteeism (%),,value,15.85
students,Oakton Elementary School,attendance,,att-distribution,"Attendance Rate Distribution (counts, 10-pt bins)",,30-39,1
students,Oakton Elementary School,attendance,,att-distribution,"Attendance Rate Distribution (counts, 10-pt bins)",,40-49,1
students,Oakton Elementary School,attendance,,att-distribution,"Attendance Rate Distribution (counts, 10-pt bins)",,60-69,2
students,Oakton Elementary School,attendance,,att-distribution,"Attendance Rate Distribution (counts, 10-pt bins)",,70-79,2
students,Oakton Elementary School,attendance,,att-distribution,"Attendance Rate Distribution (counts, 10-pt bins)",,80-89,52
students,Oakton Elementary School,attendance,,att-distribution,"Attendance Rate Distribution (counts, 10-pt bins)",,90-99,130
students,Oakton Elementary School,attendance,,att-distribution,"Attendance Rate Distribution (counts, 10-pt bins)",,100+,178
students,Oakton Elementary School,discipline,,students-count-discipline,summary counts,,Incidents,76
students,Oakton Elementary School,discipline,,students-count-discipline,summary counts,,Students,47
students,Oakton Elementary School,discipline,,students-count-discipline,summary counts,,Minor Incidents,64
students,Oakton Elementary School,discipline,,students-count-discipline,summary counts,,Major Incidents,12
students,Oakton Elementary School,discipline,,school,Incidents by School,,Oakton Elementary School,76
students,Oakton Elementary School,discipline,,lvl,Incident Types,,LVL1,34
students,Oakton Elementary School,discipline,,lvl,Incident Types,,LVL2,30
students,Oakton Elementary School,discipline,,lvl,Incident Types,,LVL3,12
students,Oakton Elementary School,discipline,,months,Incidents by Month,,August,5
students,Oakton Elementary School,discipline,,months,Incidents by Month,,September,71
students,Oakton Elementary School,discipline,,race,Incidents by Race/Ethnicity,,Black or African American,34
students,Oakton Elementary School,discipline,,race,Incidents by Race/Ethnicity,,Hispanic or Latino,4
students,Oakton Elementary School,discipline,,race,Incidents by Race/Ethnicity,,Multi-racial,11
students,Oakton Elementary School,discipline,,race,Incidents by Race/Ethnicity,,White,27
students,Oakton Elementary School,discipline,,grade,Incidents by Grade,,0,13
students,Oakton Elementary School,discipline,,grade,Incidents by Grade,,1,19
students,Oakton Elementary School,discipline,,grade,Incidents by Grade,,2,18
students,Oakton Elementary School,discipline,,grade,Incidents by Grade,,3,6
students,Oakton Elementary School,discipline,,grade,Incidents by Grade,,4,14
students,Oakton Elementary School,discipline,,grade,Incidents by Grade,,5,6
students,Oakton Elementary School,assessments,STAR Reading,students-count-ast,summary counts,,Students,182
students,Oakton Elementary School,assessments,STAR Reading,ast-graph-1,STAR Reading Benchmark Category (Fall SY27),Urgent Intervention,Urgent Intervention,16
students,Oakton Elementary School,assessments,STAR Reading,ast-graph-1,STAR Reading Benchmark Category (Fall SY27),Intervention,Intervention,26
students,Oakton Elementary School,assessments,STAR Reading,ast-graph-1,STAR Reading Benchmark Category (Fall SY27),Approaching Benchmark,Approaching Benchmark,61
students,Oakton Elementary School,assessments,STAR Reading,ast-graph-1,STAR Reading Benchmark Category (Fall SY27),At Benchmark,At Benchmark,66
students,Oakton Elementary School,assessments,STAR Reading,ast-graph-1,STAR Reading Benchmark Category (Fall SY27),Above Benchmark,Above Benchmark,13
students,Oakton Elementary School,assessments,STAR Reading,ast-graph-2,"STAR Reading Percentile Rank Distribution (Fall SY27) (counts, 10-pt bins)",,0-9,15
students,Oakton Elementary School,assessments,STAR Reading,ast-graph-2,"STAR Reading Percentile Rank Distribution (Fall SY27) (counts, 10-pt bins)",,10-19,20
students,Oakton Elementary School,assessments,STAR Reading,ast-graph-2,"STAR Reading Percentile Rank Distribution (Fall SY27) (counts, 10-pt bins)",,20-29,15
students,Oakton Elementary School,assessments,STAR Reading,ast-graph-2,"STAR Reading Percentile Rank Distribution (Fall SY27) (counts, 10-pt bins)",,30-39,13
students,Oakton Elementary School,assessments,STAR Reading,ast-graph-2,"STAR Reading Percentile Rank Distribution (Fall SY27) (counts, 10-pt bins)",,40-49,19
students,Oakton Elementary School,assessments,STAR Reading,ast-graph-2,"STAR Reading Percentile Rank Distribution (Fall SY27) (counts, 10-pt bins)",,50-59,11
students,Oakton Elementary School,assessments,STAR Reading,ast-graph-2,"STAR Reading Percentile Rank Distribution (Fall SY27) (counts, 10-pt bins)",,60-69,12
students,Oakton Elementary School,assessments,STAR Reading,ast-graph-2,"STAR Reading Percentile Rank Distribution (Fall SY27) (counts, 10-pt bins)",,70-79,19
students,Oakton Elementary School,assessments,STAR Reading,ast-graph-2,"STAR Reading Percentile Rank Distribution (Fall SY27) (counts, 10-pt bins)",,80-89,19
students,Oakton Elementary School,assessments,STAR Reading,ast-graph-2,"STAR Reading Percentile Rank Distribution (Fall SY27) (counts, 10-pt bins)",,90-99,39
students,Oakton Elementary School,assessments,STAR Reading,ast-graph-3,"STAR Reading Student Growth Percentile(s) (Fall SY27) (counts, 10-pt bins)",Fall to Fall,0-9,16
students,Oakton Elementary School,assessments,STAR Reading,ast-graph-3,"STAR Reading Student Growth Percentile(s) (Fall SY27) (counts, 10-pt bins)",Fall to Fall,10-19,13
students,Oakton Elementary School,assessments,STAR Reading,ast-graph-3,"STAR Reading Student Growth Percentile(s) (Fall SY27) (counts, 10-pt bins)",Fall to Fall,20-29,10
students,Oakton Elementary School,assessments,STAR Reading,ast-graph-3,"STAR Reading Student Growth Percentile(s) (Fall SY27) (counts, 10-pt bins)",Fall to Fall,30-39,16
students,Oakton Elementary School,assessments,STAR Reading,ast-graph-3,"STAR Reading Student Growth Percentile(s) (Fall SY27) (counts, 10-pt bins)",Fall to Fall,40-49,19
students,Oakton Elementary School,assessments,STAR Reading,ast-graph-3,"STAR Reading Student Growth Percentile(s) (Fall SY27) (counts, 10-pt bins)",Fall to Fall,50-59,15
students,Oakton Elementary School,assessments,STAR Reading,ast-graph-3,"STAR Reading Student Growth Percentile(s) (Fall SY27) (counts, 10-pt bins)",Fall to Fall,60-69,17
students,Oakton Elementary School,assessments,STAR Reading,ast-graph-3,"STAR Reading Student Growth Percentile(s) (Fall SY27) (counts, 10-pt bins)",Fall to Fall,70-79,13
students,Oakton Elementary School,assessments,STAR Reading,ast-graph-3,"STAR Reading Student Growth Percentile(s) (Fall SY27) (counts, 10-pt bins)",Fall to Fall,80-89,16
students,Oakton Elementary School,assessments,STAR Reading,ast-graph-3,"STAR Reading Student Growth Percentile(s) (Fall SY27) (counts, 10-pt bins)",Fall to Fall,90-99,27
students,Oakton Elementary School,assessments,STAR Reading,ast-graph-3,"STAR Reading Student Growth Percentile(s) (Fall SY27) (counts, 10-pt bins)",Spring to Fall,0-9,21
students,Oakton Elementary School,assessments,STAR Reading,ast-graph-3,"STAR Reading Student Growth Percentile(s) (Fall SY27) (counts, 10-pt bins)",Spring to Fall,10-19,14
students,Oakton Elementary School,assessments,STAR Reading,ast-graph-3,"STAR Reading Student Growth Percentile(s) (Fall SY27) (counts, 10-pt bins)",Spring to Fall,20-29,15
students,Oakton Elementary School,assessments,STAR Reading,ast-graph-3,"STAR Reading Student Growth Percentile(s) (Fall SY27) (counts, 10-pt bins)",Spring to Fall,30-39,13
students,Oakton Elementary School,assessments,STAR Reading,ast-graph-3,"STAR Reading Student Growth Percentile(s) (Fall SY27) (counts, 10-pt bins)",Spring to Fall,40-49,16
students,Oakton Elementary School,assessments,STAR Reading,ast-graph-3,"STAR Reading Student Growth Percentile(s) (Fall SY27) (counts, 10-pt bins)",Spring to Fall,50-59,12
students,Oakton Elementary School,assessments,STAR Reading,ast-graph-3,"STAR Reading Student Growth Percentile(s) (Fall SY27) (counts, 10-pt bins)",Spring to Fall,60-69,22
students,Oakton Elementary School,assessments,STAR Reading,ast-graph-3,"STAR Reading Student Growth Percentile(s) (Fall SY27) (counts, 10-pt bins)",Spring to Fall,70-79,14
students,Oakton Elementary School,assessments,STAR Reading,ast-graph-3,"STAR Reading Student Growth Percentile(s) (Fall SY27) (counts, 10-pt bins)",Spring to Fall,80-89,17
students,Oakton Elementary School,assessments,STAR Reading,ast-graph-3,"STAR Reading Student Growth Percentile(s) (Fall SY27) (counts, 10-pt bins)",Spring to Fall,90-99,27
students,Oakton Elementary School,assessments,STAR Early Literacy,students-count-ast,summary counts,,Students,179
students,Oakton Elementary School,assessments,STAR Early Literacy,ast-graph-1,STAR Early Literacy Benchmark Category (Fall SY27),Urgent Intervention,Urgent Intervention,9
students,Oakton Elementary School,assessments,STAR Early Literacy,ast-graph-1,STAR Early Literacy Benchmark Category (Fall SY27),Intervention,Intervention,23
students,Oakton Elementary School,assessments,STAR Early Literacy,ast-graph-1,STAR Early Literacy Benchmark Category (Fall SY27),Approaching Benchmark,Approaching Benchmark,70
students,Oakton Elementary School,assessments,STAR Early Literacy,ast-graph-1,STAR Early Literacy Benchmark Category (Fall SY27),At Benchmark,At Benchmark,72
students,Oakton Elementary School,assessments,STAR Early Literacy,ast-graph-1,STAR Early Literacy Benchmark Category (Fall SY27),Above Benchmark,Above Benchmark,5
students,Oakton Elementary School,assessments,STAR Early Literacy,ast-graph-2,"STAR Early Literacy Percentile Rank Distribution (Fall SY27) (counts, 10-pt bins)",,0-9,8
students,Oakton Elementary School,assessments,STAR Early Literacy,ast-graph-2,"STAR Early Literacy Percentile Rank Distribution (Fall SY27) (counts, 10-pt bins)",,10-19,14
students,Oakton Elementary School,assessments,STAR Early Literacy,ast-graph-2,"STAR Early Literacy Percentile Rank Distribution (Fall SY27) (counts, 10-pt bins)",,20-29,16
students,Oakton Elementary School,assessments,STAR Early Literacy,ast-graph-2,"STAR Early Literacy Percentile Rank Distribution (Fall SY27) (counts, 10-pt bins)",,30-39,20
students,Oakton Elementary School,assessments,STAR Early Literacy,ast-graph-2,"STAR Early Literacy Percentile Rank Distribution (Fall SY27) (counts, 10-pt bins)",,40-49,13
students,Oakton Elementary School,assessments,STAR Early Literacy,ast-graph-2,"STAR Early Literacy Percentile Rank Distribution (Fall SY27) (counts, 10-pt bins)",,50-59,18
students,Oakton Elementary School,assessments,STAR Early Literacy,ast-graph-2,"STAR Early Literacy Percentile Rank Distribution (Fall SY27) (counts, 10-pt bins)",,60-69,21
students,Oakton Elementary School,assessments,STAR Early Literacy,ast-graph-2,"STAR Early Literacy Percentile Rank Distribution (Fall SY27) (counts, 10-pt bins)",,70-79,19
students,Oakton Elementary School,assessments,STAR Early Literacy,ast-graph-2,"STAR Early Literacy Percentile Rank Distribution (Fall SY27) (counts, 10-pt bins)",,80-89,22
students,Oakton Elementary School,assessments,STAR Early Literacy,ast-graph-2,"STAR Early Literacy Percentile Rank Distribution (Fall SY27) (counts, 10-pt bins)",,90-99,28
students,Oakton Elementary School,assessments,STAR Early Literacy,ast-graph-3,"STAR Early Literacy Student Growth Percentile(s) (Fall SY27) (counts, 10-pt bins)",Fall to Fall,0-9,3
students,Oakton Elementary School,assessments,STAR Early Literacy,ast-graph-3,"STAR Early Literacy Student Growth Percentile(s) (Fall SY27) (counts, 10-pt bins)",Fall to Fall,10-19,6
students,Oakton Elementary School,assessments,STAR Early Literacy,ast-graph-3,"STAR Early Literacy Student Growth Percentile(s) (Fall SY27) (counts, 10-pt bins)",Fall to Fall,20-29,7
students,Oakton Elementary School,assessments,STAR Early Literacy,ast-graph-3,"STAR Early Literacy Student Growth Percentile(s) (Fall SY27) (counts, 10-pt bins)",Fall to Fall,30-39,6
students,Oakton Elementary School,assessments,STAR Early Literacy,ast-graph-3,"STAR Early Literacy Student Growth Percentile(s) (Fall SY27) (counts, 10-pt bins)",Fall to Fall,40-49,11
students,Oakton Elementary School,assessments,STAR Early Literacy,ast-graph-3,"STAR Early Literacy Student Growth Percentile(s) (Fall SY27) (counts, 10-pt bins)",Fall to Fall,50-59,7
students,Oakton Elementary School,assessments,STAR Early Literacy,ast-graph-3,"STAR Early Literacy Student Growth Percentile(s) (Fall SY27) (counts, 10-pt bins)",Fall to Fall,60-69,10
students,Oakton Elementary School,assessments,STAR Early Literacy,ast-graph-3,"STAR Early Literacy Student Growth Percentile(s) (Fall SY27) (counts, 10-pt bins)",Fall to Fall,70-79,14
students,Oakton Elementary School,assessments,STAR Early Literacy,ast-graph-3,"STAR Early Literacy Student Growth Percentile(s) (Fall SY27) (counts, 10-pt bins)",Fall to Fall,80-89,11
students,Oakton Elementary School,assessments,STAR Early Literacy,ast-graph-3,"STAR Early Literacy Student Growth Percentile(s) (Fall SY27) (counts, 10-pt bins)",Fall to Fall,90-99,22
students,Oakton Elementary School,assessments,STAR Early Literacy,ast-graph-3,"STAR Early Literacy Student Growth Percentile(s) (Fall SY27) (counts, 10-pt bins)",Spring to Fall,0-9,4
students,Oakton Elementary School,assessments,STAR Early Literacy,ast-graph-3,"STAR Early Literacy Student Growth Percentile(s) (Fall SY27) (counts, 10-pt bins)",Spring to Fall,10-19,17
students,Oakton Elementary School,assessments,STAR Early Literacy,ast-graph-3,"STAR Early Literacy Student Growth Percentile(s) (Fall SY27) (counts, 10-pt bins)",Spring to Fall,20-29,3
students,Oakton Elementary School,assessments,STAR Early Literacy,ast-graph-3,"STAR Early Literacy Student Growth Percentile(s) (Fall SY27) (counts, 10-pt bins)",Spring to Fall,30-39,14
students,Oakton Elementary School,assessments,STAR Early Literacy,ast-graph-3,"STAR Early Literacy Student Growth Percentile(s) (Fall SY27) (counts, 10-pt bins)",Spring to Fall,40-49,11
students,Oakton Elementary School,assessments,STAR Early Literacy,ast-graph-3,"STAR Early Literacy Student Growth Percentile(s) (Fall SY27) (counts, 10-pt bins)",Spring to Fall,50-59,12
students,Oakton Elementary School,assessments,STAR Early Literacy,ast-graph-3,"STAR Early Literacy Student Growth Percentile(s) (Fall SY27) (counts, 10-pt bins)",Spring to Fall,60-69,11
students,Oakton Elementary School,assessments,STAR Early Literacy,ast-graph-3,"STAR Early Literacy Student Growth Percentile(s) (Fall SY27) (counts, 10-pt bins)",Spring to Fall,70-79,10
students,Oakton Elementary School,assessments,STAR Early Literacy,ast-graph-3,"STAR Early Literacy Student Growth Percentile(s) (Fall SY27) (counts, 10-pt bins)",Spring to Fall,80-89,10
students,Oakton Elementary School,assessments,STAR Early Literacy,ast-graph-3,"STAR Early Literacy Student Growth Percentile(s) (Fall SY27) (counts, 10-pt bins)",Spring to Fall,90-99,9
students,Oakton Elementary School,assessments,STAR Reading Spanish,students-count-ast,summary counts,,Students,33
students,Oakton Elementary School,assessments,STAR Reading Spanish,ast-graph-1,STAR Reading Spanish Benchmark Category (Fall SY27),Urgent Intervention,Urgent Intervention,1
students,Oakton Elementary School,assessments,STAR Reading Spanish,ast-graph-1,STAR Reading Spanish Benchmark Category (Fall SY27),Intervention,Intervention,12
students,Oakton Elementary School,assessments,STAR Reading Spanish,ast-graph-1,STAR Reading Spanish Benchmark Category (Fall SY27),Approaching Benchmark,Approaching Benchmark,14
students,Oakton Elementary School,assessments,STAR Reading Spanish,ast-graph-1,STAR Reading Spanish Benchmark Category (Fall SY27),At Benchmark,At Benchmark,6
students,Oakton Elementary School,assessments,STAR Reading Spanish,ast-graph-2,"STAR Reading Spanish Percentile Rank Distribution (Fall SY27) (counts, 10-pt bins)",,0-9,1
students,Oakton Elementary School,assessments,STAR Reading Spanish,ast-graph-2,"STAR Reading Spanish Percentile Rank Distribution (Fall SY27) (counts, 10-pt bins)",,10-19,7
students,Oakton Elementary School,assessments,STAR Reading Spanish,ast-graph-2,"STAR Reading Spanish Percentile Rank Distribution (Fall SY27) (counts, 10-pt bins)",,20-29,5
students,Oakton Elementary School,assessments,STAR Reading Spanish,ast-graph-2,"STAR Reading Spanish Percentile Rank Distribution (Fall SY27) (counts, 10-pt bins)",,30-39,6
students,Oakton Elementary School,assessments,STAR Reading Spanish,ast-graph-2,"STAR Reading Spanish Percentile Rank Distribution (Fall SY27) (counts, 10-pt bins)",,40-49,4
students,Oakton Elementary School,assessments,STAR Reading Spanish,ast-graph-2,"STAR Reading Spanish Percentile Rank Distribution (Fall SY27) (counts, 10-pt bins)",,50-59,1
students,Oakton Elementary School,assessments,STAR Reading Spanish,ast-graph-2,"STAR Reading Spanish Percentile Rank Distribution (Fall SY27) (counts, 10-pt bins)",,60-69,3
students,Oakton Elementary School,assessments,STAR Reading Spanish,ast-graph-2,"STAR Reading Spanish Percentile Rank Distribution (Fall SY27) (counts, 10-pt bins)",,70-79,2
students,Oakton Elementary School,assessments,STAR Reading Spanish,ast-graph-2,"STAR Reading Spanish Percentile Rank Distribution (Fall SY27) (counts, 10-pt bins)",,80-89,2
students,Oakton Elementary School,assessments,STAR Reading Spanish,ast-graph-2,"STAR Reading Spanish Percentile Rank Distribution (Fall SY27) (counts, 10-pt bins)",,90-99,2
students,Oakton Elementary School,assessments,STAR Reading Spanish,ast-graph-3,"STAR Reading Spanish Student Growth Percentile(s) (Fall SY27) (counts, 10-pt bins)",Fall to Fall,0-9,3
students,Oakton Elementary School,assessments,STAR Reading Spanish,ast-graph-3,"STAR Reading Spanish Student Growth Percentile(s) (Fall SY27) (counts, 10-pt bins)",Fall to Fall,10-19,5
students,Oakton Elementary School,assessments,STAR Reading Spanish,ast-graph-3,"STAR Reading Spanish Student Growth Percentile(s) (Fall SY27) (counts, 10-pt bins)",Fall to Fall,20-29,1
students,Oakton Elementary School,assessments,STAR Reading Spanish,ast-graph-3,"STAR Reading Spanish Student Growth Percentile(s) (Fall SY27) (counts, 10-pt bins)",Fall to Fall,30-39,3
students,Oakton Elementary School,assessments,STAR Reading Spanish,ast-graph-3,"STAR Reading Spanish Student Growth Percentile(s) (Fall SY27) (counts, 10-pt bins)",Fall to Fall,40-49,1
students,Oakton Elementary School,assessments,STAR Reading Spanish,ast-graph-3,"STAR Reading Spanish Student Growth Percentile(s) (Fall SY27) (counts, 10-pt bins)",Fall to Fall,50-59,2
students,Oakton Elementary School,assessments,STAR Reading Spanish,ast-graph-3,"STAR Reading Spanish Student Growth Percentile(s) (Fall SY27) (counts, 10-pt bins)",Fall to Fall,60-69,1
students,Oakton Elementary School,assessments,STAR Reading Spanish,ast-graph-3,"STAR Reading Spanish Student Growth Percentile(s) (Fall SY27) (counts, 10-pt bins)",Fall to Fall,80-89,1
students,Oakton Elementary School,assessments,STAR Reading Spanish,ast-graph-3,"STAR Reading Spanish Student Growth Percentile(s) (Fall SY27) (counts, 10-pt bins)",Fall to Fall,90-99,1
students,Oakton Elementary School,assessments,STAR Reading Spanish,ast-graph-3,"STAR Reading Spanish Student Growth Percentile(s) (Fall SY27) (counts, 10-pt bins)",Spring to Fall,0-9,2
students,Oakton Elementary School,assessments,STAR Reading Spanish,ast-graph-3,"STAR Reading Spanish Student Growth Percentile(s) (Fall SY27) (counts, 10-pt bins)",Spring to Fall,10-19,4
students,Oakton Elementary School,assessments,STAR Reading Spanish,ast-graph-3,"STAR Reading Spanish Student Growth Percentile(s) (Fall SY27) (counts, 10-pt bins)",Spring to Fall,20-29,4
students,Oakton Elementary School,assessments,STAR Reading Spanish,ast-graph-3,"STAR Reading Spanish Student Growth Percentile(s) (Fall SY27) (counts, 10-pt bins)",Spring to Fall,30-39,1
students,Oakton Elementary School,assessments,STAR Reading Spanish,ast-graph-3,"STAR Reading Spanish Student Growth Percentile(s) (Fall SY27) (counts, 10-pt bins)",Spring to Fall,40-49,2
students,Oakton Elementary School,assessments,STAR Reading Spanish,ast-graph-3,"STAR Reading Spanish Student Growth Percentile(s) (Fall SY27) (counts, 10-pt bins)",Spring to Fall,50-59,1
students,Oakton Elementary School,assessments,STAR Reading Spanish,ast-graph-3,"STAR Reading Spanish Student Growth Percentile(s) (Fall SY27) (counts, 10-pt bins)",Spring to Fall,60-69,1
students,Oakton Elementary School,assessments,STAR Reading Spanish,ast-graph-3,"STAR Reading Spanish Student Growth Percentile(s) (Fall SY27) (counts, 10-pt bins)",Spring to Fall,70-79,1
students,Oakton Elementary School,assessments,STAR Reading Spanish,ast-graph-3,"STAR Reading Spanish Student Growth Percentile(s) (Fall SY27) (counts, 10-pt bins)",Spring to Fall,80-89,1
students,Oakton Elementary School,assessments,STAR Reading Spanish,ast-graph-3,"STAR Reading Spanish Student Growth Percentile(s) (Fall SY27) (counts, 10-pt bins)",Spring to Fall,90-99,1
students,Oakton Elementary School,assessments,STAR Early Literacy Spanish,students-count-ast,summary counts,,Students,40
students,Oakton Elementary School,assessments,STAR Early Literacy Spanish,ast-graph-1,STAR Early Literacy Spanish Benchmark Category (Fall SY27),Urgent Intervention,Urgent Intervention,2
students,Oakton Elementary School,assessments,STAR Early Literacy Spanish,ast-graph-1,STAR Early Literacy Spanish Benchmark Category (Fall SY27),Intervention,Intervention,3
students,Oakton Elementary School,assessments,STAR Early Literacy Spanish,ast-graph-1,STAR Early Literacy Spanish Benchmark Category (Fall SY27),Approaching Benchmark,Approaching Benchmark,17
students,Oakton Elementary School,assessments,STAR Early Literacy Spanish,ast-graph-1,STAR Early Literacy Spanish Benchmark Category (Fall SY27),At Benchmark,At Benchmark,14
students,Oakton Elementary School,assessments,STAR Early Literacy Spanish,ast-graph-1,STAR Early Literacy Spanish Benchmark Category (Fall SY27),Above Benchmark,Above Benchmark,4
students,Oakton Elementary School,assessments,STAR Early Literacy Spanish,ast-graph-2,"STAR Early Literacy Spanish Percentile Rank Distribution (Fall SY27) (counts, 10-pt bins)",,0-9,2
students,Oakton Elementary School,assessments,STAR Early Literacy Spanish,ast-graph-2,"STAR Early Literacy Spanish Percentile Rank Distribution (Fall SY27) (counts, 10-pt bins)",,20-29,5
students,Oakton Elementary School,assessments,STAR Early Literacy Spanish,ast-graph-2,"STAR Early Literacy Spanish Percentile Rank Distribution (Fall SY27) (counts, 10-pt bins)",,30-39,5
students,Oakton Elementary School,assessments,STAR Early Literacy Spanish,ast-graph-2,"STAR Early Literacy Spanish Percentile Rank Distribution (Fall SY27) (counts, 10-pt bins)",,40-49,1
students,Oakton Elementary School,assessments,STAR Early Literacy Spanish,ast-graph-2,"STAR Early Literacy Spanish Percentile Rank Distribution (Fall SY27) (counts, 10-pt bins)",,50-59,2
students,Oakton Elementary School,assessments,STAR Early Literacy Spanish,ast-graph-2,"STAR Early Literacy Spanish Percentile Rank Distribution (Fall SY27) (counts, 10-pt bins)",,60-69,8
students,Oakton Elementary School,assessments,STAR Early Literacy Spanish,ast-graph-2,"STAR Early Literacy Spanish Percentile Rank Distribution (Fall SY27) (counts, 10-pt bins)",,70-79,5
students,Oakton Elementary School,assessments,STAR Early Literacy Spanish,ast-graph-2,"STAR Early Literacy Spanish Percentile Rank Distribution (Fall SY27) (counts, 10-pt bins)",,80-89,5
students,Oakton Elementary School,assessments,STAR Early Literacy Spanish,ast-graph-2,"STAR Early Literacy Spanish Percentile Rank Distribution (Fall SY27) (counts, 10-pt bins)",,90-99,7
students,Oakton Elementary School,assessments,STAR Early Literacy Spanish,ast-graph-3,"STAR Early Literacy Spanish Student Growth Percentile(s) (Fall SY27) (counts, 10-pt bins)",Fall to Fall,0-9,2
students,Oakton Elementary School,assessments,STAR Early Literacy Spanish,ast-graph-3,"STAR Early Literacy Spanish Student Growth Percentile(s) (Fall SY27) (counts, 10-pt bins)",Fall to Fall,20-29,2
students,Oakton Elementary School,assessments,STAR Early Literacy Spanish,ast-graph-3,"STAR Early Literacy Spanish Student Growth Percentile(s) (Fall SY27) (counts, 10-pt bins)",Fall to Fall,50-59,1
students,Oakton Elementary School,assessments,STAR Early Literacy Spanish,ast-graph-3,"STAR Early Literacy Spanish Student Growth Percentile(s) (Fall SY27) (counts, 10-pt bins)",Fall to Fall,60-69,4
students,Oakton Elementary School,assessments,STAR Early Literacy Spanish,ast-graph-3,"STAR Early Literacy Spanish Student Growth Percentile(s) (Fall SY27) (counts, 10-pt bins)",Fall to Fall,70-79,3
students,Oakton Elementary School,assessments,STAR Early Literacy Spanish,ast-graph-3,"STAR Early Literacy Spanish Student Growth Percentile(s) (Fall SY27) (counts, 10-pt bins)",Fall to Fall,80-89,5
students,Oakton Elementary School,assessments,STAR Early Literacy Spanish,ast-graph-3,"STAR Early Literacy Spanish Student Growth Percentile(s) (Fall SY27) (counts, 10-pt bins)",Fall to Fall,90-99,5
students,Oakton Elementary School,assessments,STAR Early Literacy Spanish,ast-graph-3,"STAR Early Literacy Spanish Student Growth Percentile(s) (Fall SY27) (counts, 10-pt bins)",Spring to Fall,0-9,1
students,Oakton Elementary School,assessments,STAR Early Literacy Spanish,ast-graph-3,"STAR Early Literacy Spanish Student Growth Percentile(s) (Fall SY27) (counts, 10-pt bins)",Spring to Fall,10-19,2
students,Oakton Elementary School,assessments,STAR Early Literacy Spanish,ast-graph-3,"STAR Early Literacy Spanish Student Growth Percentile(s) (Fall SY27) (counts, 10-pt bins)",Spring to Fall,20-29,2
students,Oakton Elementary School,assessments,STAR Early Literacy Spanish,ast-graph-3,"STAR Early Literacy Spanish Student Growth Percentile(s) (Fall SY27) (counts, 10-pt bins)",Spring to Fall,30-39,3
students,Oakton Elementary School,assessments,STAR Early Literacy Spanish,ast-graph-3,"STAR Early Literacy Spanish Student Growth Percentile(s) (Fall SY27) (counts, 10-pt bins)",Spring to Fall,40-49,3
students,Oakton Elementary School,assessments,STAR Early Literacy Spanish,ast-graph-3,"STAR Early Literacy Spanish Student Growth Percentile(s) (Fall SY27) (counts, 10-pt bins)",Spring to Fall,50-59,3
students,Oakton Elementary School,assessments,STAR Early Literacy Spanish,ast-graph-3,"STAR Early Literacy Spanish Student Growth Percentile(s) (Fall SY27) (counts, 10-pt bins)",Spring to Fall,60-69,1
students,Oakton Elementary School,assessments,STAR Early Literacy Spanish,ast-graph-3,"STAR Early Literacy Spanish Student Growth Percentile(s) (Fall SY27) (counts, 10-pt bins)",Spring to Fall,70-79,2
students,Oakton Elementary School,assessments,STAR Early Literacy Spanish,ast-graph-3,"STAR Early Literacy Spanish Student Growth Percentile(s) (Fall SY27) (counts, 10-pt bins)",Spring to Fall,80-89,2
students,Oakton Elementary School,assessments,STAR Early Literacy Spanish,ast-graph-3,"STAR Early Literacy Spanish Student Growth Percentile(s) (Fall SY27) (counts, 10-pt bins)",Spring to Fall,90-99,4
students,Oakton Elementary School,assessments,i-Ready Math,students-count-ast,summary counts,,Students,365
students,Oakton Elementary School,assessments,i-Ready Math,ast-graph-1,i-Ready Math — Overall Relative Placement,3 or More Grade Levels Below,3 or More Grade Levels Below,30
students,Oakton Elementary School,assessments,i-Ready Math,ast-graph-1,i-Ready Math — Overall Relative Placement,2 Grade Levels Below,2 Grade Levels Below,63
students,Oakton Elementary School,assessments,i-Ready Math,ast-graph-1,i-Ready Math — Overall Relative Placement,1 Grade Level Below,1 Grade Level Below,192
students,Oakton Elementary School,assessments,i-Ready Math,ast-graph-1,i-Ready Math — Overall Relative Placement,Early On Grade Level,Early On Grade Level,40
students,Oakton Elementary School,assessments,i-Ready Math,ast-graph-1,i-Ready Math — Overall Relative Placement,Mid or Above Grade Level,Mid or Above Grade Level,40
students,Oakton Elementary School,assessments,i-Ready Math,ast-graph-2,"i-Ready Math — Percentile Distribution (counts, 10-pt bins)",,0-9,24
students,Oakton Elementary School,assessments,i-Ready Math,ast-graph-2,"i-Ready Math — Percentile Distribution (counts, 10-pt bins)",,10-19,41
students,Oakton Elementary School,assessments,i-Ready Math,ast-graph-2,"i-Ready Math — Percentile Distribution (counts, 10-pt bins)",,20-29,36
students,Oakton Elementary School,assessments,i-Ready Math,ast-graph-2,"i-Ready Math — Percentile Distribution (counts, 10-pt bins)",,30-39,30
students,Oakton Elementary School,assessments,i-Ready Math,ast-graph-2,"i-Ready Math — Percentile Distribution (counts, 10-pt bins)",,40-49,35
students,Oakton Elementary School,assessments,i-Ready Math,ast-graph-2,"i-Ready Math — Percentile Distribution (counts, 10-pt bins)",,50-59,35
students,Oakton Elementary School,assessments,i-Ready Math,ast-graph-2,"i-Ready Math — Percentile Distribution (counts, 10-pt bins)",,60-69,38
students,Oakton Elementary School,assessments,i-Ready Math,ast-graph-2,"i-Ready Math — Percentile Distribution (counts, 10-pt bins)",,70-79,31
students,Oakton Elementary School,assessments,i-Ready Math,ast-graph-2,"i-Ready Math — Percentile Distribution (counts, 10-pt bins)",,80-89,43
students,Oakton Elementary School,assessments,i-Ready Math,ast-graph-2,"i-Ready Math — Percentile Distribution (counts, 10-pt bins)",,90-99,52
students,Oakton Elementary School,assessments,i-Ready Math,ast-graph-3,"i-Ready Math — Percent Progress to Annual Typical Growth (counts, 10-pt bins)",,0-9,365
students,Orrington Elementary School,home,,home-iep,IEP Status,,Has IEP,30
students,Orrington Elementary School,home,,home-iep,IEP Status,,No IEP,218
students,Orrington Elementary School,home,,home-lep,EL Status,,EL,21
students,Orrington Elementary School,home,,home-lep,EL Status,,Not EL,227
students,Orrington Elementary School,home,,home-race,Race/Ethnicity,,Asian,31
students,Orrington Elementary School,home,,home-race,Race/Ethnicity,,Black or African American,12
students,Orrington Elementary School,home,,home-race,Race/Ethnicity,,Hispanic or Latino,12
students,Orrington Elementary School,home,,home-race,Race/Ethnicity,,Multi-racial,38
students,Orrington Elementary School,home,,home-race,Race/Ethnicity,,White,154
students,Orrington Elementary School,home,,home-race,Race/Ethnicity,,Other*,1
students,Orrington Elementary School,home,,home-incidents,Incidents - SY27,,LVL1,9
students,Orrington Elementary School,home,,home-incidents,Incidents - SY27,,LVL2,2
students,Orrington Elementary School,home,,home-incidents,Incidents - SY27,,LVL3,4
students,Orrington Elementary School,home,,home-grade,Grade Level,,0,40
students,Orrington Elementary School,home,,home-grade,Grade Level,,1,35
students,Orrington Elementary School,home,,home-grade,Grade Level,,2,41
students,Orrington Elementary School,home,,home-grade,Grade Level,,3,52
students,Orrington Elementary School,home,,home-grade,Grade Level,,4,26
students,Orrington Elementary School,home,,home-grade,Grade Level,,5,54
students,Orrington Elementary School,home,,home-ada,ADA,,value,97
students,Orrington Elementary School,home,,home-enrollment,Enrollment,,value,248
students,Orrington Elementary School,attendance,,students-count-att,summary counts,,Students,248
students,Orrington Elementary School,attendance,,students-count-att,summary counts,,IEP,30
students,Orrington Elementary School,attendance,,students-count-att,summary counts,,EL,21
students,Orrington Elementary School,attendance,,att-ada,ADA,,value,97
students,Orrington Elementary School,attendance,,att-cron-abs,Chronic Absenteeism (%),,value,8.47
students,Orrington Elementary School,attendance,,att-distribution,"Attendance Rate Distribution (counts, 10-pt bins)",,50-59,1
students,Orrington Elementary School,attendance,,att-distribution,"Attendance Rate Distribution (counts, 10-pt bins)",,70-79,2
students,Orrington Elementary School,attendance,,att-distribution,"Attendance Rate Distribution (counts, 10-pt bins)",,80-89,18
students,Orrington Elementary School,attendance,,att-distribution,"Attendance Rate Distribution (counts, 10-pt bins)",,90-99,79
students,Orrington Elementary School,attendance,,att-distribution,"Attendance Rate Distribution (counts, 10-pt bins)",,100+,148
students,Orrington Elementary School,discipline,,students-count-discipline,summary counts,,Incidents,15
students,Orrington Elementary School,discipline,,students-count-discipline,summary counts,,Students,10
students,Orrington Elementary School,discipline,,students-count-discipline,summary counts,,Minor Incidents,11
students,Orrington Elementary School,discipline,,students-count-discipline,summary counts,,Major Incidents,4
students,Orrington Elementary School,discipline,,school,Incidents by School,,Orrington Elementary School,15
students,Orrington Elementary School,discipline,,lvl,Incident Types,,LVL1,9
students,Orrington Elementary School,discipline,,lvl,Incident Types,,LVL2,2
students,Orrington Elementary School,discipline,,lvl,Incident Types,,LVL3,4
students,Orrington Elementary School,discipline,,months,Incidents by Month,,September,15
students,Orrington Elementary School,discipline,,race,Incidents by Race/Ethnicity,,Black or African American,5
students,Orrington Elementary School,discipline,,race,Incidents by Race/Ethnicity,,Multi-racial,5
students,Orrington Elementary School,discipline,,race,Incidents by Race/Ethnicity,,White,5
students,Orrington Elementary School,discipline,,grade,Incidents by Grade,,1,2
students,Orrington Elementary School,discipline,,grade,Incidents by Grade,,2,4
students,Orrington Elementary School,discipline,,grade,Incidents by Grade,,3,3
students,Orrington Elementary School,discipline,,grade,Incidents by Grade,,4,1
students,Orrington Elementary School,discipline,,grade,Incidents by Grade,,5,5
students,Orrington Elementary School,assessments,STAR Reading,students-count-ast,summary counts,,Students,130
students,Orrington Elementary School,assessments,STAR Reading,ast-graph-1,STAR Reading Benchmark Category (Fall SY27),Urgent Intervention,Urgent Intervention,6
students,Orrington Elementary School,assessments,STAR Reading,ast-graph-1,STAR Reading Benchmark Category (Fall SY27),Intervention,Intervention,5
students,Orrington Elementary School,assessments,STAR Reading,ast-graph-1,STAR Reading Benchmark Category (Fall SY27),Approaching Benchmark,Approaching Benchmark,29
students,Orrington Elementary School,assessments,STAR Reading,ast-graph-1,STAR Reading Benchmark Category (Fall SY27),At Benchmark,At Benchmark,73
students,Orrington Elementary School,assessments,STAR Reading,ast-graph-1,STAR Reading Benchmark Category (Fall SY27),Above Benchmark,Above Benchmark,17
students,Orrington Elementary School,assessments,STAR Reading,ast-graph-2,"STAR Reading Percentile Rank Distribution (Fall SY27) (counts, 10-pt bins)",,0-9,6
students,Orrington Elementary School,assessments,STAR Reading,ast-graph-2,"STAR Reading Percentile Rank Distribution (Fall SY27) (counts, 10-pt bins)",,10-19,3
students,Orrington Elementary School,assessments,STAR Reading,ast-graph-2,"STAR Reading Percentile Rank Distribution (Fall SY27) (counts, 10-pt bins)",,20-29,3
students,Orrington Elementary School,assessments,STAR Reading,ast-graph-2,"STAR Reading Percentile Rank Distribution (Fall SY27) (counts, 10-pt bins)",,30-39,8
students,Orrington Elementary School,assessments,STAR Reading,ast-graph-2,"STAR Reading Percentile Rank Distribution (Fall SY27) (counts, 10-pt bins)",,40-49,4
students,Orrington Elementary School,assessments,STAR Reading,ast-graph-2,"STAR Reading Percentile Rank Distribution (Fall SY27) (counts, 10-pt bins)",,50-59,9
students,Orrington Elementary School,assessments,STAR Reading,ast-graph-2,"STAR Reading Percentile Rank Distribution (Fall SY27) (counts, 10-pt bins)",,60-69,9
students,Orrington Elementary School,assessments,STAR Reading,ast-graph-2,"STAR Reading Percentile Rank Distribution (Fall SY27) (counts, 10-pt bins)",,70-79,22
students,Orrington Elementary School,assessments,STAR Reading,ast-graph-2,"STAR Reading Percentile Rank Distribution (Fall SY27) (counts, 10-pt bins)",,80-89,19
students,Orrington Elementary School,assessments,STAR Reading,ast-graph-2,"STAR Reading Percentile Rank Distribution (Fall SY27) (counts, 10-pt bins)",,90-99,47
students,Orrington Elementary School,assessments,STAR Reading,ast-graph-3,"STAR Reading Student Growth Percentile(s) (Fall SY27) (counts, 10-pt bins)",Fall to Fall,0-9,4
students,Orrington Elementary School,assessments,STAR Reading,ast-graph-3,"STAR Reading Student Growth Percentile(s) (Fall SY27) (counts, 10-pt bins)",Fall to Fall,10-19,12
students,Orrington Elementary School,assessments,STAR Reading,ast-graph-3,"STAR Reading Student Growth Percentile(s) (Fall SY27) (counts, 10-pt bins)",Fall to Fall,20-29,8
students,Orrington Elementary School,assessments,STAR Reading,ast-graph-3,"STAR Reading Student Growth Percentile(s) (Fall SY27) (counts, 10-pt bins)",Fall to Fall,30-39,12
students,Orrington Elementary School,assessments,STAR Reading,ast-graph-3,"STAR Reading Student Growth Percentile(s) (Fall SY27) (counts, 10-pt bins)",Fall to Fall,40-49,14
students,Orrington Elementary School,assessments,STAR Reading,ast-graph-3,"STAR Reading Student Growth Percentile(s) (Fall SY27) (counts, 10-pt bins)",Fall to Fall,50-59,10
students,Orrington Elementary School,assessments,STAR Reading,ast-graph-3,"STAR Reading Student Growth Percentile(s) (Fall SY27) (counts, 10-pt bins)",Fall to Fall,60-69,13
students,Orrington Elementary School,assessments,STAR Reading,ast-graph-3,"STAR Reading Student Growth Percentile(s) (Fall SY27) (counts, 10-pt bins)",Fall to Fall,70-79,13
students,Orrington Elementary School,assessments,STAR Reading,ast-graph-3,"STAR Reading Student Growth Percentile(s) (Fall SY27) (counts, 10-pt bins)",Fall to Fall,80-89,15
students,Orrington Elementary School,assessments,STAR Reading,ast-graph-3,"STAR Reading Student Growth Percentile(s) (Fall SY27) (counts, 10-pt bins)",Fall to Fall,90-99,22
students,Orrington Elementary School,assessments,STAR Reading,ast-graph-3,"STAR Reading Student Growth Percentile(s) (Fall SY27) (counts, 10-pt bins)",Spring to Fall,0-9,7
students,Orrington Elementary School,assessments,STAR Reading,ast-graph-3,"STAR Reading Student Growth Percentile(s) (Fall SY27) (counts, 10-pt bins)",Spring to Fall,10-19,14
students,Orrington Elementary School,assessments,STAR Reading,ast-graph-3,"STAR Reading Student Growth Percentile(s) (Fall SY27) (counts, 10-pt bins)",Spring to Fall,20-29,12
students,Orrington Elementary School,assessments,STAR Reading,ast-graph-3,"STAR Reading Student Growth Percentile(s) (Fall SY27) (counts, 10-pt bins)",Spring to Fall,30-39,13
students,Orrington Elementary School,assessments,STAR Reading,ast-graph-3,"STAR Reading Student Growth Percentile(s) (Fall SY27) (counts, 10-pt bins)",Spring to Fall,40-49,13
students,Orrington Elementary School,assessments,STAR Reading,ast-graph-3,"STAR Reading Student Growth Percentile(s) (Fall SY27) (counts, 10-pt bins)",Spring to Fall,50-59,10
students,Orrington Elementary School,assessments,STAR Reading,ast-graph-3,"STAR Reading Student Growth Percentile(s) (Fall SY27) (counts, 10-pt bins)",Spring to Fall,60-69,9
students,Orrington Elementary School,assessments,STAR Reading,ast-graph-3,"STAR Reading Student Growth Percentile(s) (Fall SY27) (counts, 10-pt bins)",Spring to Fall,70-79,17
students,Orrington Elementary School,assessments,STAR Reading,ast-graph-3,"STAR Reading Student Growth Percentile(s) (Fall SY27) (counts, 10-pt bins)",Spring to Fall,80-89,13
students,Orrington Elementary School,assessments,STAR Reading,ast-graph-3,"STAR Reading Student Growth Percentile(s) (Fall SY27) (counts, 10-pt bins)",Spring to Fall,90-99,21
students,Orrington Elementary School,assessments,STAR Early Literacy,students-count-ast,summary counts,,Students,116
students,Orrington Elementary School,assessments,STAR Early Literacy,ast-graph-1,STAR Early Literacy Benchmark Category (Fall SY27),Intervention,Intervention,2
students,Orrington Elementary School,assessments,STAR Early Literacy,ast-graph-1,STAR Early Literacy Benchmark Category (Fall SY27),Approaching Benchmark,Approaching Benchmark,38
students,Orrington Elementary School,assessments,STAR Early Literacy,ast-graph-1,STAR Early Literacy Benchmark Category (Fall SY27),At Benchmark,At Benchmark,64
students,Orrington Elementary School,assessments,STAR Early Literacy,ast-graph-1,STAR Early Literacy Benchmark Category (Fall SY27),Above Benchmark,Above Benchmark,12
students,Orrington Elementary School,assessments,STAR Early Literacy,ast-graph-2,"STAR Early Literacy Percentile Rank Distribution (Fall SY27) (counts, 10-pt bins)",,10-19,1
students,Orrington Elementary School,assessments,STAR Early Literacy,ast-graph-2,"STAR Early Literacy Percentile Rank Distribution (Fall SY27) (counts, 10-pt bins)",,20-29,2
students,Orrington Elementary School,assessments,STAR Early Literacy,ast-graph-2,"STAR Early Literacy Percentile Rank Distribution (Fall SY27) (counts, 10-pt bins)",,30-39,6
students,Orrington Elementary School,assessments,STAR Early Literacy,ast-graph-2,"STAR Early Literacy Percentile Rank Distribution (Fall SY27) (counts, 10-pt bins)",,40-49,5
students,Orrington Elementary School,assessments,STAR Early Literacy,ast-graph-2,"STAR Early Literacy Percentile Rank Distribution (Fall SY27) (counts, 10-pt bins)",,50-59,15
students,Orrington Elementary School,assessments,STAR Early Literacy,ast-graph-2,"STAR Early Literacy Percentile Rank Distribution (Fall SY27) (counts, 10-pt bins)",,60-69,18
students,Orrington Elementary School,assessments,STAR Early Literacy,ast-graph-2,"STAR Early Literacy Percentile Rank Distribution (Fall SY27) (counts, 10-pt bins)",,70-79,19
students,Orrington Elementary School,assessments,STAR Early Literacy,ast-graph-2,"STAR Early Literacy Percentile Rank Distribution (Fall SY27) (counts, 10-pt bins)",,80-89,23
students,Orrington Elementary School,assessments,STAR Early Literacy,ast-graph-2,"STAR Early Literacy Percentile Rank Distribution (Fall SY27) (counts, 10-pt bins)",,90-99,27
students,Orrington Elementary School,assessments,STAR Early Literacy,ast-graph-3,"STAR Early Literacy Student Growth Percentile(s) (Fall SY27) (counts, 10-pt bins)",Fall to Fall,10-19,1
students,Orrington Elementary School,assessments,STAR Early Literacy,ast-graph-3,"STAR Early Literacy Student Growth Percentile(s) (Fall SY27) (counts, 10-pt bins)",Fall to Fall,20-29,4
students,Orrington Elementary School,assessments,STAR Early Literacy,ast-graph-3,"STAR Early Literacy Student Growth Percentile(s) (Fall SY27) (counts, 10-pt bins)",Fall to Fall,30-39,7
students,Orrington Elementary School,assessments,STAR Early Literacy,ast-graph-3,"STAR Early Literacy Student Growth Percentile(s) (Fall SY27) (counts, 10-pt bins)",Fall to Fall,40-49,3
students,Orrington Elementary School,assessments,STAR Early Literacy,ast-graph-3,"STAR Early Literacy Student Growth Percentile(s) (Fall SY27) (counts, 10-pt bins)",Fall to Fall,50-59,4
students,Orrington Elementary School,assessments,STAR Early Literacy,ast-graph-3,"STAR Early Literacy Student Growth Percentile(s) (Fall SY27) (counts, 10-pt bins)",Fall to Fall,60-69,7
students,Orrington Elementary School,assessments,STAR Early Literacy,ast-graph-3,"STAR Early Literacy Student Growth Percentile(s) (Fall SY27) (counts, 10-pt bins)",Fall to Fall,70-79,8
students,Orrington Elementary School,assessments,STAR Early Literacy,ast-graph-3,"STAR Early Literacy Student Growth Percentile(s) (Fall SY27) (counts, 10-pt bins)",Fall to Fall,80-89,13
students,Orrington Elementary School,assessments,STAR Early Literacy,ast-graph-3,"STAR Early Literacy Student Growth Percentile(s) (Fall SY27) (counts, 10-pt bins)",Fall to Fall,90-99,24
students,Orrington Elementary School,assessments,STAR Early Literacy,ast-graph-3,"STAR Early Literacy Student Growth Percentile(s) (Fall SY27) (counts, 10-pt bins)",Spring to Fall,0-9,2
students,Orrington Elementary School,assessments,STAR Early Literacy,ast-graph-3,"STAR Early Literacy Student Growth Percentile(s) (Fall SY27) (counts, 10-pt bins)",Spring to Fall,10-19,3
students,Orrington Elementary School,assessments,STAR Early Literacy,ast-graph-3,"STAR Early Literacy Student Growth Percentile(s) (Fall SY27) (counts, 10-pt bins)",Spring to Fall,20-29,5
students,Orrington Elementary School,assessments,STAR Early Literacy,ast-graph-3,"STAR Early Literacy Student Growth Percentile(s) (Fall SY27) (counts, 10-pt bins)",Spring to Fall,30-39,2
students,Orrington Elementary School,assessments,STAR Early Literacy,ast-graph-3,"STAR Early Literacy Student Growth Percentile(s) (Fall SY27) (counts, 10-pt bins)",Spring to Fall,40-49,6
students,Orrington Elementary School,assessments,STAR Early Literacy,ast-graph-3,"STAR Early Literacy Student Growth Percentile(s) (Fall SY27) (counts, 10-pt bins)",Spring to Fall,50-59,7
students,Orrington Elementary School,assessments,STAR Early Literacy,ast-graph-3,"STAR Early Literacy Student Growth Percentile(s) (Fall SY27) (counts, 10-pt bins)",Spring to Fall,60-69,9
students,Orrington Elementary School,assessments,STAR Early Literacy,ast-graph-3,"STAR Early Literacy Student Growth Percentile(s) (Fall SY27) (counts, 10-pt bins)",Spring to Fall,70-79,11
students,Orrington Elementary School,assessments,STAR Early Literacy,ast-graph-3,"STAR Early Literacy Student Growth Percentile(s) (Fall SY27) (counts, 10-pt bins)",Spring to Fall,80-89,14
students,Orrington Elementary School,assessments,STAR Early Literacy,ast-graph-3,"STAR Early Literacy Student Growth Percentile(s) (Fall SY27) (counts, 10-pt bins)",Spring to Fall,90-99,13
students,Orrington Elementary School,assessments,i-Ready Math,students-count-ast,summary counts,,Students,247
students,Orrington Elementary School,assessments,i-Ready Math,ast-graph-1,i-Ready Math — Overall Relative Placement,3 or More Grade Levels Below,3 or More Grade Levels Below,4
students,Orrington Elementary School,assessments,i-Ready Math,ast-graph-1,i-Ready Math — Overall Relative Placement,2 Grade Levels Below,2 Grade Levels Below,10
students,Orrington Elementary School,assessments,i-Ready Math,ast-graph-1,i-Ready Math — Overall Relative Placement,1 Grade Level Below,1 Grade Level Below,117
students,Orrington Elementary School,assessments,i-Ready Math,ast-graph-1,i-Ready Math — Overall Relative Placement,Early On Grade Level,Early On Grade Level,53
students,Orrington Elementary School,assessments,i-Ready Math,ast-graph-1,i-Ready Math — Overall Relative Placement,Mid or Above Grade Level,Mid or Above Grade Level,63
students,Orrington Elementary School,assessments,i-Ready Math,ast-graph-2,"i-Ready Math — Percentile Distribution (counts, 10-pt bins)",,0-9,3
students,Orrington Elementary School,assessments,i-Ready Math,ast-graph-2,"i-Ready Math — Percentile Distribution (counts, 10-pt bins)",,10-19,5
students,Orrington Elementary School,assessments,i-Ready Math,ast-graph-2,"i-Ready Math — Percentile Distribution (counts, 10-pt bins)",,20-29,4
students,Orrington Elementary School,assessments,i-Ready Math,ast-graph-2,"i-Ready Math — Percentile Distribution (counts, 10-pt bins)",,30-39,9
students,Orrington Elementary School,assessments,i-Ready Math,ast-graph-2,"i-Ready Math — Percentile Distribution (counts, 10-pt bins)",,40-49,11
students,Orrington Elementary School,assessments,i-Ready Math,ast-graph-2,"i-Ready Math — Percentile Distribution (counts, 10-pt bins)",,50-59,17
students,Orrington Elementary School,assessments,i-Ready Math,ast-graph-2,"i-Ready Math — Percentile Distribution (counts, 10-pt bins)",,60-69,31
students,Orrington Elementary School,assessments,i-Ready Math,ast-graph-2,"i-Ready Math — Percentile Distribution (counts, 10-pt bins)",,70-79,37
students,Orrington Elementary School,assessments,i-Ready Math,ast-graph-2,"i-Ready Math — Percentile Distribution (counts, 10-pt bins)",,80-89,36
students,Orrington Elementary School,assessments,i-Ready Math,ast-graph-2,"i-Ready Math — Percentile Distribution (counts, 10-pt bins)",,90-99,94
students,Orrington Elementary School,assessments,i-Ready Math,ast-graph-3,"i-Ready Math — Percent Progress to Annual Typical Growth (counts, 10-pt bins)",,0-9,247
students,Walker Elementary School,home,,home-iep,IEP Status,,Has IEP,55
students,Walker Elementary School,home,,home-iep,IEP Status,,No IEP,263
students,Walker Elementary School,home,,home-lep,EL Status,,EL,42
students,Walker Elementary School,home,,home-lep,EL Status,,Not EL,276
students,Walker Elementary School,home,,home-race,Race/Ethnicity,,Asian,28
students,Walker Elementary School,home,,home-race,Race/Ethnicity,,Black or African American,71
students,Walker Elementary School,home,,home-race,Race/Ethnicity,,Hispanic or Latino,37
students,Walker Elementary School,home,,home-race,Race/Ethnicity,,Multi-racial,48
students,Walker Elementary School,home,,home-race,Race/Ethnicity,,White,130
students,Walker Elementary School,home,,home-race,Race/Ethnicity,,Other*,3
students,Walker Elementary School,home,,home-incidents,Incidents - SY27,,LVL1,26
students,Walker Elementary School,home,,home-incidents,Incidents - SY27,,LVL2,1
students,Walker Elementary School,home,,home-incidents,Incidents - SY27,,LVL3,3
students,Walker Elementary School,home,,home-incidents,Incidents - SY27,,LVL4,1
students,Walker Elementary School,home,,home-grade,Grade Level,,0,45
students,Walker Elementary School,home,,home-grade,Grade Level,,1,58
students,Walker Elementary School,home,,home-grade,Grade Level,,2,42
students,Walker Elementary School,home,,home-grade,Grade Level,,3,63
students,Walker Elementary School,home,,home-grade,Grade Level,,4,66
students,Walker Elementary School,home,,home-grade,Grade Level,,5,44
students,Walker Elementary School,home,,home-ada,ADA,,value,97.27
students,Walker Elementary School,home,,home-enrollment,Enrollment,,value,318
students,Walker Elementary School,attendance,,students-count-att,summary counts,,Students,318
students,Walker Elementary School,attendance,,students-count-att,summary counts,,IEP,55
students,Walker Elementary School,attendance,,students-count-att,summary counts,,EL,42
students,Walker Elementary School,attendance,,att-ada,ADA,,value,97.27
students,Walker Elementary School,attendance,,att-cron-abs,Chronic Absenteeism (%),,value,5.97
students,Walker Elementary School,attendance,,att-distribution,"Attendance Rate Distribution (counts, 10-pt bins)",,60-69,1
students,Walker Elementary School,attendance,,att-distribution,"Attendance Rate Distribution (counts, 10-pt bins)",,70-79,1
students,Walker Elementary School,attendance,,att-distribution,"Attendance Rate Distribution (counts, 10-pt bins)",,80-89,17
students,Walker Elementary School,attendance,,att-distribution,"Attendance Rate Distribution (counts, 10-pt bins)",,90-99,117
students,Walker Elementary School,attendance,,att-distribution,"Attendance Rate Distribution (counts, 10-pt bins)",,100+,182
students,Walker Elementary School,discipline,,students-count-discipline,summary counts,,Incidents,31
students,Walker Elementary School,discipline,,students-count-discipline,summary counts,,Students,20
students,Walker Elementary School,discipline,,students-count-discipline,summary counts,,Minor Incidents,27
students,Walker Elementary School,discipline,,students-count-discipline,summary counts,,Major Incidents,4
students,Walker Elementary School,discipline,,school,Incidents by School,,Walker Elementary School,31
students,Walker Elementary School,discipline,,lvl,Incident Types,,LVL1,26
students,Walker Elementary School,discipline,,lvl,Incident Types,,LVL2,1
students,Walker Elementary School,discipline,,lvl,Incident Types,,LVL3,3
students,Walker Elementary School,discipline,,lvl,Incident Types,,LVL4,1
students,Walker Elementary School,discipline,,months,Incidents by Month,,August,4
students,Walker Elementary School,discipline,,months,Incidents by Month,,September,27
students,Walker Elementary School,discipline,,race,Incidents by Race/Ethnicity,,Asian,2
students,Walker Elementary School,discipline,,race,Incidents by Race/Ethnicity,,Black or African American,6
students,Walker Elementary School,discipline,,race,Incidents by Race/Ethnicity,,Hispanic or Latino,6
students,Walker Elementary School,discipline,,race,Incidents by Race/Ethnicity,,Multi-racial,6
students,Walker Elementary School,discipline,,race,Incidents by Race/Ethnicity,,White,11
students,Walker Elementary School,discipline,,grade,Incidents by Grade,,0,1
students,Walker Elementary School,discipline,,grade,Incidents by Grade,,1,5
students,Walker Elementary School,discipline,,grade,Incidents by Grade,,2,10
students,Walker Elementary School,discipline,,grade,Incidents by Grade,,3,1
students,Walker Elementary School,discipline,,grade,Incidents by Grade,,4,9
students,Walker Elementary School,discipline,,grade,Incidents by Grade,,5,5
students,Walker Elementary School,assessments,STAR Reading,students-count-ast,summary counts,,Students,173
students,Walker Elementary School,assessments,STAR Reading,ast-graph-1,STAR Reading Benchmark Category (Fall SY27),Urgent Intervention,Urgent Intervention,8
students,Walker Elementary School,assessments,STAR Reading,ast-graph-1,STAR Reading Benchmark Category (Fall SY27),Intervention,Intervention,12
students,Walker Elementary School,assessments,STAR Reading,ast-graph-1,STAR Reading Benchmark Category (Fall SY27),Approaching Benchmark,Approaching Benchmark,56
students,Walker Elementary School,assessments,STAR Reading,ast-graph-1,STAR Reading Benchmark Category (Fall SY27),At Benchmark,At Benchmark,81
students,Walker Elementary School,assessments,STAR Reading,ast-graph-1,STAR Reading Benchmark Category (Fall SY27),Above Benchmark,Above Benchmark,16
students,Walker Elementary School,assessments,STAR Reading,ast-graph-2,"STAR Reading Percentile Rank Distribution (Fall SY27) (counts, 10-pt bins)",,0-9,6
students,Walker Elementary School,assessments,STAR Reading,ast-graph-2,"STAR Reading Percentile Rank Distribution (Fall SY27) (counts, 10-pt bins)",,10-19,9
students,Walker Elementary School,assessments,STAR Reading,ast-graph-2,"STAR Reading Percentile Rank Distribution (Fall SY27) (counts, 10-pt bins)",,20-29,10
students,Walker Elementary School,assessments,STAR Reading,ast-graph-2,"STAR Reading Percentile Rank Distribution (Fall SY27) (counts, 10-pt bins)",,30-39,11
students,Walker Elementary School,assessments,STAR Reading,ast-graph-2,"STAR Reading Percentile Rank Distribution (Fall SY27) (counts, 10-pt bins)",,40-49,18
students,Walker Elementary School,assessments,STAR Reading,ast-graph-2,"STAR Reading Percentile Rank Distribution (Fall SY27) (counts, 10-pt bins)",,50-59,12
students,Walker Elementary School,assessments,STAR Reading,ast-graph-2,"STAR Reading Percentile Rank Distribution (Fall SY27) (counts, 10-pt bins)",,60-69,13
students,Walker Elementary School,assessments,STAR Reading,ast-graph-2,"STAR Reading Percentile Rank Distribution (Fall SY27) (counts, 10-pt bins)",,70-79,21
students,Walker Elementary School,assessments,STAR Reading,ast-graph-2,"STAR Reading Percentile Rank Distribution (Fall SY27) (counts, 10-pt bins)",,80-89,21
students,Walker Elementary School,assessments,STAR Reading,ast-graph-2,"STAR Reading Percentile Rank Distribution (Fall SY27) (counts, 10-pt bins)",,90-99,52
students,Walker Elementary School,assessments,STAR Reading,ast-graph-3,"STAR Reading Student Growth Percentile(s) (Fall SY27) (counts, 10-pt bins)",Fall to Fall,0-9,8
students,Walker Elementary School,assessments,STAR Reading,ast-graph-3,"STAR Reading Student Growth Percentile(s) (Fall SY27) (counts, 10-pt bins)",Fall to Fall,10-19,6
students,Walker Elementary School,assessments,STAR Reading,ast-graph-3,"STAR Reading Student Growth Percentile(s) (Fall SY27) (counts, 10-pt bins)",Fall to Fall,20-29,15
students,Walker Elementary School,assessments,STAR Reading,ast-graph-3,"STAR Reading Student Growth Percentile(s) (Fall SY27) (counts, 10-pt bins)",Fall to Fall,30-39,15
students,Walker Elementary School,assessments,STAR Reading,ast-graph-3,"STAR Reading Student Growth Percentile(s) (Fall SY27) (counts, 10-pt bins)",Fall to Fall,40-49,16
students,Walker Elementary School,assessments,STAR Reading,ast-graph-3,"STAR Reading Student Growth Percentile(s) (Fall SY27) (counts, 10-pt bins)",Fall to Fall,50-59,17
students,Walker Elementary School,assessments,STAR Reading,ast-graph-3,"STAR Reading Student Growth Percentile(s) (Fall SY27) (counts, 10-pt bins)",Fall to Fall,60-69,12
students,Walker Elementary School,assessments,STAR Reading,ast-graph-3,"STAR Reading Student Growth Percentile(s) (Fall SY27) (counts, 10-pt bins)",Fall to Fall,70-79,12
students,Walker Elementary School,assessments,STAR Reading,ast-graph-3,"STAR Reading Student Growth Percentile(s) (Fall SY27) (counts, 10-pt bins)",Fall to Fall,80-89,25
students,Walker Elementary School,assessments,STAR Reading,ast-graph-3,"STAR Reading Student Growth Percentile(s) (Fall SY27) (counts, 10-pt bins)",Fall to Fall,90-99,37
students,Walker Elementary School,assessments,STAR Reading,ast-graph-3,"STAR Reading Student Growth Percentile(s) (Fall SY27) (counts, 10-pt bins)",Spring to Fall,0-9,11
students,Walker Elementary School,assessments,STAR Reading,ast-graph-3,"STAR Reading Student Growth Percentile(s) (Fall SY27) (counts, 10-pt bins)",Spring to Fall,10-19,11
students,Walker Elementary School,assessments,STAR Reading,ast-graph-3,"STAR Reading Student Growth Percentile(s) (Fall SY27) (counts, 10-pt bins)",Spring to Fall,20-29,17
students,Walker Elementary School,assessments,STAR Reading,ast-graph-3,"STAR Reading Student Growth Percentile(s) (Fall SY27) (counts, 10-pt bins)",Spring to Fall,30-39,12
students,Walker Elementary School,assessments,STAR Reading,ast-graph-3,"STAR Reading Student Growth Percentile(s) (Fall SY27) (counts, 10-pt bins)",Spring to Fall,40-49,18
students,Walker Elementary School,assessments,STAR Reading,ast-graph-3,"STAR Reading Student Growth Percentile(s) (Fall SY27) (counts, 10-pt bins)",Spring to Fall,50-59,14
students,Walker Elementary School,assessments,STAR Reading,ast-graph-3,"STAR Reading Student Growth Percentile(s) (Fall SY27) (counts, 10-pt bins)",Spring to Fall,60-69,14
students,Walker Elementary School,assessments,STAR Reading,ast-graph-3,"STAR Reading Student Growth Percentile(s) (Fall SY27) (counts, 10-pt bins)",Spring to Fall,70-79,14
students,Walker Elementary School,assessments,STAR Reading,ast-graph-3,"STAR Reading Student Growth Percentile(s) (Fall SY27) (counts, 10-pt bins)",Spring to Fall,80-89,19
students,Walker Elementary School,assessments,STAR Reading,ast-graph-3,"STAR Reading Student Growth Percentile(s) (Fall SY27) (counts, 10-pt bins)",Spring to Fall,90-99,36
students,Walker Elementary School,assessments,STAR Early Literacy,students-count-ast,summary counts,,Students,144
students,Walker Elementary School,assessments,STAR Early Literacy,ast-graph-1,STAR Early Literacy Benchmark Category (Fall SY27),Urgent Intervention,Urgent Intervention,4
students,Walker Elementary School,assessments,STAR Early Literacy,ast-graph-1,STAR Early Literacy Benchmark Category (Fall SY27),Intervention,Intervention,14
students,Walker Elementary School,assessments,STAR Early Literacy,ast-graph-1,STAR Early Literacy Benchmark Category (Fall SY27),Approaching Benchmark,Approaching Benchmark,52
students,Walker Elementary School,assessments,STAR Early Literacy,ast-graph-1,STAR Early Literacy Benchmark Category (Fall SY27),At Benchmark,At Benchmark,62
students,Walker Elementary School,assessments,STAR Early Literacy,ast-graph-1,STAR Early Literacy Benchmark Category (Fall SY27),Above Benchmark,Above Benchmark,12
students,Walker Elementary School,assessments,STAR Early Literacy,ast-graph-2,"STAR Early Literacy Percentile Rank Distribution (Fall SY27) (counts, 10-pt bins)",,0-9,4
students,Walker Elementary School,assessments,STAR Early Literacy,ast-graph-2,"STAR Early Literacy Percentile Rank Distribution (Fall SY27) (counts, 10-pt bins)",,10-19,6
students,Walker Elementary School,assessments,STAR Early Literacy,ast-graph-2,"STAR Early Literacy Percentile Rank Distribution (Fall SY27) (counts, 10-pt bins)",,20-29,9
students,Walker Elementary School,assessments,STAR Early Literacy,ast-graph-2,"STAR Early Literacy Percentile Rank Distribution (Fall SY27) (counts, 10-pt bins)",,30-39,11
students,Walker Elementary School,assessments,STAR Early Literacy,ast-graph-2,"STAR Early Literacy Percentile Rank Distribution (Fall SY27) (counts, 10-pt bins)",,40-49,9
students,Walker Elementary School,assessments,STAR Early Literacy,ast-graph-2,"STAR Early Literacy Percentile Rank Distribution (Fall SY27) (counts, 10-pt bins)",,50-59,19
students,Walker Elementary School,assessments,STAR Early Literacy,ast-graph-2,"STAR Early Literacy Percentile Rank Distribution (Fall SY27) (counts, 10-pt bins)",,60-69,17
students,Walker Elementary School,assessments,STAR Early Literacy,ast-graph-2,"STAR Early Literacy Percentile Rank Distribution (Fall SY27) (counts, 10-pt bins)",,70-79,24
students,Walker Elementary School,assessments,STAR Early Literacy,ast-graph-2,"STAR Early Literacy Percentile Rank Distribution (Fall SY27) (counts, 10-pt bins)",,80-89,15
students,Walker Elementary School,assessments,STAR Early Literacy,ast-graph-2,"STAR Early Literacy Percentile Rank Distribution (Fall SY27) (counts, 10-pt bins)",,90-99,30
students,Walker Elementary School,assessments,STAR Early Literacy,ast-graph-3,"STAR Early Literacy Student Growth Percentile(s) (Fall SY27) (counts, 10-pt bins)",Fall to Fall,0-9,2
students,Walker Elementary School,assessments,STAR Early Literacy,ast-graph-3,"STAR Early Literacy Student Growth Percentile(s) (Fall SY27) (counts, 10-pt bins)",Fall to Fall,10-19,6
students,Walker Elementary School,assessments,STAR Early Literacy,ast-graph-3,"STAR Early Literacy Student Growth Percentile(s) (Fall SY27) (counts, 10-pt bins)",Fall to Fall,20-29,7
students,Walker Elementary School,assessments,STAR Early Literacy,ast-graph-3,"STAR Early Literacy Student Growth Percentile(s) (Fall SY27) (counts, 10-pt bins)",Fall to Fall,30-39,3
students,Walker Elementary School,assessments,STAR Early Literacy,ast-graph-3,"STAR Early Literacy Student Growth Percentile(s) (Fall SY27) (counts, 10-pt bins)",Fall to Fall,40-49,2
students,Walker Elementary School,assessments,STAR Early Literacy,ast-graph-3,"STAR Early Literacy Student Growth Percentile(s) (Fall SY27) (counts, 10-pt bins)",Fall to Fall,50-59,4
students,Walker Elementary School,assessments,STAR Early Literacy,ast-graph-3,"STAR Early Literacy Student Growth Percentile(s) (Fall SY27) (counts, 10-pt bins)",Fall to Fall,60-69,10
students,Walker Elementary School,assessments,STAR Early Literacy,ast-graph-3,"STAR Early Literacy Student Growth Percentile(s) (Fall SY27) (counts, 10-pt bins)",Fall to Fall,70-79,14
students,Walker Elementary School,assessments,STAR Early Literacy,ast-graph-3,"STAR Early Literacy Student Growth Percentile(s) (Fall SY27) (counts, 10-pt bins)",Fall to Fall,80-89,17
students,Walker Elementary School,assessments,STAR Early Literacy,ast-graph-3,"STAR Early Literacy Student Growth Percentile(s) (Fall SY27) (counts, 10-pt bins)",Fall to Fall,90-99,26
students,Walker Elementary School,assessments,STAR Early Literacy,ast-graph-3,"STAR Early Literacy Student Growth Percentile(s) (Fall SY27) (counts, 10-pt bins)",Spring to Fall,0-9,4
students,Walker Elementary School,assessments,STAR Early Literacy,ast-graph-3,"STAR Early Literacy Student Growth Percentile(s) (Fall SY27) (counts, 10-pt bins)",Spring to Fall,10-19,11
students,Walker Elementary School,assessments,STAR Early Literacy,ast-graph-3,"STAR Early Literacy Student Growth Percentile(s) (Fall SY27) (counts, 10-pt bins)",Spring to Fall,20-29,6
students,Walker Elementary School,assessments,STAR Early Literacy,ast-graph-3,"STAR Early Literacy Student Growth Percentile(s) (Fall SY27) (counts, 10-pt bins)",Spring to Fall,30-39,6
students,Walker Elementary School,assessments,STAR Early Literacy,ast-graph-3,"STAR Early Literacy Student Growth Percentile(s) (Fall SY27) (counts, 10-pt bins)",Spring to Fall,40-49,13
students,Walker Elementary School,assessments,STAR Early Literacy,ast-graph-3,"STAR Early Literacy Student Growth Percentile(s) (Fall SY27) (counts, 10-pt bins)",Spring to Fall,50-59,9
students,Walker Elementary School,assessments,STAR Early Literacy,ast-graph-3,"STAR Early Literacy Student Growth Percentile(s) (Fall SY27) (counts, 10-pt bins)",Spring to Fall,60-69,7
students,Walker Elementary School,assessments,STAR Early Literacy,ast-graph-3,"STAR Early Literacy Student Growth Percentile(s) (Fall SY27) (counts, 10-pt bins)",Spring to Fall,70-79,6
students,Walker Elementary School,assessments,STAR Early Literacy,ast-graph-3,"STAR Early Literacy Student Growth Percentile(s) (Fall SY27) (counts, 10-pt bins)",Spring to Fall,80-89,12
students,Walker Elementary School,assessments,STAR Early Literacy,ast-graph-3,"STAR Early Literacy Student Growth Percentile(s) (Fall SY27) (counts, 10-pt bins)",Spring to Fall,90-99,21
students,Walker Elementary School,assessments,i-Ready Math,students-count-ast,summary counts,,Students,316
students,Walker Elementary School,assessments,i-Ready Math,ast-graph-1,i-Ready Math — Overall Relative Placement,3 or More Grade Levels Below,3 or More Grade Levels Below,11
students,Walker Elementary School,assessments,i-Ready Math,ast-graph-1,i-Ready Math — Overall Relative Placement,2 Grade Levels Below,2 Grade Levels Below,23
students,Walker Elementary School,assessments,i-Ready Math,ast-graph-1,i-Ready Math — Overall Relative Placement,1 Grade Level Below,1 Grade Level Below,175
students,Walker Elementary School,assessments,i-Ready Math,ast-graph-1,i-Ready Math — Overall Relative Placement,Early On Grade Level,Early On Grade Level,56
students,Walker Elementary School,assessments,i-Ready Math,ast-graph-1,i-Ready Math — Overall Relative Placement,Mid or Above Grade Level,Mid or Above Grade Level,51
students,Walker Elementary School,assessments,i-Ready Math,ast-graph-2,"i-Ready Math — Percentile Distribution (counts, 10-pt bins)",,0-9,7
students,Walker Elementary School,assessments,i-Ready Math,ast-graph-2,"i-Ready Math — Percentile Distribution (counts, 10-pt bins)",,10-19,11
students,Walker Elementary School,assessments,i-Ready Math,ast-graph-2,"i-Ready Math — Percentile Distribution (counts, 10-pt bins)",,20-29,10
students,Walker Elementary School,assessments,i-Ready Math,ast-graph-2,"i-Ready Math — Percentile Distribution (counts, 10-pt bins)",,30-39,29
students,Walker Elementary School,assessments,i-Ready Math,ast-graph-2,"i-Ready Math — Percentile Distribution (counts, 10-pt bins)",,40-49,24
students,Walker Elementary School,assessments,i-Ready Math,ast-graph-2,"i-Ready Math — Percentile Distribution (counts, 10-pt bins)",,50-59,41
students,Walker Elementary School,assessments,i-Ready Math,ast-graph-2,"i-Ready Math — Percentile Distribution (counts, 10-pt bins)",,60-69,29
students,Walker Elementary School,assessments,i-Ready Math,ast-graph-2,"i-Ready Math — Percentile Distribution (counts, 10-pt bins)",,70-79,27
students,Walker Elementary School,assessments,i-Ready Math,ast-graph-2,"i-Ready Math — Percentile Distribution (counts, 10-pt bins)",,80-89,62
students,Walker Elementary School,assessments,i-Ready Math,ast-graph-2,"i-Ready Math — Percentile Distribution (counts, 10-pt bins)",,90-99,76
students,Walker Elementary School,assessments,i-Ready Math,ast-graph-3,"i-Ready Math — Percent Progress to Annual Typical Growth (counts, 10-pt bins)",,0-9,316
students,Washington Elementary School,home,,home-iep,IEP Status,,Has IEP,78
students,Washington Elementary School,home,,home-iep,IEP Status,,No IEP,302
students,Washington Elementary School,home,,home-lep,EL Status,,EL,93
students,Washington Elementary School,home,,home-lep,EL Status,,Not EL,287
students,Washington Elementary School,home,,home-race,Race/Ethnicity,,Black or African American,46
students,Washington Elementary School,home,,home-race,Race/Ethnicity,,Hispanic or Latino,148
students,Washington Elementary School,home,,home-race,Race/Ethnicity,,Multi-racial,35
students,Washington Elementary School,home,,home-race,Race/Ethnicity,,White,142
students,Washington Elementary School,home,,home-race,Race/Ethnicity,,Other*,9
students,Washington Elementary School,home,,home-incidents,Incidents - SY27,,LVL1,31
students,Washington Elementary School,home,,home-incidents,Incidents - SY27,,LVL2,24
students,Washington Elementary School,home,,home-incidents,Incidents - SY27,,LVL3,1
students,Washington Elementary School,home,,home-grade,Grade Level,,0,58
students,Washington Elementary School,home,,home-grade,Grade Level,,1,57
students,Washington Elementary School,home,,home-grade,Grade Level,,2,63
students,Washington Elementary School,home,,home-grade,Grade Level,,3,63
students,Washington Elementary School,home,,home-grade,Grade Level,,4,60
students,Washington Elementary School,home,,home-grade,Grade Level,,5,79
students,Washington Elementary School,home,,home-twi,TWI Status,,TWE,90
students,Washington Elementary School,home,,home-twi,TWI Status,,TWS,63
students,Washington Elementary School,home,,home-twi,TWI Status,,TWX,42
students,Washington Elementary School,home,,home-ada,ADA,,value,96.21
students,Washington Elementary School,home,,home-enrollment,Enrollment,,value,380
students,Washington Elementary School,attendance,,students-count-att,summary counts,,Students,380
students,Washington Elementary School,attendance,,students-count-att,summary counts,,IEP,78
students,Washington Elementary School,attendance,,students-count-att,summary counts,,EL,93
students,Washington Elementary School,attendance,,att-ada,ADA,,value,96.21
students,Washington Elementary School,attendance,,att-cron-abs,Chronic Absenteeism (%),,value,10.79
students,Washington Elementary School,attendance,,att-distribution,"Attendance Rate Distribution (counts, 10-pt bins)",,50-59,2
students,Washington Elementary School,attendance,,att-distribution,"Attendance Rate Distribution (counts, 10-pt bins)",,60-69,4
students,Washington Elementary School,attendance,,att-distribution,"Attendance Rate Distribution (counts, 10-pt bins)",,70-79,3
students,Washington Elementary School,attendance,,att-distribution,"Attendance Rate Distribution (counts, 10-pt bins)",,80-89,32
students,Washington Elementary School,attendance,,att-distribution,"Attendance Rate Distribution (counts, 10-pt bins)",,90-99,124
students,Washington Elementary School,attendance,,att-distribution,"Attendance Rate Distribution (counts, 10-pt bins)",,100+,215
students,Washington Elementary School,discipline,,students-count-discipline,summary counts,,Incidents,56
students,Washington Elementary School,discipline,,students-count-discipline,summary counts,,Students,31
students,Washington Elementary School,discipline,,students-count-discipline,summary counts,,Minor Incidents,55
students,Washington Elementary School,discipline,,students-count-discipline,summary counts,,Major Incidents,1
students,Washington Elementary School,discipline,,school,Incidents by School,,Washington Elementary School,56
students,Washington Elementary School,discipline,,lvl,Incident Types,,LVL1,31
students,Washington Elementary School,discipline,,lvl,Incident Types,,LVL2,24
students,Washington Elementary School,discipline,,lvl,Incident Types,,LVL3,1
students,Washington Elementary School,discipline,,months,Incidents by Month,,August,1
students,Washington Elementary School,discipline,,months,Incidents by Month,,September,55
students,Washington Elementary School,discipline,,race,Incidents by Race/Ethnicity,,Asian,3
students,Washington Elementary School,discipline,,race,Incidents by Race/Ethnicity,,Black or African American,25
students,Washington Elementary School,discipline,,race,Incidents by Race/Ethnicity,,Hispanic or Latino,9
students,Washington Elementary School,discipline,,race,Incidents by Race/Ethnicity,,Multi-racial,5
students,Washington Elementary School,discipline,,race,Incidents by Race/Ethnicity,,White,14
students,Washington Elementary School,discipline,,grade,Incidents by Grade,,0,26
students,Washington Elementary School,discipline,,grade,Incidents by Grade,,1,15
students,Washington Elementary School,discipline,,grade,Incidents by Grade,,2,4
students,Washington Elementary School,discipline,,grade,Incidents by Grade,,3,6
students,Washington Elementary School,discipline,,grade,Incidents by Grade,,5,5
students,Washington Elementary School,assessments,STAR Reading,students-count-ast,summary counts,,Students,196
students,Washington Elementary School,assessments,STAR Reading,ast-graph-1,STAR Reading Benchmark Category (Fall SY27),Urgent Intervention,Urgent Intervention,11
students,Washington Elementary School,assessments,STAR Reading,ast-graph-1,STAR Reading Benchmark Category (Fall SY27),Intervention,Intervention,19
students,Washington Elementary School,assessments,STAR Reading,ast-graph-1,STAR Reading Benchmark Category (Fall SY27),Approaching Benchmark,Approaching Benchmark,56
students,Washington Elementary School,assessments,STAR Reading,ast-graph-1,STAR Reading Benchmark Category (Fall SY27),At Benchmark,At Benchmark,92
students,Washington Elementary School,assessments,STAR Reading,ast-graph-1,STAR Reading Benchmark Category (Fall SY27),Above Benchmark,Above Benchmark,18
students,Washington Elementary School,assessments,STAR Reading,ast-graph-2,"STAR Reading Percentile Rank Distribution (Fall SY27) (counts, 10-pt bins)",,0-9,11
students,Washington Elementary School,assessments,STAR Reading,ast-graph-2,"STAR Reading Percentile Rank Distribution (Fall SY27) (counts, 10-pt bins)",,10-19,12
students,Washington Elementary School,assessments,STAR Reading,ast-graph-2,"STAR Reading Percentile Rank Distribution (Fall SY27) (counts, 10-pt bins)",,20-29,13
students,Washington Elementary School,assessments,STAR Reading,ast-graph-2,"STAR Reading Percentile Rank Distribution (Fall SY27) (counts, 10-pt bins)",,30-39,14
students,Washington Elementary School,assessments,STAR Reading,ast-graph-2,"STAR Reading Percentile Rank Distribution (Fall SY27) (counts, 10-pt bins)",,40-49,12
students,Washington Elementary School,assessments,STAR Reading,ast-graph-2,"STAR Reading Percentile Rank Distribution (Fall SY27) (counts, 10-pt bins)",,50-59,12
students,Washington Elementary School,assessments,STAR Reading,ast-graph-2,"STAR Reading Percentile Rank Distribution (Fall SY27) (counts, 10-pt bins)",,60-69,18
students,Washington Elementary School,assessments,STAR Reading,ast-graph-2,"STAR Reading Percentile Rank Distribution (Fall SY27) (counts, 10-pt bins)",,70-79,30
students,Washington Elementary School,assessments,STAR Reading,ast-graph-2,"STAR Reading Percentile Rank Distribution (Fall SY27) (counts, 10-pt bins)",,80-89,25
students,Washington Elementary School,assessments,STAR Reading,ast-graph-2,"STAR Reading Percentile Rank Distribution (Fall SY27) (counts, 10-pt bins)",,90-99,49
students,Washington Elementary School,assessments,STAR Reading,ast-graph-3,"STAR Reading Student Growth Percentile(s) (Fall SY27) (counts, 10-pt bins)",Fall to Fall,0-9,10
students,Washington Elementary School,assessments,STAR Reading,ast-graph-3,"STAR Reading Student Growth Percentile(s) (Fall SY27) (counts, 10-pt bins)",Fall to Fall,10-19,8
students,Washington Elementary School,assessments,STAR Reading,ast-graph-3,"STAR Reading Student Growth Percentile(s) (Fall SY27) (counts, 10-pt bins)",Fall to Fall,20-29,11
students,Washington Elementary School,assessments,STAR Reading,ast-graph-3,"STAR Reading Student Growth Percentile(s) (Fall SY27) (counts, 10-pt bins)",Fall to Fall,30-39,16
students,Washington Elementary School,assessments,STAR Reading,ast-graph-3,"STAR Reading Student Growth Percentile(s) (Fall SY27) (counts, 10-pt bins)",Fall to Fall,40-49,11
students,Washington Elementary School,assessments,STAR Reading,ast-graph-3,"STAR Reading Student Growth Percentile(s) (Fall SY27) (counts, 10-pt bins)",Fall to Fall,50-59,28
students,Washington Elementary School,assessments,STAR Reading,ast-graph-3,"STAR Reading Student Growth Percentile(s) (Fall SY27) (counts, 10-pt bins)",Fall to Fall,60-69,15
students,Washington Elementary School,assessments,STAR Reading,ast-graph-3,"STAR Reading Student Growth Percentile(s) (Fall SY27) (counts, 10-pt bins)",Fall to Fall,70-79,33
students,Washington Elementary School,assessments,STAR Reading,ast-graph-3,"STAR Reading Student Growth Percentile(s) (Fall SY27) (counts, 10-pt bins)",Fall to Fall,80-89,14
students,Washington Elementary School,assessments,STAR Reading,ast-graph-3,"STAR Reading Student Growth Percentile(s) (Fall SY27) (counts, 10-pt bins)",Fall to Fall,90-99,41
students,Washington Elementary School,assessments,STAR Reading,ast-graph-3,"STAR Reading Student Growth Percentile(s) (Fall SY27) (counts, 10-pt bins)",Spring to Fall,0-9,17
students,Washington Elementary School,assessments,STAR Reading,ast-graph-3,"STAR Reading Student Growth Percentile(s) (Fall SY27) (counts, 10-pt bins)",Spring to Fall,10-19,20
students,Washington Elementary School,assessments,STAR Reading,ast-graph-3,"STAR Reading Student Growth Percentile(s) (Fall SY27) (counts, 10-pt bins)",Spring to Fall,20-29,12
students,Washington Elementary School,assessments,STAR Reading,ast-graph-3,"STAR Reading Student Growth Percentile(s) (Fall SY27) (counts, 10-pt bins)",Spring to Fall,30-39,8
students,Washington Elementary School,assessments,STAR Reading,ast-graph-3,"STAR Reading Student Growth Percentile(s) (Fall SY27) (counts, 10-pt bins)",Spring to Fall,40-49,19
students,Washington Elementary School,assessments,STAR Reading,ast-graph-3,"STAR Reading Student Growth Percentile(s) (Fall SY27) (counts, 10-pt bins)",Spring to Fall,50-59,23
students,Washington Elementary School,assessments,STAR Reading,ast-graph-3,"STAR Reading Student Growth Percentile(s) (Fall SY27) (counts, 10-pt bins)",Spring to Fall,60-69,17
students,Washington Elementary School,assessments,STAR Reading,ast-graph-3,"STAR Reading Student Growth Percentile(s) (Fall SY27) (counts, 10-pt bins)",Spring to Fall,70-79,16
students,Washington Elementary School,assessments,STAR Reading,ast-graph-3,"STAR Reading Student Growth Percentile(s) (Fall SY27) (counts, 10-pt bins)",Spring to Fall,80-89,29
students,Washington Elementary School,assessments,STAR Reading,ast-graph-3,"STAR Reading Student Growth Percentile(s) (Fall SY27) (counts, 10-pt bins)",Spring to Fall,90-99,26
students,Washington Elementary School,assessments,STAR Early Literacy,students-count-ast,summary counts,,Students,166
students,Washington Elementary School,assessments,STAR Early Literacy,ast-graph-1,STAR Early Literacy Benchmark Category (Fall SY27),Urgent Intervention,Urgent Intervention,14
students,Washington Elementary School,assessments,STAR Early Literacy,ast-graph-1,STAR Early Literacy Benchmark Category (Fall SY27),Intervention,Intervention,14
students,Washington Elementary School,assessments,STAR Early Literacy,ast-graph-1,STAR Early Literacy Benchmark Category (Fall SY27),Approaching Benchmark,Approaching Benchmark,64
students,Washington Elementary School,assessments,STAR Early Literacy,ast-graph-1,STAR Early Literacy Benchmark Category (Fall SY27),At Benchmark,At Benchmark,66
students,Washington Elementary School,assessments,STAR Early Literacy,ast-graph-1,STAR Early Literacy Benchmark Category (Fall SY27),Above Benchmark,Above Benchmark,8
students,Washington Elementary School,assessments,STAR Early Literacy,ast-graph-2,"STAR Early Literacy Percentile Rank Distribution (Fall SY27) (counts, 10-pt bins)",,0-9,12
students,Washington Elementary School,assessments,STAR Early Literacy,ast-graph-2,"STAR Early Literacy Percentile Rank Distribution (Fall SY27) (counts, 10-pt bins)",,10-19,11
students,Washington Elementary School,assessments,STAR Early Literacy,ast-graph-2,"STAR Early Literacy Percentile Rank Distribution (Fall SY27) (counts, 10-pt bins)",,20-29,16
students,Washington Elementary School,assessments,STAR Early Literacy,ast-graph-2,"STAR Early Literacy Percentile Rank Distribution (Fall SY27) (counts, 10-pt bins)",,30-39,13
students,Washington Elementary School,assessments,STAR Early Literacy,ast-graph-2,"STAR Early Literacy Percentile Rank Distribution (Fall SY27) (counts, 10-pt bins)",,40-49,16
students,Washington Elementary School,assessments,STAR Early Literacy,ast-graph-2,"STAR Early Literacy Percentile Rank Distribution (Fall SY27) (counts, 10-pt bins)",,50-59,13
students,Washington Elementary School,assessments,STAR Early Literacy,ast-graph-2,"STAR Early Literacy Percentile Rank Distribution (Fall SY27) (counts, 10-pt bins)",,60-69,19
students,Washington Elementary School,assessments,STAR Early Literacy,ast-graph-2,"STAR Early Literacy Percentile Rank Distribution (Fall SY27) (counts, 10-pt bins)",,70-79,16
students,Washington Elementary School,assessments,STAR Early Literacy,ast-graph-2,"STAR Early Literacy Percentile Rank Distribution (Fall SY27) (counts, 10-pt bins)",,80-89,26
students,Washington Elementary School,assessments,STAR Early Literacy,ast-graph-2,"STAR Early Literacy Percentile Rank Distribution (Fall SY27) (counts, 10-pt bins)",,90-99,24
students,Washington Elementary School,assessments,STAR Early Literacy,ast-graph-3,"STAR Early Literacy Student Growth Percentile(s) (Fall SY27) (counts, 10-pt bins)",Fall to Fall,0-9,7
students,Washington Elementary School,assessments,STAR Early Literacy,ast-graph-3,"STAR Early Literacy Student Growth Percentile(s) (Fall SY27) (counts, 10-pt bins)",Fall to Fall,10-19,7
students,Washington Elementary School,assessments,STAR Early Literacy,ast-graph-3,"STAR Early Literacy Student Growth Percentile(s) (Fall SY27) (counts, 10-pt bins)",Fall to Fall,20-29,6
students,Washington Elementary School,assessments,STAR Early Literacy,ast-graph-3,"STAR Early Literacy Student Growth Percentile(s) (Fall SY27) (counts, 10-pt bins)",Fall to Fall,30-39,4
students,Washington Elementary School,assessments,STAR Early Literacy,ast-graph-3,"STAR Early Literacy Student Growth Percentile(s) (Fall SY27) (counts, 10-pt bins)",Fall to Fall,40-49,5
students,Washington Elementary School,assessments,STAR Early Literacy,ast-graph-3,"STAR Early Literacy Student Growth Percentile(s) (Fall SY27) (counts, 10-pt bins)",Fall to Fall,50-59,6
students,Washington Elementary School,assessments,STAR Early Literacy,ast-graph-3,"STAR Early Literacy Student Growth Percentile(s) (Fall SY27) (counts, 10-pt bins)",Fall to Fall,60-69,9
students,Washington Elementary School,assessments,STAR Early Literacy,ast-graph-3,"STAR Early Literacy Student Growth Percentile(s) (Fall SY27) (counts, 10-pt bins)",Fall to Fall,70-79,13
students,Washington Elementary School,assessments,STAR Early Literacy,ast-graph-3,"STAR Early Literacy Student Growth Percentile(s) (Fall SY27) (counts, 10-pt bins)",Fall to Fall,80-89,14
students,Washington Elementary School,assessments,STAR Early Literacy,ast-graph-3,"STAR Early Literacy Student Growth Percentile(s) (Fall SY27) (counts, 10-pt bins)",Fall to Fall,90-99,34
students,Washington Elementary School,assessments,STAR Early Literacy,ast-graph-3,"STAR Early Literacy Student Growth Percentile(s) (Fall SY27) (counts, 10-pt bins)",Spring to Fall,0-9,5
students,Washington Elementary School,assessments,STAR Early Literacy,ast-graph-3,"STAR Early Literacy Student Growth Percentile(s) (Fall SY27) (counts, 10-pt bins)",Spring to Fall,10-19,5
students,Washington Elementary School,assessments,STAR Early Literacy,ast-graph-3,"STAR Early Literacy Student Growth Percentile(s) (Fall SY27) (counts, 10-pt bins)",Spring to Fall,20-29,7
students,Washington Elementary School,assessments,STAR Early Literacy,ast-graph-3,"STAR Early Literacy Student Growth Percentile(s) (Fall SY27) (counts, 10-pt bins)",Spring to Fall,30-39,10
students,Washington Elementary School,assessments,STAR Early Literacy,ast-graph-3,"STAR Early Literacy Student Growth Percentile(s) (Fall SY27) (counts, 10-pt bins)",Spring to Fall,40-49,8
students,Washington Elementary School,assessments,STAR Early Literacy,ast-graph-3,"STAR Early Literacy Student Growth Percentile(s) (Fall SY27) (counts, 10-pt bins)",Spring to Fall,50-59,9
students,Washington Elementary School,assessments,STAR Early Literacy,ast-graph-3,"STAR Early Literacy Student Growth Percentile(s) (Fall SY27) (counts, 10-pt bins)",Spring to Fall,60-69,10
students,Washington Elementary School,assessments,STAR Early Literacy,ast-graph-3,"STAR Early Literacy Student Growth Percentile(s) (Fall SY27) (counts, 10-pt bins)",Spring to Fall,70-79,12
students,Washington Elementary School,assessments,STAR Early Literacy,ast-graph-3,"STAR Early Literacy Student Growth Percentile(s) (Fall SY27) (counts, 10-pt bins)",Spring to Fall,80-89,13
students,Washington Elementary School,assessments,STAR Early Literacy,ast-graph-3,"STAR Early Literacy Student Growth Percentile(s) (Fall SY27) (counts, 10-pt bins)",Spring to Fall,90-99,27
students,Washington Elementary School,assessments,STAR Reading Spanish,students-count-ast,summary counts,,Students,99
students,Washington Elementary School,assessments,STAR Reading Spanish,ast-graph-1,STAR Reading Spanish Benchmark Category (Fall SY27),Urgent Intervention,Urgent Intervention,21
students,Washington Elementary School,assessments,STAR Reading Spanish,ast-graph-1,STAR Reading Spanish Benchmark Category (Fall SY27),Intervention,Intervention,27
students,Washington Elementary School,assessments,STAR Reading Spanish,ast-graph-1,STAR Reading Spanish Benchmark Category (Fall SY27),Approaching Benchmark,Approaching Benchmark,40
students,Washington Elementary School,assessments,STAR Reading Spanish,ast-graph-1,STAR Reading Spanish Benchmark Category (Fall SY27),At Benchmark,At Benchmark,10
students,Washington Elementary School,assessments,STAR Reading Spanish,ast-graph-1,STAR Reading Spanish Benchmark Category (Fall SY27),Above Benchmark,Above Benchmark,1
students,Washington Elementary School,assessments,STAR Reading Spanish,ast-graph-2,"STAR Reading Spanish Percentile Rank Distribution (Fall SY27) (counts, 10-pt bins)",,0-9,18
students,Washington Elementary School,assessments,STAR Reading Spanish,ast-graph-2,"STAR Reading Spanish Percentile Rank Distribution (Fall SY27) (counts, 10-pt bins)",,10-19,18
students,Washington Elementary School,assessments,STAR Reading Spanish,ast-graph-2,"STAR Reading Spanish Percentile Rank Distribution (Fall SY27) (counts, 10-pt bins)",,20-29,20
students,Washington Elementary School,assessments,STAR Reading Spanish,ast-graph-2,"STAR Reading Spanish Percentile Rank Distribution (Fall SY27) (counts, 10-pt bins)",,30-39,11
students,Washington Elementary School,assessments,STAR Reading Spanish,ast-graph-2,"STAR Reading Spanish Percentile Rank Distribution (Fall SY27) (counts, 10-pt bins)",,40-49,12
students,Washington Elementary School,assessments,STAR Reading Spanish,ast-graph-2,"STAR Reading Spanish Percentile Rank Distribution (Fall SY27) (counts, 10-pt bins)",,50-59,4
students,Washington Elementary School,assessments,STAR Reading Spanish,ast-graph-2,"STAR Reading Spanish Percentile Rank Distribution (Fall SY27) (counts, 10-pt bins)",,60-69,5
students,Washington Elementary School,assessments,STAR Reading Spanish,ast-graph-2,"STAR Reading Spanish Percentile Rank Distribution (Fall SY27) (counts, 10-pt bins)",,70-79,2
students,Washington Elementary School,assessments,STAR Reading Spanish,ast-graph-2,"STAR Reading Spanish Percentile Rank Distribution (Fall SY27) (counts, 10-pt bins)",,80-89,3
students,Washington Elementary School,assessments,STAR Reading Spanish,ast-graph-2,"STAR Reading Spanish Percentile Rank Distribution (Fall SY27) (counts, 10-pt bins)",,90-99,6
students,Washington Elementary School,assessments,STAR Reading Spanish,ast-graph-3,"STAR Reading Spanish Student Growth Percentile(s) (Fall SY27) (counts, 10-pt bins)",Fall to Fall,0-9,5
students,Washington Elementary School,assessments,STAR Reading Spanish,ast-graph-3,"STAR Reading Spanish Student Growth Percentile(s) (Fall SY27) (counts, 10-pt bins)",Fall to Fall,10-19,8
students,Washington Elementary School,assessments,STAR Reading Spanish,ast-graph-3,"STAR Reading Spanish Student Growth Percentile(s) (Fall SY27) (counts, 10-pt bins)",Fall to Fall,20-29,4
students,Washington Elementary School,assessments,STAR Reading Spanish,ast-graph-3,"STAR Reading Spanish Student Growth Percentile(s) (Fall SY27) (counts, 10-pt bins)",Fall to Fall,30-39,6
students,Washington Elementary School,assessments,STAR Reading Spanish,ast-graph-3,"STAR Reading Spanish Student Growth Percentile(s) (Fall SY27) (counts, 10-pt bins)",Fall to Fall,40-49,8
students,Washington Elementary School,assessments,STAR Reading Spanish,ast-graph-3,"STAR Reading Spanish Student Growth Percentile(s) (Fall SY27) (counts, 10-pt bins)",Fall to Fall,50-59,6
students,Washington Elementary School,assessments,STAR Reading Spanish,ast-graph-3,"STAR Reading Spanish Student Growth Percentile(s) (Fall SY27) (counts, 10-pt bins)",Fall to Fall,60-69,8
students,Washington Elementary School,assessments,STAR Reading Spanish,ast-graph-3,"STAR Reading Spanish Student Growth Percentile(s) (Fall SY27) (counts, 10-pt bins)",Fall to Fall,70-79,6
students,Washington Elementary School,assessments,STAR Reading Spanish,ast-graph-3,"STAR Reading Spanish Student Growth Percentile(s) (Fall SY27) (counts, 10-pt bins)",Fall to Fall,80-89,6
students,Washington Elementary School,assessments,STAR Reading Spanish,ast-graph-3,"STAR Reading Spanish Student Growth Percentile(s) (Fall SY27) (counts, 10-pt bins)",Fall to Fall,90-99,7
students,Washington Elementary School,assessments,STAR Reading Spanish,ast-graph-3,"STAR Reading Spanish Student Growth Percentile(s) (Fall SY27) (counts, 10-pt bins)",Spring to Fall,0-9,11
students,Washington Elementary School,assessments,STAR Reading Spanish,ast-graph-3,"STAR Reading Spanish Student Growth Percentile(s) (Fall SY27) (counts, 10-pt bins)",Spring to Fall,10-19,6
students,Washington Elementary School,assessments,STAR Reading Spanish,ast-graph-3,"STAR Reading Spanish Student Growth Percentile(s) (Fall SY27) (counts, 10-pt bins)",Spring to Fall,20-29,8
students,Washington Elementary School,assessments,STAR Reading Spanish,ast-graph-3,"STAR Reading Spanish Student Growth Percentile(s) (Fall SY27) (counts, 10-pt bins)",Spring to Fall,30-39,11
students,Washington Elementary School,assessments,STAR Reading Spanish,ast-graph-3,"STAR Reading Spanish Student Growth Percentile(s) (Fall SY27) (counts, 10-pt bins)",Spring to Fall,40-49,4
students,Washington Elementary School,assessments,STAR Reading Spanish,ast-graph-3,"STAR Reading Spanish Student Growth Percentile(s) (Fall SY27) (counts, 10-pt bins)",Spring to Fall,50-59,8
students,Washington Elementary School,assessments,STAR Reading Spanish,ast-graph-3,"STAR Reading Spanish Student Growth Percentile(s) (Fall SY27) (counts, 10-pt bins)",Spring to Fall,60-69,3
students,Washington Elementary School,assessments,STAR Reading Spanish,ast-graph-3,"STAR Reading Spanish Student Growth Percentile(s) (Fall SY27) (counts, 10-pt bins)",Spring to Fall,70-79,4
students,Washington Elementary School,assessments,STAR Reading Spanish,ast-graph-3,"STAR Reading Spanish Student Growth Percentile(s) (Fall SY27) (counts, 10-pt bins)",Spring to Fall,80-89,6
students,Washington Elementary School,assessments,STAR Reading Spanish,ast-graph-3,"STAR Reading Spanish Student Growth Percentile(s) (Fall SY27) (counts, 10-pt bins)",Spring to Fall,90-99,5
students,Washington Elementary School,assessments,STAR Early Literacy Spanish,students-count-ast,summary counts,,Students,95
students,Washington Elementary School,assessments,STAR Early Literacy Spanish,ast-graph-1,STAR Early Literacy Spanish Benchmark Category (Fall SY27),Urgent Intervention,Urgent Intervention,3
students,Washington Elementary School,assessments,STAR Early Literacy Spanish,ast-graph-1,STAR Early Literacy Spanish Benchmark Category (Fall SY27),Intervention,Intervention,8
students,Washington Elementary School,assessments,STAR Early Literacy Spanish,ast-graph-1,STAR Early Literacy Spanish Benchmark Category (Fall SY27),Approaching Benchmark,Approaching Benchmark,34
students,Washington Elementary School,assessments,STAR Early Literacy Spanish,ast-graph-1,STAR Early Literacy Spanish Benchmark Category (Fall SY27),At Benchmark,At Benchmark,43
students,Washington Elementary School,assessments,STAR Early Literacy Spanish,ast-graph-1,STAR Early Literacy Spanish Benchmark Category (Fall SY27),Above Benchmark,Above Benchmark,7
students,Washington Elementary School,assessments,STAR Early Literacy Spanish,ast-graph-2,"STAR Early Literacy Spanish Percentile Rank Distribution (Fall SY27) (counts, 10-pt bins)",,0-9,3
students,Washington Elementary School,assessments,STAR Early Literacy Spanish,ast-graph-2,"STAR Early Literacy Spanish Percentile Rank Distribution (Fall SY27) (counts, 10-pt bins)",,10-19,4
students,Washington Elementary School,assessments,STAR Early Literacy Spanish,ast-graph-2,"STAR Early Literacy Spanish Percentile Rank Distribution (Fall SY27) (counts, 10-pt bins)",,20-29,6
students,Washington Elementary School,assessments,STAR Early Literacy Spanish,ast-graph-2,"STAR Early Literacy Spanish Percentile Rank Distribution (Fall SY27) (counts, 10-pt bins)",,30-39,9
students,Washington Elementary School,assessments,STAR Early Literacy Spanish,ast-graph-2,"STAR Early Literacy Spanish Percentile Rank Distribution (Fall SY27) (counts, 10-pt bins)",,40-49,7
students,Washington Elementary School,assessments,STAR Early Literacy Spanish,ast-graph-2,"STAR Early Literacy Spanish Percentile Rank Distribution (Fall SY27) (counts, 10-pt bins)",,50-59,9
students,Washington Elementary School,assessments,STAR Early Literacy Spanish,ast-graph-2,"STAR Early Literacy Spanish Percentile Rank Distribution (Fall SY27) (counts, 10-pt bins)",,60-69,12
students,Washington Elementary School,assessments,STAR Early Literacy Spanish,ast-graph-2,"STAR Early Literacy Spanish Percentile Rank Distribution (Fall SY27) (counts, 10-pt bins)",,70-79,9
students,Washington Elementary School,assessments,STAR Early Literacy Spanish,ast-graph-2,"STAR Early Literacy Spanish Percentile Rank Distribution (Fall SY27) (counts, 10-pt bins)",,80-89,15
students,Washington Elementary School,assessments,STAR Early Literacy Spanish,ast-graph-2,"STAR Early Literacy Spanish Percentile Rank Distribution (Fall SY27) (counts, 10-pt bins)",,90-99,21
students,Washington Elementary School,assessments,STAR Early Literacy Spanish,ast-graph-3,"STAR Early Literacy Spanish Student Growth Percentile(s) (Fall SY27) (counts, 10-pt bins)",Fall to Fall,0-9,7
students,Washington Elementary School,assessments,STAR Early Literacy Spanish,ast-graph-3,"STAR Early Literacy Spanish Student Growth Percentile(s) (Fall SY27) (counts, 10-pt bins)",Fall to Fall,10-19,2
students,Washington Elementary School,assessments,STAR Early Literacy Spanish,ast-graph-3,"STAR Early Literacy Spanish Student Growth Percentile(s) (Fall SY27) (counts, 10-pt bins)",Fall to Fall,20-29,2
students,Washington Elementary School,assessments,STAR Early Literacy Spanish,ast-graph-3,"STAR Early Literacy Spanish Student Growth Percentile(s) (Fall SY27) (counts, 10-pt bins)",Fall to Fall,30-39,5
students,Washington Elementary School,assessments,STAR Early Literacy Spanish,ast-graph-3,"STAR Early Literacy Spanish Student Growth Percentile(s) (Fall SY27) (counts, 10-pt bins)",Fall to Fall,40-49,5
students,Washington Elementary School,assessments,STAR Early Literacy Spanish,ast-graph-3,"STAR Early Literacy Spanish Student Growth Percentile(s) (Fall SY27) (counts, 10-pt bins)",Fall to Fall,50-59,6
students,Washington Elementary School,assessments,STAR Early Literacy Spanish,ast-graph-3,"STAR Early Literacy Spanish Student Growth Percentile(s) (Fall SY27) (counts, 10-pt bins)",Fall to Fall,60-69,5
students,Washington Elementary School,assessments,STAR Early Literacy Spanish,ast-graph-3,"STAR Early Literacy Spanish Student Growth Percentile(s) (Fall SY27) (counts, 10-pt bins)",Fall to Fall,70-79,4
students,Washington Elementary School,assessments,STAR Early Literacy Spanish,ast-graph-3,"STAR Early Literacy Spanish Student Growth Percentile(s) (Fall SY27) (counts, 10-pt bins)",Fall to Fall,80-89,12
students,Washington Elementary School,assessments,STAR Early Literacy Spanish,ast-graph-3,"STAR Early Literacy Spanish Student Growth Percentile(s) (Fall SY27) (counts, 10-pt bins)",Fall to Fall,90-99,15
students,Washington Elementary School,assessments,STAR Early Literacy Spanish,ast-graph-3,"STAR Early Literacy Spanish Student Growth Percentile(s) (Fall SY27) (counts, 10-pt bins)",Spring to Fall,0-9,9
students,Washington Elementary School,assessments,STAR Early Literacy Spanish,ast-graph-3,"STAR Early Literacy Spanish Student Growth Percentile(s) (Fall SY27) (counts, 10-pt bins)",Spring to Fall,10-19,2
students,Washington Elementary School,assessments,STAR Early Literacy Spanish,ast-graph-3,"STAR Early Literacy Spanish Student Growth Percentile(s) (Fall SY27) (counts, 10-pt bins)",Spring to Fall,20-29,4
students,Washington Elementary School,assessments,STAR Early Literacy Spanish,ast-graph-3,"STAR Early Literacy Spanish Student Growth Percentile(s) (Fall SY27) (counts, 10-pt bins)",Spring to Fall,30-39,5
students,Washington Elementary School,assessments,STAR Early Literacy Spanish,ast-graph-3,"STAR Early Literacy Spanish Student Growth Percentile(s) (Fall SY27) (counts, 10-pt bins)",Spring to Fall,40-49,1
students,Washington Elementary School,assessments,STAR Early Literacy Spanish,ast-graph-3,"STAR Early Literacy Spanish Student Growth Percentile(s) (Fall SY27) (counts, 10-pt bins)",Spring to Fall,50-59,4
students,Washington Elementary School,assessments,STAR Early Literacy Spanish,ast-graph-3,"STAR Early Literacy Spanish Student Growth Percentile(s) (Fall SY27) (counts, 10-pt bins)",Spring to Fall,60-69,7
students,Washington Elementary School,assessments,STAR Early Literacy Spanish,ast-graph-3,"STAR Early Literacy Spanish Student Growth Percentile(s) (Fall SY27) (counts, 10-pt bins)",Spring to Fall,70-79,7
students,Washington Elementary School,assessments,STAR Early Literacy Spanish,ast-graph-3,"STAR Early Literacy Spanish Student Growth Percentile(s) (Fall SY27) (counts, 10-pt bins)",Spring to Fall,80-89,13
students,Washington Elementary School,assessments,STAR Early Literacy Spanish,ast-graph-3,"STAR Early Literacy Spanish Student Growth Percentile(s) (Fall SY27) (counts, 10-pt bins)",Spring to Fall,90-99,11
students,Washington Elementary School,assessments,i-Ready Math,students-count-ast,summary counts,,Students,364
students,Washington Elementary School,assessments,i-Ready Math,ast-graph-1,i-Ready Math — Overall Relative Placement,3 or More Grade Levels Below,3 or More Grade Levels Below,19
students,Washington Elementary School,assessments,i-Ready Math,ast-graph-1,i-Ready Math — Overall Relative Placement,2 Grade Levels Below,2 Grade Levels Below,52
students,Washington Elementary School,assessments,i-Ready Math,ast-graph-1,i-Ready Math — Overall Relative Placement,1 Grade Level Below,1 Grade Level Below,207
students,Washington Elementary School,assessments,i-Ready Math,ast-graph-1,i-Ready Math — Overall Relative Placement,Early On Grade Level,Early On Grade Level,50
students,Washington Elementary School,assessments,i-Ready Math,ast-graph-1,i-Ready Math — Overall Relative Placement,Mid or Above Grade Level,Mid or Above Grade Level,36
students,Washington Elementary School,assessments,i-Ready Math,ast-graph-2,"i-Ready Math — Percentile Distribution (counts, 10-pt bins)",,0-9,21
students,Washington Elementary School,assessments,i-Ready Math,ast-graph-2,"i-Ready Math — Percentile Distribution (counts, 10-pt bins)",,10-19,34
students,Washington Elementary School,assessments,i-Ready Math,ast-graph-2,"i-Ready Math — Percentile Distribution (counts, 10-pt bins)",,20-29,43
students,Washington Elementary School,assessments,i-Ready Math,ast-graph-2,"i-Ready Math — Percentile Distribution (counts, 10-pt bins)",,30-39,31
students,Washington Elementary School,assessments,i-Ready Math,ast-graph-2,"i-Ready Math — Percentile Distribution (counts, 10-pt bins)",,40-49,37
students,Washington Elementary School,assessments,i-Ready Math,ast-graph-2,"i-Ready Math — Percentile Distribution (counts, 10-pt bins)",,50-59,23
students,Washington Elementary School,assessments,i-Ready Math,ast-graph-2,"i-Ready Math — Percentile Distribution (counts, 10-pt bins)",,60-69,28
students,Washington Elementary School,assessments,i-Ready Math,ast-graph-2,"i-Ready Math — Percentile Distribution (counts, 10-pt bins)",,70-79,48
students,Washington Elementary School,assessments,i-Ready Math,ast-graph-2,"i-Ready Math — Percentile Distribution (counts, 10-pt bins)",,80-89,48
students,Washington Elementary School,assessments,i-Ready Math,ast-graph-2,"i-Ready Math — Percentile Distribution (counts, 10-pt bins)",,90-99,51
students,Washington Elementary School,assessments,i-Ready Math,ast-graph-3,"i-Ready Math — Percent Progress to Annual Typical Growth (counts, 10-pt bins)",,0-9,364
students,Willard Elementary School,home,,home-iep,IEP Status,,Has IEP,30
students,Willard Elementary School,home,,home-iep,IEP Status,,No IEP,242
students,Willard Elementary School,home,,home-lep,EL Status,,EL,12
students,Willard Elementary School,home,,home-lep,EL Status,,Not EL,260
students,Willard Elementary School,home,,home-race,Race/Ethnicity,,Black or African American,15
students,Willard Elementary School,home,,home-race,Race/Ethnicity,,Hispanic or Latino,34
students,Willard Elementary School,home,,home-race,Race/Ethnicity,,Multi-racial,23
students,Willard Elementary School,home,,home-race,Race/Ethnicity,,White,196
students,Willard Elementary School,home,,home-race,Race/Ethnicity,,Other*,4
students,Willard Elementary School,home,,home-incidents,Incidents - SY27,,LVL1,64
students,Willard Elementary School,home,,home-incidents,Incidents - SY27,,LVL2,15
students,Willard Elementary School,home,,home-incidents,Incidents - SY27,,LVL3,19
students,Willard Elementary School,home,,home-grade,Grade Level,,0,40
students,Willard Elementary School,home,,home-grade,Grade Level,,1,43
students,Willard Elementary School,home,,home-grade,Grade Level,,2,43
students,Willard Elementary School,home,,home-grade,Grade Level,,3,53
students,Willard Elementary School,home,,home-grade,Grade Level,,4,46
students,Willard Elementary School,home,,home-grade,Grade Level,,5,47
students,Willard Elementary School,home,,home-ada,ADA,,value,97.03
students,Willard Elementary School,home,,home-enrollment,Enrollment,,value,272
students,Willard Elementary School,attendance,,students-count-att,summary counts,,Students,272
students,Willard Elementary School,attendance,,students-count-att,summary counts,,IEP,30
students,Willard Elementary School,attendance,,students-count-att,summary counts,,EL,12
students,Willard Elementary School,attendance,,att-ada,ADA,,value,97.03
students,Willard Elementary School,attendance,,att-cron-abs,Chronic Absenteeism (%),,value,8.46
students,Willard Elementary School,attendance,,att-distribution,"Attendance Rate Distribution (counts, 10-pt bins)",,60-69,2
students,Willard Elementary School,attendance,,att-distribution,"Attendance Rate Distribution (counts, 10-pt bins)",,70-79,2
students,Willard Elementary School,attendance,,att-distribution,"Attendance Rate Distribution (counts, 10-pt bins)",,80-89,19
students,Willard Elementary School,attendance,,att-distribution,"Attendance Rate Distribution (counts, 10-pt bins)",,90-99,78
students,Willard Elementary School,attendance,,att-distribution,"Attendance Rate Distribution (counts, 10-pt bins)",,100+,171
students,Willard Elementary School,discipline,,students-count-discipline,summary counts,,Incidents,98
students,Willard Elementary School,discipline,,students-count-discipline,summary counts,,Students,14
students,Willard Elementary School,discipline,,students-count-discipline,summary counts,,Minor Incidents,79
students,Willard Elementary School,discipline,,students-count-discipline,summary counts,,Major Incidents,19
students,Willard Elementary School,discipline,,school,Incidents by School,,Willard Elementary School,98
students,Willard Elementary School,discipline,,lvl,Incident Types,,LVL1,64
students,Willard Elementary School,discipline,,lvl,Incident Types,,LVL2,15
students,Willard Elementary School,discipline,,lvl,Incident Types,,LVL3,19
students,Willard Elementary School,discipline,,months,Incidents by Month,,August,8
students,Willard Elementary School,discipline,,months,Incidents by Month,,September,90
students,Willard Elementary School,discipline,,race,Incidents by Race/Ethnicity,,Asian,1
students,Willard Elementary School,discipline,,race,Incidents by Race/Ethnicity,,Black or African American,6
students,Willard Elementary School,discipline,,race,Incidents by Race/Ethnicity,,Hispanic or Latino,9
students,Willard Elementary School,discipline,,race,Incidents by Race/Ethnicity,,Multi-racial,25
students,Willard Elementary School,discipline,,race,Incidents by Race/Ethnicity,,White,57
students,Willard Elementary School,discipline,,grade,Incidents by Grade,,0,28
students,Willard Elementary School,discipline,,grade,Incidents by Grade,,1,51
students,Willard Elementary School,discipline,,grade,Incidents by Grade,,2,5
students,Willard Elementary School,discipline,,grade,Incidents by Grade,,3,12
students,Willard Elementary School,discipline,,grade,Incidents by Grade,,5,2
students,Willard Elementary School,assessments,STAR Reading,students-count-ast,summary counts,,Students,145
students,Willard Elementary School,assessments,STAR Reading,ast-graph-1,STAR Reading Benchmark Category (Fall SY27),Urgent Intervention,Urgent Intervention,5
students,Willard Elementary School,assessments,STAR Reading,ast-graph-1,STAR Reading Benchmark Category (Fall SY27),Intervention,Intervention,6
students,Willard Elementary School,assessments,STAR Reading,ast-graph-1,STAR Reading Benchmark Category (Fall SY27),Approaching Benchmark,Approaching Benchmark,47
students,Willard Elementary School,assessments,STAR Reading,ast-graph-1,STAR Reading Benchmark Category (Fall SY27),At Benchmark,At Benchmark,68
students,Willard Elementary School,assessments,STAR Reading,ast-graph-1,STAR Reading Benchmark Category (Fall SY27),Above Benchmark,Above Benchmark,19
students,Willard Elementary School,assessments,STAR Reading,ast-graph-2,"STAR Reading Percentile Rank Distribution (Fall SY27) (counts, 10-pt bins)",,0-9,5
students,Willard Elementary School,assessments,STAR Reading,ast-graph-2,"STAR Reading Percentile Rank Distribution (Fall SY27) (counts, 10-pt bins)",,10-19,4
students,Willard Elementary School,assessments,STAR Reading,ast-graph-2,"STAR Reading Percentile Rank Distribution (Fall SY27) (counts, 10-pt bins)",,20-29,8
students,Willard Elementary School,assessments,STAR Reading,ast-graph-2,"STAR Reading Percentile Rank Distribution (Fall SY27) (counts, 10-pt bins)",,30-39,10
students,Willard Elementary School,assessments,STAR Reading,ast-graph-2,"STAR Reading Percentile Rank Distribution (Fall SY27) (counts, 10-pt bins)",,40-49,12
students,Willard Elementary School,assessments,STAR Reading,ast-graph-2,"STAR Reading Percentile Rank Distribution (Fall SY27) (counts, 10-pt bins)",,50-59,13
students,Willard Elementary School,assessments,STAR Reading,ast-graph-2,"STAR Reading Percentile Rank Distribution (Fall SY27) (counts, 10-pt bins)",,60-69,11
students,Willard Elementary School,assessments,STAR Reading,ast-graph-2,"STAR Reading Percentile Rank Distribution (Fall SY27) (counts, 10-pt bins)",,70-79,18
students,Willard Elementary School,assessments,STAR Reading,ast-graph-2,"STAR Reading Percentile Rank Distribution (Fall SY27) (counts, 10-pt bins)",,80-89,25
students,Willard Elementary School,assessments,STAR Reading,ast-graph-2,"STAR Reading Percentile Rank Distribution (Fall SY27) (counts, 10-pt bins)",,90-99,39
students,Willard Elementary School,assessments,STAR Reading,ast-graph-3,"STAR Reading Student Growth Percentile(s) (Fall SY27) (counts, 10-pt bins)",Fall to Fall,0-9,12
students,Willard Elementary School,assessments,STAR Reading,ast-graph-3,"STAR Reading Student Growth Percentile(s) (Fall SY27) (counts, 10-pt bins)",Fall to Fall,10-19,11
students,Willard Elementary School,assessments,STAR Reading,ast-graph-3,"STAR Reading Student Growth Percentile(s) (Fall SY27) (counts, 10-pt bins)",Fall to Fall,20-29,5
students,Willard Elementary School,assessments,STAR Reading,ast-graph-3,"STAR Reading Student Growth Percentile(s) (Fall SY27) (counts, 10-pt bins)",Fall to Fall,30-39,7
students,Willard Elementary School,assessments,STAR Reading,ast-graph-3,"STAR Reading Student Growth Percentile(s) (Fall SY27) (counts, 10-pt bins)",Fall to Fall,40-49,17
students,Willard Elementary School,assessments,STAR Reading,ast-graph-3,"STAR Reading Student Growth Percentile(s) (Fall SY27) (counts, 10-pt bins)",Fall to Fall,50-59,9
students,Willard Elementary School,assessments,STAR Reading,ast-graph-3,"STAR Reading Student Growth Percentile(s) (Fall SY27) (counts, 10-pt bins)",Fall to Fall,60-69,16
students,Willard Elementary School,assessments,STAR Reading,ast-graph-3,"STAR Reading Student Growth Percentile(s) (Fall SY27) (counts, 10-pt bins)",Fall to Fall,70-79,24
students,Willard Elementary School,assessments,STAR Reading,ast-graph-3,"STAR Reading Student Growth Percentile(s) (Fall SY27) (counts, 10-pt bins)",Fall to Fall,80-89,16
students,Willard Elementary School,assessments,STAR Reading,ast-graph-3,"STAR Reading Student Growth Percentile(s) (Fall SY27) (counts, 10-pt bins)",Fall to Fall,90-99,19
students,Willard Elementary School,assessments,STAR Reading,ast-graph-3,"STAR Reading Student Growth Percentile(s) (Fall SY27) (counts, 10-pt bins)",Spring to Fall,0-9,13
students,Willard Elementary School,assessments,STAR Reading,ast-graph-3,"STAR Reading Student Growth Percentile(s) (Fall SY27) (counts, 10-pt bins)",Spring to Fall,10-19,13
students,Willard Elementary School,assessments,STAR Reading,ast-graph-3,"STAR Reading Student Growth Percentile(s) (Fall SY27) (counts, 10-pt bins)",Spring to Fall,20-29,11
students,Willard Elementary School,assessments,STAR Reading,ast-graph-3,"STAR Reading Student Growth Percentile(s) (Fall SY27) (counts, 10-pt bins)",Spring to Fall,30-39,17
students,Willard Elementary School,assessments,STAR Reading,ast-graph-3,"STAR Reading Student Growth Percentile(s) (Fall SY27) (counts, 10-pt bins)",Spring to Fall,40-49,10
students,Willard Elementary School,assessments,STAR Reading,ast-graph-3,"STAR Reading Student Growth Percentile(s) (Fall SY27) (counts, 10-pt bins)",Spring to Fall,50-59,13
students,Willard Elementary School,assessments,STAR Reading,ast-graph-3,"STAR Reading Student Growth Percentile(s) (Fall SY27) (counts, 10-pt bins)",Spring to Fall,60-69,15
students,Willard Elementary School,assessments,STAR Reading,ast-graph-3,"STAR Reading Student Growth Percentile(s) (Fall SY27) (counts, 10-pt bins)",Spring to Fall,70-79,14
students,Willard Elementary School,assessments,STAR Reading,ast-graph-3,"STAR Reading Student Growth Percentile(s) (Fall SY27) (counts, 10-pt bins)",Spring to Fall,80-89,13
students,Willard Elementary School,assessments,STAR Reading,ast-graph-3,"STAR Reading Student Growth Percentile(s) (Fall SY27) (counts, 10-pt bins)",Spring to Fall,90-99,18
students,Willard Elementary School,assessments,STAR Early Literacy,students-count-ast,summary counts,,Students,126
students,Willard Elementary School,assessments,STAR Early Literacy,ast-graph-1,STAR Early Literacy Benchmark Category (Fall SY27),Urgent Intervention,Urgent Intervention,4
students,Willard Elementary School,assessments,STAR Early Literacy,ast-graph-1,STAR Early Literacy Benchmark Category (Fall SY27),Intervention,Intervention,5
students,Willard Elementary School,assessments,STAR Early Literacy,ast-graph-1,STAR Early Literacy Benchmark Category (Fall SY27),Approaching Benchmark,Approaching Benchmark,38
students,Willard Elementary School,assessments,STAR Early Literacy,ast-graph-1,STAR Early Literacy Benchmark Category (Fall SY27),At Benchmark,At Benchmark,65
students,Willard Elementary School,assessments,STAR Early Literacy,ast-graph-1,STAR Early Literacy Benchmark Category (Fall SY27),Above Benchmark,Above Benchmark,14
students,Willard Elementary School,assessments,STAR Early Literacy,ast-graph-2,"STAR Early Literacy Percentile Rank Distribution (Fall SY27) (counts, 10-pt bins)",,0-9,3
students,Willard Elementary School,assessments,STAR Early Literacy,ast-graph-2,"STAR Early Literacy Percentile Rank Distribution (Fall SY27) (counts, 10-pt bins)",,10-19,2
students,Willard Elementary School,assessments,STAR Early Literacy,ast-graph-2,"STAR Early Literacy Percentile Rank Distribution (Fall SY27) (counts, 10-pt bins)",,20-29,8
students,Willard Elementary School,assessments,STAR Early Literacy,ast-graph-2,"STAR Early Literacy Percentile Rank Distribution (Fall SY27) (counts, 10-pt bins)",,30-39,4
students,Willard Elementary School,assessments,STAR Early Literacy,ast-graph-2,"STAR Early Literacy Percentile Rank Distribution (Fall SY27) (counts, 10-pt bins)",,40-49,8
students,Willard Elementary School,assessments,STAR Early Literacy,ast-graph-2,"STAR Early Literacy Percentile Rank Distribution (Fall SY27) (counts, 10-pt bins)",,50-59,12
students,Willard Elementary School,assessments,STAR Early Literacy,ast-graph-2,"STAR Early Literacy Percentile Rank Distribution (Fall SY27) (counts, 10-pt bins)",,60-69,15
students,Willard Elementary School,assessments,STAR Early Literacy,ast-graph-2,"STAR Early Literacy Percentile Rank Distribution (Fall SY27) (counts, 10-pt bins)",,70-79,19
students,Willard Elementary School,assessments,STAR Early Literacy,ast-graph-2,"STAR Early Literacy Percentile Rank Distribution (Fall SY27) (counts, 10-pt bins)",,80-89,21
students,Willard Elementary School,assessments,STAR Early Literacy,ast-graph-2,"STAR Early Literacy Percentile Rank Distribution (Fall SY27) (counts, 10-pt bins)",,90-99,34
students,Willard Elementary School,assessments,STAR Early Literacy,ast-graph-3,"STAR Early Literacy Student Growth Percentile(s) (Fall SY27) (counts, 10-pt bins)",Fall to Fall,0-9,3
students,Willard Elementary School,assessments,STAR Early Literacy,ast-graph-3,"STAR Early Literacy Student Growth Percentile(s) (Fall SY27) (counts, 10-pt bins)",Fall to Fall,10-19,4
students,Willard Elementary School,assessments,STAR Early Literacy,ast-graph-3,"STAR Early Literacy Student Growth Percentile(s) (Fall SY27) (counts, 10-pt bins)",Fall to Fall,20-29,4
students,Willard Elementary School,assessments,STAR Early Literacy,ast-graph-3,"STAR Early Literacy Student Growth Percentile(s) (Fall SY27) (counts, 10-pt bins)",Fall to Fall,30-39,2
students,Willard Elementary School,assessments,STAR Early Literacy,ast-graph-3,"STAR Early Literacy Student Growth Percentile(s) (Fall SY27) (counts, 10-pt bins)",Fall to Fall,40-49,6
students,Willard Elementary School,assessments,STAR Early Literacy,ast-graph-3,"STAR Early Literacy Student Growth Percentile(s) (Fall SY27) (counts, 10-pt bins)",Fall to Fall,50-59,8
students,Willard Elementary School,assessments,STAR Early Literacy,ast-graph-3,"STAR Early Literacy Student Growth Percentile(s) (Fall SY27) (counts, 10-pt bins)",Fall to Fall,60-69,10
students,Willard Elementary School,assessments,STAR Early Literacy,ast-graph-3,"STAR Early Literacy Student Growth Percentile(s) (Fall SY27) (counts, 10-pt bins)",Fall to Fall,70-79,10
students,Willard Elementary School,assessments,STAR Early Literacy,ast-graph-3,"STAR Early Literacy Student Growth Percentile(s) (Fall SY27) (counts, 10-pt bins)",Fall to Fall,80-89,9
students,Willard Elementary School,assessments,STAR Early Literacy,ast-graph-3,"STAR Early Literacy Student Growth Percentile(s) (Fall SY27) (counts, 10-pt bins)",Fall to Fall,90-99,26
students,Willard Elementary School,assessments,STAR Early Literacy,ast-graph-3,"STAR Early Literacy Student Growth Percentile(s) (Fall SY27) (counts, 10-pt bins)",Spring to Fall,0-9,1
students,Willard Elementary School,assessments,STAR Early Literacy,ast-graph-3,"STAR Early Literacy Student Growth Percentile(s) (Fall SY27) (counts, 10-pt bins)",Spring to Fall,10-19,8
students,Willard Elementary School,assessments,STAR Early Literacy,ast-graph-3,"STAR Early Literacy Student Growth Percentile(s) (Fall SY27) (counts, 10-pt bins)",Spring to Fall,20-29,9
students,Willard Elementary School,assessments,STAR Early Literacy,ast-graph-3,"STAR Early Literacy Student Growth Percentile(s) (Fall SY27) (counts, 10-pt bins)",Spring to Fall,30-39,8
students,Willard Elementary School,assessments,STAR Early Literacy,ast-graph-3,"STAR Early Literacy Student Growth Percentile(s) (Fall SY27) (counts, 10-pt bins)",Spring to Fall,40-49,1
students,Willard Elementary School,assessments,STAR Early Literacy,ast-graph-3,"STAR Early Literacy Student Growth Percentile(s) (Fall SY27) (counts, 10-pt bins)",Spring to Fall,50-59,6
students,Willard Elementary School,assessments,STAR Early Literacy,ast-graph-3,"STAR Early Literacy Student Growth Percentile(s) (Fall SY27) (counts, 10-pt bins)",Spring to Fall,60-69,10
students,Willard Elementary School,assessments,STAR Early Literacy,ast-graph-3,"STAR Early Literacy Student Growth Percentile(s) (Fall SY27) (counts, 10-pt bins)",Spring to Fall,70-79,8
students,Willard Elementary School,assessments,STAR Early Literacy,ast-graph-3,"STAR Early Literacy Student Growth Percentile(s) (Fall SY27) (counts, 10-pt bins)",Spring to Fall,80-89,9
students,Willard Elementary School,assessments,STAR Early Literacy,ast-graph-3,"STAR Early Literacy Student Growth Percentile(s) (Fall SY27) (counts, 10-pt bins)",Spring to Fall,90-99,21
students,Willard Elementary School,assessments,i-Ready Math,students-count-ast,summary counts,,Students,272
students,Willard Elementary School,assessments,i-Ready Math,ast-graph-1,i-Ready Math — Overall Relative Placement,3 or More Grade Levels Below,3 or More Grade Levels Below,5
students,Willard Elementary School,assessments,i-Ready Math,ast-graph-1,i-Ready Math — Overall Relative Placement,2 Grade Levels Below,2 Grade Levels Below,15
students,Willard Elementary School,assessments,i-Ready Math,ast-graph-1,i-Ready Math — Overall Relative Placement,1 Grade Level Below,1 Grade Level Below,149
students,Willard Elementary School,assessments,i-Ready Math,ast-graph-1,i-Ready Math — Overall Relative Placement,Early On Grade Level,Early On Grade Level,49
students,Willard Elementary School,assessments,i-Ready Math,ast-graph-1,i-Ready Math — Overall Relative Placement,Mid or Above Grade Level,Mid or Above Grade Level,54
students,Willard Elementary School,assessments,i-Ready Math,ast-graph-2,"i-Ready Math — Percentile Distribution (counts, 10-pt bins)",,0-9,3
students,Willard Elementary School,assessments,i-Ready Math,ast-graph-2,"i-Ready Math — Percentile Distribution (counts, 10-pt bins)",,10-19,9
students,Willard Elementary School,assessments,i-Ready Math,ast-graph-2,"i-Ready Math — Percentile Distribution (counts, 10-pt bins)",,20-29,12
students,Willard Elementary School,assessments,i-Ready Math,ast-graph-2,"i-Ready Math — Percentile Distribution (counts, 10-pt bins)",,30-39,13
students,Willard Elementary School,assessments,i-Ready Math,ast-graph-2,"i-Ready Math — Percentile Distribution (counts, 10-pt bins)",,40-49,19
students,Willard Elementary School,assessments,i-Ready Math,ast-graph-2,"i-Ready Math — Percentile Distribution (counts, 10-pt bins)",,50-59,25
students,Willard Elementary School,assessments,i-Ready Math,ast-graph-2,"i-Ready Math — Percentile Distribution (counts, 10-pt bins)",,60-69,40
students,Willard Elementary School,assessments,i-Ready Math,ast-graph-2,"i-Ready Math — Percentile Distribution (counts, 10-pt bins)",,70-79,33
students,Willard Elementary School,assessments,i-Ready Math,ast-graph-2,"i-Ready Math — Percentile Distribution (counts, 10-pt bins)",,80-89,43
students,Willard Elementary School,assessments,i-Ready Math,ast-graph-2,"i-Ready Math — Percentile Distribution (counts, 10-pt bins)",,90-99,75
students,Willard Elementary School,assessments,i-Ready Math,ast-graph-3,"i-Ready Math — Percent Progress to Annual Typical Growth (counts, 10-pt bins)",,0-9,272
energy,All,utility-usage,,global-use,Annual Utility Usage,Electric,2018,17046
energy,All,utility-usage,,global-use,Annual Utility Usage,Electric,2019,17065
energy,All,utility-usage,,global-use,Annual Utility Usage,Electric,2020,12688
energy,All,utility-usage,,global-use,Annual Utility Usage,Electric,2021,16421
energy,All,utility-usage,,global-use,Annual Utility Usage,Electric,2022,16754
energy,All,utility-usage,,global-use,Annual Utility Usage,Electric,2023,14020
energy,All,utility-usage,,global-use,Annual Utility Usage,Electric,2024,13167
energy,All,utility-usage,,global-use,Annual Utility Usage,Electric,2025,12991
energy,All,utility-usage,,global-use,Annual Utility Usage,Electric,2026,7699
energy,All,utility-usage,,global-use,Annual Utility Usage,Natural Gas,2018,48493
energy,All,utility-usage,,global-use,Annual Utility Usage,Natural Gas,2019,50329
energy,All,utility-usage,,global-use,Annual Utility Usage,Natural Gas,2020,42191
energy,All,utility-usage,,global-use,Annual Utility Usage,Natural Gas,2021,45943
energy,All,utility-usage,,global-use,Annual Utility Usage,Natural Gas,2022,52811
energy,All,utility-usage,,global-use,Annual Utility Usage,Natural Gas,2023,42560
energy,All,utility-usage,,global-use,Annual Utility Usage,Natural Gas,2024,40302
energy,All,utility-usage,,global-use,Annual Utility Usage,Natural Gas,2025,48245
energy,All,utility-usage,,global-use,Annual Utility Usage,Natural Gas,2026,28996
energy,All,utility-usage,,ghg,Annual Carbon Emissions,Scope 1,2018,3098
energy,All,utility-usage,,ghg,Annual Carbon Emissions,Scope 1,2019,3477
energy,All,utility-usage,,ghg,Annual Carbon Emissions,Scope 1,2020,2874
energy,All,utility-usage,,ghg,Annual Carbon Emissions,Scope 1,2021,3120
energy,All,utility-usage,,ghg,Annual Carbon Emissions,Scope 1,2022,3618
energy,All,utility-usage,,ghg,Annual Carbon Emissions,Scope 1,2023,2912
energy,All,utility-usage,,ghg,Annual Carbon Emissions,Scope 1,2024,2779
energy,All,utility-usage,,ghg,Annual Carbon Emissions,Scope 1,2025,3288
energy,All,utility-usage,,ghg,Annual Carbon Emissions,Scope 1,2026,1945
energy,All,utility-usage,,ghg,Annual Carbon Emissions,Scope 2,2018,3911
energy,All,utility-usage,,ghg,Annual Carbon Emissions,Scope 2,2019,3694
energy,All,utility-usage,,ghg,Annual Carbon Emissions,Scope 2,2020,2559
energy,All,utility-usage,,ghg,Annual Carbon Emissions,Scope 2,2021,3411
energy,All,utility-usage,,ghg,Annual Carbon Emissions,Scope 2,2022,3365
energy,All,utility-usage,,ghg,Annual Carbon Emissions,Scope 2,2023,2565
energy,All,utility-usage,,ghg,Annual Carbon Emissions,Scope 2,2024,2457
energy,All,utility-usage,,ghg,Annual Carbon Emissions,Scope 2,2025,2424
energy,All,utility-usage,,ghg,Annual Carbon Emissions,Scope 2,2026,1454
energy,All,utility-usage,,global-use-school,Building Energy Use Intensity (EUI),2024,Chute,42
energy,All,utility-usage,,global-use-school,Building Energy Use Intensity (EUI),2024,Dawes,57
energy,All,utility-usage,,global-use-school,Building Energy Use Intensity (EUI),2024,Dewey,55
energy,All,utility-usage,,global-use-school,Building Energy Use Intensity (EUI),2024,Haven,37
energy,All,utility-usage,,global-use-school,Building Energy Use Intensity (EUI),2024,Kingsley,51
energy,All,utility-usage,,global-use-school,Building Energy Use Intensity (EUI),2024,Lincoln,50
energy,All,utility-usage,,global-use-school,Building Energy Use Intensity (EUI),2024,Lincolnwood,47
energy,All,utility-usage,,global-use-school,Building Energy Use Intensity (EUI),2024,Nichols,43
energy,All,utility-usage,,global-use-school,Building Energy Use Intensity (EUI),2024,Oakton,39
energy,All,utility-usage,,global-use-school,Building Energy Use Intensity (EUI),2024,Orrington,48
energy,All,utility-usage,,global-use-school,Building Energy Use Intensity (EUI),2024,Park,51
energy,All,utility-usage,,global-use-school,Building Energy Use Intensity (EUI),2024,Walker,56
energy,All,utility-usage,,global-use-school,Building Energy Use Intensity (EUI),2024,Warehouse,85
energy,All,utility-usage,,global-use-school,Building Energy Use Intensity (EUI),2024,Washington,69
energy,All,utility-usage,,global-use-school,Building Energy Use Intensity (EUI),2024,Willard,57
energy,All,utility-usage,,global-use-school,Building Energy Use Intensity (EUI),2025,Chute,48
energy,All,utility-usage,,global-use-school,Building Energy Use Intensity (EUI),2025,Dawes,64
energy,All,utility-usage,,global-use-school,Building Energy Use Intensity (EUI),2025,Dewey,62
energy,All,utility-usage,,global-use-school,Building Energy Use Intensity (EUI),2025,Haven,45
energy,All,utility-usage,,global-use-school,Building Energy Use Intensity (EUI),2025,Kingsley,61
energy,All,utility-usage,,global-use-school,Building Energy Use Intensity (EUI),2025,Lincoln,55
energy,All,utility-usage,,global-use-school,Building Energy Use Intensity (EUI),2025,Lincolnwood,53
energy,All,utility-usage,,global-use-school,Building Energy Use Intensity (EUI),2025,Nichols,48
energy,All,utility-usage,,global-use-school,Building Energy Use Intensity (EUI),2025,Oakton,46
energy,All,utility-usage,,global-use-school,Building Energy Use Intensity (EUI),2025,Orrington,55
energy,All,utility-usage,,global-use-school,Building Energy Use Intensity (EUI),2025,Park,60
energy,All,utility-usage,,global-use-school,Building Energy Use Intensity (EUI),2025,Walker,63
energy,All,utility-usage,,global-use-school,Building Energy Use Intensity (EUI),2025,Warehouse,100
energy,All,utility-usage,,global-use-school,Building Energy Use Intensity (EUI),2025,Washington,78
energy,All,utility-usage,,global-use-school,Building Energy Use Intensity (EUI),2025,Willard,60
energy,All,utility-usage,,global-use-school,Building Energy Use Intensity (EUI),2026,Chute,30
energy,All,utility-usage,,global-use-school,Building Energy Use Intensity (EUI),2026,Dawes,37
energy,All,utility-usage,,global-use-school,Building Energy Use Intensity (EUI),2026,Dewey,40
energy,All,utility-usage,,global-use-school,Building Energy Use Intensity (EUI),2026,Haven,25
energy,All,utility-usage,,global-use-school,Building Energy Use Intensity (EUI),2026,Kingsley,37
energy,All,utility-usage,,global-use-school,Building Energy Use Intensity (EUI),2026,Lincoln,32
energy,All,utility-usage,,global-use-school,Building Energy Use Intensity (EUI),2026,Lincolnwood,32
energy,All,utility-usage,,global-use-school,Building Energy Use Intensity (EUI),2026,Nichols,27
energy,All,utility-usage,,global-use-school,Building Energy Use Intensity (EUI),2026,Oakton,27
energy,All,utility-usage,,global-use-school,Building Energy Use Intensity (EUI),2026,Orrington,34
energy,All,utility-usage,,global-use-school,Building Energy Use Intensity (EUI),2026,Park,35
energy,All,utility-usage,,global-use-school,Building Energy Use Intensity (EUI),2026,Walker,38
energy,All,utility-usage,,global-use-school,Building Energy Use Intensity (EUI),2026,Warehouse,56
energy,All,utility-usage,,global-use-school,Building Energy Use Intensity (EUI),2026,Washington,50
energy,All,utility-usage,,global-use-school,Building Energy Use Intensity (EUI),2026,Willard,37
energy,All,utility-usage,,ghg-school,Building Carbon Emissions,2024,Chute,252
energy,All,utility-usage,,ghg-school,Building Carbon Emissions,2024,Dawes,228
energy,All,utility-usage,,ghg-school,Building Carbon Emissions,2024,Dewey,257
energy,All,utility-usage,,ghg-school,Building Carbon Emissions,2024,Haven,379
energy,All,utility-usage,,ghg-school,Building Carbon Emissions,2024,Kingsley,212
energy,All,utility-usage,,ghg-school,Building Carbon Emissions,2024,Lincoln,268
energy,All,utility-usage,,ghg-school,Building Carbon Emissions,2024,Lincolnwood,197
energy,All,utility-usage,,ghg-school,Building Carbon Emissions,2024,Nichols,317
energy,All,utility-usage,,ghg-school,Building Carbon Emissions,2024,Oakton,266
energy,All,utility-usage,,ghg-school,Building Carbon Emissions,2024,Orrington,165
energy,All,utility-usage,,ghg-school,Building Carbon Emissions,2024,Park,138
energy,All,utility-usage,,ghg-school,Building Carbon Emissions,2024,Walker,201
energy,All,utility-usage,,ghg-school,Building Carbon Emissions,2024,Warehouse,238
energy,All,utility-usage,,ghg-school,Building Carbon Emissions,2024,Washington,371
energy,All,utility-usage,,ghg-school,Building Carbon Emissions,2024,Willard,257
energy,All,utility-usage,,ghg-school,Building Carbon Emissions,2025,Chute,289
energy,All,utility-usage,,ghg-school,Building Carbon Emissions,2025,Dawes,248
energy,All,utility-usage,,ghg-school,Building Carbon Emissions,2025,Dewey,285
energy,All,utility-usage,,ghg-school,Building Carbon Emissions,2025,Haven,432
energy,All,utility-usage,,ghg-school,Building Carbon Emissions,2025,Kingsley,246
energy,All,utility-usage,,ghg-school,Building Carbon Emissions,2025,Lincoln,286
energy,All,utility-usage,,ghg-school,Building Carbon Emissions,2025,Lincolnwood,218
energy,All,utility-usage,,ghg-school,Building Carbon Emissions,2025,Nichols,340
energy,All,utility-usage,,ghg-school,Building Carbon Emissions,2025,Oakton,302
energy,All,utility-usage,,ghg-school,Building Carbon Emissions,2025,Orrington,184
energy,All,utility-usage,,ghg-school,Building Carbon Emissions,2025,Park,158
energy,All,utility-usage,,ghg-school,Building Carbon Emissions,2025,Walker,209
energy,All,utility-usage,,ghg-school,Building Carbon Emissions,2025,Warehouse,274
energy,All,utility-usage,,ghg-school,Building Carbon Emissions,2025,Washington,408
energy,All,utility-usage,,ghg-school,Building Carbon Emissions,2025,Willard,260
energy,All,utility-usage,,ghg-school,Building Carbon Emissions,2026,Chute,178
energy,All,utility-usage,,ghg-school,Building Carbon Emissions,2026,Dawes,145
energy,All,utility-usage,,ghg-school,Building Carbon Emissions,2026,Dewey,183
energy,All,utility-usage,,ghg-school,Building Carbon Emissions,2026,Haven,246
energy,All,utility-usage,,ghg-school,Building Carbon Emissions,2026,Kingsley,143
energy,All,utility-usage,,ghg-school,Building Carbon Emissions,2026,Lincoln,168
energy,All,utility-usage,,ghg-school,Building Carbon Emissions,2026,Lincolnwood,132
energy,All,utility-usage,,ghg-school,Building Carbon Emissions,2026,Nichols,196
energy,All,utility-usage,,ghg-school,Building Carbon Emissions,2026,Oakton,178
energy,All,utility-usage,,ghg-school,Building Carbon Emissions,2026,Orrington,109
energy,All,utility-usage,,ghg-school,Building Carbon Emissions,2026,Park,90
energy,All,utility-usage,,ghg-school,Building Carbon Emissions,2026,Walker,135
energy,All,utility-usage,,ghg-school,Building Carbon Emissions,2026,Warehouse,153
energy,All,utility-usage,,ghg-school,Building Carbon Emissions,2026,Washington,256
energy,All,utility-usage,,ghg-school,Building Carbon Emissions,2026,Willard,162
energy,All,utility-usage,,cost,"Annual Cost (Electric, Natural Gas, Water)",directCost,2018,822627.9049
energy,All,utility-usage,,cost,"Annual Cost (Electric, Natural Gas, Water)",directCost,2019,856603.1894
energy,All,utility-usage,,cost,"Annual Cost (Electric, Natural Gas, Water)",directCost,2020,660710.4189
energy,All,utility-usage,,cost,"Annual Cost (Electric, Natural Gas, Water)",directCost,2021,755717.1378
energy,All,utility-usage,,cost,"Annual Cost (Electric, Natural Gas, Water)",directCost,2022,818640.6027
energy,All,utility-usage,,cost,"Annual Cost (Electric, Natural Gas, Water)",directCost,2023,791621.9335
energy,All,utility-usage,,cost,"Annual Cost (Electric, Natural Gas, Water)",directCost,2024,835388.7711
energy,All,utility-usage,,cost,"Annual Cost (Electric, Natural Gas, Water)",directCost,2025,938234.3997
energy,All,utility-usage,,cost,"Annual Cost (Electric, Natural Gas, Water)",directCost,2026,582529.6365
energy,All,utility-usage,,eui,Annual Building Energy Use Intensity (EUI),,2018,55.71565734496392
energy,All,utility-usage,,eui,Annual Building Energy Use Intensity (EUI),,2019,62.61612004913124
energy,All,utility-usage,,eui,Annual Building Energy Use Intensity (EUI),,2020,50.98881485755379
energy,All,utility-usage,,eui,Annual Building Energy Use Intensity (EUI),,2021,57.942740653404584
energy,All,utility-usage,,eui,Annual Building Energy Use Intensity (EUI),,2022,64.6333597227913
energy,All,utility-usage,,eui,Annual Building Energy Use Intensity (EUI),,2023,52.56877454633973
energy,All,utility-usage,,eui,Annual Building Energy Use Intensity (EUI),,2024,49.67838259371681
energy,All,utility-usage,,eui,Annual Building Energy Use Intensity (EUI),,2025,56.89471501652419
energy,All,utility-usage,,eui,Annual Building Energy Use Intensity (EUI),,2026,34.09402627610678
energy,All,utility-usage,,cost-savings,Utility SavingsMoney saved by using less energy and water(2026 vs. 2018 usage at today's rates)Jan – Aug 2026 vs. same period 2018,,value,169787.6642012454
energy,All,utility-usage,,cost-savings-school,Utility Savings per Sq Ft (2026 vs. 2018 usage at today's rates),,Chute,0.04
energy,All,utility-usage,,cost-savings-school,Utility Savings per Sq Ft (2026 vs. 2018 usage at today's rates),,Dawes,0.16
energy,All,utility-usage,,cost-savings-school,Utility Savings per Sq Ft (2026 vs. 2018 usage at today's rates),,Dewey,0.16
energy,All,utility-usage,,cost-savings-school,Utility Savings per Sq Ft (2026 vs. 2018 usage at today's rates),,Haven,0.16
energy,All,utility-usage,,cost-savings-school,Utility Savings per Sq Ft (2026 vs. 2018 usage at today's rates),,King Arts,NaN
energy,All,utility-usage,,cost-savings-school,Utility Savings per Sq Ft (2026 vs. 2018 usage at today's rates),,Kingsley,0.13
energy,All,utility-usage,,cost-savings-school,Utility Savings per Sq Ft (2026 vs. 2018 usage at today's rates),,Lincoln,0.3
energy,All,utility-usage,,cost-savings-school,Utility Savings per Sq Ft (2026 vs. 2018 usage at today's rates),,Lincolnwood,0.04
energy,All,utility-usage,,cost-savings-school,Utility Savings per Sq Ft (2026 vs. 2018 usage at today's rates),,Nichols,0.21
energy,All,utility-usage,,cost-savings-school,Utility Savings per Sq Ft (2026 vs. 2018 usage at today's rates),,Oakton,0.17
energy,All,utility-usage,,cost-savings-school,Utility Savings per Sq Ft (2026 vs. 2018 usage at today's rates),,Orrington,0.19
energy,All,utility-usage,,cost-savings-school,Utility Savings per Sq Ft (2026 vs. 2018 usage at today's rates),,Park,0.33
energy,All,utility-usage,,cost-savings-school,Utility Savings per Sq Ft (2026 vs. 2018 usage at today's rates),,Walker,0.19
energy,All,utility-usage,,cost-savings-school,Utility Savings per Sq Ft (2026 vs. 2018 usage at today's rates),,Warehouse,-0.02
energy,All,utility-usage,,cost-savings-school,Utility Savings per Sq Ft (2026 vs. 2018 usage at today's rates),,Washington,0.16
energy,All,utility-usage,,cost-savings-school,Utility Savings per Sq Ft (2026 vs. 2018 usage at today's rates),,Willard,0.21
energy,Chute,utility-usage,,global-use,Annual Utility Usage,Electric,2018,0
energy,Chute,utility-usage,,global-use,Annual Utility Usage,Natural Gas,2018,5849
energy,Chute,utility-usage,,global-use,Annual Utility Usage,Natural Gas,2019,5731
energy,Chute,utility-usage,,global-use,Annual Utility Usage,Natural Gas,2020,4844
energy,Chute,utility-usage,,global-use,Annual Utility Usage,Natural Gas,2021,5722
energy,Chute,utility-usage,,global-use,Annual Utility Usage,Natural Gas,2022,6854
energy,Chute,utility-usage,,global-use,Annual Utility Usage,Natural Gas,2023,5455
energy,Chute,utility-usage,,global-use,Annual Utility Usage,Natural Gas,2024,4744
energy,Chute,utility-usage,,global-use,Annual Utility Usage,Natural Gas,2025,5454
energy,Chute,utility-usage,,global-use,Annual Utility Usage,Natural Gas,2026,3347
energy,Chute,utility-usage,,ghg,Annual Carbon Emissions,Scope 1,2018,311
energy,Chute,utility-usage,,ghg,Annual Carbon Emissions,Scope 1,2019,303
energy,Chute,utility-usage,,ghg,Annual Carbon Emissions,Scope 1,2020,258
energy,Chute,utility-usage,,ghg,Annual Carbon Emissions,Scope 1,2021,305
energy,Chute,utility-usage,,ghg,Annual Carbon Emissions,Scope 1,2022,363
energy,Chute,utility-usage,,ghg,Annual Carbon Emissions,Scope 1,2023,290
energy,Chute,utility-usage,,ghg,Annual Carbon Emissions,Scope 1,2024,252
energy,Chute,utility-usage,,ghg,Annual Carbon Emissions,Scope 1,2025,289
energy,Chute,utility-usage,,ghg,Annual Carbon Emissions,Scope 1,2026,178
energy,Chute,utility-usage,,cost,"Annual Cost (Electric, Natural Gas, Water)",directCost,2018,33673.637
energy,Chute,utility-usage,,cost,"Annual Cost (Electric, Natural Gas, Water)",directCost,2019,32659.740899999997
energy,Chute,utility-usage,,cost,"Annual Cost (Electric, Natural Gas, Water)",directCost,2020,26345.2245
energy,Chute,utility-usage,,cost,"Annual Cost (Electric, Natural Gas, Water)",directCost,2021,30441.8096
energy,Chute,utility-usage,,cost,"Annual Cost (Electric, Natural Gas, Water)",directCost,2022,46064.3278
energy,Chute,utility-usage,,cost,"Annual Cost (Electric, Natural Gas, Water)",directCost,2023,36411.2218
energy,Chute,utility-usage,,cost,"Annual Cost (Electric, Natural Gas, Water)",directCost,2024,33561.8044
energy,Chute,utility-usage,,cost,"Annual Cost (Electric, Natural Gas, Water)",directCost,2025,38667.7529
energy,Chute,utility-usage,,cost,"Annual Cost (Electric, Natural Gas, Water)",directCost,2026,29982.0651
energy,Chute,utility-usage,,eui,Annual Building Energy Use Intensity (EUI),,2018,51.80424816205778
energy,Chute,utility-usage,,eui,Annual Building Energy Use Intensity (EUI),,2019,50.76583873053553
energy,Chute,utility-usage,,eui,Annual Building Energy Use Intensity (EUI),,2020,42.90525047387908
energy,Chute,utility-usage,,eui,Annual Building Energy Use Intensity (EUI),,2021,50.68427338836826
energy,Chute,utility-usage,,eui,Annual Building Energy Use Intensity (EUI),,2022,60.714070187248666
energy,Chute,utility-usage,,eui,Annual Building Energy Use Intensity (EUI),,2023,48.32119401583731
energy,Chute,utility-usage,,eui,Annual Building Energy Use Intensity (EUI),,2024,42.01995891866995
energy,Chute,utility-usage,,eui,Annual Building Energy Use Intensity (EUI),,2025,48.3086857163103
energy,Chute,utility-usage,,eui,Annual Building Energy Use Intensity (EUI),,2026,29.64790427642651
energy,Chute,utility-usage,,cost-savings,Utility SavingsMoney saved by using less energy and water(2026 vs. 2018 usage at today's rates)Jan – Aug 2026 vs. same period 2018,,value,4989.275403297717
energy,Dawes,utility-usage,,global-use,Annual Utility Usage,Electric,2018,971
energy,Dawes,utility-usage,,global-use,Annual Utility Usage,Electric,2019,994
energy,Dawes,utility-usage,,global-use,Annual Utility Usage,Electric,2020,635
energy,Dawes,utility-usage,,global-use,Annual Utility Usage,Electric,2021,845
energy,Dawes,utility-usage,,global-use,Annual Utility Usage,Electric,2022,940
energy,Dawes,utility-usage,,global-use,Annual Utility Usage,Electric,2023,790
energy,Dawes,utility-usage,,global-use,Annual Utility Usage,Electric,2024,761
energy,Dawes,utility-usage,,global-use,Annual Utility Usage,Electric,2025,743
energy,Dawes,utility-usage,,global-use,Annual Utility Usage,Electric,2026,447
energy,Dawes,utility-usage,,global-use,Annual Utility Usage,Natural Gas,2018,3226
energy,Dawes,utility-usage,,global-use,Annual Utility Usage,Natural Gas,2019,3498
energy,Dawes,utility-usage,,global-use,Annual Utility Usage,Natural Gas,2020,3028
energy,Dawes,utility-usage,,global-use,Annual Utility Usage,Natural Gas,2021,2838
energy,Dawes,utility-usage,,global-use,Annual Utility Usage,Natural Gas,2022,3387
energy,Dawes,utility-usage,,global-use,Annual Utility Usage,Natural Gas,2023,2775
energy,Dawes,utility-usage,,global-use,Annual Utility Usage,Natural Gas,2024,2547
energy,Dawes,utility-usage,,global-use,Annual Utility Usage,Natural Gas,2025,2968
energy,Dawes,utility-usage,,global-use,Annual Utility Usage,Natural Gas,2026,1715
energy,Dawes,utility-usage,,ghg,Annual Carbon Emissions,Scope 1,2018,144
energy,Dawes,utility-usage,,ghg,Annual Carbon Emissions,Scope 1,2019,185
energy,Dawes,utility-usage,,ghg,Annual Carbon Emissions,Scope 1,2020,161
energy,Dawes,utility-usage,,ghg,Annual Carbon Emissions,Scope 1,2021,151
energy,Dawes,utility-usage,,ghg,Annual Carbon Emissions,Scope 1,2022,179
energy,Dawes,utility-usage,,ghg,Annual Carbon Emissions,Scope 1,2023,148
energy,Dawes,utility-usage,,ghg,Annual Carbon Emissions,Scope 1,2024,135
energy,Dawes,utility-usage,,ghg,Annual Carbon Emissions,Scope 1,2025,157
energy,Dawes,utility-usage,,ghg,Annual Carbon Emissions,Scope 1,2026,91
energy,Dawes,utility-usage,,ghg,Annual Carbon Emissions,Scope 2,2018,137
energy,Dawes,utility-usage,,ghg,Annual Carbon Emissions,Scope 2,2019,142
energy,Dawes,utility-usage,,ghg,Annual Carbon Emissions,Scope 2,2020,84
energy,Dawes,utility-usage,,ghg,Annual Carbon Emissions,Scope 2,2021,118
energy,Dawes,utility-usage,,ghg,Annual Carbon Emissions,Scope 2,2022,126
energy,Dawes,utility-usage,,ghg,Annual Carbon Emissions,Scope 2,2023,96
energy,Dawes,utility-usage,,ghg,Annual Carbon Emissions,Scope 2,2024,93
energy,Dawes,utility-usage,,ghg,Annual Carbon Emissions,Scope 2,2025,90
energy,Dawes,utility-usage,,ghg,Annual Carbon Emissions,Scope 2,2026,54
energy,Dawes,utility-usage,,cost,"Annual Cost (Electric, Natural Gas, Water)",directCost,2018,52007.0715
energy,Dawes,utility-usage,,cost,"Annual Cost (Electric, Natural Gas, Water)",directCost,2019,55458.0217
energy,Dawes,utility-usage,,cost,"Annual Cost (Electric, Natural Gas, Water)",directCost,2020,38830.8459
energy,Dawes,utility-usage,,cost,"Annual Cost (Electric, Natural Gas, Water)",directCost,2021,43704.0351
energy,Dawes,utility-usage,,cost,"Annual Cost (Electric, Natural Gas, Water)",directCost,2022,53075.6856
energy,Dawes,utility-usage,,cost,"Annual Cost (Electric, Natural Gas, Water)",directCost,2023,48733.3062
energy,Dawes,utility-usage,,cost,"Annual Cost (Electric, Natural Gas, Water)",directCost,2024,50708.4162
energy,Dawes,utility-usage,,cost,"Annual Cost (Electric, Natural Gas, Water)",directCost,2025,57662.5135
energy,Dawes,utility-usage,,cost,"Annual Cost (Electric, Natural Gas, Water)",directCost,2026,34897.6359
energy,Dawes,utility-usage,,eui,Annual Building Energy Use Intensity (EUI),,2018,72.74071389948007
energy,Dawes,utility-usage,,eui,Annual Building Energy Use Intensity (EUI),,2019,77.85196542461004
energy,Dawes,utility-usage,,eui,Annual Building Energy Use Intensity (EUI),,2020,63.492327313691504
energy,Dawes,utility-usage,,eui,Annual Building Energy Use Intensity (EUI),,2021,63.830920398613515
energy,Dawes,utility-usage,,eui,Annual Building Energy Use Intensity (EUI),,2022,74.98954351819756
energy,Dawes,utility-usage,,eui,Annual Building Energy Use Intensity (EUI),,2023,61.78353169844021
energy,Dawes,utility-usage,,eui,Annual Building Energy Use Intensity (EUI),,2024,57.31648655112652
energy,Dawes,utility-usage,,eui,Annual Building Energy Use Intensity (EUI),,2025,64.31915519930676
energy,Dawes,utility-usage,,eui,Annual Building Energy Use Intensity (EUI),,2026,37.46990842287695
energy,Dawes,utility-usage,,cost-savings,Utility SavingsMoney saved by using less energy and water(2026 vs. 2018 usage at today's rates)Jan – Aug 2026 vs. same period 2018,,value,8943.933670231316
energy,Dewey,utility-usage,,global-use,Annual Utility Usage,Electric,2018,1318
energy,Dewey,utility-usage,,global-use,Annual Utility Usage,Electric,2019,1336
energy,Dewey,utility-usage,,global-use,Annual Utility Usage,Electric,2020,895
energy,Dewey,utility-usage,,global-use,Annual Utility Usage,Electric,2021,1176
energy,Dewey,utility-usage,,global-use,Annual Utility Usage,Electric,2022,1473
energy,Dewey,utility-usage,,global-use,Annual Utility Usage,Electric,2023,1308
energy,Dewey,utility-usage,,global-use,Annual Utility Usage,Electric,2024,991
energy,Dewey,utility-usage,,global-use,Annual Utility Usage,Electric,2025,1013
energy,Dewey,utility-usage,,global-use,Annual Utility Usage,Electric,2026,637
energy,Dewey,utility-usage,,global-use,Annual Utility Usage,Natural Gas,2018,3195
energy,Dewey,utility-usage,,global-use,Annual Utility Usage,Natural Gas,2019,3407
energy,Dewey,utility-usage,,global-use,Annual Utility Usage,Natural Gas,2020,2625
energy,Dewey,utility-usage,,global-use,Annual Utility Usage,Natural Gas,2021,3120
energy,Dewey,utility-usage,,global-use,Annual Utility Usage,Natural Gas,2022,3369
energy,Dewey,utility-usage,,global-use,Annual Utility Usage,Natural Gas,2023,2506
energy,Dewey,utility-usage,,global-use,Annual Utility Usage,Natural Gas,2024,2564
energy,Dewey,utility-usage,,global-use,Annual Utility Usage,Natural Gas,2025,3056
energy,Dewey,utility-usage,,global-use,Annual Utility Usage,Natural Gas,2026,1983
energy,Dewey,utility-usage,,ghg,Annual Carbon Emissions,Scope 1,2018,170
energy,Dewey,utility-usage,,ghg,Annual Carbon Emissions,Scope 1,2019,180
energy,Dewey,utility-usage,,ghg,Annual Carbon Emissions,Scope 1,2020,140
energy,Dewey,utility-usage,,ghg,Annual Carbon Emissions,Scope 1,2021,166
energy,Dewey,utility-usage,,ghg,Annual Carbon Emissions,Scope 1,2022,178
energy,Dewey,utility-usage,,ghg,Annual Carbon Emissions,Scope 1,2023,133
energy,Dewey,utility-usage,,ghg,Annual Carbon Emissions,Scope 1,2024,136
energy,Dewey,utility-usage,,ghg,Annual Carbon Emissions,Scope 1,2025,162
energy,Dewey,utility-usage,,ghg,Annual Carbon Emissions,Scope 1,2026,105
energy,Dewey,utility-usage,,ghg,Annual Carbon Emissions,Scope 2,2018,203
energy,Dewey,utility-usage,,ghg,Annual Carbon Emissions,Scope 2,2019,190
energy,Dewey,utility-usage,,ghg,Annual Carbon Emissions,Scope 2,2020,119
energy,Dewey,utility-usage,,ghg,Annual Carbon Emissions,Scope 2,2021,163
energy,Dewey,utility-usage,,ghg,Annual Carbon Emissions,Scope 2,2022,196
energy,Dewey,utility-usage,,ghg,Annual Carbon Emissions,Scope 2,2023,159
energy,Dewey,utility-usage,,ghg,Annual Carbon Emissions,Scope 2,2024,121
energy,Dewey,utility-usage,,ghg,Annual Carbon Emissions,Scope 2,2025,123
energy,Dewey,utility-usage,,ghg,Annual Carbon Emissions,Scope 2,2026,78
energy,Dewey,utility-usage,,cost,"Annual Cost (Electric, Natural Gas, Water)",directCost,2018,58404.1504
energy,Dewey,utility-usage,,cost,"Annual Cost (Electric, Natural Gas, Water)",directCost,2019,63754.0904
energy,Dewey,utility-usage,,cost,"Annual Cost (Electric, Natural Gas, Water)",directCost,2020,47565.2146
energy,Dewey,utility-usage,,cost,"Annual Cost (Electric, Natural Gas, Water)",directCost,2021,55449.5953
energy,Dewey,utility-usage,,cost,"Annual Cost (Electric, Natural Gas, Water)",directCost,2022,61663.747
energy,Dewey,utility-usage,,cost,"Annual Cost (Electric, Natural Gas, Water)",directCost,2023,59623.1192
energy,Dewey,utility-usage,,cost,"Annual Cost (Electric, Natural Gas, Water)",directCost,2024,59368.9734
energy,Dewey,utility-usage,,cost,"Annual Cost (Electric, Natural Gas, Water)",directCost,2025,69640.1403
energy,Dewey,utility-usage,,cost,"Annual Cost (Electric, Natural Gas, Water)",directCost,2026,45026.1536
energy,Dewey,utility-usage,,eui,Annual Building Energy Use Intensity (EUI),,2018,69.24945588460949
energy,Dewey,utility-usage,,eui,Annual Building Energy Use Intensity (EUI),,2019,72.7659534448366
energy,Dewey,utility-usage,,eui,Annual Building Energy Use Intensity (EUI),,2020,54.003200368267606
energy,Dewey,utility-usage,,eui,Annual Building Energy Use Intensity (EUI),,2021,65.92058115697407
energy,Dewey,utility-usage,,eui,Annual Building Energy Use Intensity (EUI),,2022,74.3058262851005
energy,Dewey,utility-usage,,eui,Annual Building Energy Use Intensity (EUI),,2023,58.51955207917754
energy,Dewey,utility-usage,,eui,Annual Building Energy Use Intensity (EUI),,2024,54.54484815098972
energy,Dewey,utility-usage,,eui,Annual Building Energy Use Intensity (EUI),,2025,62.437387018566824
energy,Dewey,utility-usage,,eui,Annual Building Energy Use Intensity (EUI),,2026,40.21295547030843
energy,Dewey,utility-usage,,cost-savings,Utility SavingsMoney saved by using less energy and water(2026 vs. 2018 usage at today's rates)Jan – Aug 2026 vs. same period 2018,,value,10523.756668357819
energy,Haven,utility-usage,,global-use,Annual Utility Usage,Electric,2018,2015
energy,Haven,utility-usage,,global-use,Annual Utility Usage,Electric,2019,1961
energy,Haven,utility-usage,,global-use,Annual Utility Usage,Electric,2020,1439
energy,Haven,utility-usage,,global-use,Annual Utility Usage,Electric,2021,2283
energy,Haven,utility-usage,,global-use,Annual Utility Usage,Electric,2022,2028
energy,Haven,utility-usage,,global-use,Annual Utility Usage,Electric,2023,1585
energy,Haven,utility-usage,,global-use,Annual Utility Usage,Electric,2024,1389
energy,Haven,utility-usage,,global-use,Annual Utility Usage,Electric,2025,1402
energy,Haven,utility-usage,,global-use,Annual Utility Usage,Electric,2026,797
energy,Haven,utility-usage,,global-use,Annual Utility Usage,Natural Gas,2018,4701
energy,Haven,utility-usage,,global-use,Annual Utility Usage,Natural Gas,2019,5229
energy,Haven,utility-usage,,global-use,Annual Utility Usage,Natural Gas,2020,4383
energy,Haven,utility-usage,,global-use,Annual Utility Usage,Natural Gas,2021,4560
energy,Haven,utility-usage,,global-use,Annual Utility Usage,Natural Gas,2022,5109
energy,Haven,utility-usage,,global-use,Annual Utility Usage,Natural Gas,2023,4117
energy,Haven,utility-usage,,global-use,Annual Utility Usage,Natural Gas,2024,3940
energy,Haven,utility-usage,,global-use,Annual Utility Usage,Natural Gas,2025,4934
energy,Haven,utility-usage,,global-use,Annual Utility Usage,Natural Gas,2026,2803
energy,Haven,utility-usage,,ghg,Annual Carbon Emissions,Scope 1,2018,197
energy,Haven,utility-usage,,ghg,Annual Carbon Emissions,Scope 1,2019,277
energy,Haven,utility-usage,,ghg,Annual Carbon Emissions,Scope 1,2020,233
energy,Haven,utility-usage,,ghg,Annual Carbon Emissions,Scope 1,2021,243
energy,Haven,utility-usage,,ghg,Annual Carbon Emissions,Scope 1,2022,270
energy,Haven,utility-usage,,ghg,Annual Carbon Emissions,Scope 1,2023,219
energy,Haven,utility-usage,,ghg,Annual Carbon Emissions,Scope 1,2024,210
energy,Haven,utility-usage,,ghg,Annual Carbon Emissions,Scope 1,2025,261
energy,Haven,utility-usage,,ghg,Annual Carbon Emissions,Scope 1,2026,149
energy,Haven,utility-usage,,ghg,Annual Carbon Emissions,Scope 2,2018,287
energy,Haven,utility-usage,,ghg,Annual Carbon Emissions,Scope 2,2019,280
energy,Haven,utility-usage,,ghg,Annual Carbon Emissions,Scope 2,2020,190
energy,Haven,utility-usage,,ghg,Annual Carbon Emissions,Scope 2,2021,319
energy,Haven,utility-usage,,ghg,Annual Carbon Emissions,Scope 2,2022,272
energy,Haven,utility-usage,,ghg,Annual Carbon Emissions,Scope 2,2023,193
energy,Haven,utility-usage,,ghg,Annual Carbon Emissions,Scope 2,2024,169
energy,Haven,utility-usage,,ghg,Annual Carbon Emissions,Scope 2,2025,171
energy,Haven,utility-usage,,ghg,Annual Carbon Emissions,Scope 2,2026,97
energy,Haven,utility-usage,,cost,"Annual Cost (Electric, Natural Gas, Water)",directCost,2018,90024.6714
energy,Haven,utility-usage,,cost,"Annual Cost (Electric, Natural Gas, Water)",directCost,2019,94126.1332
energy,Haven,utility-usage,,cost,"Annual Cost (Electric, Natural Gas, Water)",directCost,2020,70784.762
energy,Haven,utility-usage,,cost,"Annual Cost (Electric, Natural Gas, Water)",directCost,2021,87824.4212
energy,Haven,utility-usage,,cost,"Annual Cost (Electric, Natural Gas, Water)",directCost,2022,87293.56139999999
energy,Haven,utility-usage,,cost,"Annual Cost (Electric, Natural Gas, Water)",directCost,2023,88033.7078
energy,Haven,utility-usage,,cost,"Annual Cost (Electric, Natural Gas, Water)",directCost,2024,83902.79579999999
energy,Haven,utility-usage,,cost,"Annual Cost (Electric, Natural Gas, Water)",directCost,2025,95501.8293
energy,Haven,utility-usage,,cost,"Annual Cost (Electric, Natural Gas, Water)",directCost,2026,56081.6512
energy,Haven,utility-usage,,eui,Annual Building Energy Use Intensity (EUI),,2018,47.257261036914024
energy,Haven,utility-usage,,eui,Annual Building Energy Use Intensity (EUI),,2019,50.59440043204751
energy,Haven,utility-usage,,eui,Annual Building Energy Use Intensity (EUI),,2020,40.967522629719795
energy,Haven,utility-usage,,eui,Annual Building Energy Use Intensity (EUI),,2021,48.15234329481965
energy,Haven,utility-usage,,eui,Annual Building Energy Use Intensity (EUI),,2022,50.216517176351374
energy,Haven,utility-usage,,eui,Annual Building Energy Use Intensity (EUI),,2023,40.12282511927045
energy,Haven,utility-usage,,eui,Annual Building Energy Use Intensity (EUI),,2024,37.49491397751101
energy,Haven,utility-usage,,eui,Annual Building Energy Use Intensity (EUI),,2025,44.583298534978965
energy,Haven,utility-usage,,eui,Annual Building Energy Use Intensity (EUI),,2026,25.33050353941202
energy,Haven,utility-usage,,cost-savings,Utility SavingsMoney saved by using less energy and water(2026 vs. 2018 usage at today's rates)Jan – Aug 2026 vs. same period 2018,,value,22931.3765648443
energy,King Arts,utility-usage,,global-use,Annual Utility Usage,Electric,2018,0
energy,King Arts,utility-usage,,cost,"Annual Cost (Electric, Natural Gas, Water)",directCost,2018,0.09999999999999999
energy,King Arts,utility-usage,,eui,Annual Building Energy Use Intensity (EUI),,2018,0.00003411249525104477
energy,King Arts,utility-usage,,cost-savings,Utility SavingsMoney saved by using less energy and water(2018 vs. 2018 usage at today's rates)Jan – Aug 2018 vs. same period 2018,,value,0
energy,Kingsley,utility-usage,,global-use,Annual Utility Usage,Electric,2018,1212
energy,Kingsley,utility-usage,,global-use,Annual Utility Usage,Electric,2019,1175
energy,Kingsley,utility-usage,,global-use,Annual Utility Usage,Electric,2020,849
energy,Kingsley,utility-usage,,global-use,Annual Utility Usage,Electric,2021,1134
energy,Kingsley,utility-usage,,global-use,Annual Utility Usage,Electric,2022,1185
energy,Kingsley,utility-usage,,global-use,Annual Utility Usage,Electric,2023,1143
energy,Kingsley,utility-usage,,global-use,Annual Utility Usage,Electric,2024,996
energy,Kingsley,utility-usage,,global-use,Annual Utility Usage,Electric,2025,1060
energy,Kingsley,utility-usage,,global-use,Annual Utility Usage,Electric,2026,562
energy,Kingsley,utility-usage,,global-use,Annual Utility Usage,Natural Gas,2018,1368
energy,Kingsley,utility-usage,,global-use,Annual Utility Usage,Natural Gas,2019,1533
energy,Kingsley,utility-usage,,global-use,Annual Utility Usage,Natural Gas,2020,1360
energy,Kingsley,utility-usage,,global-use,Annual Utility Usage,Natural Gas,2021,1546
energy,Kingsley,utility-usage,,global-use,Annual Utility Usage,Natural Gas,2022,1819
energy,Kingsley,utility-usage,,global-use,Annual Utility Usage,Natural Gas,2023,1763
energy,Kingsley,utility-usage,,global-use,Annual Utility Usage,Natural Gas,2024,1704
energy,Kingsley,utility-usage,,global-use,Annual Utility Usage,Natural Gas,2025,2199
energy,Kingsley,utility-usage,,global-use,Annual Utility Usage,Natural Gas,2026,1411
energy,Kingsley,utility-usage,,ghg,Annual Carbon Emissions,Scope 1,2018,58
energy,Kingsley,utility-usage,,ghg,Annual Carbon Emissions,Scope 1,2019,81
energy,Kingsley,utility-usage,,ghg,Annual Carbon Emissions,Scope 1,2020,72
energy,Kingsley,utility-usage,,ghg,Annual Carbon Emissions,Scope 1,2021,82
energy,Kingsley,utility-usage,,ghg,Annual Carbon Emissions,Scope 1,2022,96
energy,Kingsley,utility-usage,,ghg,Annual Carbon Emissions,Scope 1,2023,94
energy,Kingsley,utility-usage,,ghg,Annual Carbon Emissions,Scope 1,2024,91
energy,Kingsley,utility-usage,,ghg,Annual Carbon Emissions,Scope 1,2025,117
energy,Kingsley,utility-usage,,ghg,Annual Carbon Emissions,Scope 1,2026,75
energy,Kingsley,utility-usage,,ghg,Annual Carbon Emissions,Scope 2,2018,172
energy,Kingsley,utility-usage,,ghg,Annual Carbon Emissions,Scope 2,2019,168
energy,Kingsley,utility-usage,,ghg,Annual Carbon Emissions,Scope 2,2020,112
energy,Kingsley,utility-usage,,ghg,Annual Carbon Emissions,Scope 2,2021,158
energy,Kingsley,utility-usage,,ghg,Annual Carbon Emissions,Scope 2,2022,159
energy,Kingsley,utility-usage,,ghg,Annual Carbon Emissions,Scope 2,2023,139
energy,Kingsley,utility-usage,,ghg,Annual Carbon Emissions,Scope 2,2024,121
energy,Kingsley,utility-usage,,ghg,Annual Carbon Emissions,Scope 2,2025,129
energy,Kingsley,utility-usage,,ghg,Annual Carbon Emissions,Scope 2,2026,68
energy,Kingsley,utility-usage,,cost,"Annual Cost (Electric, Natural Gas, Water)",directCost,2018,50682.0357
energy,Kingsley,utility-usage,,cost,"Annual Cost (Electric, Natural Gas, Water)",directCost,2019,53080.2888
energy,Kingsley,utility-usage,,cost,"Annual Cost (Electric, Natural Gas, Water)",directCost,2020,37985.9802
energy,Kingsley,utility-usage,,cost,"Annual Cost (Electric, Natural Gas, Water)",directCost,2021,44128.6035
energy,Kingsley,utility-usage,,cost,"Annual Cost (Electric, Natural Gas, Water)",directCost,2022,46130.3519
energy,Kingsley,utility-usage,,cost,"Annual Cost (Electric, Natural Gas, Water)",directCost,2023,53820.51
energy,Kingsley,utility-usage,,cost,"Annual Cost (Electric, Natural Gas, Water)",directCost,2024,56319.176699999996
energy,Kingsley,utility-usage,,cost,"Annual Cost (Electric, Natural Gas, Water)",directCost,2025,65299.619
energy,Kingsley,utility-usage,,cost,"Annual Cost (Electric, Natural Gas, Water)",directCost,2026,36936.3715
energy,Kingsley,utility-usage,,eui,Annual Building Energy Use Intensity (EUI),,2018,48.28016974563423
energy,Kingsley,utility-usage,,eui,Annual Building Energy Use Intensity (EUI),,2019,50.6890252306886
energy,Kingsley,utility-usage,,eui,Annual Building Energy Use Intensity (EUI),,2020,41.35041999363617
energy,Kingsley,utility-usage,,eui,Annual Building Energy Use Intensity (EUI),,2021,50.16110037995771
energy,Kingsley,utility-usage,,eui,Annual Building Energy Use Intensity (EUI),,2022,56.23231085406255
energy,Kingsley,utility-usage,,eui,Annual Building Energy Use Intensity (EUI),,2023,54.396980159844276
energy,Kingsley,utility-usage,,eui,Annual Building Energy Use Intensity (EUI),,2024,50.52326819772774
energy,Kingsley,utility-usage,,eui,Annual Building Energy Use Intensity (EUI),,2025,60.99595438635896
energy,Kingsley,utility-usage,,eui,Annual Building Energy Use Intensity (EUI),,2026,36.92973906451794
energy,Kingsley,utility-usage,,cost-savings,Utility SavingsMoney saved by using less energy and water(2026 vs. 2018 usage at today's rates)Jan – Aug 2026 vs. same period 2018,,value,7143.176880027357
energy,Lincoln,utility-usage,,global-use,Annual Utility Usage,Electric,2018,1380
energy,Lincoln,utility-usage,,global-use,Annual Utility Usage,Electric,2019,1519
energy,Lincoln,utility-usage,,global-use,Annual Utility Usage,Electric,2020,1185
energy,Lincoln,utility-usage,,global-use,Annual Utility Usage,Electric,2021,1401
energy,Lincoln,utility-usage,,global-use,Annual Utility Usage,Electric,2022,1439
energy,Lincoln,utility-usage,,global-use,Annual Utility Usage,Electric,2023,1189
energy,Lincoln,utility-usage,,global-use,Annual Utility Usage,Electric,2024,1087
energy,Lincoln,utility-usage,,global-use,Annual Utility Usage,Electric,2025,1061
energy,Lincoln,utility-usage,,global-use,Annual Utility Usage,Electric,2026,616
energy,Lincoln,utility-usage,,global-use,Annual Utility Usage,Natural Gas,2018,3350
energy,Lincoln,utility-usage,,global-use,Annual Utility Usage,Natural Gas,2019,3278
energy,Lincoln,utility-usage,,global-use,Annual Utility Usage,Natural Gas,2020,2642
energy,Lincoln,utility-usage,,global-use,Annual Utility Usage,Natural Gas,2021,2944
energy,Lincoln,utility-usage,,global-use,Annual Utility Usage,Natural Gas,2022,3482
energy,Lincoln,utility-usage,,global-use,Annual Utility Usage,Natural Gas,2023,2663
energy,Lincoln,utility-usage,,global-use,Annual Utility Usage,Natural Gas,2024,2549
energy,Lincoln,utility-usage,,global-use,Annual Utility Usage,Natural Gas,2025,2970
energy,Lincoln,utility-usage,,global-use,Annual Utility Usage,Natural Gas,2026,1762
energy,Lincoln,utility-usage,,ghg,Annual Carbon Emissions,Scope 1,2018,136
energy,Lincoln,utility-usage,,ghg,Annual Carbon Emissions,Scope 1,2019,173
energy,Lincoln,utility-usage,,ghg,Annual Carbon Emissions,Scope 1,2020,140
energy,Lincoln,utility-usage,,ghg,Annual Carbon Emissions,Scope 1,2021,157
energy,Lincoln,utility-usage,,ghg,Annual Carbon Emissions,Scope 1,2022,184
energy,Lincoln,utility-usage,,ghg,Annual Carbon Emissions,Scope 1,2023,141
energy,Lincoln,utility-usage,,ghg,Annual Carbon Emissions,Scope 1,2024,136
energy,Lincoln,utility-usage,,ghg,Annual Carbon Emissions,Scope 1,2025,157
energy,Lincoln,utility-usage,,ghg,Annual Carbon Emissions,Scope 1,2026,93
energy,Lincoln,utility-usage,,ghg,Annual Carbon Emissions,Scope 2,2018,197
energy,Lincoln,utility-usage,,ghg,Annual Carbon Emissions,Scope 2,2019,217
energy,Lincoln,utility-usage,,ghg,Annual Carbon Emissions,Scope 2,2020,156
energy,Lincoln,utility-usage,,ghg,Annual Carbon Emissions,Scope 2,2021,195
energy,Lincoln,utility-usage,,ghg,Annual Carbon Emissions,Scope 2,2022,193
energy,Lincoln,utility-usage,,ghg,Annual Carbon Emissions,Scope 2,2023,145
energy,Lincoln,utility-usage,,ghg,Annual Carbon Emissions,Scope 2,2024,132
energy,Lincoln,utility-usage,,ghg,Annual Carbon Emissions,Scope 2,2025,129
energy,Lincoln,utility-usage,,ghg,Annual Carbon Emissions,Scope 2,2026,75
energy,Lincoln,utility-usage,,cost,"Annual Cost (Electric, Natural Gas, Water)",directCost,2018,68185.7148
energy,Lincoln,utility-usage,,cost,"Annual Cost (Electric, Natural Gas, Water)",directCost,2019,72508.4089
energy,Lincoln,utility-usage,,cost,"Annual Cost (Electric, Natural Gas, Water)",directCost,2020,58148.3492
energy,Lincoln,utility-usage,,cost,"Annual Cost (Electric, Natural Gas, Water)",directCost,2021,69299.6816
energy,Lincoln,utility-usage,,cost,"Annual Cost (Electric, Natural Gas, Water)",directCost,2022,65060.361899999996
energy,Lincoln,utility-usage,,cost,"Annual Cost (Electric, Natural Gas, Water)",directCost,2023,65933.4778
energy,Lincoln,utility-usage,,cost,"Annual Cost (Electric, Natural Gas, Water)",directCost,2024,70107.5378
energy,Lincoln,utility-usage,,cost,"Annual Cost (Electric, Natural Gas, Water)",directCost,2025,79064.6475
energy,Lincoln,utility-usage,,cost,"Annual Cost (Electric, Natural Gas, Water)",directCost,2026,47858.507
energy,Lincoln,utility-usage,,eui,Annual Building Energy Use Intensity (EUI),,2018,64.4131474597274
energy,Lincoln,utility-usage,,eui,Annual Building Energy Use Intensity (EUI),,2019,65.3319745904653
energy,Lincoln,utility-usage,,eui,Annual Building Energy Use Intensity (EUI),,2020,52.11617828887345
energy,Lincoln,utility-usage,,eui,Annual Building Energy Use Intensity (EUI),,2021,59.16431312553617
energy,Lincoln,utility-usage,,eui,Annual Building Energy Use Intensity (EUI),,2022,67.0059725615153
energy,Lincoln,utility-usage,,eui,Annual Building Energy Use Intensity (EUI),,2023,52.443957010771136
energy,Lincoln,utility-usage,,eui,Annual Building Energy Use Intensity (EUI),,2024,49.514437272764404
energy,Lincoln,utility-usage,,eui,Annual Building Energy Use Intensity (EUI),,2025,54.88965121124229
energy,Lincoln,utility-usage,,eui,Annual Building Energy Use Intensity (EUI),,2026,32.38779752713211
energy,Lincoln,utility-usage,,cost-savings,Utility SavingsMoney saved by using less energy and water(2026 vs. 2018 usage at today's rates)Jan – Aug 2026 vs. same period 2018,,value,22311.873967321968
energy,Lincolnwood,utility-usage,,global-use,Annual Utility Usage,Electric,2018,844
energy,Lincolnwood,utility-usage,,global-use,Annual Utility Usage,Electric,2019,822
energy,Lincolnwood,utility-usage,,global-use,Annual Utility Usage,Electric,2020,574
energy,Lincolnwood,utility-usage,,global-use,Annual Utility Usage,Electric,2021,744
energy,Lincolnwood,utility-usage,,global-use,Annual Utility Usage,Electric,2022,737
energy,Lincolnwood,utility-usage,,global-use,Annual Utility Usage,Electric,2023,634
energy,Lincolnwood,utility-usage,,global-use,Annual Utility Usage,Electric,2024,670
energy,Lincolnwood,utility-usage,,global-use,Annual Utility Usage,Electric,2025,690
energy,Lincolnwood,utility-usage,,global-use,Annual Utility Usage,Electric,2026,411
energy,Lincolnwood,utility-usage,,global-use,Annual Utility Usage,Natural Gas,2018,2476
energy,Lincolnwood,utility-usage,,global-use,Annual Utility Usage,Natural Gas,2019,2406
energy,Lincolnwood,utility-usage,,global-use,Annual Utility Usage,Natural Gas,2020,1963
energy,Lincolnwood,utility-usage,,global-use,Annual Utility Usage,Natural Gas,2021,2245
energy,Lincolnwood,utility-usage,,global-use,Annual Utility Usage,Natural Gas,2022,2733
energy,Lincolnwood,utility-usage,,global-use,Annual Utility Usage,Natural Gas,2023,2122
energy,Lincolnwood,utility-usage,,global-use,Annual Utility Usage,Natural Gas,2024,2172
energy,Lincolnwood,utility-usage,,global-use,Annual Utility Usage,Natural Gas,2025,2519
energy,Lincolnwood,utility-usage,,global-use,Annual Utility Usage,Natural Gas,2026,1545
energy,Lincolnwood,utility-usage,,ghg,Annual Carbon Emissions,Scope 1,2018,103
energy,Lincolnwood,utility-usage,,ghg,Annual Carbon Emissions,Scope 1,2019,127
energy,Lincolnwood,utility-usage,,ghg,Annual Carbon Emissions,Scope 1,2020,104
energy,Lincolnwood,utility-usage,,ghg,Annual Carbon Emissions,Scope 1,2021,120
energy,Lincolnwood,utility-usage,,ghg,Annual Carbon Emissions,Scope 1,2022,145
energy,Lincolnwood,utility-usage,,ghg,Annual Carbon Emissions,Scope 1,2023,113
energy,Lincolnwood,utility-usage,,ghg,Annual Carbon Emissions,Scope 1,2024,116
energy,Lincolnwood,utility-usage,,ghg,Annual Carbon Emissions,Scope 1,2025,133
energy,Lincolnwood,utility-usage,,ghg,Annual Carbon Emissions,Scope 1,2026,82
energy,Lincolnwood,utility-usage,,ghg,Annual Carbon Emissions,Scope 2,2018,130
energy,Lincolnwood,utility-usage,,ghg,Annual Carbon Emissions,Scope 2,2019,117
energy,Lincolnwood,utility-usage,,ghg,Annual Carbon Emissions,Scope 2,2020,77
energy,Lincolnwood,utility-usage,,ghg,Annual Carbon Emissions,Scope 2,2021,102
energy,Lincolnwood,utility-usage,,ghg,Annual Carbon Emissions,Scope 2,2022,98
energy,Lincolnwood,utility-usage,,ghg,Annual Carbon Emissions,Scope 2,2023,77
energy,Lincolnwood,utility-usage,,ghg,Annual Carbon Emissions,Scope 2,2024,82
energy,Lincolnwood,utility-usage,,ghg,Annual Carbon Emissions,Scope 2,2025,84
energy,Lincolnwood,utility-usage,,ghg,Annual Carbon Emissions,Scope 2,2026,50
energy,Lincolnwood,utility-usage,,cost,"Annual Cost (Electric, Natural Gas, Water)",directCost,2018,41667.7115
energy,Lincolnwood,utility-usage,,cost,"Annual Cost (Electric, Natural Gas, Water)",directCost,2019,42876.0229
energy,Lincolnwood,utility-usage,,cost,"Annual Cost (Electric, Natural Gas, Water)",directCost,2020,30280.5005
energy,Lincolnwood,utility-usage,,cost,"Annual Cost (Electric, Natural Gas, Water)",directCost,2021,35132.3472
energy,Lincolnwood,utility-usage,,cost,"Annual Cost (Electric, Natural Gas, Water)",directCost,2022,41776.5734
energy,Lincolnwood,utility-usage,,cost,"Annual Cost (Electric, Natural Gas, Water)",directCost,2023,37192.080500000004
energy,Lincolnwood,utility-usage,,cost,"Annual Cost (Electric, Natural Gas, Water)",directCost,2024,44574.8028
energy,Lincolnwood,utility-usage,,cost,"Annual Cost (Electric, Natural Gas, Water)",directCost,2025,50292.7276
energy,Lincolnwood,utility-usage,,cost,"Annual Cost (Electric, Natural Gas, Water)",directCost,2026,33819.214
energy,Lincolnwood,utility-usage,,eui,Annual Building Energy Use Intensity (EUI),,2018,54.38568448041416
energy,Lincolnwood,utility-usage,,eui,Annual Building Energy Use Intensity (EUI),,2019,52.87181751011648
energy,Lincolnwood,utility-usage,,eui,Annual Building Energy Use Intensity (EUI),,2020,41.5569531774767
energy,Lincolnwood,utility-usage,,eui,Annual Building Energy Use Intensity (EUI),,2021,48.95451881583906
energy,Lincolnwood,utility-usage,,eui,Annual Building Energy Use Intensity (EUI),,2022,56.84363847703927
energy,Lincolnwood,utility-usage,,eui,Annual Building Energy Use Intensity (EUI),,2023,45.1535752715477
energy,Lincolnwood,utility-usage,,eui,Annual Building Energy Use Intensity (EUI),,2024,46.569343665525324
energy,Lincolnwood,utility-usage,,eui,Annual Building Energy Use Intensity (EUI),,2025,52.57768215403267
energy,Lincolnwood,utility-usage,,eui,Annual Building Energy Use Intensity (EUI),,2026,32.05720334540212
energy,Lincolnwood,utility-usage,,cost-savings,Utility SavingsMoney saved by using less energy and water(2026 vs. 2018 usage at today's rates)Jan – Aug 2026 vs. same period 2018,,value,2365.3485599211563
energy,Nichols,utility-usage,,global-use,Annual Utility Usage,Electric,2018,1783
energy,Nichols,utility-usage,,global-use,Annual Utility Usage,Electric,2019,1801
energy,Nichols,utility-usage,,global-use,Annual Utility Usage,Electric,2020,1308
energy,Nichols,utility-usage,,global-use,Annual Utility Usage,Electric,2021,1635
energy,Nichols,utility-usage,,global-use,Annual Utility Usage,Electric,2022,1615
energy,Nichols,utility-usage,,global-use,Annual Utility Usage,Electric,2023,1437
energy,Nichols,utility-usage,,global-use,Annual Utility Usage,Electric,2024,1396
energy,Nichols,utility-usage,,global-use,Annual Utility Usage,Electric,2025,1361
energy,Nichols,utility-usage,,global-use,Annual Utility Usage,Electric,2026,779
energy,Nichols,utility-usage,,global-use,Annual Utility Usage,Natural Gas,2018,3672
energy,Nichols,utility-usage,,global-use,Annual Utility Usage,Natural Gas,2019,3667
energy,Nichols,utility-usage,,global-use,Annual Utility Usage,Natural Gas,2020,2925
energy,Nichols,utility-usage,,global-use,Annual Utility Usage,Natural Gas,2021,3106
energy,Nichols,utility-usage,,global-use,Annual Utility Usage,Natural Gas,2022,3586
energy,Nichols,utility-usage,,global-use,Annual Utility Usage,Natural Gas,2023,2812
energy,Nichols,utility-usage,,global-use,Annual Utility Usage,Natural Gas,2024,2766
energy,Nichols,utility-usage,,global-use,Annual Utility Usage,Natural Gas,2025,3297
energy,Nichols,utility-usage,,global-use,Annual Utility Usage,Natural Gas,2026,1899
energy,Nichols,utility-usage,,ghg,Annual Carbon Emissions,Scope 1,2018,155
energy,Nichols,utility-usage,,ghg,Annual Carbon Emissions,Scope 1,2019,194
energy,Nichols,utility-usage,,ghg,Annual Carbon Emissions,Scope 1,2020,155
energy,Nichols,utility-usage,,ghg,Annual Carbon Emissions,Scope 1,2021,166
energy,Nichols,utility-usage,,ghg,Annual Carbon Emissions,Scope 1,2022,190
energy,Nichols,utility-usage,,ghg,Annual Carbon Emissions,Scope 1,2023,150
energy,Nichols,utility-usage,,ghg,Annual Carbon Emissions,Scope 1,2024,147
energy,Nichols,utility-usage,,ghg,Annual Carbon Emissions,Scope 1,2025,175
energy,Nichols,utility-usage,,ghg,Annual Carbon Emissions,Scope 1,2026,101
energy,Nichols,utility-usage,,ghg,Annual Carbon Emissions,Scope 2,2018,275
energy,Nichols,utility-usage,,ghg,Annual Carbon Emissions,Scope 2,2019,255
energy,Nichols,utility-usage,,ghg,Annual Carbon Emissions,Scope 2,2020,174
energy,Nichols,utility-usage,,ghg,Annual Carbon Emissions,Scope 2,2021,227
energy,Nichols,utility-usage,,ghg,Annual Carbon Emissions,Scope 2,2022,215
energy,Nichols,utility-usage,,ghg,Annual Carbon Emissions,Scope 2,2023,175
energy,Nichols,utility-usage,,ghg,Annual Carbon Emissions,Scope 2,2024,170
energy,Nichols,utility-usage,,ghg,Annual Carbon Emissions,Scope 2,2025,166
energy,Nichols,utility-usage,,ghg,Annual Carbon Emissions,Scope 2,2026,95
energy,Nichols,utility-usage,,cost,"Annual Cost (Electric, Natural Gas, Water)",directCost,2018,75466.1409
energy,Nichols,utility-usage,,cost,"Annual Cost (Electric, Natural Gas, Water)",directCost,2019,77462.3081
energy,Nichols,utility-usage,,cost,"Annual Cost (Electric, Natural Gas, Water)",directCost,2020,57915.0853
energy,Nichols,utility-usage,,cost,"Annual Cost (Electric, Natural Gas, Water)",directCost,2021,65003.3539
energy,Nichols,utility-usage,,cost,"Annual Cost (Electric, Natural Gas, Water)",directCost,2022,68138.2996
energy,Nichols,utility-usage,,cost,"Annual Cost (Electric, Natural Gas, Water)",directCost,2023,68792.3755
energy,Nichols,utility-usage,,cost,"Annual Cost (Electric, Natural Gas, Water)",directCost,2024,76675.5106
energy,Nichols,utility-usage,,cost,"Annual Cost (Electric, Natural Gas, Water)",directCost,2025,82749.3471
energy,Nichols,utility-usage,,cost,"Annual Cost (Electric, Natural Gas, Water)",directCost,2026,47063.4747
energy,Nichols,utility-usage,,eui,Annual Building Energy Use Intensity (EUI),,2018,55.724784702925795
energy,Nichols,utility-usage,,eui,Annual Building Energy Use Intensity (EUI),,2019,55.85740860983981
energy,Nichols,utility-usage,,eui,Annual Building Energy Use Intensity (EUI),,2020,43.24905575760052
energy,Nichols,utility-usage,,eui,Annual Building Energy Use Intensity (EUI),,2021,48.43901173790454
energy,Nichols,utility-usage,,eui,Annual Building Energy Use Intensity (EUI),,2022,53.132371097580915
energy,Nichols,utility-usage,,eui,Annual Building Energy Use Intensity (EUI),,2023,43.40601703988231
energy,Nichols,utility-usage,,eui,Annual Building Energy Use Intensity (EUI),,2024,42.52510876716248
energy,Nichols,utility-usage,,eui,Annual Building Energy Use Intensity (EUI),,2025,47.588727923749595
energy,Nichols,utility-usage,,eui,Annual Building Energy Use Intensity (EUI),,2026,27.362191637381496
energy,Nichols,utility-usage,,cost-savings,Utility SavingsMoney saved by using less energy and water(2026 vs. 2018 usage at today's rates)Jan – Aug 2026 vs. same period 2018,,value,20513.91686847213
energy,Oakton,utility-usage,,global-use,Annual Utility Usage,Electric,2018,1517
energy,Oakton,utility-usage,,global-use,Annual Utility Usage,Electric,2019,1499
energy,Oakton,utility-usage,,global-use,Annual Utility Usage,Electric,2020,1325
energy,Oakton,utility-usage,,global-use,Annual Utility Usage,Electric,2021,1578
energy,Oakton,utility-usage,,global-use,Annual Utility Usage,Electric,2022,1570
energy,Oakton,utility-usage,,global-use,Annual Utility Usage,Electric,2023,1137
energy,Oakton,utility-usage,,global-use,Annual Utility Usage,Electric,2024,1015
energy,Oakton,utility-usage,,global-use,Annual Utility Usage,Electric,2025,1038
energy,Oakton,utility-usage,,global-use,Annual Utility Usage,Electric,2026,594
energy,Oakton,utility-usage,,global-use,Annual Utility Usage,Natural Gas,2018,3369
energy,Oakton,utility-usage,,global-use,Annual Utility Usage,Natural Gas,2019,3619
energy,Oakton,utility-usage,,global-use,Annual Utility Usage,Natural Gas,2020,2916
energy,Oakton,utility-usage,,global-use,Annual Utility Usage,Natural Gas,2021,3142
energy,Oakton,utility-usage,,global-use,Annual Utility Usage,Natural Gas,2022,3498
energy,Oakton,utility-usage,,global-use,Annual Utility Usage,Natural Gas,2023,2850
energy,Oakton,utility-usage,,global-use,Annual Utility Usage,Natural Gas,2024,2676
energy,Oakton,utility-usage,,global-use,Annual Utility Usage,Natural Gas,2025,3315
energy,Oakton,utility-usage,,global-use,Annual Utility Usage,Natural Gas,2026,1999
energy,Oakton,utility-usage,,ghg,Annual Carbon Emissions,Scope 1,2018,180
energy,Oakton,utility-usage,,ghg,Annual Carbon Emissions,Scope 1,2019,191
energy,Oakton,utility-usage,,ghg,Annual Carbon Emissions,Scope 1,2020,155
energy,Oakton,utility-usage,,ghg,Annual Carbon Emissions,Scope 1,2021,168
energy,Oakton,utility-usage,,ghg,Annual Carbon Emissions,Scope 1,2022,185
energy,Oakton,utility-usage,,ghg,Annual Carbon Emissions,Scope 1,2023,152
energy,Oakton,utility-usage,,ghg,Annual Carbon Emissions,Scope 1,2024,142
energy,Oakton,utility-usage,,ghg,Annual Carbon Emissions,Scope 1,2025,176
energy,Oakton,utility-usage,,ghg,Annual Carbon Emissions,Scope 1,2026,106
energy,Oakton,utility-usage,,ghg,Annual Carbon Emissions,Scope 2,2018,213
energy,Oakton,utility-usage,,ghg,Annual Carbon Emissions,Scope 2,2019,214
energy,Oakton,utility-usage,,ghg,Annual Carbon Emissions,Scope 2,2020,175
energy,Oakton,utility-usage,,ghg,Annual Carbon Emissions,Scope 2,2021,221
energy,Oakton,utility-usage,,ghg,Annual Carbon Emissions,Scope 2,2022,210
energy,Oakton,utility-usage,,ghg,Annual Carbon Emissions,Scope 2,2023,138
energy,Oakton,utility-usage,,ghg,Annual Carbon Emissions,Scope 2,2024,124
energy,Oakton,utility-usage,,ghg,Annual Carbon Emissions,Scope 2,2025,126
energy,Oakton,utility-usage,,ghg,Annual Carbon Emissions,Scope 2,2026,72
energy,Oakton,utility-usage,,cost,"Annual Cost (Electric, Natural Gas, Water)",directCost,2018,63945.3547
energy,Oakton,utility-usage,,cost,"Annual Cost (Electric, Natural Gas, Water)",directCost,2019,66034.3483
energy,Oakton,utility-usage,,cost,"Annual Cost (Electric, Natural Gas, Water)",directCost,2020,54375.8099
energy,Oakton,utility-usage,,cost,"Annual Cost (Electric, Natural Gas, Water)",directCost,2021,60864.4788
energy,Oakton,utility-usage,,cost,"Annual Cost (Electric, Natural Gas, Water)",directCost,2022,65880.04669999999
energy,Oakton,utility-usage,,cost,"Annual Cost (Electric, Natural Gas, Water)",directCost,2023,56772.0793
energy,Oakton,utility-usage,,cost,"Annual Cost (Electric, Natural Gas, Water)",directCost,2024,58776.9801
energy,Oakton,utility-usage,,cost,"Annual Cost (Electric, Natural Gas, Water)",directCost,2025,66318.5828
energy,Oakton,utility-usage,,cost,"Annual Cost (Electric, Natural Gas, Water)",directCost,2026,40221.2776
energy,Oakton,utility-usage,,eui,Annual Building Energy Use Intensity (EUI),,2018,51.17861332355714
energy,Oakton,utility-usage,,eui,Annual Building Energy Use Intensity (EUI),,2019,53.613991274746
energy,Oakton,utility-usage,,eui,Annual Building Energy Use Intensity (EUI),,2020,44.41508459201844
energy,Oakton,utility-usage,,eui,Annual Building Energy Use Intensity (EUI),,2021,49.44400960511155
energy,Oakton,utility-usage,,eui,Annual Building Energy Use Intensity (EUI),,2022,53.08503913271184
energy,Oakton,utility-usage,,eui,Annual Building Energy Use Intensity (EUI),,2023,41.761351838273804
energy,Oakton,utility-usage,,eui,Annual Building Energy Use Intensity (EUI),,2024,38.662507122656336
energy,Oakton,utility-usage,,eui,Annual Building Energy Use Intensity (EUI),,2025,45.594146590552
energy,Oakton,utility-usage,,eui,Annual Building Energy Use Intensity (EUI),,2026,27.160544747040955
energy,Oakton,utility-usage,,cost-savings,Utility SavingsMoney saved by using less energy and water(2026 vs. 2018 usage at today's rates)Jan – Aug 2026 vs. same period 2018,,value,16643.76850302129
energy,Orrington,utility-usage,,global-use,Annual Utility Usage,Electric,2018,873
energy,Orrington,utility-usage,,global-use,Annual Utility Usage,Electric,2019,848
energy,Orrington,utility-usage,,global-use,Annual Utility Usage,Electric,2020,605
energy,Orrington,utility-usage,,global-use,Annual Utility Usage,Electric,2021,773
energy,Orrington,utility-usage,,global-use,Annual Utility Usage,Electric,2022,887
energy,Orrington,utility-usage,,global-use,Annual Utility Usage,Electric,2023,739
energy,Orrington,utility-usage,,global-use,Annual Utility Usage,Electric,2024,677
energy,Orrington,utility-usage,,global-use,Annual Utility Usage,Electric,2025,677
energy,Orrington,utility-usage,,global-use,Annual Utility Usage,Electric,2026,366
energy,Orrington,utility-usage,,global-use,Annual Utility Usage,Natural Gas,2018,1980
energy,Orrington,utility-usage,,global-use,Annual Utility Usage,Natural Gas,2019,2099
energy,Orrington,utility-usage,,global-use,Annual Utility Usage,Natural Gas,2020,1793
energy,Orrington,utility-usage,,global-use,Annual Utility Usage,Natural Gas,2021,1879
energy,Orrington,utility-usage,,global-use,Annual Utility Usage,Natural Gas,2022,2313
energy,Orrington,utility-usage,,global-use,Annual Utility Usage,Natural Gas,2023,1759
energy,Orrington,utility-usage,,global-use,Annual Utility Usage,Natural Gas,2024,1555
energy,Orrington,utility-usage,,global-use,Annual Utility Usage,Natural Gas,2025,1925
energy,Orrington,utility-usage,,global-use,Annual Utility Usage,Natural Gas,2026,1211
energy,Orrington,utility-usage,,ghg,Annual Carbon Emissions,Scope 1,2018,106
energy,Orrington,utility-usage,,ghg,Annual Carbon Emissions,Scope 1,2019,111
energy,Orrington,utility-usage,,ghg,Annual Carbon Emissions,Scope 1,2020,95
energy,Orrington,utility-usage,,ghg,Annual Carbon Emissions,Scope 1,2021,100
energy,Orrington,utility-usage,,ghg,Annual Carbon Emissions,Scope 1,2022,122
energy,Orrington,utility-usage,,ghg,Annual Carbon Emissions,Scope 1,2023,93
energy,Orrington,utility-usage,,ghg,Annual Carbon Emissions,Scope 1,2024,83
energy,Orrington,utility-usage,,ghg,Annual Carbon Emissions,Scope 1,2025,102
energy,Orrington,utility-usage,,ghg,Annual Carbon Emissions,Scope 1,2026,64
energy,Orrington,utility-usage,,ghg,Annual Carbon Emissions,Scope 2,2018,125
energy,Orrington,utility-usage,,ghg,Annual Carbon Emissions,Scope 2,2019,121
energy,Orrington,utility-usage,,ghg,Annual Carbon Emissions,Scope 2,2020,80
energy,Orrington,utility-usage,,ghg,Annual Carbon Emissions,Scope 2,2021,108
energy,Orrington,utility-usage,,ghg,Annual Carbon Emissions,Scope 2,2022,119
energy,Orrington,utility-usage,,ghg,Annual Carbon Emissions,Scope 2,2023,90
energy,Orrington,utility-usage,,ghg,Annual Carbon Emissions,Scope 2,2024,83
energy,Orrington,utility-usage,,ghg,Annual Carbon Emissions,Scope 2,2025,82
energy,Orrington,utility-usage,,ghg,Annual Carbon Emissions,Scope 2,2026,44
energy,Orrington,utility-usage,,cost,"Annual Cost (Electric, Natural Gas, Water)",directCost,2018,39942.3687
energy,Orrington,utility-usage,,cost,"Annual Cost (Electric, Natural Gas, Water)",directCost,2019,40582.3591
energy,Orrington,utility-usage,,cost,"Annual Cost (Electric, Natural Gas, Water)",directCost,2020,29179.881699999998
energy,Orrington,utility-usage,,cost,"Annual Cost (Electric, Natural Gas, Water)",directCost,2021,34661.2783
energy,Orrington,utility-usage,,cost,"Annual Cost (Electric, Natural Gas, Water)",directCost,2022,39236.6561
energy,Orrington,utility-usage,,cost,"Annual Cost (Electric, Natural Gas, Water)",directCost,2023,37484.3038
energy,Orrington,utility-usage,,cost,"Annual Cost (Electric, Natural Gas, Water)",directCost,2024,40849.0034
energy,Orrington,utility-usage,,cost,"Annual Cost (Electric, Natural Gas, Water)",directCost,2025,44617.3348
energy,Orrington,utility-usage,,cost,"Annual Cost (Electric, Natural Gas, Water)",directCost,2026,26372.1275
energy,Orrington,utility-usage,,eui,Annual Building Energy Use Intensity (EUI),,2018,60.78287439541474
energy,Orrington,utility-usage,,eui,Annual Building Energy Use Intensity (EUI),,2019,62.79763392495685
energy,Orrington,utility-usage,,eui,Annual Building Energy Use Intensity (EUI),,2020,51.087214390727205
energy,Orrington,utility-usage,,eui,Annual Building Energy Use Intensity (EUI),,2021,56.512443866788836
energy,Orrington,utility-usage,,eui,Annual Building Energy Use Intensity (EUI),,2022,68.17613602369335
energy,Orrington,utility-usage,,eui,Annual Building Energy Use Intensity (EUI),,2023,53.227669933735314
energy,Orrington,utility-usage,,eui,Annual Building Energy Use Intensity (EUI),,2024,47.550946349050776
energy,Orrington,utility-usage,,eui,Annual Building Energy Use Intensity (EUI),,2025,55.449907058998996
energy,Orrington,utility-usage,,eui,Annual Building Energy Use Intensity (EUI),,2026,33.60633584045341
energy,Orrington,utility-usage,,cost-savings,Utility SavingsMoney saved by using less energy and water(2026 vs. 2018 usage at today's rates)Jan – Aug 2026 vs. same period 2018,,value,9060.763344799892
energy,Park,utility-usage,,global-use,Annual Utility Usage,Electric,2018,796
energy,Park,utility-usage,,global-use,Annual Utility Usage,Electric,2019,765
energy,Park,utility-usage,,global-use,Annual Utility Usage,Electric,2020,617
energy,Park,utility-usage,,global-use,Annual Utility Usage,Electric,2021,749
energy,Park,utility-usage,,global-use,Annual Utility Usage,Electric,2022,722
energy,Park,utility-usage,,global-use,Annual Utility Usage,Electric,2023,607
energy,Park,utility-usage,,global-use,Annual Utility Usage,Electric,2024,618
energy,Park,utility-usage,,global-use,Annual Utility Usage,Electric,2025,649
energy,Park,utility-usage,,global-use,Annual Utility Usage,Electric,2026,354
energy,Park,utility-usage,,global-use,Annual Utility Usage,Natural Gas,2018,1938
energy,Park,utility-usage,,global-use,Annual Utility Usage,Natural Gas,2019,1956
energy,Park,utility-usage,,global-use,Annual Utility Usage,Natural Gas,2020,1739
energy,Park,utility-usage,,global-use,Annual Utility Usage,Natural Gas,2021,1540
energy,Park,utility-usage,,global-use,Annual Utility Usage,Natural Gas,2022,1596
energy,Park,utility-usage,,global-use,Annual Utility Usage,Natural Gas,2023,1232
energy,Park,utility-usage,,global-use,Annual Utility Usage,Natural Gas,2024,1183
energy,Park,utility-usage,,global-use,Annual Utility Usage,Natural Gas,2025,1486
energy,Park,utility-usage,,global-use,Annual Utility Usage,Natural Gas,2026,888
energy,Park,utility-usage,,ghg,Annual Carbon Emissions,Scope 1,2018,83
energy,Park,utility-usage,,ghg,Annual Carbon Emissions,Scope 1,2019,103
energy,Park,utility-usage,,ghg,Annual Carbon Emissions,Scope 1,2020,92
energy,Park,utility-usage,,ghg,Annual Carbon Emissions,Scope 1,2021,82
energy,Park,utility-usage,,ghg,Annual Carbon Emissions,Scope 1,2022,84
energy,Park,utility-usage,,ghg,Annual Carbon Emissions,Scope 1,2023,66
energy,Park,utility-usage,,ghg,Annual Carbon Emissions,Scope 1,2024,63
energy,Park,utility-usage,,ghg,Annual Carbon Emissions,Scope 1,2025,79
energy,Park,utility-usage,,ghg,Annual Carbon Emissions,Scope 1,2026,47
energy,Park,utility-usage,,ghg,Annual Carbon Emissions,Scope 2,2018,123
energy,Park,utility-usage,,ghg,Annual Carbon Emissions,Scope 2,2019,109
energy,Park,utility-usage,,ghg,Annual Carbon Emissions,Scope 2,2020,82
energy,Park,utility-usage,,ghg,Annual Carbon Emissions,Scope 2,2021,104
energy,Park,utility-usage,,ghg,Annual Carbon Emissions,Scope 2,2022,96
energy,Park,utility-usage,,ghg,Annual Carbon Emissions,Scope 2,2023,74
energy,Park,utility-usage,,ghg,Annual Carbon Emissions,Scope 2,2024,75
energy,Park,utility-usage,,ghg,Annual Carbon Emissions,Scope 2,2025,79
energy,Park,utility-usage,,ghg,Annual Carbon Emissions,Scope 2,2026,43
energy,Park,utility-usage,,cost,"Annual Cost (Electric, Natural Gas, Water)",directCost,2018,36192.503899999996
energy,Park,utility-usage,,cost,"Annual Cost (Electric, Natural Gas, Water)",directCost,2019,37772.8134
energy,Park,utility-usage,,cost,"Annual Cost (Electric, Natural Gas, Water)",directCost,2020,30515.2027
energy,Park,utility-usage,,cost,"Annual Cost (Electric, Natural Gas, Water)",directCost,2021,30809.8802
energy,Park,utility-usage,,cost,"Annual Cost (Electric, Natural Gas, Water)",directCost,2022,30413.3082
energy,Park,utility-usage,,cost,"Annual Cost (Electric, Natural Gas, Water)",directCost,2023,30200.9305
energy,Park,utility-usage,,cost,"Annual Cost (Electric, Natural Gas, Water)",directCost,2024,34308.16
energy,Park,utility-usage,,cost,"Annual Cost (Electric, Natural Gas, Water)",directCost,2025,40288.8958
energy,Park,utility-usage,,cost,"Annual Cost (Electric, Natural Gas, Water)",directCost,2026,23601.0681
energy,Park,utility-usage,,eui,Annual Building Energy Use Intensity (EUI),,2018,77.30962001300648
energy,Park,utility-usage,,eui,Annual Building Energy Use Intensity (EUI),,2019,76.92500636186276
energy,Park,utility-usage,,eui,Annual Building Energy Use Intensity (EUI),,2020,66.62028161845788
energy,Park,utility-usage,,eui,Annual Building Energy Use Intensity (EUI),,2021,64.69559366075721
energy,Park,utility-usage,,eui,Annual Building Energy Use Intensity (EUI),,2022,65.52713266604462
energy,Park,utility-usage,,eui,Annual Building Energy Use Intensity (EUI),,2023,52.015868521503094
energy,Park,utility-usage,,eui,Annual Building Energy Use Intensity (EUI),,2024,50.913222947945826
energy,Park,utility-usage,,eui,Annual Building Energy Use Intensity (EUI),,2025,60.37835236237169
energy,Park,utility-usage,,eui,Annual Building Energy Use Intensity (EUI),,2026,35.12849681906862
energy,Park,utility-usage,,cost-savings,Utility SavingsMoney saved by using less energy and water(2026 vs. 2018 usage at today's rates)Jan – Aug 2026 vs. same period 2018,,value,11535.543429089787
energy,Walker,utility-usage,,global-use,Annual Utility Usage,Electric,2018,1071
energy,Walker,utility-usage,,global-use,Annual Utility Usage,Electric,2019,1066
energy,Walker,utility-usage,,global-use,Annual Utility Usage,Electric,2020,756
energy,Walker,utility-usage,,global-use,Annual Utility Usage,Electric,2021,1055
energy,Walker,utility-usage,,global-use,Annual Utility Usage,Electric,2022,1074
energy,Walker,utility-usage,,global-use,Annual Utility Usage,Electric,2023,721
energy,Walker,utility-usage,,global-use,Annual Utility Usage,Electric,2024,717
energy,Walker,utility-usage,,global-use,Annual Utility Usage,Electric,2025,552
energy,Walker,utility-usage,,global-use,Annual Utility Usage,Electric,2026,451
energy,Walker,utility-usage,,global-use,Annual Utility Usage,Natural Gas,2018,2178
energy,Walker,utility-usage,,global-use,Annual Utility Usage,Natural Gas,2019,2379
energy,Walker,utility-usage,,global-use,Annual Utility Usage,Natural Gas,2020,1933
energy,Walker,utility-usage,,global-use,Annual Utility Usage,Natural Gas,2021,2228
energy,Walker,utility-usage,,global-use,Annual Utility Usage,Natural Gas,2022,2802
energy,Walker,utility-usage,,global-use,Annual Utility Usage,Natural Gas,2023,2242
energy,Walker,utility-usage,,global-use,Annual Utility Usage,Natural Gas,2024,2140
energy,Walker,utility-usage,,global-use,Annual Utility Usage,Natural Gas,2025,2675
energy,Walker,utility-usage,,global-use,Annual Utility Usage,Natural Gas,2026,1516
energy,Walker,utility-usage,,ghg,Annual Carbon Emissions,Scope 1,2018,91
energy,Walker,utility-usage,,ghg,Annual Carbon Emissions,Scope 1,2019,126
energy,Walker,utility-usage,,ghg,Annual Carbon Emissions,Scope 1,2020,103
energy,Walker,utility-usage,,ghg,Annual Carbon Emissions,Scope 1,2021,119
energy,Walker,utility-usage,,ghg,Annual Carbon Emissions,Scope 1,2022,148
energy,Walker,utility-usage,,ghg,Annual Carbon Emissions,Scope 1,2023,119
energy,Walker,utility-usage,,ghg,Annual Carbon Emissions,Scope 1,2024,114
energy,Walker,utility-usage,,ghg,Annual Carbon Emissions,Scope 1,2025,142
energy,Walker,utility-usage,,ghg,Annual Carbon Emissions,Scope 1,2026,80
energy,Walker,utility-usage,,ghg,Annual Carbon Emissions,Scope 2,2018,165
energy,Walker,utility-usage,,ghg,Annual Carbon Emissions,Scope 2,2019,151
energy,Walker,utility-usage,,ghg,Annual Carbon Emissions,Scope 2,2020,101
energy,Walker,utility-usage,,ghg,Annual Carbon Emissions,Scope 2,2021,146
energy,Walker,utility-usage,,ghg,Annual Carbon Emissions,Scope 2,2022,143
energy,Walker,utility-usage,,ghg,Annual Carbon Emissions,Scope 2,2023,88
energy,Walker,utility-usage,,ghg,Annual Carbon Emissions,Scope 2,2024,87
energy,Walker,utility-usage,,ghg,Annual Carbon Emissions,Scope 2,2025,67
energy,Walker,utility-usage,,ghg,Annual Carbon Emissions,Scope 2,2026,55
energy,Walker,utility-usage,,cost,"Annual Cost (Electric, Natural Gas, Water)",directCost,2018,46354.4049
energy,Walker,utility-usage,,cost,"Annual Cost (Electric, Natural Gas, Water)",directCost,2019,50185.8941
energy,Walker,utility-usage,,cost,"Annual Cost (Electric, Natural Gas, Water)",directCost,2020,38974.0123
energy,Walker,utility-usage,,cost,"Annual Cost (Electric, Natural Gas, Water)",directCost,2021,43581.955
energy,Walker,utility-usage,,cost,"Annual Cost (Electric, Natural Gas, Water)",directCost,2022,48151.1912
energy,Walker,utility-usage,,cost,"Annual Cost (Electric, Natural Gas, Water)",directCost,2023,44614.7351
energy,Walker,utility-usage,,cost,"Annual Cost (Electric, Natural Gas, Water)",directCost,2024,47711.1515
energy,Walker,utility-usage,,cost,"Annual Cost (Electric, Natural Gas, Water)",directCost,2025,47939.5285
energy,Walker,utility-usage,,cost,"Annual Cost (Electric, Natural Gas, Water)",directCost,2026,33011.348
energy,Walker,utility-usage,,eui,Annual Building Energy Use Intensity (EUI),,2018,63.178282955760814
energy,Walker,utility-usage,,eui,Annual Building Energy Use Intensity (EUI),,2019,66.99037367039378
energy,Walker,utility-usage,,eui,Annual Building Energy Use Intensity (EUI),,2020,52.29604556149732
energy,Walker,utility-usage,,eui,Annual Building Energy Use Intensity (EUI),,2021,63.826102887700536
energy,Walker,utility-usage,,eui,Annual Building Energy Use Intensity (EUI),,2022,75.37208849781236
energy,Walker,utility-usage,,eui,Annual Building Energy Use Intensity (EUI),,2023,57.63648775887214
energy,Walker,utility-usage,,eui,Annual Building Energy Use Intensity (EUI),,2024,55.55122856587263
energy,Walker,utility-usage,,eui,Annual Building Energy Use Intensity (EUI),,2025,62.74618677685951
energy,Walker,utility-usage,,eui,Annual Building Energy Use Intensity (EUI),,2026,38.243041652892565
energy,Walker,utility-usage,,cost-savings,Utility SavingsMoney saved by using less energy and water(2026 vs. 2018 usage at today's rates)Jan – Aug 2026 vs. same period 2018,,value,9709.698708395532
energy,Warehouse,utility-usage,,global-use,Annual Utility Usage,Electric,2018,616
energy,Warehouse,utility-usage,,global-use,Annual Utility Usage,Electric,2019,678
energy,Warehouse,utility-usage,,global-use,Annual Utility Usage,Electric,2020,660
energy,Warehouse,utility-usage,,global-use,Annual Utility Usage,Electric,2021,522
energy,Warehouse,utility-usage,,global-use,Annual Utility Usage,Electric,2022,520
energy,Warehouse,utility-usage,,global-use,Annual Utility Usage,Electric,2023,534
energy,Warehouse,utility-usage,,global-use,Annual Utility Usage,Electric,2024,559
energy,Warehouse,utility-usage,,global-use,Annual Utility Usage,Electric,2025,582
energy,Warehouse,utility-usage,,global-use,Annual Utility Usage,Electric,2026,324
energy,Warehouse,utility-usage,,global-use,Annual Utility Usage,Natural Gas,2018,2658
energy,Warehouse,utility-usage,,global-use,Annual Utility Usage,Natural Gas,2019,3338
energy,Warehouse,utility-usage,,global-use,Annual Utility Usage,Natural Gas,2020,2795
energy,Warehouse,utility-usage,,global-use,Annual Utility Usage,Natural Gas,2021,3041
energy,Warehouse,utility-usage,,global-use,Annual Utility Usage,Natural Gas,2022,3692
energy,Warehouse,utility-usage,,global-use,Annual Utility Usage,Natural Gas,2023,3286
energy,Warehouse,utility-usage,,global-use,Annual Utility Usage,Natural Gas,2024,3180
energy,Warehouse,utility-usage,,global-use,Annual Utility Usage,Natural Gas,2025,3839
energy,Warehouse,utility-usage,,global-use,Annual Utility Usage,Natural Gas,2026,2140
energy,Warehouse,utility-usage,,ghg,Annual Carbon Emissions,Scope 1,2018,142
energy,Warehouse,utility-usage,,ghg,Annual Carbon Emissions,Scope 1,2019,177
energy,Warehouse,utility-usage,,ghg,Annual Carbon Emissions,Scope 1,2020,148
energy,Warehouse,utility-usage,,ghg,Annual Carbon Emissions,Scope 1,2021,162
energy,Warehouse,utility-usage,,ghg,Annual Carbon Emissions,Scope 1,2022,196
energy,Warehouse,utility-usage,,ghg,Annual Carbon Emissions,Scope 1,2023,174
energy,Warehouse,utility-usage,,ghg,Annual Carbon Emissions,Scope 1,2024,170
energy,Warehouse,utility-usage,,ghg,Annual Carbon Emissions,Scope 1,2025,203
energy,Warehouse,utility-usage,,ghg,Annual Carbon Emissions,Scope 1,2026,114
energy,Warehouse,utility-usage,,ghg,Annual Carbon Emissions,Scope 2,2018,95
energy,Warehouse,utility-usage,,ghg,Annual Carbon Emissions,Scope 2,2019,96
energy,Warehouse,utility-usage,,ghg,Annual Carbon Emissions,Scope 2,2020,88
energy,Warehouse,utility-usage,,ghg,Annual Carbon Emissions,Scope 2,2021,73
energy,Warehouse,utility-usage,,ghg,Annual Carbon Emissions,Scope 2,2022,69
energy,Warehouse,utility-usage,,ghg,Annual Carbon Emissions,Scope 2,2023,65
energy,Warehouse,utility-usage,,ghg,Annual Carbon Emissions,Scope 2,2024,68
energy,Warehouse,utility-usage,,ghg,Annual Carbon Emissions,Scope 2,2025,71
energy,Warehouse,utility-usage,,ghg,Annual Carbon Emissions,Scope 2,2026,40
energy,Warehouse,utility-usage,,cost,"Annual Cost (Electric, Natural Gas, Water)",directCost,2018,34584.635
energy,Warehouse,utility-usage,,cost,"Annual Cost (Electric, Natural Gas, Water)",directCost,2019,38679.3895
energy,Warehouse,utility-usage,,cost,"Annual Cost (Electric, Natural Gas, Water)",directCost,2020,35063.971
energy,Warehouse,utility-usage,,cost,"Annual Cost (Electric, Natural Gas, Water)",directCost,2021,34410.0969
energy,Warehouse,utility-usage,,cost,"Annual Cost (Electric, Natural Gas, Water)",directCost,2022,37692.8497
energy,Warehouse,utility-usage,,cost,"Annual Cost (Electric, Natural Gas, Water)",directCost,2023,38932.1613
energy,Warehouse,utility-usage,,cost,"Annual Cost (Electric, Natural Gas, Water)",directCost,2024,41441.7326
energy,Warehouse,utility-usage,,cost,"Annual Cost (Electric, Natural Gas, Water)",directCost,2025,48282.8516
energy,Warehouse,utility-usage,,cost,"Annual Cost (Electric, Natural Gas, Water)",directCost,2026,31315.082
energy,Warehouse,utility-usage,,eui,Annual Building Energy Use Intensity (EUI),,2018,74.4238039090909
energy,Warehouse,utility-usage,,eui,Annual Building Energy Use Intensity (EUI),,2019,91.27307504545455
energy,Warehouse,utility-usage,,eui,Annual Building Energy Use Intensity (EUI),,2020,78.52483813636364
energy,Warehouse,utility-usage,,eui,Annual Building Energy Use Intensity (EUI),,2021,80.96024888636363
energy,Warehouse,utility-usage,,eui,Annual Building Energy Use Intensity (EUI),,2022,95.74678204545455
energy,Warehouse,utility-usage,,eui,Annual Building Energy Use Intensity (EUI),,2023,86.83853313636364
energy,Warehouse,utility-usage,,eui,Annual Building Energy Use Intensity (EUI),,2024,84.97384145454546
energy,Warehouse,utility-usage,,eui,Annual Building Energy Use Intensity (EUI),,2025,100.46871793181818
energy,Warehouse,utility-usage,,eui,Annual Building Energy Use Intensity (EUI),,2026,55.98553938636363
energy,Warehouse,utility-usage,,cost-savings,Utility SavingsMoney saved by using less energy and water(2026 vs. 2018 usage at today's rates)Jan – Aug 2026 vs. same period 2018,,value,-701.0032299318482
energy,Washington,utility-usage,,global-use,Annual Utility Usage,Electric,2018,1615
energy,Washington,utility-usage,,global-use,Annual Utility Usage,Electric,2019,1614
energy,Washington,utility-usage,,global-use,Annual Utility Usage,Electric,2020,1061
energy,Washington,utility-usage,,global-use,Annual Utility Usage,Electric,2021,1516
energy,Washington,utility-usage,,global-use,Annual Utility Usage,Electric,2022,1568
energy,Washington,utility-usage,,global-use,Annual Utility Usage,Electric,2023,1291
energy,Washington,utility-usage,,global-use,Annual Utility Usage,Electric,2024,1324
energy,Washington,utility-usage,,global-use,Annual Utility Usage,Electric,2025,1281
energy,Washington,utility-usage,,global-use,Annual Utility Usage,Electric,2026,800
energy,Washington,utility-usage,,global-use,Annual Utility Usage,Natural Gas,2018,5003
energy,Washington,utility-usage,,global-use,Annual Utility Usage,Natural Gas,2019,4676
energy,Washington,utility-usage,,global-use,Annual Utility Usage,Natural Gas,2020,4355
energy,Washington,utility-usage,,global-use,Annual Utility Usage,Natural Gas,2021,4703
energy,Washington,utility-usage,,global-use,Annual Utility Usage,Natural Gas,2022,5046
energy,Washington,utility-usage,,global-use,Annual Utility Usage,Natural Gas,2023,4193
energy,Washington,utility-usage,,global-use,Annual Utility Usage,Natural Gas,2024,3958
energy,Washington,utility-usage,,global-use,Annual Utility Usage,Natural Gas,2025,4725
energy,Washington,utility-usage,,global-use,Annual Utility Usage,Natural Gas,2026,3008
energy,Washington,utility-usage,,ghg,Annual Carbon Emissions,Scope 1,2018,251
energy,Washington,utility-usage,,ghg,Annual Carbon Emissions,Scope 1,2019,247
energy,Washington,utility-usage,,ghg,Annual Carbon Emissions,Scope 1,2020,232
energy,Washington,utility-usage,,ghg,Annual Carbon Emissions,Scope 1,2021,251
energy,Washington,utility-usage,,ghg,Annual Carbon Emissions,Scope 1,2022,267
energy,Washington,utility-usage,,ghg,Annual Carbon Emissions,Scope 1,2023,223
energy,Washington,utility-usage,,ghg,Annual Carbon Emissions,Scope 1,2024,210
energy,Washington,utility-usage,,ghg,Annual Carbon Emissions,Scope 1,2025,253
energy,Washington,utility-usage,,ghg,Annual Carbon Emissions,Scope 1,2026,158
energy,Washington,utility-usage,,ghg,Annual Carbon Emissions,Scope 2,2018,249
energy,Washington,utility-usage,,ghg,Annual Carbon Emissions,Scope 2,2019,229
energy,Washington,utility-usage,,ghg,Annual Carbon Emissions,Scope 2,2020,141
energy,Washington,utility-usage,,ghg,Annual Carbon Emissions,Scope 2,2021,210
energy,Washington,utility-usage,,ghg,Annual Carbon Emissions,Scope 2,2022,209
energy,Washington,utility-usage,,ghg,Annual Carbon Emissions,Scope 2,2023,157
energy,Washington,utility-usage,,ghg,Annual Carbon Emissions,Scope 2,2024,161
energy,Washington,utility-usage,,ghg,Annual Carbon Emissions,Scope 2,2025,156
energy,Washington,utility-usage,,ghg,Annual Carbon Emissions,Scope 2,2026,98
energy,Washington,utility-usage,,cost,"Annual Cost (Electric, Natural Gas, Water)",directCost,2018,76544.1433
energy,Washington,utility-usage,,cost,"Annual Cost (Electric, Natural Gas, Water)",directCost,2019,77987.8117
energy,Washington,utility-usage,,cost,"Annual Cost (Electric, Natural Gas, Water)",directCost,2020,61725.7246
energy,Washington,utility-usage,,cost,"Annual Cost (Electric, Natural Gas, Water)",directCost,2021,69661.842
energy,Washington,utility-usage,,cost,"Annual Cost (Electric, Natural Gas, Water)",directCost,2022,73123.1592
energy,Washington,utility-usage,,cost,"Annual Cost (Electric, Natural Gas, Water)",directCost,2023,73199.604
energy,Washington,utility-usage,,cost,"Annual Cost (Electric, Natural Gas, Water)",directCost,2024,78990.5653
energy,Washington,utility-usage,,cost,"Annual Cost (Electric, Natural Gas, Water)",directCost,2025,89559.0155
energy,Washington,utility-usage,,cost,"Annual Cost (Electric, Natural Gas, Water)",directCost,2026,57229.3975
energy,Washington,utility-usage,,eui,Annual Building Energy Use Intensity (EUI),,2018,86.18381015130603
energy,Washington,utility-usage,,eui,Annual Building Energy Use Intensity (EUI),,2019,81.90869190603922
energy,Washington,utility-usage,,eui,Annual Building Energy Use Intensity (EUI),,2020,70.52037152009166
energy,Washington,utility-usage,,eui,Annual Building Energy Use Intensity (EUI),,2021,80.98915575926456
energy,Washington,utility-usage,,eui,Annual Building Energy Use Intensity (EUI),,2022,86.1152747858017
energy,Washington,utility-usage,,eui,Annual Building Energy Use Intensity (EUI),,2023,71.40948977837965
energy,Washington,utility-usage,,eui,Annual Building Energy Use Intensity (EUI),,2024,68.77963509466393
energy,Washington,utility-usage,,eui,Annual Building Energy Use Intensity (EUI),,2025,78.20023376910858
energy,Washington,utility-usage,,eui,Annual Building Energy Use Intensity (EUI),,2026,49.583704796999925
energy,Washington,utility-usage,,cost-savings,Utility SavingsMoney saved by using less energy and water(2026 vs. 2018 usage at today's rates)Jan – Aug 2026 vs. same period 2018,,value,12251.244615505195
energy,Willard,utility-usage,,global-use,Annual Utility Usage,Electric,2018,1036
energy,Willard,utility-usage,,global-use,Annual Utility Usage,Electric,2019,988
energy,Willard,utility-usage,,global-use,Annual Utility Usage,Electric,2020,779
energy,Willard,utility-usage,,global-use,Annual Utility Usage,Electric,2021,1010
energy,Willard,utility-usage,,global-use,Annual Utility Usage,Electric,2022,997
energy,Willard,utility-usage,,global-use,Annual Utility Usage,Electric,2023,905
energy,Willard,utility-usage,,global-use,Annual Utility Usage,Electric,2024,967
energy,Willard,utility-usage,,global-use,Annual Utility Usage,Electric,2025,881
energy,Willard,utility-usage,,global-use,Annual Utility Usage,Electric,2026,562
energy,Willard,utility-usage,,global-use,Annual Utility Usage,Natural Gas,2018,3529
energy,Willard,utility-usage,,global-use,Annual Utility Usage,Natural Gas,2019,3511
energy,Willard,utility-usage,,global-use,Annual Utility Usage,Natural Gas,2020,2891
energy,Willard,utility-usage,,global-use,Annual Utility Usage,Natural Gas,2021,3330
energy,Willard,utility-usage,,global-use,Annual Utility Usage,Natural Gas,2022,3524
energy,Willard,utility-usage,,global-use,Annual Utility Usage,Natural Gas,2023,2782
energy,Willard,utility-usage,,global-use,Annual Utility Usage,Natural Gas,2024,2625
energy,Willard,utility-usage,,global-use,Annual Utility Usage,Natural Gas,2025,2884
energy,Willard,utility-usage,,global-use,Annual Utility Usage,Natural Gas,2026,1767
energy,Willard,utility-usage,,ghg,Annual Carbon Emissions,Scope 1,2018,190
energy,Willard,utility-usage,,ghg,Annual Carbon Emissions,Scope 1,2019,185
energy,Willard,utility-usage,,ghg,Annual Carbon Emissions,Scope 1,2020,153
energy,Willard,utility-usage,,ghg,Annual Carbon Emissions,Scope 1,2021,178
energy,Willard,utility-usage,,ghg,Annual Carbon Emissions,Scope 1,2022,185
energy,Willard,utility-usage,,ghg,Annual Carbon Emissions,Scope 1,2023,148
energy,Willard,utility-usage,,ghg,Annual Carbon Emissions,Scope 1,2024,140
energy,Willard,utility-usage,,ghg,Annual Carbon Emissions,Scope 1,2025,153
energy,Willard,utility-usage,,ghg,Annual Carbon Emissions,Scope 1,2026,94
energy,Willard,utility-usage,,ghg,Annual Carbon Emissions,Scope 2,2018,160
energy,Willard,utility-usage,,ghg,Annual Carbon Emissions,Scope 2,2019,140
energy,Willard,utility-usage,,ghg,Annual Carbon Emissions,Scope 2,2020,104
energy,Willard,utility-usage,,ghg,Annual Carbon Emissions,Scope 2,2021,140
energy,Willard,utility-usage,,ghg,Annual Carbon Emissions,Scope 2,2022,133
energy,Willard,utility-usage,,ghg,Annual Carbon Emissions,Scope 2,2023,110
energy,Willard,utility-usage,,ghg,Annual Carbon Emissions,Scope 2,2024,118
energy,Willard,utility-usage,,ghg,Annual Carbon Emissions,Scope 2,2025,107
energy,Willard,utility-usage,,ghg,Annual Carbon Emissions,Scope 2,2026,69
energy,Willard,utility-usage,,cost,"Annual Cost (Electric, Natural Gas, Water)",directCost,2018,54953.2612
energy,Willard,utility-usage,,cost,"Annual Cost (Electric, Natural Gas, Water)",directCost,2019,53435.5584
energy,Willard,utility-usage,,cost,"Annual Cost (Electric, Natural Gas, Water)",directCost,2020,43019.8545
energy,Willard,utility-usage,,cost,"Annual Cost (Electric, Natural Gas, Water)",directCost,2021,50743.7592
energy,Willard,utility-usage,,cost,"Annual Cost (Electric, Natural Gas, Water)",directCost,2022,54940.483
energy,Willard,utility-usage,,cost,"Annual Cost (Electric, Natural Gas, Water)",directCost,2023,51878.320700000004
energy,Willard,utility-usage,,cost,"Annual Cost (Electric, Natural Gas, Water)",directCost,2024,58092.1605
energy,Willard,utility-usage,,cost,"Annual Cost (Electric, Natural Gas, Water)",directCost,2025,62349.61350000001
energy,Willard,utility-usage,,cost,"Annual Cost (Electric, Natural Gas, Water)",directCost,2026,39114.2628
energy,Willard,utility-usage,,eui,Annual Building Energy Use Intensity (EUI),,2018,72.89004029695857
energy,Willard,utility-usage,,eui,Annual Building Energy Use Intensity (EUI),,2019,71.83281406561827
energy,Willard,utility-usage,,eui,Annual Building Energy Use Intensity (EUI),,2020,58.58407609164205
energy,Willard,utility-usage,,eui,Annual Building Energy Use Intensity (EUI),,2021,69.28723277720125
energy,Willard,utility-usage,,eui,Annual Building Energy Use Intensity (EUI),,2022,72.18403675261435
energy,Willard,utility-usage,,eui,Annual Building Energy Use Intensity (EUI),,2023,58.872341901492774
energy,Willard,utility-usage,,eui,Annual Building Energy Use Intensity (EUI),,2024,57.35777870200367
energy,Willard,utility-usage,,eui,Annual Building Energy Use Intensity (EUI),,2025,60.104169442005265
energy,Willard,utility-usage,,eui,Annual Building Energy Use Intensity (EUI),,2026,37.1750960804662
energy,Willard,utility-usage,,cost-savings,Utility SavingsMoney saved by using less energy and water(2026 vs. 2018 usage at today's rates)Jan – Aug 2026 vs. same period 2018,,value,13055.544629477721
