dataset,scope,page,test_type,chart_id,chart_title,series,category,value
students,District,home,,home-iep,IEP Status,,Has IEP,953.0
students,District,home,,home-iep,IEP Status,,No IEP,4509.0
students,District,home,,home-lep,EL Status,,EL,775.0
students,District,home,,home-lep,EL Status,,Not EL,4687.0
students,District,home,,home-race,Race/Ethnicity,,Asian,240.0
students,District,home,,home-race,Race/Ethnicity,,Black or African American,1238.0
students,District,home,,home-race,Race/Ethnicity,,Hispanic or Latino,1143.0
students,District,home,,home-race,Race/Ethnicity,,Middle Eastern or North African,18.0
students,District,home,,home-race,Race/Ethnicity,,Multi-racial,596.0
students,District,home,,home-race,Race/Ethnicity,,White,2220.0
students,District,home,,home-race,Race/Ethnicity,,Other*,6.0
students,District,home,,home-incidents,Incidents - SY27,,LVL1,507.0
students,District,home,,home-incidents,Incidents - SY27,,LVL2,261.0
students,District,home,,home-incidents,Incidents - SY27,,LVL3,197.0
students,District,home,,home-incidents,Incidents - SY27,,LVL4,3.0
students,District,home,,home-grade,Grade Level,,0,534.0
students,District,home,,home-grade,Grade Level,,1,564.0
students,District,home,,home-grade,Grade Level,,2,545.0
students,District,home,,home-grade,Grade Level,,3,606.0
students,District,home,,home-grade,Grade Level,,4,620.0
students,District,home,,home-grade,Grade Level,,5,645.0
students,District,home,,home-grade,Grade Level,,6,603.0
students,District,home,,home-grade,Grade Level,,7,659.0
students,District,home,,home-grade,Grade Level,,8,686.0
students,District,home,,home-twi,TWI Status,,TWE,290.0
students,District,home,,home-twi,TWI Status,,TWS,239.0
students,District,home,,home-twi,TWI Status,,TWX,157.0
students,District,home,,home-ada,ADA,,value,95.02
students,District,home,,home-enrollment,Enrollment,,value,5462.0
students,District,attendance,,students-count-att,summary counts,,Students,5462.0
students,District,attendance,,students-count-att,summary counts,,IEP,953.0
students,District,attendance,,students-count-att,summary counts,,EL,775.0
students,District,attendance,,att-ada,ADA,,value,95.02
students,District,attendance,,att-cron-abs,Chronic Absenteeism (%),,value,19.28
students,District,discipline,,students-count-discipline,summary counts,,Incidents,968.0
students,District,discipline,,students-count-discipline,summary counts,,Students,416.0
students,District,discipline,,students-count-discipline,summary counts,,Minor Incidents,768.0
students,District,discipline,,students-count-discipline,summary counts,,Major Incidents,200.0
students,District,discipline,,school,Incidents by School,,Chute Middle School,211.0
students,District,discipline,,school,Incidents by School,,Dawes Elementary School,62.0
students,District,discipline,,school,Incidents by School,,Dewey Elementary School,20.0
students,District,discipline,,school,Incidents by School,,Dr Martin Luther King Jr Literary & Fine Arts School,89.0
students,District,discipline,,school,Incidents by School,,Foster School,26.0
students,District,discipline,,school,Incidents by School,,Haven Middle School,156.0
students,District,discipline,,school,Incidents by School,,Lincoln Elementary School,165.0
students,District,discipline,,school,Incidents by School,,Lincolnwood Elementary School,5.0
students,District,discipline,,school,Incidents by School,,Nichols Middle School,47.0
students,District,discipline,,school,Incidents by School,,Oakton Elementary School,46.0
students,District,discipline,,school,Incidents by School,,Orrington Elementary School,8.0
students,District,discipline,,school,Incidents by School,,Walker Elementary School,17.0
students,District,discipline,,school,Incidents by School,,Washington Elementary School,47.0
students,District,discipline,,school,Incidents by School,,Willard Elementary School,69.0
students,District,discipline,,lvl,Incident Types,,LVL1,507.0
students,District,discipline,,lvl,Incident Types,,LVL2,261.0
students,District,discipline,,lvl,Incident Types,,LVL3,197.0
students,District,discipline,,lvl,Incident Types,,LVL4,3.0
students,District,discipline,,months,Incidents by Month,,August,148.0
students,District,discipline,,months,Incidents by Month,,September,820.0
students,District,discipline,,race,Incidents by Race/Ethnicity,,American Indian or Alaska Native,6.0
students,District,discipline,,race,Incidents by Race/Ethnicity,,Asian,20.0
students,District,discipline,,race,Incidents by Race/Ethnicity,,Black or African American,462.0
students,District,discipline,,race,Incidents by Race/Ethnicity,,Hispanic or Latino,165.0
students,District,discipline,,race,Incidents by Race/Ethnicity,,Middle Eastern or North African,1.0
students,District,discipline,,race,Incidents by Race/Ethnicity,,Multi-racial,88.0
students,District,discipline,,race,Incidents by Race/Ethnicity,,White,226.0
students,District,discipline,,grade,Incidents by Grade,,0,192.0
students,District,discipline,,grade,Incidents by Grade,,1,123.0
students,District,discipline,,grade,Incidents by Grade,,2,54.0
students,District,discipline,,grade,Incidents by Grade,,3,47.0
students,District,discipline,,grade,Incidents by Grade,,4,41.0
students,District,discipline,,grade,Incidents by Grade,,5,51.0
students,District,discipline,,grade,Incidents by Grade,,6,153.0
students,District,discipline,,grade,Incidents by Grade,,7,141.0
students,District,discipline,,grade,Incidents by Grade,,8,166.0
students,District,assessments,STAR Reading,students-count-ast,summary counts,,Students,3713.0
students,District,assessments,STAR Reading,ast-graph-1,STAR Reading Benchmark Category (Fall SY27),Urgent Intervention,Urgent Intervention,268.0
students,District,assessments,STAR Reading,ast-graph-1,STAR Reading Benchmark Category (Fall SY27),Intervention,Intervention,338.0
students,District,assessments,STAR Reading,ast-graph-1,STAR Reading Benchmark Category (Fall SY27),Approaching Benchmark,Approaching Benchmark,1111.0
students,District,assessments,STAR Reading,ast-graph-1,STAR Reading Benchmark Category (Fall SY27),At Benchmark,At Benchmark,1666.0
students,District,assessments,STAR Reading,ast-graph-1,STAR Reading Benchmark Category (Fall SY27),Above Benchmark,Above Benchmark,330.0
students,District,assessments,STAR Early Literacy,students-count-ast,summary counts,,Students,1584.0
students,District,assessments,STAR Early Literacy,ast-graph-1,STAR Early Literacy Benchmark Category (Fall SY27),Urgent Intervention,Urgent Intervention,102.0
students,District,assessments,STAR Early Literacy,ast-graph-1,STAR Early Literacy Benchmark Category (Fall SY27),Intervention,Intervention,154.0
students,District,assessments,STAR Early Literacy,ast-graph-1,STAR Early Literacy Benchmark Category (Fall SY27),Approaching Benchmark,Approaching Benchmark,560.0
students,District,assessments,STAR Early Literacy,ast-graph-1,STAR Early Literacy Benchmark Category (Fall SY27),At Benchmark,At Benchmark,671.0
students,District,assessments,STAR Early Literacy,ast-graph-1,STAR Early Literacy Benchmark Category (Fall SY27),Above Benchmark,Above Benchmark,97.0
students,District,assessments,STAR Reading Spanish,students-count-ast,summary counts,,Students,563.0
students,District,assessments,STAR Reading Spanish,ast-graph-1,STAR Reading Spanish Benchmark Category (Fall SY27),Urgent Intervention,Urgent Intervention,99.0
students,District,assessments,STAR Reading Spanish,ast-graph-1,STAR Reading Spanish Benchmark Category (Fall SY27),Intervention,Intervention,139.0
students,District,assessments,STAR Reading Spanish,ast-graph-1,STAR Reading Spanish Benchmark Category (Fall SY27),Approaching Benchmark,Approaching Benchmark,211.0
students,District,assessments,STAR Reading Spanish,ast-graph-1,STAR Reading Spanish Benchmark Category (Fall SY27),At Benchmark,At Benchmark,98.0
students,District,assessments,STAR Reading Spanish,ast-graph-1,STAR Reading Spanish Benchmark Category (Fall SY27),Above Benchmark,Above Benchmark,16.0
students,District,assessments,STAR Early Literacy Spanish,students-count-ast,summary counts,,Students,334.0
students,District,assessments,STAR Early Literacy Spanish,ast-graph-1,STAR Early Literacy Spanish Benchmark Category (Fall SY27),Urgent Intervention,Urgent Intervention,17.0
students,District,assessments,STAR Early Literacy Spanish,ast-graph-1,STAR Early Literacy Spanish Benchmark Category (Fall SY27),Intervention,Intervention,31.0
students,District,assessments,STAR Early Literacy Spanish,ast-graph-1,STAR Early Literacy Spanish Benchmark Category (Fall SY27),Approaching Benchmark,Approaching Benchmark,104.0
students,District,assessments,STAR Early Literacy Spanish,ast-graph-1,STAR Early Literacy Spanish Benchmark Category (Fall SY27),At Benchmark,At Benchmark,158.0
students,District,assessments,STAR Early Literacy Spanish,ast-graph-1,STAR Early Literacy Spanish Benchmark Category (Fall SY27),Above Benchmark,Above Benchmark,24.0
students,District,assessments,i-Ready Math,students-count-ast,summary counts,,Students,5208.0
students,District,assessments,i-Ready Math,ast-graph-1,i-Ready Math — Overall Relative Placement,3 or More Grade Levels Below,3 or More Grade Levels Below,505.0
students,District,assessments,i-Ready Math,ast-graph-1,i-Ready Math — Overall Relative Placement,2 Grade Levels Below,2 Grade Levels Below,570.0
students,District,assessments,i-Ready Math,ast-graph-1,i-Ready Math — Overall Relative Placement,1 Grade Level Below,1 Grade Level Below,2286.0
students,District,assessments,i-Ready Math,ast-graph-1,i-Ready Math — Overall Relative Placement,Early On Grade Level,Early On Grade Level,992.0
students,District,assessments,i-Ready Math,ast-graph-1,i-Ready Math — Overall Relative Placement,Mid or Above Grade Level,Mid or Above Grade Level,855.0
students,Chute Middle School,home,,home-iep,IEP Status,,Has IEP,94.0
students,Chute Middle School,home,,home-iep,IEP Status,,No IEP,497.0
students,Chute Middle School,home,,home-lep,EL Status,,EL,84.0
students,Chute Middle School,home,,home-lep,EL Status,,Not EL,507.0
students,Chute Middle School,home,,home-race,Race/Ethnicity,,Asian,43.0
students,Chute Middle School,home,,home-race,Race/Ethnicity,,Black or African American,175.0
students,Chute Middle School,home,,home-race,Race/Ethnicity,,Hispanic or Latino,156.0
students,Chute Middle School,home,,home-race,Race/Ethnicity,,Multi-racial,59.0
students,Chute Middle School,home,,home-race,Race/Ethnicity,,White,153.0
students,Chute Middle School,home,,home-race,Race/Ethnicity,,Other*,5.0
students,Chute Middle School,home,,home-incidents,Incidents - SY27,,LVL1,134.0
students,Chute Middle School,home,,home-incidents,Incidents - SY27,,LVL2,51.0
students,Chute Middle School,home,,home-incidents,Incidents - SY27,,LVL3,26.0
students,Chute Middle School,home,,home-grade,Grade Level,,6,184.0
students,Chute Middle School,home,,home-grade,Grade Level,,7,209.0
students,Chute Middle School,home,,home-grade,Grade Level,,8,198.0
students,Chute Middle School,home,,home-ada,ADA,,value,93.99
students,Chute Middle School,home,,home-enrollment,Enrollment,,value,591.0
students,Chute Middle School,attendance,,students-count-att,summary counts,,Students,591.0
students,Chute Middle School,attendance,,students-count-att,summary counts,,IEP,94.0
students,Chute Middle School,attendance,,students-count-att,summary counts,,EL,84.0
students,Chute Middle School,attendance,,att-ada,ADA,,value,93.99
students,Chute Middle School,attendance,,att-cron-abs,Chronic Absenteeism (%),,value,21.15
students,Chute Middle School,discipline,,students-count-discipline,summary counts,,Incidents,211.0
students,Chute Middle School,discipline,,students-count-discipline,summary counts,,Students,95.0
students,Chute Middle School,discipline,,students-count-discipline,summary counts,,Minor Incidents,185.0
students,Chute Middle School,discipline,,students-count-discipline,summary counts,,Major Incidents,26.0
students,Chute Middle School,discipline,,school,Incidents by School,,Chute Middle School,211.0
students,Chute Middle School,discipline,,lvl,Incident Types,,LVL1,134.0
students,Chute Middle School,discipline,,lvl,Incident Types,,LVL2,51.0
students,Chute Middle School,discipline,,lvl,Incident Types,,LVL3,26.0
students,Chute Middle School,discipline,,months,Incidents by Month,,August,40.0
students,Chute Middle School,discipline,,months,Incidents by Month,,September,171.0
students,Chute Middle School,discipline,,race,Incidents by Race/Ethnicity,,American Indian or Alaska Native,2.0
students,Chute Middle School,discipline,,race,Incidents by Race/Ethnicity,,Asian,6.0
students,Chute Middle School,discipline,,race,Incidents by Race/Ethnicity,,Black or African American,128.0
students,Chute Middle School,discipline,,race,Incidents by Race/Ethnicity,,Hispanic or Latino,51.0
students,Chute Middle School,discipline,,race,Incidents by Race/Ethnicity,,Middle Eastern or North African,1.0
students,Chute Middle School,discipline,,race,Incidents by Race/Ethnicity,,White,23.0
students,Chute Middle School,discipline,,grade,Incidents by Grade,,6,58.0
students,Chute Middle School,discipline,,grade,Incidents by Grade,,7,50.0
students,Chute Middle School,discipline,,grade,Incidents by Grade,,8,103.0
students,Chute Middle School,assessments,STAR Reading,students-count-ast,summary counts,,Students,582.0
students,Chute Middle School,assessments,STAR Reading,ast-graph-1,STAR Reading Benchmark Category (Fall SY27),Urgent Intervention,Urgent Intervention,44.0
students,Chute Middle School,assessments,STAR Reading,ast-graph-1,STAR Reading Benchmark Category (Fall SY27),Intervention,Intervention,46.0
students,Chute Middle School,assessments,STAR Reading,ast-graph-1,STAR Reading Benchmark Category (Fall SY27),Approaching Benchmark,Approaching Benchmark,210.0
students,Chute Middle School,assessments,STAR Reading,ast-graph-1,STAR Reading Benchmark Category (Fall SY27),At Benchmark,At Benchmark,247.0
students,Chute Middle School,assessments,STAR Reading,ast-graph-1,STAR Reading Benchmark Category (Fall SY27),Above Benchmark,Above Benchmark,35.0
students,Chute Middle School,assessments,STAR Reading Spanish,students-count-ast,summary counts,,Students,86.0
students,Chute Middle School,assessments,STAR Reading Spanish,ast-graph-1,STAR Reading Spanish Benchmark Category (Fall SY27),Urgent Intervention,Urgent Intervention,16.0
students,Chute Middle School,assessments,STAR Reading Spanish,ast-graph-1,STAR Reading Spanish Benchmark Category (Fall SY27),Intervention,Intervention,19.0
students,Chute Middle School,assessments,STAR Reading Spanish,ast-graph-1,STAR Reading Spanish Benchmark Category (Fall SY27),Approaching Benchmark,Approaching Benchmark,31.0
students,Chute Middle School,assessments,STAR Reading Spanish,ast-graph-1,STAR Reading Spanish Benchmark Category (Fall SY27),At Benchmark,At Benchmark,18.0
students,Chute Middle School,assessments,STAR Reading Spanish,ast-graph-1,STAR Reading Spanish Benchmark Category (Fall SY27),Above Benchmark,Above Benchmark,2.0
students,Chute Middle School,assessments,i-Ready Math,students-count-ast,summary counts,,Students,579.0
students,Chute Middle School,assessments,i-Ready Math,ast-graph-1,i-Ready Math — Overall Relative Placement,3 or More Grade Levels Below,3 or More Grade Levels Below,100.0
students,Chute Middle School,assessments,i-Ready Math,ast-graph-1,i-Ready Math — Overall Relative Placement,2 Grade Levels Below,2 Grade Levels Below,69.0
students,Chute Middle School,assessments,i-Ready Math,ast-graph-1,i-Ready Math — Overall Relative Placement,1 Grade Level Below,1 Grade Level Below,186.0
students,Chute Middle School,assessments,i-Ready Math,ast-graph-1,i-Ready Math — Overall Relative Placement,Early On Grade Level,Early On Grade Level,141.0
students,Chute Middle School,assessments,i-Ready Math,ast-graph-1,i-Ready Math — Overall Relative Placement,Mid or Above Grade Level,Mid or Above Grade Level,83.0
students,Dawes Elementary School,home,,home-iep,IEP Status,,Has IEP,54.0
students,Dawes Elementary School,home,,home-iep,IEP Status,,No IEP,234.0
students,Dawes Elementary School,home,,home-lep,EL Status,,EL,65.0
students,Dawes Elementary School,home,,home-lep,EL Status,,Not EL,223.0
students,Dawes Elementary School,home,,home-race,Race/Ethnicity,,Asian,10.0
students,Dawes Elementary School,home,,home-race,Race/Ethnicity,,Black or African American,80.0
students,Dawes Elementary School,home,,home-race,Race/Ethnicity,,Hispanic or Latino,83.0
students,Dawes Elementary School,home,,home-race,Race/Ethnicity,,Multi-racial,32.0
students,Dawes Elementary School,home,,home-race,Race/Ethnicity,,White,81.0
students,Dawes Elementary School,home,,home-race,Race/Ethnicity,,Other*,2.0
students,Dawes Elementary School,home,,home-incidents,Incidents - SY27,,LVL1,30.0
students,Dawes Elementary School,home,,home-incidents,Incidents - SY27,,LVL2,8.0
students,Dawes Elementary School,home,,home-incidents,Incidents - SY27,,LVL3,24.0
students,Dawes Elementary School,home,,home-grade,Grade Level,,0,43.0
students,Dawes Elementary School,home,,home-grade,Grade Level,,1,45.0
students,Dawes Elementary School,home,,home-grade,Grade Level,,2,42.0
students,Dawes Elementary School,home,,home-grade,Grade Level,,3,48.0
students,Dawes Elementary School,home,,home-grade,Grade Level,,4,59.0
students,Dawes Elementary School,home,,home-grade,Grade Level,,5,51.0
students,Dawes Elementary School,home,,home-twi,TWI Status,,TWE,48.0
students,Dawes Elementary School,home,,home-twi,TWI Status,,TWS,50.0
students,Dawes Elementary School,home,,home-twi,TWI Status,,TWX,16.0
students,Dawes Elementary School,home,,home-ada,ADA,,value,95.53
students,Dawes Elementary School,home,,home-enrollment,Enrollment,,value,288.0
students,Dawes Elementary School,attendance,,students-count-att,summary counts,,Students,288.0
students,Dawes Elementary School,attendance,,students-count-att,summary counts,,IEP,54.0
students,Dawes Elementary School,attendance,,students-count-att,summary counts,,EL,65.0
students,Dawes Elementary School,attendance,,att-ada,ADA,,value,95.53
students,Dawes Elementary School,attendance,,att-cron-abs,Chronic Absenteeism (%),,value,15.28
students,Dawes Elementary School,discipline,,students-count-discipline,summary counts,,Incidents,62.0
students,Dawes Elementary School,discipline,,students-count-discipline,summary counts,,Students,25.0
students,Dawes Elementary School,discipline,,students-count-discipline,summary counts,,Minor Incidents,38.0
students,Dawes Elementary School,discipline,,students-count-discipline,summary counts,,Major Incidents,24.0
students,Dawes Elementary School,discipline,,school,Incidents by School,,Dawes Elementary School,62.0
students,Dawes Elementary School,discipline,,lvl,Incident Types,,LVL1,30.0
students,Dawes Elementary School,discipline,,lvl,Incident Types,,LVL2,8.0
students,Dawes Elementary School,discipline,,lvl,Incident Types,,LVL3,24.0
students,Dawes Elementary School,discipline,,months,Incidents by Month,,August,2.0
students,Dawes Elementary School,discipline,,months,Incidents by Month,,September,60.0
students,Dawes Elementary School,discipline,,race,Incidents by Race/Ethnicity,,Asian,1.0
students,Dawes Elementary School,discipline,,race,Incidents by Race/Ethnicity,,Black or African American,42.0
students,Dawes Elementary School,discipline,,race,Incidents by Race/Ethnicity,,Hispanic or Latino,4.0
students,Dawes Elementary School,discipline,,race,Incidents by Race/Ethnicity,,Multi-racial,4.0
students,Dawes Elementary School,discipline,,race,Incidents by Race/Ethnicity,,White,11.0
students,Dawes Elementary School,discipline,,grade,Incidents by Grade,,0,34.0
students,Dawes Elementary School,discipline,,grade,Incidents by Grade,,1,2.0
students,Dawes Elementary School,discipline,,grade,Incidents by Grade,,2,3.0
students,Dawes Elementary School,discipline,,grade,Incidents by Grade,,3,10.0
students,Dawes Elementary School,discipline,,grade,Incidents by Grade,,4,12.0
students,Dawes Elementary School,discipline,,grade,Incidents by Grade,,5,1.0
students,Dawes Elementary School,assessments,STAR Reading,students-count-ast,summary counts,,Students,156.0
students,Dawes Elementary School,assessments,STAR Reading,ast-graph-1,STAR Reading Benchmark Category (Fall SY27),Urgent Intervention,Urgent Intervention,13.0
students,Dawes Elementary School,assessments,STAR Reading,ast-graph-1,STAR Reading Benchmark Category (Fall SY27),Intervention,Intervention,16.0
students,Dawes Elementary School,assessments,STAR Reading,ast-graph-1,STAR Reading Benchmark Category (Fall SY27),Approaching Benchmark,Approaching Benchmark,51.0
students,Dawes Elementary School,assessments,STAR Reading,ast-graph-1,STAR Reading Benchmark Category (Fall SY27),At Benchmark,At Benchmark,58.0
students,Dawes Elementary School,assessments,STAR Reading,ast-graph-1,STAR Reading Benchmark Category (Fall SY27),Above Benchmark,Above Benchmark,18.0
students,Dawes Elementary School,assessments,STAR Early Literacy,students-count-ast,summary counts,,Students,125.0
students,Dawes Elementary School,assessments,STAR Early Literacy,ast-graph-1,STAR Early Literacy Benchmark Category (Fall SY27),Urgent Intervention,Urgent Intervention,10.0
students,Dawes Elementary School,assessments,STAR Early Literacy,ast-graph-1,STAR Early Literacy Benchmark Category (Fall SY27),Intervention,Intervention,19.0
students,Dawes Elementary School,assessments,STAR Early Literacy,ast-graph-1,STAR Early Literacy Benchmark Category (Fall SY27),Approaching Benchmark,Approaching Benchmark,47.0
students,Dawes Elementary School,assessments,STAR Early Literacy,ast-graph-1,STAR Early Literacy Benchmark Category (Fall SY27),At Benchmark,At Benchmark,43.0
students,Dawes Elementary School,assessments,STAR Early Literacy,ast-graph-1,STAR Early Literacy Benchmark Category (Fall SY27),Above Benchmark,Above Benchmark,6.0
students,Dawes Elementary School,assessments,STAR Reading Spanish,students-count-ast,summary counts,,Students,55.0
students,Dawes Elementary School,assessments,STAR Reading Spanish,ast-graph-1,STAR Reading Spanish Benchmark Category (Fall SY27),Urgent Intervention,Urgent Intervention,7.0
students,Dawes Elementary School,assessments,STAR Reading Spanish,ast-graph-1,STAR Reading Spanish Benchmark Category (Fall SY27),Intervention,Intervention,15.0
students,Dawes Elementary School,assessments,STAR Reading Spanish,ast-graph-1,STAR Reading Spanish Benchmark Category (Fall SY27),Approaching Benchmark,Approaching Benchmark,23.0
students,Dawes Elementary School,assessments,STAR Reading Spanish,ast-graph-1,STAR Reading Spanish Benchmark Category (Fall SY27),At Benchmark,At Benchmark,8.0
students,Dawes Elementary School,assessments,STAR Reading Spanish,ast-graph-1,STAR Reading Spanish Benchmark Category (Fall SY27),Above Benchmark,Above Benchmark,2.0
students,Dawes Elementary School,assessments,STAR Early Literacy Spanish,students-count-ast,summary counts,,Students,58.0
students,Dawes Elementary School,assessments,STAR Early Literacy Spanish,ast-graph-1,STAR Early Literacy Spanish Benchmark Category (Fall SY27),Urgent Intervention,Urgent Intervention,3.0
students,Dawes Elementary School,assessments,STAR Early Literacy Spanish,ast-graph-1,STAR Early Literacy Spanish Benchmark Category (Fall SY27),Intervention,Intervention,3.0
students,Dawes Elementary School,assessments,STAR Early Literacy Spanish,ast-graph-1,STAR Early Literacy Spanish Benchmark Category (Fall SY27),Approaching Benchmark,Approaching Benchmark,13.0
students,Dawes Elementary School,assessments,STAR Early Literacy Spanish,ast-graph-1,STAR Early Literacy Spanish Benchmark Category (Fall SY27),At Benchmark,At Benchmark,33.0
students,Dawes Elementary School,assessments,STAR Early Literacy Spanish,ast-graph-1,STAR Early Literacy Spanish Benchmark Category (Fall SY27),Above Benchmark,Above Benchmark,6.0
students,Dawes Elementary School,assessments,i-Ready Math,students-count-ast,summary counts,,Students,281.0
students,Dawes Elementary School,assessments,i-Ready Math,ast-graph-1,i-Ready Math — Overall Relative Placement,3 or More Grade Levels Below,3 or More Grade Levels Below,11.0
students,Dawes Elementary School,assessments,i-Ready Math,ast-graph-1,i-Ready Math — Overall Relative Placement,2 Grade Levels Below,2 Grade Levels Below,37.0
students,Dawes Elementary School,assessments,i-Ready Math,ast-graph-1,i-Ready Math — Overall Relative Placement,1 Grade Level Below,1 Grade Level Below,169.0
students,Dawes Elementary School,assessments,i-Ready Math,ast-graph-1,i-Ready Math — Overall Relative Placement,Early On Grade Level,Early On Grade Level,29.0
students,Dawes Elementary School,assessments,i-Ready Math,ast-graph-1,i-Ready Math — Overall Relative Placement,Mid or Above Grade Level,Mid or Above Grade Level,35.0
students,Dewey Elementary School,home,,home-iep,IEP Status,,Has IEP,50.0
students,Dewey Elementary School,home,,home-iep,IEP Status,,No IEP,265.0
students,Dewey Elementary School,home,,home-lep,EL Status,,EL,43.0
students,Dewey Elementary School,home,,home-lep,EL Status,,Not EL,272.0
students,Dewey Elementary School,home,,home-race,Race/Ethnicity,,Asian,18.0
students,Dewey Elementary School,home,,home-race,Race/Ethnicity,,Black or African American,47.0
students,Dewey Elementary School,home,,home-race,Race/Ethnicity,,Hispanic or Latino,70.0
students,Dewey Elementary School,home,,home-race,Race/Ethnicity,,Multi-racial,40.0
students,Dewey Elementary School,home,,home-race,Race/Ethnicity,,White,135.0
students,Dewey Elementary School,home,,home-race,Race/Ethnicity,,Other*,5.0
students,Dewey Elementary School,home,,home-incidents,Incidents - SY27,,LVL1,5.0
students,Dewey Elementary School,home,,home-incidents,Incidents - SY27,,LVL2,3.0
students,Dewey Elementary School,home,,home-incidents,Incidents - SY27,,LVL3,12.0
students,Dewey Elementary School,home,,home-grade,Grade Level,,0,48.0
students,Dewey Elementary School,home,,home-grade,Grade Level,,1,55.0
students,Dewey Elementary School,home,,home-grade,Grade Level,,2,45.0
students,Dewey Elementary School,home,,home-grade,Grade Level,,3,52.0
students,Dewey Elementary School,home,,home-grade,Grade Level,,4,64.0
students,Dewey Elementary School,home,,home-grade,Grade Level,,5,51.0
students,Dewey Elementary School,home,,home-twi,TWI Status,,TWE,49.0
students,Dewey Elementary School,home,,home-twi,TWI Status,,TWS,27.0
students,Dewey Elementary School,home,,home-twi,TWI Status,,TWX,26.0
students,Dewey Elementary School,home,,home-ada,ADA,,value,95.6
students,Dewey Elementary School,home,,home-enrollment,Enrollment,,value,315.0
students,Dewey Elementary School,attendance,,students-count-att,summary counts,,Students,315.0
students,Dewey Elementary School,attendance,,students-count-att,summary counts,,IEP,50.0
students,Dewey Elementary School,attendance,,students-count-att,summary counts,,EL,43.0
students,Dewey Elementary School,attendance,,att-ada,ADA,,value,95.6
students,Dewey Elementary School,attendance,,att-cron-abs,Chronic Absenteeism (%),,value,16.51
students,Dewey Elementary School,discipline,,students-count-discipline,summary counts,,Incidents,20.0
students,Dewey Elementary School,discipline,,students-count-discipline,summary counts,,Students,8.0
students,Dewey Elementary School,discipline,,students-count-discipline,summary counts,,Minor Incidents,8.0
students,Dewey Elementary School,discipline,,students-count-discipline,summary counts,,Major Incidents,12.0
students,Dewey Elementary School,discipline,,school,Incidents by School,,Dewey Elementary School,20.0
students,Dewey Elementary School,discipline,,lvl,Incident Types,,LVL1,5.0
students,Dewey Elementary School,discipline,,lvl,Incident Types,,LVL2,3.0
students,Dewey Elementary School,discipline,,lvl,Incident Types,,LVL3,12.0
students,Dewey Elementary School,discipline,,months,Incidents by Month,,August,5.0
students,Dewey Elementary School,discipline,,months,Incidents by Month,,September,15.0
students,Dewey Elementary School,discipline,,race,Incidents by Race/Ethnicity,,American Indian or Alaska Native,4.0
students,Dewey Elementary School,discipline,,race,Incidents by Race/Ethnicity,,Black or African American,10.0
students,Dewey Elementary School,discipline,,race,Incidents by Race/Ethnicity,,Hispanic or Latino,2.0
students,Dewey Elementary School,discipline,,race,Incidents by Race/Ethnicity,,White,4.0
students,Dewey Elementary School,discipline,,grade,Incidents by Grade,,0,9.0
students,Dewey Elementary School,discipline,,grade,Incidents by Grade,,1,1.0
students,Dewey Elementary School,discipline,,grade,Incidents by Grade,,2,3.0
students,Dewey Elementary School,discipline,,grade,Incidents by Grade,,3,3.0
students,Dewey Elementary School,discipline,,grade,Incidents by Grade,,4,4.0
students,Dewey Elementary School,assessments,STAR Reading,students-count-ast,summary counts,,Students,162.0
students,Dewey Elementary School,assessments,STAR Reading,ast-graph-1,STAR Reading Benchmark Category (Fall SY27),Urgent Intervention,Urgent Intervention,8.0
students,Dewey Elementary School,assessments,STAR Reading,ast-graph-1,STAR Reading Benchmark Category (Fall SY27),Intervention,Intervention,12.0
students,Dewey Elementary School,assessments,STAR Reading,ast-graph-1,STAR Reading Benchmark Category (Fall SY27),Approaching Benchmark,Approaching Benchmark,56.0
students,Dewey Elementary School,assessments,STAR Reading,ast-graph-1,STAR Reading Benchmark Category (Fall SY27),At Benchmark,At Benchmark,66.0
students,Dewey Elementary School,assessments,STAR Reading,ast-graph-1,STAR Reading Benchmark Category (Fall SY27),Above Benchmark,Above Benchmark,20.0
students,Dewey Elementary School,assessments,STAR Early Literacy,students-count-ast,summary counts,,Students,144.0
students,Dewey Elementary School,assessments,STAR Early Literacy,ast-graph-1,STAR Early Literacy Benchmark Category (Fall SY27),Urgent Intervention,Urgent Intervention,11.0
students,Dewey Elementary School,assessments,STAR Early Literacy,ast-graph-1,STAR Early Literacy Benchmark Category (Fall SY27),Intervention,Intervention,11.0
students,Dewey Elementary School,assessments,STAR Early Literacy,ast-graph-1,STAR Early Literacy Benchmark Category (Fall SY27),Approaching Benchmark,Approaching Benchmark,37.0
students,Dewey Elementary School,assessments,STAR Early Literacy,ast-graph-1,STAR Early Literacy Benchmark Category (Fall SY27),At Benchmark,At Benchmark,71.0
students,Dewey Elementary School,assessments,STAR Early Literacy,ast-graph-1,STAR Early Literacy Benchmark Category (Fall SY27),Above Benchmark,Above Benchmark,14.0
students,Dewey Elementary School,assessments,STAR Reading Spanish,students-count-ast,summary counts,,Students,45.0
students,Dewey Elementary School,assessments,STAR Reading Spanish,ast-graph-1,STAR Reading Spanish Benchmark Category (Fall SY27),Urgent Intervention,Urgent Intervention,12.0
students,Dewey Elementary School,assessments,STAR Reading Spanish,ast-graph-1,STAR Reading Spanish Benchmark Category (Fall SY27),Intervention,Intervention,7.0
students,Dewey Elementary School,assessments,STAR Reading Spanish,ast-graph-1,STAR Reading Spanish Benchmark Category (Fall SY27),Approaching Benchmark,Approaching Benchmark,20.0
students,Dewey Elementary School,assessments,STAR Reading Spanish,ast-graph-1,STAR Reading Spanish Benchmark Category (Fall SY27),At Benchmark,At Benchmark,6.0
students,Dewey Elementary School,assessments,STAR Early Literacy Spanish,students-count-ast,summary counts,,Students,56.0
students,Dewey Elementary School,assessments,STAR Early Literacy Spanish,ast-graph-1,STAR Early Literacy Spanish Benchmark Category (Fall SY27),Urgent Intervention,Urgent Intervention,2.0
students,Dewey Elementary School,assessments,STAR Early Literacy Spanish,ast-graph-1,STAR Early Literacy Spanish Benchmark Category (Fall SY27),Intervention,Intervention,8.0
students,Dewey Elementary School,assessments,STAR Early Literacy Spanish,ast-graph-1,STAR Early Literacy Spanish Benchmark Category (Fall SY27),Approaching Benchmark,Approaching Benchmark,10.0
students,Dewey Elementary School,assessments,STAR Early Literacy Spanish,ast-graph-1,STAR Early Literacy Spanish Benchmark Category (Fall SY27),At Benchmark,At Benchmark,31.0
students,Dewey Elementary School,assessments,STAR Early Literacy Spanish,ast-graph-1,STAR Early Literacy Spanish Benchmark Category (Fall SY27),Above Benchmark,Above Benchmark,5.0
students,Dewey Elementary School,assessments,i-Ready Math,students-count-ast,summary counts,,Students,306.0
students,Dewey Elementary School,assessments,i-Ready Math,ast-graph-1,i-Ready Math — Overall Relative Placement,3 or More Grade Levels Below,3 or More Grade Levels Below,6.0
students,Dewey Elementary School,assessments,i-Ready Math,ast-graph-1,i-Ready Math — Overall Relative Placement,2 Grade Levels Below,2 Grade Levels Below,25.0
students,Dewey Elementary School,assessments,i-Ready Math,ast-graph-1,i-Ready Math — Overall Relative Placement,1 Grade Level Below,1 Grade Level Below,168.0
students,Dewey Elementary School,assessments,i-Ready Math,ast-graph-1,i-Ready Math — Overall Relative Placement,Early On Grade Level,Early On Grade Level,53.0
students,Dewey Elementary School,assessments,i-Ready Math,ast-graph-1,i-Ready Math — Overall Relative Placement,Mid or Above Grade Level,Mid or Above Grade Level,54.0
students,Dr Martin Luther King Jr Literary & Fine Arts School,home,,home-iep,IEP Status,,Has IEP,123.0
students,Dr Martin Luther King Jr Literary & Fine Arts School,home,,home-iep,IEP Status,,No IEP,322.0
students,Dr Martin Luther King Jr Literary & Fine Arts School,home,,home-lep,EL Status,,EL,48.0
students,Dr Martin Luther King Jr Literary & Fine Arts School,home,,home-lep,EL Status,,Not EL,397.0
students,Dr Martin Luther King Jr Literary & Fine Arts School,home,,home-race,Race/Ethnicity,,Asian,17.0
students,Dr Martin Luther King Jr Literary & Fine Arts School,home,,home-race,Race/Ethnicity,,Black or African American,181.0
students,Dr Martin Luther King Jr Literary & Fine Arts School,home,,home-race,Race/Ethnicity,,Hispanic or Latino,76.0
students,Dr Martin Luther King Jr Literary & Fine Arts School,home,,home-race,Race/Ethnicity,,Multi-racial,56.0
students,Dr Martin Luther King Jr Literary & Fine Arts School,home,,home-race,Race/Ethnicity,,White,115.0
students,Dr Martin Luther King Jr Literary & Fine Arts School,home,,home-incidents,Incidents - SY27,,LVL1,46.0
students,Dr Martin Luther King Jr Literary & Fine Arts School,home,,home-incidents,Incidents - SY27,,LVL2,31.0
students,Dr Martin Luther King Jr Literary & Fine Arts School,home,,home-incidents,Incidents - SY27,,LVL3,12.0
students,Dr Martin Luther King Jr Literary & Fine Arts School,home,,home-grade,Grade Level,,0,41.0
students,Dr Martin Luther King Jr Literary & Fine Arts School,home,,home-grade,Grade Level,,1,40.0
students,Dr Martin Luther King Jr Literary & Fine Arts School,home,,home-grade,Grade Level,,2,37.0
students,Dr Martin Luther King Jr Literary & Fine Arts School,home,,home-grade,Grade Level,,3,56.0
students,Dr Martin Luther King Jr Literary & Fine Arts School,home,,home-grade,Grade Level,,4,54.0
students,Dr Martin Luther King Jr Literary & Fine Arts School,home,,home-grade,Grade Level,,5,46.0
students,Dr Martin Luther King Jr Literary & Fine Arts School,home,,home-grade,Grade Level,,6,43.0
students,Dr Martin Luther King Jr Literary & Fine Arts School,home,,home-grade,Grade Level,,7,67.0
students,Dr Martin Luther King Jr Literary & Fine Arts School,home,,home-grade,Grade Level,,8,61.0
students,Dr Martin Luther King Jr Literary & Fine Arts School,home,,home-ada,ADA,,value,93.69
students,Dr Martin Luther King Jr Literary & Fine Arts School,home,,home-enrollment,Enrollment,,value,445.0
students,Dr Martin Luther King Jr Literary & Fine Arts School,attendance,,students-count-att,summary counts,,Students,445.0
students,Dr Martin Luther King Jr Literary & Fine Arts School,attendance,,students-count-att,summary counts,,IEP,123.0
students,Dr Martin Luther King Jr Literary & Fine Arts School,attendance,,students-count-att,summary counts,,EL,48.0
students,Dr Martin Luther King Jr Literary & Fine Arts School,attendance,,att-ada,ADA,,value,93.69
students,Dr Martin Luther King Jr Literary & Fine Arts School,attendance,,att-cron-abs,Chronic Absenteeism (%),,value,22.25
students,Dr Martin Luther King Jr Literary & Fine Arts School,discipline,,students-count-discipline,summary counts,,Incidents,89.0
students,Dr Martin Luther King Jr Literary & Fine Arts School,discipline,,students-count-discipline,summary counts,,Students,49.0
students,Dr Martin Luther King Jr Literary & Fine Arts School,discipline,,students-count-discipline,summary counts,,Minor Incidents,77.0
students,Dr Martin Luther King Jr Literary & Fine Arts School,discipline,,students-count-discipline,summary counts,,Major Incidents,12.0
students,Dr Martin Luther King Jr Literary & Fine Arts School,discipline,,school,Incidents by School,,Dr Martin Luther King Jr Literary & Fine Arts School,89.0
students,Dr Martin Luther King Jr Literary & Fine Arts School,discipline,,lvl,Incident Types,,LVL1,46.0
students,Dr Martin Luther King Jr Literary & Fine Arts School,discipline,,lvl,Incident Types,,LVL2,31.0
students,Dr Martin Luther King Jr Literary & Fine Arts School,discipline,,lvl,Incident Types,,LVL3,12.0
students,Dr Martin Luther King Jr Literary & Fine Arts School,discipline,,months,Incidents by Month,,August,11.0
students,Dr Martin Luther King Jr Literary & Fine Arts School,discipline,,months,Incidents by Month,,September,78.0
students,Dr Martin Luther King Jr Literary & Fine Arts School,discipline,,race,Incidents by Race/Ethnicity,,Asian,2.0
students,Dr Martin Luther King Jr Literary & Fine Arts School,discipline,,race,Incidents by Race/Ethnicity,,Black or African American,58.0
students,Dr Martin Luther King Jr Literary & Fine Arts School,discipline,,race,Incidents by Race/Ethnicity,,Hispanic or Latino,9.0
students,Dr Martin Luther King Jr Literary & Fine Arts School,discipline,,race,Incidents by Race/Ethnicity,,Multi-racial,6.0
students,Dr Martin Luther King Jr Literary & Fine Arts School,discipline,,race,Incidents by Race/Ethnicity,,White,14.0
students,Dr Martin Luther King Jr Literary & Fine Arts School,discipline,,grade,Incidents by Grade,,0,9.0
students,Dr Martin Luther King Jr Literary & Fine Arts School,discipline,,grade,Incidents by Grade,,1,4.0
students,Dr Martin Luther King Jr Literary & Fine Arts School,discipline,,grade,Incidents by Grade,,2,21.0
students,Dr Martin Luther King Jr Literary & Fine Arts School,discipline,,grade,Incidents by Grade,,3,1.0
students,Dr Martin Luther King Jr Literary & Fine Arts School,discipline,,grade,Incidents by Grade,,4,5.0
students,Dr Martin Luther King Jr Literary & Fine Arts School,discipline,,grade,Incidents by Grade,,5,3.0
students,Dr Martin Luther King Jr Literary & Fine Arts School,discipline,,grade,Incidents by Grade,,6,14.0
students,Dr Martin Luther King Jr Literary & Fine Arts School,discipline,,grade,Incidents by Grade,,7,16.0
students,Dr Martin Luther King Jr Literary & Fine Arts School,discipline,,grade,Incidents by Grade,,8,16.0
students,Dr Martin Luther King Jr Literary & Fine Arts School,assessments,STAR Reading,students-count-ast,summary counts,,Students,312.0
students,Dr Martin Luther King Jr Literary & Fine Arts School,assessments,STAR Reading,ast-graph-1,STAR Reading Benchmark Category (Fall SY27),Urgent Intervention,Urgent Intervention,37.0
students,Dr Martin Luther King Jr Literary & Fine Arts School,assessments,STAR Reading,ast-graph-1,STAR Reading Benchmark Category (Fall SY27),Intervention,Intervention,28.0
students,Dr Martin Luther King Jr Literary & Fine Arts School,assessments,STAR Reading,ast-graph-1,STAR Reading Benchmark Category (Fall SY27),Approaching Benchmark,Approaching Benchmark,107.0
students,Dr Martin Luther King Jr Literary & Fine Arts School,assessments,STAR Reading,ast-graph-1,STAR Reading Benchmark Category (Fall SY27),At Benchmark,At Benchmark,117.0
students,Dr Martin Luther King Jr Literary & Fine Arts School,assessments,STAR Reading,ast-graph-1,STAR Reading Benchmark Category (Fall SY27),Above Benchmark,Above Benchmark,23.0
students,Dr Martin Luther King Jr Literary & Fine Arts School,assessments,STAR Early Literacy,students-count-ast,summary counts,,Students,117.0
students,Dr Martin Luther King Jr Literary & Fine Arts School,assessments,STAR Early Literacy,ast-graph-1,STAR Early Literacy Benchmark Category (Fall SY27),Urgent Intervention,Urgent Intervention,11.0
students,Dr Martin Luther King Jr Literary & Fine Arts School,assessments,STAR Early Literacy,ast-graph-1,STAR Early Literacy Benchmark Category (Fall SY27),Intervention,Intervention,11.0
students,Dr Martin Luther King Jr Literary & Fine Arts School,assessments,STAR Early Literacy,ast-graph-1,STAR Early Literacy Benchmark Category (Fall SY27),Approaching Benchmark,Approaching Benchmark,52.0
students,Dr Martin Luther King Jr Literary & Fine Arts School,assessments,STAR Early Literacy,ast-graph-1,STAR Early Literacy Benchmark Category (Fall SY27),At Benchmark,At Benchmark,39.0
students,Dr Martin Luther King Jr Literary & Fine Arts School,assessments,STAR Early Literacy,ast-graph-1,STAR Early Literacy Benchmark Category (Fall SY27),Above Benchmark,Above Benchmark,4.0
students,Dr Martin Luther King Jr Literary & Fine Arts School,assessments,i-Ready Math,students-count-ast,summary counts,,Students,426.0
students,Dr Martin Luther King Jr Literary & Fine Arts School,assessments,i-Ready Math,ast-graph-1,i-Ready Math — Overall Relative Placement,3 or More Grade Levels Below,3 or More Grade Levels Below,60.0
students,Dr Martin Luther King Jr Literary & Fine Arts School,assessments,i-Ready Math,ast-graph-1,i-Ready Math — Overall Relative Placement,2 Grade Levels Below,2 Grade Levels Below,64.0
students,Dr Martin Luther King Jr Literary & Fine Arts School,assessments,i-Ready Math,ast-graph-1,i-Ready Math — Overall Relative Placement,1 Grade Level Below,1 Grade Level Below,194.0
students,Dr Martin Luther King Jr Literary & Fine Arts School,assessments,i-Ready Math,ast-graph-1,i-Ready Math — Overall Relative Placement,Early On Grade Level,Early On Grade Level,61.0
students,Dr Martin Luther King Jr Literary & Fine Arts School,assessments,i-Ready Math,ast-graph-1,i-Ready Math — Overall Relative Placement,Mid or Above Grade Level,Mid or Above Grade Level,47.0
students,Foster School,home,,home-iep,IEP Status,,Has IEP,73.0
students,Foster School,home,,home-iep,IEP Status,,No IEP,288.0
students,Foster School,home,,home-lep,EL Status,,EL,106.0
students,Foster School,home,,home-lep,EL Status,,Not EL,255.0
students,Foster School,home,,home-race,Race/Ethnicity,,Black or African American,128.0
students,Foster School,home,,home-race,Race/Ethnicity,,Hispanic or Latino,158.0
students,Foster School,home,,home-race,Race/Ethnicity,,Multi-racial,16.0
students,Foster School,home,,home-race,Race/Ethnicity,,White,54.0
students,Foster School,home,,home-race,Race/Ethnicity,,Other*,4.0
students,Foster School,home,,home-incidents,Incidents - SY27,,LVL1,11.0
students,Foster School,home,,home-incidents,Incidents - SY27,,LVL2,3.0
students,Foster School,home,,home-incidents,Incidents - SY27,,LVL3,12.0
students,Foster School,home,,home-grade,Grade Level,,0,46.0
students,Foster School,home,,home-grade,Grade Level,,1,42.0
students,Foster School,home,,home-grade,Grade Level,,2,65.0
students,Foster School,home,,home-grade,Grade Level,,3,79.0
students,Foster School,home,,home-grade,Grade Level,,4,57.0
students,Foster School,home,,home-grade,Grade Level,,5,72.0
students,Foster School,home,,home-twi,TWI Status,,TWE,69.0
students,Foster School,home,,home-twi,TWI Status,,TWS,75.0
students,Foster School,home,,home-twi,TWI Status,,TWX,56.0
students,Foster School,home,,home-ada,ADA,,value,92.95
students,Foster School,home,,home-enrollment,Enrollment,,value,361.0
students,Foster School,attendance,,students-count-att,summary counts,,Students,361.0
students,Foster School,attendance,,students-count-att,summary counts,,IEP,73.0
students,Foster School,attendance,,students-count-att,summary counts,,EL,106.0
students,Foster School,attendance,,att-ada,ADA,,value,92.95
students,Foster School,attendance,,att-cron-abs,Chronic Absenteeism (%),,value,26.87
students,Foster School,discipline,,students-count-discipline,summary counts,,Incidents,26.0
students,Foster School,discipline,,students-count-discipline,summary counts,,Students,19.0
students,Foster School,discipline,,students-count-discipline,summary counts,,Minor Incidents,14.0
students,Foster School,discipline,,students-count-discipline,summary counts,,Major Incidents,12.0
students,Foster School,discipline,,school,Incidents by School,,Foster School,26.0
students,Foster School,discipline,,lvl,Incident Types,,LVL1,11.0
students,Foster School,discipline,,lvl,Incident Types,,LVL2,3.0
students,Foster School,discipline,,lvl,Incident Types,,LVL3,12.0
students,Foster School,discipline,,months,Incidents by Month,,August,2.0
students,Foster School,discipline,,months,Incidents by Month,,September,24.0
students,Foster School,discipline,,race,Incidents by Race/Ethnicity,,Black or African American,20.0
students,Foster School,discipline,,race,Incidents by Race/Ethnicity,,Hispanic or Latino,3.0
students,Foster School,discipline,,race,Incidents by Race/Ethnicity,,Multi-racial,2.0
students,Foster School,discipline,,race,Incidents by Race/Ethnicity,,White,1.0
students,Foster School,discipline,,grade,Incidents by Grade,,0,2.0
students,Foster School,discipline,,grade,Incidents by Grade,,3,8.0
students,Foster School,discipline,,grade,Incidents by Grade,,4,4.0
students,Foster School,discipline,,grade,Incidents by Grade,,5,12.0
students,Foster School,assessments,STAR Reading,students-count-ast,summary counts,,Students,196.0
students,Foster School,assessments,STAR Reading,ast-graph-1,STAR Reading Benchmark Category (Fall SY27),Urgent Intervention,Urgent Intervention,33.0
students,Foster School,assessments,STAR Reading,ast-graph-1,STAR Reading Benchmark Category (Fall SY27),Intervention,Intervention,37.0
students,Foster School,assessments,STAR Reading,ast-graph-1,STAR Reading Benchmark Category (Fall SY27),Approaching Benchmark,Approaching Benchmark,62.0
students,Foster School,assessments,STAR Reading,ast-graph-1,STAR Reading Benchmark Category (Fall SY27),At Benchmark,At Benchmark,58.0
students,Foster School,assessments,STAR Reading,ast-graph-1,STAR Reading Benchmark Category (Fall SY27),Above Benchmark,Above Benchmark,6.0
students,Foster School,assessments,STAR Early Literacy,students-count-ast,summary counts,,Students,147.0
students,Foster School,assessments,STAR Early Literacy,ast-graph-1,STAR Early Literacy Benchmark Category (Fall SY27),Urgent Intervention,Urgent Intervention,28.0
students,Foster School,assessments,STAR Early Literacy,ast-graph-1,STAR Early Literacy Benchmark Category (Fall SY27),Intervention,Intervention,30.0
students,Foster School,assessments,STAR Early Literacy,ast-graph-1,STAR Early Literacy Benchmark Category (Fall SY27),Approaching Benchmark,Approaching Benchmark,50.0
students,Foster School,assessments,STAR Early Literacy,ast-graph-1,STAR Early Literacy Benchmark Category (Fall SY27),At Benchmark,At Benchmark,34.0
students,Foster School,assessments,STAR Early Literacy,ast-graph-1,STAR Early Literacy Benchmark Category (Fall SY27),Above Benchmark,Above Benchmark,5.0
students,Foster School,assessments,STAR Reading Spanish,students-count-ast,summary counts,,Students,108.0
students,Foster School,assessments,STAR Reading Spanish,ast-graph-1,STAR Reading Spanish Benchmark Category (Fall SY27),Urgent Intervention,Urgent Intervention,22.0
students,Foster School,assessments,STAR Reading Spanish,ast-graph-1,STAR Reading Spanish Benchmark Category (Fall SY27),Intervention,Intervention,22.0
students,Foster School,assessments,STAR Reading Spanish,ast-graph-1,STAR Reading Spanish Benchmark Category (Fall SY27),Approaching Benchmark,Approaching Benchmark,38.0
students,Foster School,assessments,STAR Reading Spanish,ast-graph-1,STAR Reading Spanish Benchmark Category (Fall SY27),At Benchmark,At Benchmark,21.0
students,Foster School,assessments,STAR Reading Spanish,ast-graph-1,STAR Reading Spanish Benchmark Category (Fall SY27),Above Benchmark,Above Benchmark,5.0
students,Foster School,assessments,STAR Early Literacy Spanish,students-count-ast,summary counts,,Students,84.0
students,Foster School,assessments,STAR Early Literacy Spanish,ast-graph-1,STAR Early Literacy Spanish Benchmark Category (Fall SY27),Urgent Intervention,Urgent Intervention,7.0
students,Foster School,assessments,STAR Early Literacy Spanish,ast-graph-1,STAR Early Literacy Spanish Benchmark Category (Fall SY27),Intervention,Intervention,9.0
students,Foster School,assessments,STAR Early Literacy Spanish,ast-graph-1,STAR Early Literacy Spanish Benchmark Category (Fall SY27),Approaching Benchmark,Approaching Benchmark,29.0
students,Foster School,assessments,STAR Early Literacy Spanish,ast-graph-1,STAR Early Literacy Spanish Benchmark Category (Fall SY27),At Benchmark,At Benchmark,37.0
students,Foster School,assessments,STAR Early Literacy Spanish,ast-graph-1,STAR Early Literacy Spanish Benchmark Category (Fall SY27),Above Benchmark,Above Benchmark,2.0
students,Foster School,assessments,i-Ready Math,students-count-ast,summary counts,,Students,354.0
students,Foster School,assessments,i-Ready Math,ast-graph-1,i-Ready Math — Overall Relative Placement,3 or More Grade Levels Below,3 or More Grade Levels Below,44.0
students,Foster School,assessments,i-Ready Math,ast-graph-1,i-Ready Math — Overall Relative Placement,2 Grade Levels Below,2 Grade Levels Below,90.0
students,Foster School,assessments,i-Ready Math,ast-graph-1,i-Ready Math — Overall Relative Placement,1 Grade Level Below,1 Grade Level Below,185.0
students,Foster School,assessments,i-Ready Math,ast-graph-1,i-Ready Math — Overall Relative Placement,Early On Grade Level,Early On Grade Level,20.0
students,Foster School,assessments,i-Ready Math,ast-graph-1,i-Ready Math — Overall Relative Placement,Mid or Above Grade Level,Mid or Above Grade Level,15.0
students,Haven Middle School,home,,home-iep,IEP Status,,Has IEP,107.0
students,Haven Middle School,home,,home-iep,IEP Status,,No IEP,497.0
students,Haven Middle School,home,,home-lep,EL Status,,EL,56.0
students,Haven Middle School,home,,home-lep,EL Status,,Not EL,548.0
students,Haven Middle School,home,,home-race,Race/Ethnicity,,Asian,10.0
students,Haven Middle School,home,,home-race,Race/Ethnicity,,Black or African American,116.0
students,Haven Middle School,home,,home-race,Race/Ethnicity,,Hispanic or Latino,97.0
students,Haven Middle School,home,,home-race,Race/Ethnicity,,Multi-racial,61.0
students,Haven Middle School,home,,home-race,Race/Ethnicity,,White,320.0
students,Haven Middle School,home,,home-incidents,Incidents - SY27,,LVL1,99.0
students,Haven Middle School,home,,home-incidents,Incidents - SY27,,LVL2,44.0
students,Haven Middle School,home,,home-incidents,Incidents - SY27,,LVL3,13.0
students,Haven Middle School,home,,home-grade,Grade Level,,6,181.0
students,Haven Middle School,home,,home-grade,Grade Level,,7,211.0
students,Haven Middle School,home,,home-grade,Grade Level,,8,212.0
students,Haven Middle School,home,,home-ada,ADA,,value,95.14
students,Haven Middle School,home,,home-enrollment,Enrollment,,value,604.0
students,Haven Middle School,attendance,,students-count-att,summary counts,,Students,604.0
students,Haven Middle School,attendance,,students-count-att,summary counts,,IEP,107.0
students,Haven Middle School,attendance,,students-count-att,summary counts,,EL,56.0
students,Haven Middle School,attendance,,att-ada,ADA,,value,95.14
students,Haven Middle School,attendance,,att-cron-abs,Chronic Absenteeism (%),,value,20.7
students,Haven Middle School,discipline,,students-count-discipline,summary counts,,Incidents,156.0
students,Haven Middle School,discipline,,students-count-discipline,summary counts,,Students,73.0
students,Haven Middle School,discipline,,students-count-discipline,summary counts,,Minor Incidents,143.0
students,Haven Middle School,discipline,,students-count-discipline,summary counts,,Major Incidents,13.0
students,Haven Middle School,discipline,,school,Incidents by School,,Haven Middle School,156.0
students,Haven Middle School,discipline,,lvl,Incident Types,,LVL1,99.0
students,Haven Middle School,discipline,,lvl,Incident Types,,LVL2,44.0
students,Haven Middle School,discipline,,lvl,Incident Types,,LVL3,13.0
students,Haven Middle School,discipline,,months,Incidents by Month,,August,35.0
students,Haven Middle School,discipline,,months,Incidents by Month,,September,121.0
students,Haven Middle School,discipline,,race,Incidents by Race/Ethnicity,,Asian,1.0
students,Haven Middle School,discipline,,race,Incidents by Race/Ethnicity,,Black or African American,73.0
students,Haven Middle School,discipline,,race,Incidents by Race/Ethnicity,,Hispanic or Latino,11.0
students,Haven Middle School,discipline,,race,Incidents by Race/Ethnicity,,Multi-racial,31.0
students,Haven Middle School,discipline,,race,Incidents by Race/Ethnicity,,White,40.0
students,Haven Middle School,discipline,,grade,Incidents by Grade,,6,54.0
students,Haven Middle School,discipline,,grade,Incidents by Grade,,7,60.0
students,Haven Middle School,discipline,,grade,Incidents by Grade,,8,42.0
students,Haven Middle School,assessments,STAR Reading,students-count-ast,summary counts,,Students,595.0
students,Haven Middle School,assessments,STAR Reading,ast-graph-1,STAR Reading Benchmark Category (Fall SY27),Urgent Intervention,Urgent Intervention,38.0
students,Haven Middle School,assessments,STAR Reading,ast-graph-1,STAR Reading Benchmark Category (Fall SY27),Intervention,Intervention,53.0
students,Haven Middle School,assessments,STAR Reading,ast-graph-1,STAR Reading Benchmark Category (Fall SY27),Approaching Benchmark,Approaching Benchmark,152.0
students,Haven Middle School,assessments,STAR Reading,ast-graph-1,STAR Reading Benchmark Category (Fall SY27),At Benchmark,At Benchmark,291.0
students,Haven Middle School,assessments,STAR Reading,ast-graph-1,STAR Reading Benchmark Category (Fall SY27),Above Benchmark,Above Benchmark,61.0
students,Haven Middle School,assessments,STAR Reading Spanish,students-count-ast,summary counts,,Students,33.0
students,Haven Middle School,assessments,STAR Reading Spanish,ast-graph-1,STAR Reading Spanish Benchmark Category (Fall SY27),Urgent Intervention,Urgent Intervention,5.0
students,Haven Middle School,assessments,STAR Reading Spanish,ast-graph-1,STAR Reading Spanish Benchmark Category (Fall SY27),Intervention,Intervention,5.0
students,Haven Middle School,assessments,STAR Reading Spanish,ast-graph-1,STAR Reading Spanish Benchmark Category (Fall SY27),Approaching Benchmark,Approaching Benchmark,10.0
students,Haven Middle School,assessments,STAR Reading Spanish,ast-graph-1,STAR Reading Spanish Benchmark Category (Fall SY27),At Benchmark,At Benchmark,9.0
students,Haven Middle School,assessments,STAR Reading Spanish,ast-graph-1,STAR Reading Spanish Benchmark Category (Fall SY27),Above Benchmark,Above Benchmark,4.0
students,Haven Middle School,assessments,i-Ready Math,students-count-ast,summary counts,,Students,592.0
students,Haven Middle School,assessments,i-Ready Math,ast-graph-1,i-Ready Math — Overall Relative Placement,3 or More Grade Levels Below,3 or More Grade Levels Below,109.0
students,Haven Middle School,assessments,i-Ready Math,ast-graph-1,i-Ready Math — Overall Relative Placement,2 Grade Levels Below,2 Grade Levels Below,47.0
students,Haven Middle School,assessments,i-Ready Math,ast-graph-1,i-Ready Math — Overall Relative Placement,1 Grade Level Below,1 Grade Level Below,143.0
students,Haven Middle School,assessments,i-Ready Math,ast-graph-1,i-Ready Math — Overall Relative Placement,Early On Grade Level,Early On Grade Level,179.0
students,Haven Middle School,assessments,i-Ready Math,ast-graph-1,i-Ready Math — Overall Relative Placement,Mid or Above Grade Level,Mid or Above Grade Level,114.0
students,Lincoln Elementary School,home,,home-iep,IEP Status,,Has IEP,73.0
students,Lincoln Elementary School,home,,home-iep,IEP Status,,No IEP,277.0
students,Lincoln Elementary School,home,,home-lep,EL Status,,EL,58.0
students,Lincoln Elementary School,home,,home-lep,EL Status,,Not EL,292.0
students,Lincoln Elementary School,home,,home-race,Race/Ethnicity,,Asian,23.0
students,Lincoln Elementary School,home,,home-race,Race/Ethnicity,,Black or African American,60.0
students,Lincoln Elementary School,home,,home-race,Race/Ethnicity,,Hispanic or Latino,40.0
students,Lincoln Elementary School,home,,home-race,Race/Ethnicity,,Multi-racial,47.0
students,Lincoln Elementary School,home,,home-race,Race/Ethnicity,,White,176.0
students,Lincoln Elementary School,home,,home-race,Race/Ethnicity,,Other*,4.0
students,Lincoln Elementary School,home,,home-incidents,Incidents - SY27,,LVL1,49.0
students,Lincoln Elementary School,home,,home-incidents,Incidents - SY27,,LVL2,60.0
students,Lincoln Elementary School,home,,home-incidents,Incidents - SY27,,LVL3,55.0
students,Lincoln Elementary School,home,,home-incidents,Incidents - SY27,,LVL4,1.0
students,Lincoln Elementary School,home,,home-grade,Grade Level,,0,57.0
students,Lincoln Elementary School,home,,home-grade,Grade Level,,1,73.0
students,Lincoln Elementary School,home,,home-grade,Grade Level,,2,53.0
students,Lincoln Elementary School,home,,home-grade,Grade Level,,3,43.0
students,Lincoln Elementary School,home,,home-grade,Grade Level,,4,68.0
students,Lincoln Elementary School,home,,home-grade,Grade Level,,5,56.0
students,Lincoln Elementary School,home,,home-ada,ADA,,value,93.99
students,Lincoln Elementary School,home,,home-enrollment,Enrollment,,value,350.0
students,Lincoln Elementary School,attendance,,students-count-att,summary counts,,Students,350.0
students,Lincoln Elementary School,attendance,,students-count-att,summary counts,,IEP,73.0
students,Lincoln Elementary School,attendance,,students-count-att,summary counts,,EL,58.0
students,Lincoln Elementary School,attendance,,att-ada,ADA,,value,93.99
students,Lincoln Elementary School,attendance,,att-cron-abs,Chronic Absenteeism (%),,value,21.71
students,Lincoln Elementary School,discipline,,students-count-discipline,summary counts,,Incidents,165.0
students,Lincoln Elementary School,discipline,,students-count-discipline,summary counts,,Students,35.0
students,Lincoln Elementary School,discipline,,students-count-discipline,summary counts,,Minor Incidents,109.0
students,Lincoln Elementary School,discipline,,students-count-discipline,summary counts,,Major Incidents,56.0
students,Lincoln Elementary School,discipline,,school,Incidents by School,,Lincoln Elementary School,165.0
students,Lincoln Elementary School,discipline,,lvl,Incident Types,,LVL1,49.0
students,Lincoln Elementary School,discipline,,lvl,Incident Types,,LVL2,60.0
students,Lincoln Elementary School,discipline,,lvl,Incident Types,,LVL3,55.0
students,Lincoln Elementary School,discipline,,lvl,Incident Types,,LVL4,1.0
students,Lincoln Elementary School,discipline,,months,Incidents by Month,,August,31.0
students,Lincoln Elementary School,discipline,,months,Incidents by Month,,September,134.0
students,Lincoln Elementary School,discipline,,race,Incidents by Race/Ethnicity,,Black or African American,65.0
students,Lincoln Elementary School,discipline,,race,Incidents by Race/Ethnicity,,Hispanic or Latino,62.0
students,Lincoln Elementary School,discipline,,race,Incidents by Race/Ethnicity,,Multi-racial,7.0
students,Lincoln Elementary School,discipline,,race,Incidents by Race/Ethnicity,,White,31.0
students,Lincoln Elementary School,discipline,,grade,Incidents by Grade,,0,77.0
students,Lincoln Elementary School,discipline,,grade,Incidents by Grade,,1,44.0
students,Lincoln Elementary School,discipline,,grade,Incidents by Grade,,2,8.0
students,Lincoln Elementary School,discipline,,grade,Incidents by Grade,,3,9.0
students,Lincoln Elementary School,discipline,,grade,Incidents by Grade,,4,8.0
students,Lincoln Elementary School,discipline,,grade,Incidents by Grade,,5,19.0
students,Lincoln Elementary School,assessments,STAR Reading,students-count-ast,summary counts,,Students,160.0
students,Lincoln Elementary School,assessments,STAR Reading,ast-graph-1,STAR Reading Benchmark Category (Fall SY27),Urgent Intervention,Urgent Intervention,16.0
students,Lincoln Elementary School,assessments,STAR Reading,ast-graph-1,STAR Reading Benchmark Category (Fall SY27),Intervention,Intervention,10.0
students,Lincoln Elementary School,assessments,STAR Reading,ast-graph-1,STAR Reading Benchmark Category (Fall SY27),Approaching Benchmark,Approaching Benchmark,40.0
students,Lincoln Elementary School,assessments,STAR Reading,ast-graph-1,STAR Reading Benchmark Category (Fall SY27),At Benchmark,At Benchmark,77.0
students,Lincoln Elementary School,assessments,STAR Reading,ast-graph-1,STAR Reading Benchmark Category (Fall SY27),Above Benchmark,Above Benchmark,17.0
students,Lincoln Elementary School,assessments,STAR Early Literacy,students-count-ast,summary counts,,Students,165.0
students,Lincoln Elementary School,assessments,STAR Early Literacy,ast-graph-1,STAR Early Literacy Benchmark Category (Fall SY27),Urgent Intervention,Urgent Intervention,6.0
students,Lincoln Elementary School,assessments,STAR Early Literacy,ast-graph-1,STAR Early Literacy Benchmark Category (Fall SY27),Intervention,Intervention,16.0
students,Lincoln Elementary School,assessments,STAR Early Literacy,ast-graph-1,STAR Early Literacy Benchmark Category (Fall SY27),Approaching Benchmark,Approaching Benchmark,68.0
students,Lincoln Elementary School,assessments,STAR Early Literacy,ast-graph-1,STAR Early Literacy Benchmark Category (Fall SY27),At Benchmark,At Benchmark,70.0
students,Lincoln Elementary School,assessments,STAR Early Literacy,ast-graph-1,STAR Early Literacy Benchmark Category (Fall SY27),Above Benchmark,Above Benchmark,5.0
students,Lincoln Elementary School,assessments,i-Ready Math,students-count-ast,summary counts,,Students,274.0
students,Lincoln Elementary School,assessments,i-Ready Math,ast-graph-1,i-Ready Math — Overall Relative Placement,3 or More Grade Levels Below,3 or More Grade Levels Below,23.0
students,Lincoln Elementary School,assessments,i-Ready Math,ast-graph-1,i-Ready Math — Overall Relative Placement,2 Grade Levels Below,2 Grade Levels Below,24.0
students,Lincoln Elementary School,assessments,i-Ready Math,ast-graph-1,i-Ready Math — Overall Relative Placement,1 Grade Level Below,1 Grade Level Below,132.0
students,Lincoln Elementary School,assessments,i-Ready Math,ast-graph-1,i-Ready Math — Overall Relative Placement,Early On Grade Level,Early On Grade Level,40.0
students,Lincoln Elementary School,assessments,i-Ready Math,ast-graph-1,i-Ready Math — Overall Relative Placement,Mid or Above Grade Level,Mid or Above Grade Level,55.0
students,Lincolnwood Elementary School,home,,home-iep,IEP Status,,Has IEP,62.0
students,Lincolnwood Elementary School,home,,home-iep,IEP Status,,No IEP,269.0
students,Lincolnwood Elementary School,home,,home-lep,EL Status,,EL,12.0
students,Lincolnwood Elementary School,home,,home-lep,EL Status,,Not EL,319.0
students,Lincolnwood Elementary School,home,,home-race,Race/Ethnicity,,Black or African American,61.0
students,Lincolnwood Elementary School,home,,home-race,Race/Ethnicity,,Hispanic or Latino,19.0
students,Lincolnwood Elementary School,home,,home-race,Race/Ethnicity,,Multi-racial,39.0
students,Lincolnwood Elementary School,home,,home-race,Race/Ethnicity,,White,206.0
students,Lincolnwood Elementary School,home,,home-race,Race/Ethnicity,,Other*,6.0
students,Lincolnwood Elementary School,home,,home-incidents,Incidents - SY27,,LVL3,5.0
students,Lincolnwood Elementary School,home,,home-grade,Grade Level,,0,48.0
students,Lincolnwood Elementary School,home,,home-grade,Grade Level,,1,60.0
students,Lincolnwood Elementary School,home,,home-grade,Grade Level,,2,54.0
students,Lincolnwood Elementary School,home,,home-grade,Grade Level,,3,42.0
students,Lincolnwood Elementary School,home,,home-grade,Grade Level,,4,48.0
students,Lincolnwood Elementary School,home,,home-grade,Grade Level,,5,79.0
students,Lincolnwood Elementary School,home,,home-ada,ADA,,value,97.33
students,Lincolnwood Elementary School,home,,home-enrollment,Enrollment,,value,331.0
students,Lincolnwood Elementary School,attendance,,students-count-att,summary counts,,Students,331.0
students,Lincolnwood Elementary School,attendance,,students-count-att,summary counts,,IEP,62.0
students,Lincolnwood Elementary School,attendance,,students-count-att,summary counts,,EL,12.0
students,Lincolnwood Elementary School,attendance,,att-ada,ADA,,value,97.33
students,Lincolnwood Elementary School,attendance,,att-cron-abs,Chronic Absenteeism (%),,value,12.39
students,Lincolnwood Elementary School,discipline,,students-count-discipline,summary counts,,Incidents,5.0
students,Lincolnwood Elementary School,discipline,,students-count-discipline,summary counts,,Students,4.0
students,Lincolnwood Elementary School,discipline,,students-count-discipline,summary counts,,Minor Incidents,0.0
students,Lincolnwood Elementary School,discipline,,students-count-discipline,summary counts,,Major Incidents,5.0
students,Lincolnwood Elementary School,discipline,,school,Incidents by School,,Lincolnwood Elementary School,5.0
students,Lincolnwood Elementary School,discipline,,lvl,Incident Types,,LVL3,5.0
students,Lincolnwood Elementary School,discipline,,months,Incidents by Month,,August,2.0
students,Lincolnwood Elementary School,discipline,,months,Incidents by Month,,September,3.0
students,Lincolnwood Elementary School,discipline,,race,Incidents by Race/Ethnicity,,Asian,1.0
students,Lincolnwood Elementary School,discipline,,race,Incidents by Race/Ethnicity,,Black or African American,3.0
students,Lincolnwood Elementary School,discipline,,race,Incidents by Race/Ethnicity,,Multi-racial,1.0
students,Lincolnwood Elementary School,discipline,,grade,Incidents by Grade,,0,4.0
students,Lincolnwood Elementary School,discipline,,grade,Incidents by Grade,,5,1.0
students,Lincolnwood Elementary School,assessments,STAR Reading,students-count-ast,summary counts,,Students,162.0
students,Lincolnwood Elementary School,assessments,STAR Reading,ast-graph-1,STAR Reading Benchmark Category (Fall SY27),Urgent Intervention,Urgent Intervention,6.0
students,Lincolnwood Elementary School,assessments,STAR Reading,ast-graph-1,STAR Reading Benchmark Category (Fall SY27),Intervention,Intervention,14.0
students,Lincolnwood Elementary School,assessments,STAR Reading,ast-graph-1,STAR Reading Benchmark Category (Fall SY27),Approaching Benchmark,Approaching Benchmark,47.0
students,Lincolnwood Elementary School,assessments,STAR Reading,ast-graph-1,STAR Reading Benchmark Category (Fall SY27),At Benchmark,At Benchmark,87.0
students,Lincolnwood Elementary School,assessments,STAR Reading,ast-graph-1,STAR Reading Benchmark Category (Fall SY27),Above Benchmark,Above Benchmark,8.0
students,Lincolnwood Elementary School,assessments,STAR Early Literacy,students-count-ast,summary counts,,Students,154.0
students,Lincolnwood Elementary School,assessments,STAR Early Literacy,ast-graph-1,STAR Early Literacy Benchmark Category (Fall SY27),Urgent Intervention,Urgent Intervention,5.0
students,Lincolnwood Elementary School,assessments,STAR Early Literacy,ast-graph-1,STAR Early Literacy Benchmark Category (Fall SY27),Intervention,Intervention,9.0
students,Lincolnwood Elementary School,assessments,STAR Early Literacy,ast-graph-1,STAR Early Literacy Benchmark Category (Fall SY27),Approaching Benchmark,Approaching Benchmark,44.0
students,Lincolnwood Elementary School,assessments,STAR Early Literacy,ast-graph-1,STAR Early Literacy Benchmark Category (Fall SY27),At Benchmark,At Benchmark,84.0
students,Lincolnwood Elementary School,assessments,STAR Early Literacy,ast-graph-1,STAR Early Literacy Benchmark Category (Fall SY27),Above Benchmark,Above Benchmark,12.0
students,Lincolnwood Elementary School,assessments,i-Ready Math,students-count-ast,summary counts,,Students,310.0
students,Lincolnwood Elementary School,assessments,i-Ready Math,ast-graph-1,i-Ready Math — Overall Relative Placement,3 or More Grade Levels Below,3 or More Grade Levels Below,6.0
students,Lincolnwood Elementary School,assessments,i-Ready Math,ast-graph-1,i-Ready Math — Overall Relative Placement,2 Grade Levels Below,2 Grade Levels Below,13.0
students,Lincolnwood Elementary School,assessments,i-Ready Math,ast-graph-1,i-Ready Math — Overall Relative Placement,1 Grade Level Below,1 Grade Level Below,131.0
students,Lincolnwood Elementary School,assessments,i-Ready Math,ast-graph-1,i-Ready Math — Overall Relative Placement,Early On Grade Level,Early On Grade Level,72.0
students,Lincolnwood Elementary School,assessments,i-Ready Math,ast-graph-1,i-Ready Math — Overall Relative Placement,Mid or Above Grade Level,Mid or Above Grade Level,88.0
students,Nichols Middle School,home,,home-iep,IEP Status,,Has IEP,74.0
students,Nichols Middle School,home,,home-iep,IEP Status,,No IEP,508.0
students,Nichols Middle School,home,,home-lep,EL Status,,EL,69.0
students,Nichols Middle School,home,,home-lep,EL Status,,Not EL,513.0
students,Nichols Middle School,home,,home-race,Race/Ethnicity,,Asian,25.0
students,Nichols Middle School,home,,home-race,Race/Ethnicity,,Black or African American,98.0
students,Nichols Middle School,home,,home-race,Race/Ethnicity,,Hispanic or Latino,141.0
students,Nichols Middle School,home,,home-race,Race/Ethnicity,,Multi-racial,68.0
students,Nichols Middle School,home,,home-race,Race/Ethnicity,,White,250.0
students,Nichols Middle School,home,,home-incidents,Incidents - SY27,,LVL1,20.0
students,Nichols Middle School,home,,home-incidents,Incidents - SY27,,LVL2,14.0
students,Nichols Middle School,home,,home-incidents,Incidents - SY27,,LVL3,12.0
students,Nichols Middle School,home,,home-incidents,Incidents - SY27,,LVL4,1.0
students,Nichols Middle School,home,,home-grade,Grade Level,,6,195.0
students,Nichols Middle School,home,,home-grade,Grade Level,,7,172.0
students,Nichols Middle School,home,,home-grade,Grade Level,,8,215.0
students,Nichols Middle School,home,,home-ada,ADA,,value,93.32
students,Nichols Middle School,home,,home-enrollment,Enrollment,,value,582.0
students,Nichols Middle School,attendance,,students-count-att,summary counts,,Students,582.0
students,Nichols Middle School,attendance,,students-count-att,summary counts,,IEP,74.0
students,Nichols Middle School,attendance,,students-count-att,summary counts,,EL,69.0
students,Nichols Middle School,attendance,,att-ada,ADA,,value,93.32
students,Nichols Middle School,attendance,,att-cron-abs,Chronic Absenteeism (%),,value,21.65
students,Nichols Middle School,discipline,,students-count-discipline,summary counts,,Incidents,47.0
students,Nichols Middle School,discipline,,students-count-discipline,summary counts,,Students,30.0
students,Nichols Middle School,discipline,,students-count-discipline,summary counts,,Minor Incidents,34.0
students,Nichols Middle School,discipline,,students-count-discipline,summary counts,,Major Incidents,13.0
students,Nichols Middle School,discipline,,school,Incidents by School,,Nichols Middle School,47.0
students,Nichols Middle School,discipline,,lvl,Incident Types,,LVL1,20.0
students,Nichols Middle School,discipline,,lvl,Incident Types,,LVL2,14.0
students,Nichols Middle School,discipline,,lvl,Incident Types,,LVL3,12.0
students,Nichols Middle School,discipline,,lvl,Incident Types,,LVL4,1.0
students,Nichols Middle School,discipline,,months,Incidents by Month,,August,2.0
students,Nichols Middle School,discipline,,months,Incidents by Month,,September,45.0
students,Nichols Middle School,discipline,,race,Incidents by Race/Ethnicity,,Asian,3.0
students,Nichols Middle School,discipline,,race,Incidents by Race/Ethnicity,,Black or African American,9.0
students,Nichols Middle School,discipline,,race,Incidents by Race/Ethnicity,,Hispanic or Latino,5.0
students,Nichols Middle School,discipline,,race,Incidents by Race/Ethnicity,,Multi-racial,4.0
students,Nichols Middle School,discipline,,race,Incidents by Race/Ethnicity,,White,26.0
students,Nichols Middle School,discipline,,grade,Incidents by Grade,,6,27.0
students,Nichols Middle School,discipline,,grade,Incidents by Grade,,7,15.0
students,Nichols Middle School,discipline,,grade,Incidents by Grade,,8,5.0
students,Nichols Middle School,assessments,STAR Reading,students-count-ast,summary counts,,Students,564.0
students,Nichols Middle School,assessments,STAR Reading,ast-graph-1,STAR Reading Benchmark Category (Fall SY27),Urgent Intervention,Urgent Intervention,28.0
students,Nichols Middle School,assessments,STAR Reading,ast-graph-1,STAR Reading Benchmark Category (Fall SY27),Intervention,Intervention,54.0
students,Nichols Middle School,assessments,STAR Reading,ast-graph-1,STAR Reading Benchmark Category (Fall SY27),Approaching Benchmark,Approaching Benchmark,137.0
students,Nichols Middle School,assessments,STAR Reading,ast-graph-1,STAR Reading Benchmark Category (Fall SY27),At Benchmark,At Benchmark,286.0
students,Nichols Middle School,assessments,STAR Reading,ast-graph-1,STAR Reading Benchmark Category (Fall SY27),Above Benchmark,Above Benchmark,59.0
students,Nichols Middle School,assessments,STAR Reading Spanish,students-count-ast,summary counts,,Students,105.0
students,Nichols Middle School,assessments,STAR Reading Spanish,ast-graph-1,STAR Reading Spanish Benchmark Category (Fall SY27),Urgent Intervention,Urgent Intervention,15.0
students,Nichols Middle School,assessments,STAR Reading Spanish,ast-graph-1,STAR Reading Spanish Benchmark Category (Fall SY27),Intervention,Intervention,32.0
students,Nichols Middle School,assessments,STAR Reading Spanish,ast-graph-1,STAR Reading Spanish Benchmark Category (Fall SY27),Approaching Benchmark,Approaching Benchmark,36.0
students,Nichols Middle School,assessments,STAR Reading Spanish,ast-graph-1,STAR Reading Spanish Benchmark Category (Fall SY27),At Benchmark,At Benchmark,20.0
students,Nichols Middle School,assessments,STAR Reading Spanish,ast-graph-1,STAR Reading Spanish Benchmark Category (Fall SY27),Above Benchmark,Above Benchmark,2.0
students,Nichols Middle School,assessments,i-Ready Math,students-count-ast,summary counts,,Students,565.0
students,Nichols Middle School,assessments,i-Ready Math,ast-graph-1,i-Ready Math — Overall Relative Placement,3 or More Grade Levels Below,3 or More Grade Levels Below,77.0
students,Nichols Middle School,assessments,i-Ready Math,ast-graph-1,i-Ready Math — Overall Relative Placement,2 Grade Levels Below,2 Grade Levels Below,38.0
students,Nichols Middle School,assessments,i-Ready Math,ast-graph-1,i-Ready Math — Overall Relative Placement,1 Grade Level Below,1 Grade Level Below,169.0
students,Nichols Middle School,assessments,i-Ready Math,ast-graph-1,i-Ready Math — Overall Relative Placement,Early On Grade Level,Early On Grade Level,155.0
students,Nichols Middle School,assessments,i-Ready Math,ast-graph-1,i-Ready Math — Overall Relative Placement,Mid or Above Grade Level,Mid or Above Grade Level,126.0
students,Oakton Elementary School,home,,home-iep,IEP Status,,Has IEP,48.0
students,Oakton Elementary School,home,,home-iep,IEP Status,,No IEP,319.0
students,Oakton Elementary School,home,,home-lep,EL Status,,EL,63.0
students,Oakton Elementary School,home,,home-lep,EL Status,,Not EL,304.0
students,Oakton Elementary School,home,,home-race,Race/Ethnicity,,Asian,14.0
students,Oakton Elementary School,home,,home-race,Race/Ethnicity,,Black or African American,145.0
students,Oakton Elementary School,home,,home-race,Race/Ethnicity,,Hispanic or Latino,68.0
students,Oakton Elementary School,home,,home-race,Race/Ethnicity,,Multi-racial,32.0
students,Oakton Elementary School,home,,home-race,Race/Ethnicity,,White,107.0
students,Oakton Elementary School,home,,home-race,Race/Ethnicity,,Other*,1.0
students,Oakton Elementary School,home,,home-incidents,Incidents - SY27,,LVL1,23.0
students,Oakton Elementary School,home,,home-incidents,Incidents - SY27,,LVL2,16.0
students,Oakton Elementary School,home,,home-incidents,Incidents - SY27,,LVL3,7.0
students,Oakton Elementary School,home,,home-grade,Grade Level,,0,68.0
students,Oakton Elementary School,home,,home-grade,Grade Level,,1,55.0
students,Oakton Elementary School,home,,home-grade,Grade Level,,2,58.0
students,Oakton Elementary School,home,,home-grade,Grade Level,,3,54.0
students,Oakton Elementary School,home,,home-grade,Grade Level,,4,69.0
students,Oakton Elementary School,home,,home-grade,Grade Level,,5,63.0
students,Oakton Elementary School,home,,home-twi,TWI Status,,TWE,34.0
students,Oakton Elementary School,home,,home-twi,TWI Status,,TWS,24.0
students,Oakton Elementary School,home,,home-twi,TWI Status,,TWX,17.0
students,Oakton Elementary School,home,,home-ada,ADA,,value,95.35
students,Oakton Elementary School,home,,home-enrollment,Enrollment,,value,367.0
students,Oakton Elementary School,attendance,,students-count-att,summary counts,,Students,367.0
students,Oakton Elementary School,attendance,,students-count-att,summary counts,,IEP,48.0
students,Oakton Elementary School,attendance,,students-count-att,summary counts,,EL,63.0
students,Oakton Elementary School,attendance,,att-ada,ADA,,value,95.35
students,Oakton Elementary School,attendance,,att-cron-abs,Chronic Absenteeism (%),,value,24.8
students,Oakton Elementary School,discipline,,students-count-discipline,summary counts,,Incidents,46.0
students,Oakton Elementary School,discipline,,students-count-discipline,summary counts,,Students,25.0
students,Oakton Elementary School,discipline,,students-count-discipline,summary counts,,Minor Incidents,39.0
students,Oakton Elementary School,discipline,,students-count-discipline,summary counts,,Major Incidents,7.0
students,Oakton Elementary School,discipline,,school,Incidents by School,,Oakton Elementary School,46.0
students,Oakton Elementary School,discipline,,lvl,Incident Types,,LVL1,23.0
students,Oakton Elementary School,discipline,,lvl,Incident Types,,LVL2,16.0
students,Oakton Elementary School,discipline,,lvl,Incident Types,,LVL3,7.0
students,Oakton Elementary School,discipline,,months,Incidents by Month,,August,5.0
students,Oakton Elementary School,discipline,,months,Incidents by Month,,September,41.0
students,Oakton Elementary School,discipline,,race,Incidents by Race/Ethnicity,,Black or African American,19.0
students,Oakton Elementary School,discipline,,race,Incidents by Race/Ethnicity,,Hispanic or Latino,2.0
students,Oakton Elementary School,discipline,,race,Incidents by Race/Ethnicity,,Multi-racial,9.0
students,Oakton Elementary School,discipline,,race,Incidents by Race/Ethnicity,,White,16.0
students,Oakton Elementary School,discipline,,grade,Incidents by Grade,,0,13.0
students,Oakton Elementary School,discipline,,grade,Incidents by Grade,,1,16.0
students,Oakton Elementary School,discipline,,grade,Incidents by Grade,,2,8.0
students,Oakton Elementary School,discipline,,grade,Incidents by Grade,,3,5.0
students,Oakton Elementary School,discipline,,grade,Incidents by Grade,,4,2.0
students,Oakton Elementary School,discipline,,grade,Incidents by Grade,,5,2.0
students,Oakton Elementary School,assessments,STAR Reading,students-count-ast,summary counts,,Students,181.0
students,Oakton Elementary School,assessments,STAR Reading,ast-graph-1,STAR Reading Benchmark Category (Fall SY27),Urgent Intervention,Urgent Intervention,15.0
students,Oakton Elementary School,assessments,STAR Reading,ast-graph-1,STAR Reading Benchmark Category (Fall SY27),Intervention,Intervention,26.0
students,Oakton Elementary School,assessments,STAR Reading,ast-graph-1,STAR Reading Benchmark Category (Fall SY27),Approaching Benchmark,Approaching Benchmark,61.0
students,Oakton Elementary School,assessments,STAR Reading,ast-graph-1,STAR Reading Benchmark Category (Fall SY27),At Benchmark,At Benchmark,66.0
students,Oakton Elementary School,assessments,STAR Reading,ast-graph-1,STAR Reading Benchmark Category (Fall SY27),Above Benchmark,Above Benchmark,13.0
students,Oakton Elementary School,assessments,STAR Early Literacy,students-count-ast,summary counts,,Students,179.0
students,Oakton Elementary School,assessments,STAR Early Literacy,ast-graph-1,STAR Early Literacy Benchmark Category (Fall SY27),Urgent Intervention,Urgent Intervention,9.0
students,Oakton Elementary School,assessments,STAR Early Literacy,ast-graph-1,STAR Early Literacy Benchmark Category (Fall SY27),Intervention,Intervention,23.0
students,Oakton Elementary School,assessments,STAR Early Literacy,ast-graph-1,STAR Early Literacy Benchmark Category (Fall SY27),Approaching Benchmark,Approaching Benchmark,70.0
students,Oakton Elementary School,assessments,STAR Early Literacy,ast-graph-1,STAR Early Literacy Benchmark Category (Fall SY27),At Benchmark,At Benchmark,72.0
students,Oakton Elementary School,assessments,STAR Early Literacy,ast-graph-1,STAR Early Literacy Benchmark Category (Fall SY27),Above Benchmark,Above Benchmark,5.0
students,Oakton Elementary School,assessments,STAR Reading Spanish,students-count-ast,summary counts,,Students,33.0
students,Oakton Elementary School,assessments,STAR Reading Spanish,ast-graph-1,STAR Reading Spanish Benchmark Category (Fall SY27),Urgent Intervention,Urgent Intervention,1.0
students,Oakton Elementary School,assessments,STAR Reading Spanish,ast-graph-1,STAR Reading Spanish Benchmark Category (Fall SY27),Intervention,Intervention,12.0
students,Oakton Elementary School,assessments,STAR Reading Spanish,ast-graph-1,STAR Reading Spanish Benchmark Category (Fall SY27),Approaching Benchmark,Approaching Benchmark,14.0
students,Oakton Elementary School,assessments,STAR Reading Spanish,ast-graph-1,STAR Reading Spanish Benchmark Category (Fall SY27),At Benchmark,At Benchmark,6.0
students,Oakton Elementary School,assessments,STAR Early Literacy Spanish,students-count-ast,summary counts,,Students,40.0
students,Oakton Elementary School,assessments,STAR Early Literacy Spanish,ast-graph-1,STAR Early Literacy Spanish Benchmark Category (Fall SY27),Urgent Intervention,Urgent Intervention,2.0
students,Oakton Elementary School,assessments,STAR Early Literacy Spanish,ast-graph-1,STAR Early Literacy Spanish Benchmark Category (Fall SY27),Intervention,Intervention,3.0
students,Oakton Elementary School,assessments,STAR Early Literacy Spanish,ast-graph-1,STAR Early Literacy Spanish Benchmark Category (Fall SY27),Approaching Benchmark,Approaching Benchmark,17.0
students,Oakton Elementary School,assessments,STAR Early Literacy Spanish,ast-graph-1,STAR Early Literacy Spanish Benchmark Category (Fall SY27),At Benchmark,At Benchmark,14.0
students,Oakton Elementary School,assessments,STAR Early Literacy Spanish,ast-graph-1,STAR Early Literacy Spanish Benchmark Category (Fall SY27),Above Benchmark,Above Benchmark,4.0
students,Oakton Elementary School,assessments,i-Ready Math,students-count-ast,summary counts,,Students,365.0
students,Oakton Elementary School,assessments,i-Ready Math,ast-graph-1,i-Ready Math — Overall Relative Placement,3 or More Grade Levels Below,3 or More Grade Levels Below,30.0
students,Oakton Elementary School,assessments,i-Ready Math,ast-graph-1,i-Ready Math — Overall Relative Placement,2 Grade Levels Below,2 Grade Levels Below,63.0
students,Oakton Elementary School,assessments,i-Ready Math,ast-graph-1,i-Ready Math — Overall Relative Placement,1 Grade Level Below,1 Grade Level Below,192.0
students,Oakton Elementary School,assessments,i-Ready Math,ast-graph-1,i-Ready Math — Overall Relative Placement,Early On Grade Level,Early On Grade Level,40.0
students,Oakton Elementary School,assessments,i-Ready Math,ast-graph-1,i-Ready Math — Overall Relative Placement,Mid or Above Grade Level,Mid or Above Grade Level,40.0
students,Orrington Elementary School,home,,home-iep,IEP Status,,Has IEP,30.0
students,Orrington Elementary School,home,,home-iep,IEP Status,,No IEP,221.0
students,Orrington Elementary School,home,,home-lep,EL Status,,EL,24.0
students,Orrington Elementary School,home,,home-lep,EL Status,,Not EL,227.0
students,Orrington Elementary School,home,,home-race,Race/Ethnicity,,Asian,31.0
students,Orrington Elementary School,home,,home-race,Race/Ethnicity,,Black or African American,15.0
students,Orrington Elementary School,home,,home-race,Race/Ethnicity,,Hispanic or Latino,12.0
students,Orrington Elementary School,home,,home-race,Race/Ethnicity,,Multi-racial,38.0
students,Orrington Elementary School,home,,home-race,Race/Ethnicity,,White,154.0
students,Orrington Elementary School,home,,home-race,Race/Ethnicity,,Other*,1.0
students,Orrington Elementary School,home,,home-incidents,Incidents - SY27,,LVL1,5.0
students,Orrington Elementary School,home,,home-incidents,Incidents - SY27,,LVL2,2.0
students,Orrington Elementary School,home,,home-incidents,Incidents - SY27,,LVL3,1.0
students,Orrington Elementary School,home,,home-grade,Grade Level,,0,40.0
students,Orrington Elementary School,home,,home-grade,Grade Level,,1,35.0
students,Orrington Elementary School,home,,home-grade,Grade Level,,2,42.0
students,Orrington Elementary School,home,,home-grade,Grade Level,,3,52.0
students,Orrington Elementary School,home,,home-grade,Grade Level,,4,27.0
students,Orrington Elementary School,home,,home-grade,Grade Level,,5,55.0
students,Orrington Elementary School,home,,home-ada,ADA,,value,96.87
students,Orrington Elementary School,home,,home-enrollment,Enrollment,,value,251.0
students,Orrington Elementary School,attendance,,students-count-att,summary counts,,Students,251.0
students,Orrington Elementary School,attendance,,students-count-att,summary counts,,IEP,30.0
students,Orrington Elementary School,attendance,,students-count-att,summary counts,,EL,24.0
students,Orrington Elementary School,attendance,,att-ada,ADA,,value,96.87
students,Orrington Elementary School,attendance,,att-cron-abs,Chronic Absenteeism (%),,value,12.75
students,Orrington Elementary School,discipline,,students-count-discipline,summary counts,,Incidents,8.0
students,Orrington Elementary School,discipline,,students-count-discipline,summary counts,,Students,7.0
students,Orrington Elementary School,discipline,,students-count-discipline,summary counts,,Minor Incidents,7.0
students,Orrington Elementary School,discipline,,students-count-discipline,summary counts,,Major Incidents,1.0
students,Orrington Elementary School,discipline,,school,Incidents by School,,Orrington Elementary School,8.0
students,Orrington Elementary School,discipline,,lvl,Incident Types,,LVL1,5.0
students,Orrington Elementary School,discipline,,lvl,Incident Types,,LVL2,2.0
students,Orrington Elementary School,discipline,,lvl,Incident Types,,LVL3,1.0
students,Orrington Elementary School,discipline,,months,Incidents by Month,,September,8.0
students,Orrington Elementary School,discipline,,race,Incidents by Race/Ethnicity,,Black or African American,1.0
students,Orrington Elementary School,discipline,,race,Incidents by Race/Ethnicity,,Multi-racial,3.0
students,Orrington Elementary School,discipline,,race,Incidents by Race/Ethnicity,,White,4.0
students,Orrington Elementary School,discipline,,grade,Incidents by Grade,,1,1.0
students,Orrington Elementary School,discipline,,grade,Incidents by Grade,,3,2.0
students,Orrington Elementary School,discipline,,grade,Incidents by Grade,,4,1.0
students,Orrington Elementary School,discipline,,grade,Incidents by Grade,,5,4.0
students,Orrington Elementary School,assessments,STAR Reading,students-count-ast,summary counts,,Students,130.0
students,Orrington Elementary School,assessments,STAR Reading,ast-graph-1,STAR Reading Benchmark Category (Fall SY27),Urgent Intervention,Urgent Intervention,6.0
students,Orrington Elementary School,assessments,STAR Reading,ast-graph-1,STAR Reading Benchmark Category (Fall SY27),Intervention,Intervention,5.0
students,Orrington Elementary School,assessments,STAR Reading,ast-graph-1,STAR Reading Benchmark Category (Fall SY27),Approaching Benchmark,Approaching Benchmark,29.0
students,Orrington Elementary School,assessments,STAR Reading,ast-graph-1,STAR Reading Benchmark Category (Fall SY27),At Benchmark,At Benchmark,73.0
students,Orrington Elementary School,assessments,STAR Reading,ast-graph-1,STAR Reading Benchmark Category (Fall SY27),Above Benchmark,Above Benchmark,17.0
students,Orrington Elementary School,assessments,STAR Early Literacy,students-count-ast,summary counts,,Students,116.0
students,Orrington Elementary School,assessments,STAR Early Literacy,ast-graph-1,STAR Early Literacy Benchmark Category (Fall SY27),Intervention,Intervention,2.0
students,Orrington Elementary School,assessments,STAR Early Literacy,ast-graph-1,STAR Early Literacy Benchmark Category (Fall SY27),Approaching Benchmark,Approaching Benchmark,38.0
students,Orrington Elementary School,assessments,STAR Early Literacy,ast-graph-1,STAR Early Literacy Benchmark Category (Fall SY27),At Benchmark,At Benchmark,64.0
students,Orrington Elementary School,assessments,STAR Early Literacy,ast-graph-1,STAR Early Literacy Benchmark Category (Fall SY27),Above Benchmark,Above Benchmark,12.0
students,Orrington Elementary School,assessments,i-Ready Math,students-count-ast,summary counts,,Students,247.0
students,Orrington Elementary School,assessments,i-Ready Math,ast-graph-1,i-Ready Math — Overall Relative Placement,3 or More Grade Levels Below,3 or More Grade Levels Below,4.0
students,Orrington Elementary School,assessments,i-Ready Math,ast-graph-1,i-Ready Math — Overall Relative Placement,2 Grade Levels Below,2 Grade Levels Below,10.0
students,Orrington Elementary School,assessments,i-Ready Math,ast-graph-1,i-Ready Math — Overall Relative Placement,1 Grade Level Below,1 Grade Level Below,117.0
students,Orrington Elementary School,assessments,i-Ready Math,ast-graph-1,i-Ready Math — Overall Relative Placement,Early On Grade Level,Early On Grade Level,53.0
students,Orrington Elementary School,assessments,i-Ready Math,ast-graph-1,i-Ready Math — Overall Relative Placement,Mid or Above Grade Level,Mid or Above Grade Level,63.0
students,Walker Elementary School,home,,home-iep,IEP Status,,Has IEP,55.0
students,Walker Elementary School,home,,home-iep,IEP Status,,No IEP,262.0
students,Walker Elementary School,home,,home-lep,EL Status,,EL,41.0
students,Walker Elementary School,home,,home-lep,EL Status,,Not EL,276.0
students,Walker Elementary School,home,,home-race,Race/Ethnicity,,Asian,28.0
students,Walker Elementary School,home,,home-race,Race/Ethnicity,,Black or African American,70.0
students,Walker Elementary School,home,,home-race,Race/Ethnicity,,Hispanic or Latino,37.0
students,Walker Elementary School,home,,home-race,Race/Ethnicity,,Multi-racial,49.0
students,Walker Elementary School,home,,home-race,Race/Ethnicity,,White,130.0
students,Walker Elementary School,home,,home-race,Race/Ethnicity,,Other*,3.0
students,Walker Elementary School,home,,home-incidents,Incidents - SY27,,LVL1,12.0
students,Walker Elementary School,home,,home-incidents,Incidents - SY27,,LVL2,1.0
students,Walker Elementary School,home,,home-incidents,Incidents - SY27,,LVL3,3.0
students,Walker Elementary School,home,,home-incidents,Incidents - SY27,,LVL4,1.0
students,Walker Elementary School,home,,home-grade,Grade Level,,0,45.0
students,Walker Elementary School,home,,home-grade,Grade Level,,1,57.0
students,Walker Elementary School,home,,home-grade,Grade Level,,2,42.0
students,Walker Elementary School,home,,home-grade,Grade Level,,3,63.0
students,Walker Elementary School,home,,home-grade,Grade Level,,4,66.0
students,Walker Elementary School,home,,home-grade,Grade Level,,5,44.0
students,Walker Elementary School,home,,home-ada,ADA,,value,97.32
students,Walker Elementary School,home,,home-enrollment,Enrollment,,value,317.0
students,Walker Elementary School,attendance,,students-count-att,summary counts,,Students,317.0
students,Walker Elementary School,attendance,,students-count-att,summary counts,,IEP,55.0
students,Walker Elementary School,attendance,,students-count-att,summary counts,,EL,41.0
students,Walker Elementary School,attendance,,att-ada,ADA,,value,97.32
students,Walker Elementary School,attendance,,att-cron-abs,Chronic Absenteeism (%),,value,12.3
students,Walker Elementary School,discipline,,students-count-discipline,summary counts,,Incidents,17.0
students,Walker Elementary School,discipline,,students-count-discipline,summary counts,,Students,12.0
students,Walker Elementary School,discipline,,students-count-discipline,summary counts,,Minor Incidents,13.0
students,Walker Elementary School,discipline,,students-count-discipline,summary counts,,Major Incidents,4.0
students,Walker Elementary School,discipline,,school,Incidents by School,,Walker Elementary School,17.0
students,Walker Elementary School,discipline,,lvl,Incident Types,,LVL1,12.0
students,Walker Elementary School,discipline,,lvl,Incident Types,,LVL2,1.0
students,Walker Elementary School,discipline,,lvl,Incident Types,,LVL3,3.0
students,Walker Elementary School,discipline,,lvl,Incident Types,,LVL4,1.0
students,Walker Elementary School,discipline,,months,Incidents by Month,,August,4.0
students,Walker Elementary School,discipline,,months,Incidents by Month,,September,13.0
students,Walker Elementary School,discipline,,race,Incidents by Race/Ethnicity,,Asian,2.0
students,Walker Elementary School,discipline,,race,Incidents by Race/Ethnicity,,Black or African American,4.0
students,Walker Elementary School,discipline,,race,Incidents by Race/Ethnicity,,Hispanic or Latino,2.0
students,Walker Elementary School,discipline,,race,Incidents by Race/Ethnicity,,Multi-racial,2.0
students,Walker Elementary School,discipline,,race,Incidents by Race/Ethnicity,,White,7.0
students,Walker Elementary School,discipline,,grade,Incidents by Grade,,1,4.0
students,Walker Elementary School,discipline,,grade,Incidents by Grade,,2,4.0
students,Walker Elementary School,discipline,,grade,Incidents by Grade,,3,1.0
students,Walker Elementary School,discipline,,grade,Incidents by Grade,,4,5.0
students,Walker Elementary School,discipline,,grade,Incidents by Grade,,5,3.0
students,Walker Elementary School,assessments,STAR Reading,students-count-ast,summary counts,,Students,173.0
students,Walker Elementary School,assessments,STAR Reading,ast-graph-1,STAR Reading Benchmark Category (Fall SY27),Urgent Intervention,Urgent Intervention,8.0
students,Walker Elementary School,assessments,STAR Reading,ast-graph-1,STAR Reading Benchmark Category (Fall SY27),Intervention,Intervention,12.0
students,Walker Elementary School,assessments,STAR Reading,ast-graph-1,STAR Reading Benchmark Category (Fall SY27),Approaching Benchmark,Approaching Benchmark,56.0
students,Walker Elementary School,assessments,STAR Reading,ast-graph-1,STAR Reading Benchmark Category (Fall SY27),At Benchmark,At Benchmark,81.0
students,Walker Elementary School,assessments,STAR Reading,ast-graph-1,STAR Reading Benchmark Category (Fall SY27),Above Benchmark,Above Benchmark,16.0
students,Walker Elementary School,assessments,STAR Early Literacy,students-count-ast,summary counts,,Students,144.0
students,Walker Elementary School,assessments,STAR Early Literacy,ast-graph-1,STAR Early Literacy Benchmark Category (Fall SY27),Urgent Intervention,Urgent Intervention,4.0
students,Walker Elementary School,assessments,STAR Early Literacy,ast-graph-1,STAR Early Literacy Benchmark Category (Fall SY27),Intervention,Intervention,14.0
students,Walker Elementary School,assessments,STAR Early Literacy,ast-graph-1,STAR Early Literacy Benchmark Category (Fall SY27),Approaching Benchmark,Approaching Benchmark,52.0
students,Walker Elementary School,assessments,STAR Early Literacy,ast-graph-1,STAR Early Literacy Benchmark Category (Fall SY27),At Benchmark,At Benchmark,62.0
students,Walker Elementary School,assessments,STAR Early Literacy,ast-graph-1,STAR Early Literacy Benchmark Category (Fall SY27),Above Benchmark,Above Benchmark,12.0
students,Walker Elementary School,assessments,i-Ready Math,students-count-ast,summary counts,,Students,272.0
students,Walker Elementary School,assessments,i-Ready Math,ast-graph-1,i-Ready Math — Overall Relative Placement,3 or More Grade Levels Below,3 or More Grade Levels Below,11.0
students,Walker Elementary School,assessments,i-Ready Math,ast-graph-1,i-Ready Math — Overall Relative Placement,2 Grade Levels Below,2 Grade Levels Below,23.0
students,Walker Elementary School,assessments,i-Ready Math,ast-graph-1,i-Ready Math — Overall Relative Placement,1 Grade Level Below,1 Grade Level Below,143.0
students,Walker Elementary School,assessments,i-Ready Math,ast-graph-1,i-Ready Math — Overall Relative Placement,Early On Grade Level,Early On Grade Level,50.0
students,Walker Elementary School,assessments,i-Ready Math,ast-graph-1,i-Ready Math — Overall Relative Placement,Mid or Above Grade Level,Mid or Above Grade Level,45.0
students,Washington Elementary School,home,,home-iep,IEP Status,,Has IEP,80.0
students,Washington Elementary School,home,,home-iep,IEP Status,,No IEP,307.0
students,Washington Elementary School,home,,home-lep,EL Status,,EL,94.0
students,Washington Elementary School,home,,home-lep,EL Status,,Not EL,293.0
students,Washington Elementary School,home,,home-race,Race/Ethnicity,,Black or African American,47.0
students,Washington Elementary School,home,,home-race,Race/Ethnicity,,Hispanic or Latino,152.0
students,Washington Elementary School,home,,home-race,Race/Ethnicity,,Multi-racial,35.0
students,Washington Elementary School,home,,home-race,Race/Ethnicity,,White,143.0
students,Washington Elementary School,home,,home-race,Race/Ethnicity,,Other*,10.0
students,Washington Elementary School,home,,home-incidents,Incidents - SY27,,LVL1,24.0
students,Washington Elementary School,home,,home-incidents,Incidents - SY27,,LVL2,21.0
students,Washington Elementary School,home,,home-incidents,Incidents - SY27,,LVL3,2.0
students,Washington Elementary School,home,,home-grade,Grade Level,,0,58.0
students,Washington Elementary School,home,,home-grade,Grade Level,,1,59.0
students,Washington Elementary School,home,,home-grade,Grade Level,,2,63.0
students,Washington Elementary School,home,,home-grade,Grade Level,,3,64.0
students,Washington Elementary School,home,,home-grade,Grade Level,,4,62.0
students,Washington Elementary School,home,,home-grade,Grade Level,,5,81.0
students,Washington Elementary School,home,,home-twi,TWI Status,,TWE,90.0
students,Washington Elementary School,home,,home-twi,TWI Status,,TWS,63.0
students,Washington Elementary School,home,,home-twi,TWI Status,,TWX,42.0
students,Washington Elementary School,home,,home-ada,ADA,,value,95.72
students,Washington Elementary School,home,,home-enrollment,Enrollment,,value,387.0
students,Washington Elementary School,attendance,,students-count-att,summary counts,,Students,387.0
students,Washington Elementary School,attendance,,students-count-att,summary counts,,IEP,80.0
students,Washington Elementary School,attendance,,students-count-att,summary counts,,EL,94.0
students,Washington Elementary School,attendance,,att-ada,ADA,,value,95.72
students,Washington Elementary School,attendance,,att-cron-abs,Chronic Absenteeism (%),,value,18.09
students,Washington Elementary School,discipline,,students-count-discipline,summary counts,,Incidents,47.0
students,Washington Elementary School,discipline,,students-count-discipline,summary counts,,Students,22.0
students,Washington Elementary School,discipline,,students-count-discipline,summary counts,,Minor Incidents,45.0
students,Washington Elementary School,discipline,,students-count-discipline,summary counts,,Major Incidents,2.0
students,Washington Elementary School,discipline,,school,Incidents by School,,Washington Elementary School,47.0
students,Washington Elementary School,discipline,,lvl,Incident Types,,LVL1,24.0
students,Washington Elementary School,discipline,,lvl,Incident Types,,LVL2,21.0
students,Washington Elementary School,discipline,,lvl,Incident Types,,LVL3,2.0
students,Washington Elementary School,discipline,,months,Incidents by Month,,August,1.0
students,Washington Elementary School,discipline,,months,Incidents by Month,,September,46.0
students,Washington Elementary School,discipline,,race,Incidents by Race/Ethnicity,,Asian,3.0
students,Washington Elementary School,discipline,,race,Incidents by Race/Ethnicity,,Black or African American,26.0
students,Washington Elementary School,discipline,,race,Incidents by Race/Ethnicity,,Hispanic or Latino,6.0
students,Washington Elementary School,discipline,,race,Incidents by Race/Ethnicity,,Multi-racial,3.0
students,Washington Elementary School,discipline,,race,Incidents by Race/Ethnicity,,White,9.0
students,Washington Elementary School,discipline,,grade,Incidents by Grade,,0,28.0
students,Washington Elementary School,discipline,,grade,Incidents by Grade,,1,11.0
students,Washington Elementary School,discipline,,grade,Incidents by Grade,,2,4.0
students,Washington Elementary School,discipline,,grade,Incidents by Grade,,5,4.0
students,Washington Elementary School,assessments,STAR Reading,students-count-ast,summary counts,,Students,195.0
students,Washington Elementary School,assessments,STAR Reading,ast-graph-1,STAR Reading Benchmark Category (Fall SY27),Urgent Intervention,Urgent Intervention,11.0
students,Washington Elementary School,assessments,STAR Reading,ast-graph-1,STAR Reading Benchmark Category (Fall SY27),Intervention,Intervention,19.0
students,Washington Elementary School,assessments,STAR Reading,ast-graph-1,STAR Reading Benchmark Category (Fall SY27),Approaching Benchmark,Approaching Benchmark,56.0
students,Washington Elementary School,assessments,STAR Reading,ast-graph-1,STAR Reading Benchmark Category (Fall SY27),At Benchmark,At Benchmark,91.0
students,Washington Elementary School,assessments,STAR Reading,ast-graph-1,STAR Reading Benchmark Category (Fall SY27),Above Benchmark,Above Benchmark,18.0
students,Washington Elementary School,assessments,STAR Early Literacy,students-count-ast,summary counts,,Students,167.0
students,Washington Elementary School,assessments,STAR Early Literacy,ast-graph-1,STAR Early Literacy Benchmark Category (Fall SY27),Urgent Intervention,Urgent Intervention,14.0
students,Washington Elementary School,assessments,STAR Early Literacy,ast-graph-1,STAR Early Literacy Benchmark Category (Fall SY27),Intervention,Intervention,14.0
students,Washington Elementary School,assessments,STAR Early Literacy,ast-graph-1,STAR Early Literacy Benchmark Category (Fall SY27),Approaching Benchmark,Approaching Benchmark,64.0
students,Washington Elementary School,assessments,STAR Early Literacy,ast-graph-1,STAR Early Literacy Benchmark Category (Fall SY27),At Benchmark,At Benchmark,67.0
students,Washington Elementary School,assessments,STAR Early Literacy,ast-graph-1,STAR Early Literacy Benchmark Category (Fall SY27),Above Benchmark,Above Benchmark,8.0
students,Washington Elementary School,assessments,STAR Reading Spanish,students-count-ast,summary counts,,Students,98.0
students,Washington Elementary School,assessments,STAR Reading Spanish,ast-graph-1,STAR Reading Spanish Benchmark Category (Fall SY27),Urgent Intervention,Urgent Intervention,21.0
students,Washington Elementary School,assessments,STAR Reading Spanish,ast-graph-1,STAR Reading Spanish Benchmark Category (Fall SY27),Intervention,Intervention,27.0
students,Washington Elementary School,assessments,STAR Reading Spanish,ast-graph-1,STAR Reading Spanish Benchmark Category (Fall SY27),Approaching Benchmark,Approaching Benchmark,39.0
students,Washington Elementary School,assessments,STAR Reading Spanish,ast-graph-1,STAR Reading Spanish Benchmark Category (Fall SY27),At Benchmark,At Benchmark,10.0
students,Washington Elementary School,assessments,STAR Reading Spanish,ast-graph-1,STAR Reading Spanish Benchmark Category (Fall SY27),Above Benchmark,Above Benchmark,1.0
students,Washington Elementary School,assessments,STAR Early Literacy Spanish,students-count-ast,summary counts,,Students,96.0
students,Washington Elementary School,assessments,STAR Early Literacy Spanish,ast-graph-1,STAR Early Literacy Spanish Benchmark Category (Fall SY27),Urgent Intervention,Urgent Intervention,3.0
students,Washington Elementary School,assessments,STAR Early Literacy Spanish,ast-graph-1,STAR Early Literacy Spanish Benchmark Category (Fall SY27),Intervention,Intervention,8.0
students,Washington Elementary School,assessments,STAR Early Literacy Spanish,ast-graph-1,STAR Early Literacy Spanish Benchmark Category (Fall SY27),Approaching Benchmark,Approaching Benchmark,35.0
students,Washington Elementary School,assessments,STAR Early Literacy Spanish,ast-graph-1,STAR Early Literacy Spanish Benchmark Category (Fall SY27),At Benchmark,At Benchmark,43.0
students,Washington Elementary School,assessments,STAR Early Literacy Spanish,ast-graph-1,STAR Early Literacy Spanish Benchmark Category (Fall SY27),Above Benchmark,Above Benchmark,7.0
students,Washington Elementary School,assessments,i-Ready Math,students-count-ast,summary counts,,Students,365.0
students,Washington Elementary School,assessments,i-Ready Math,ast-graph-1,i-Ready Math — Overall Relative Placement,3 or More Grade Levels Below,3 or More Grade Levels Below,19.0
students,Washington Elementary School,assessments,i-Ready Math,ast-graph-1,i-Ready Math — Overall Relative Placement,2 Grade Levels Below,2 Grade Levels Below,52.0
students,Washington Elementary School,assessments,i-Ready Math,ast-graph-1,i-Ready Math — Overall Relative Placement,1 Grade Level Below,1 Grade Level Below,208.0
students,Washington Elementary School,assessments,i-Ready Math,ast-graph-1,i-Ready Math — Overall Relative Placement,Early On Grade Level,Early On Grade Level,50.0
students,Washington Elementary School,assessments,i-Ready Math,ast-graph-1,i-Ready Math — Overall Relative Placement,Mid or Above Grade Level,Mid or Above Grade Level,36.0
students,Willard Elementary School,home,,home-iep,IEP Status,,Has IEP,30.0
students,Willard Elementary School,home,,home-iep,IEP Status,,No IEP,243.0
students,Willard Elementary School,home,,home-lep,EL Status,,EL,12.0
students,Willard Elementary School,home,,home-lep,EL Status,,Not EL,261.0
students,Willard Elementary School,home,,home-race,Race/Ethnicity,,Black or African American,15.0
students,Willard Elementary School,home,,home-race,Race/Ethnicity,,Hispanic or Latino,34.0
students,Willard Elementary School,home,,home-race,Race/Ethnicity,,Multi-racial,24.0
students,Willard Elementary School,home,,home-race,Race/Ethnicity,,White,196.0
students,Willard Elementary School,home,,home-race,Race/Ethnicity,,Other*,4.0
students,Willard Elementary School,home,,home-incidents,Incidents - SY27,,LVL1,49.0
students,Willard Elementary School,home,,home-incidents,Incidents - SY27,,LVL2,7.0
students,Willard Elementary School,home,,home-incidents,Incidents - SY27,,LVL3,13.0
students,Willard Elementary School,home,,home-grade,Grade Level,,0,40.0
students,Willard Elementary School,home,,home-grade,Grade Level,,1,43.0
students,Willard Elementary School,home,,home-grade,Grade Level,,2,44.0
students,Willard Elementary School,home,,home-grade,Grade Level,,3,53.0
students,Willard Elementary School,home,,home-grade,Grade Level,,4,46.0
students,Willard Elementary School,home,,home-grade,Grade Level,,5,47.0
students,Willard Elementary School,home,,home-ada,ADA,,value,96.95
students,Willard Elementary School,home,,home-enrollment,Enrollment,,value,273.0
students,Willard Elementary School,attendance,,students-count-att,summary counts,,Students,273.0
students,Willard Elementary School,attendance,,students-count-att,summary counts,,IEP,30.0
students,Willard Elementary School,attendance,,students-count-att,summary counts,,EL,12.0
students,Willard Elementary School,attendance,,att-ada,ADA,,value,96.95
students,Willard Elementary School,attendance,,att-cron-abs,Chronic Absenteeism (%),,value,13.19
students,Willard Elementary School,discipline,,students-count-discipline,summary counts,,Incidents,69.0
students,Willard Elementary School,discipline,,students-count-discipline,summary counts,,Students,12.0
students,Willard Elementary School,discipline,,students-count-discipline,summary counts,,Minor Incidents,56.0
students,Willard Elementary School,discipline,,students-count-discipline,summary counts,,Major Incidents,13.0
students,Willard Elementary School,discipline,,school,Incidents by School,,Willard Elementary School,69.0
students,Willard Elementary School,discipline,,lvl,Incident Types,,LVL1,49.0
students,Willard Elementary School,discipline,,lvl,Incident Types,,LVL2,7.0
students,Willard Elementary School,discipline,,lvl,Incident Types,,LVL3,13.0
students,Willard Elementary School,discipline,,months,Incidents by Month,,August,8.0
students,Willard Elementary School,discipline,,months,Incidents by Month,,September,61.0
students,Willard Elementary School,discipline,,race,Incidents by Race/Ethnicity,,Asian,1.0
students,Willard Elementary School,discipline,,race,Incidents by Race/Ethnicity,,Black or African American,4.0
students,Willard Elementary School,discipline,,race,Incidents by Race/Ethnicity,,Hispanic or Latino,8.0
students,Willard Elementary School,discipline,,race,Incidents by Race/Ethnicity,,Multi-racial,16.0
students,Willard Elementary School,discipline,,race,Incidents by Race/Ethnicity,,White,40.0
students,Willard Elementary School,discipline,,grade,Incidents by Grade,,0,16.0
students,Willard Elementary School,discipline,,grade,Incidents by Grade,,1,40.0
students,Willard Elementary School,discipline,,grade,Incidents by Grade,,2,3.0
students,Willard Elementary School,discipline,,grade,Incidents by Grade,,3,8.0
students,Willard Elementary School,discipline,,grade,Incidents by Grade,,5,2.0
students,Willard Elementary School,assessments,STAR Reading,students-count-ast,summary counts,,Students,145.0
students,Willard Elementary School,assessments,STAR Reading,ast-graph-1,STAR Reading Benchmark Category (Fall SY27),Urgent Intervention,Urgent Intervention,5.0
students,Willard Elementary School,assessments,STAR Reading,ast-graph-1,STAR Reading Benchmark Category (Fall SY27),Intervention,Intervention,6.0
students,Willard Elementary School,assessments,STAR Reading,ast-graph-1,STAR Reading Benchmark Category (Fall SY27),Approaching Benchmark,Approaching Benchmark,47.0
students,Willard Elementary School,assessments,STAR Reading,ast-graph-1,STAR Reading Benchmark Category (Fall SY27),At Benchmark,At Benchmark,68.0
students,Willard Elementary School,assessments,STAR Reading,ast-graph-1,STAR Reading Benchmark Category (Fall SY27),Above Benchmark,Above Benchmark,19.0
students,Willard Elementary School,assessments,STAR Early Literacy,students-count-ast,summary counts,,Students,126.0
students,Willard Elementary School,assessments,STAR Early Literacy,ast-graph-1,STAR Early Literacy Benchmark Category (Fall SY27),Urgent Intervention,Urgent Intervention,4.0
students,Willard Elementary School,assessments,STAR Early Literacy,ast-graph-1,STAR Early Literacy Benchmark Category (Fall SY27),Intervention,Intervention,5.0
students,Willard Elementary School,assessments,STAR Early Literacy,ast-graph-1,STAR Early Literacy Benchmark Category (Fall SY27),Approaching Benchmark,Approaching Benchmark,38.0
students,Willard Elementary School,assessments,STAR Early Literacy,ast-graph-1,STAR Early Literacy Benchmark Category (Fall SY27),At Benchmark,At Benchmark,65.0
students,Willard Elementary School,assessments,STAR Early Literacy,ast-graph-1,STAR Early Literacy Benchmark Category (Fall SY27),Above Benchmark,Above Benchmark,14.0
students,Willard Elementary School,assessments,i-Ready Math,students-count-ast,summary counts,,Students,272.0
students,Willard Elementary School,assessments,i-Ready Math,ast-graph-1,i-Ready Math — Overall Relative Placement,3 or More Grade Levels Below,3 or More Grade Levels Below,5.0
students,Willard Elementary School,assessments,i-Ready Math,ast-graph-1,i-Ready Math — Overall Relative Placement,2 Grade Levels Below,2 Grade Levels Below,15.0
students,Willard Elementary School,assessments,i-Ready Math,ast-graph-1,i-Ready Math — Overall Relative Placement,1 Grade Level Below,1 Grade Level Below,149.0
students,Willard Elementary School,assessments,i-Ready Math,ast-graph-1,i-Ready Math — Overall Relative Placement,Early On Grade Level,Early On Grade Level,49.0
students,Willard Elementary School,assessments,i-Ready Math,ast-graph-1,i-Ready Math — Overall Relative Placement,Mid or Above Grade Level,Mid or Above Grade Level,54.0
students,District,attendance,,att-distribution,"Attendance Rate Distribution (counts, 10-pt bins)",,0-9,31.0
students,District,attendance,,att-distribution,"Attendance Rate Distribution (counts, 10-pt bins)",,10-19,5.0
students,District,attendance,,att-distribution,"Attendance Rate Distribution (counts, 10-pt bins)",,20-29,2.0
students,District,attendance,,att-distribution,"Attendance Rate Distribution (counts, 10-pt bins)",,30-39,16.0
students,District,attendance,,att-distribution,"Attendance Rate Distribution (counts, 10-pt bins)",,40-49,23.0
students,District,attendance,,att-distribution,"Attendance Rate Distribution (counts, 10-pt bins)",,50-59,21.0
students,District,attendance,,att-distribution,"Attendance Rate Distribution (counts, 10-pt bins)",,60-69,30.0
students,District,attendance,,att-distribution,"Attendance Rate Distribution (counts, 10-pt bins)",,70-79,92.0
students,District,attendance,,att-distribution,"Attendance Rate Distribution (counts, 10-pt bins)",,80-89,364.0
students,District,attendance,,att-distribution,"Attendance Rate Distribution (counts, 10-pt bins)",,90-99,1741.0
students,District,attendance,,att-distribution,"Attendance Rate Distribution (counts, 10-pt bins)",,100+,3137.0
students,District,assessments,STAR Reading,ast-graph-2,"STAR Reading Percentile Rank Distribution (Fall SY27) (counts, 10-pt bins)",,0-9,241.0
students,District,assessments,STAR Reading,ast-graph-2,"STAR Reading Percentile Rank Distribution (Fall SY27) (counts, 10-pt bins)",,10-19,237.0
students,District,assessments,STAR Reading,ast-graph-2,"STAR Reading Percentile Rank Distribution (Fall SY27) (counts, 10-pt bins)",,20-29,240.0
students,District,assessments,STAR Reading,ast-graph-2,"STAR Reading Percentile Rank Distribution (Fall SY27) (counts, 10-pt bins)",,30-39,224.0
students,District,assessments,STAR Reading,ast-graph-2,"STAR Reading Percentile Rank Distribution (Fall SY27) (counts, 10-pt bins)",,40-49,281.0
students,District,assessments,STAR Reading,ast-graph-2,"STAR Reading Percentile Rank Distribution (Fall SY27) (counts, 10-pt bins)",,50-59,290.0
students,District,assessments,STAR Reading,ast-graph-2,"STAR Reading Percentile Rank Distribution (Fall SY27) (counts, 10-pt bins)",,60-69,288.0
students,District,assessments,STAR Reading,ast-graph-2,"STAR Reading Percentile Rank Distribution (Fall SY27) (counts, 10-pt bins)",,70-79,424.0
students,District,assessments,STAR Reading,ast-graph-2,"STAR Reading Percentile Rank Distribution (Fall SY27) (counts, 10-pt bins)",,80-89,529.0
students,District,assessments,STAR Reading,ast-graph-2,"STAR Reading Percentile Rank Distribution (Fall SY27) (counts, 10-pt bins)",,90-99,959.0
students,District,assessments,STAR Reading,ast-graph-3,"STAR Reading Student Growth Percentile(s) (Fall SY27) (counts, 10-pt bins)",Fall to Fall,0-9,242.0
students,District,assessments,STAR Reading,ast-graph-3,"STAR Reading Student Growth Percentile(s) (Fall SY27) (counts, 10-pt bins)",Fall to Fall,10-19,272.0
students,District,assessments,STAR Reading,ast-graph-3,"STAR Reading Student Growth Percentile(s) (Fall SY27) (counts, 10-pt bins)",Fall to Fall,20-29,261.0
students,District,assessments,STAR Reading,ast-graph-3,"STAR Reading Student Growth Percentile(s) (Fall SY27) (counts, 10-pt bins)",Fall to Fall,30-39,266.0
students,District,assessments,STAR Reading,ast-graph-3,"STAR Reading Student Growth Percentile(s) (Fall SY27) (counts, 10-pt bins)",Fall to Fall,40-49,314.0
students,District,assessments,STAR Reading,ast-graph-3,"STAR Reading Student Growth Percentile(s) (Fall SY27) (counts, 10-pt bins)",Fall to Fall,50-59,318.0
students,District,assessments,STAR Reading,ast-graph-3,"STAR Reading Student Growth Percentile(s) (Fall SY27) (counts, 10-pt bins)",Fall to Fall,60-69,354.0
students,District,assessments,STAR Reading,ast-graph-3,"STAR Reading Student Growth Percentile(s) (Fall SY27) (counts, 10-pt bins)",Fall to Fall,70-79,384.0
students,District,assessments,STAR Reading,ast-graph-3,"STAR Reading Student Growth Percentile(s) (Fall SY27) (counts, 10-pt bins)",Fall to Fall,80-89,415.0
students,District,assessments,STAR Reading,ast-graph-3,"STAR Reading Student Growth Percentile(s) (Fall SY27) (counts, 10-pt bins)",Fall to Fall,90-99,625.0
students,District,assessments,STAR Reading,ast-graph-3,"STAR Reading Student Growth Percentile(s) (Fall SY27) (counts, 10-pt bins)",Spring to Fall,0-9,330.0
students,District,assessments,STAR Reading,ast-graph-3,"STAR Reading Student Growth Percentile(s) (Fall SY27) (counts, 10-pt bins)",Spring to Fall,10-19,309.0
students,District,assessments,STAR Reading,ast-graph-3,"STAR Reading Student Growth Percentile(s) (Fall SY27) (counts, 10-pt bins)",Spring to Fall,20-29,301.0
students,District,assessments,STAR Reading,ast-graph-3,"STAR Reading Student Growth Percentile(s) (Fall SY27) (counts, 10-pt bins)",Spring to Fall,30-39,303.0
students,District,assessments,STAR Reading,ast-graph-3,"STAR Reading Student Growth Percentile(s) (Fall SY27) (counts, 10-pt bins)",Spring to Fall,40-49,317.0
students,District,assessments,STAR Reading,ast-graph-3,"STAR Reading Student Growth Percentile(s) (Fall SY27) (counts, 10-pt bins)",Spring to Fall,50-59,324.0
students,District,assessments,STAR Reading,ast-graph-3,"STAR Reading Student Growth Percentile(s) (Fall SY27) (counts, 10-pt bins)",Spring to Fall,60-69,326.0
students,District,assessments,STAR Reading,ast-graph-3,"STAR Reading Student Growth Percentile(s) (Fall SY27) (counts, 10-pt bins)",Spring to Fall,70-79,355.0
students,District,assessments,STAR Reading,ast-graph-3,"STAR Reading Student Growth Percentile(s) (Fall SY27) (counts, 10-pt bins)",Spring to Fall,80-89,387.0
students,District,assessments,STAR Reading,ast-graph-3,"STAR Reading Student Growth Percentile(s) (Fall SY27) (counts, 10-pt bins)",Spring to Fall,90-99,542.0
students,District,assessments,STAR Early Literacy,ast-graph-2,"STAR Early Literacy Percentile Rank Distribution (Fall SY27) (counts, 10-pt bins)",,0-9,96.0
students,District,assessments,STAR Early Literacy,ast-graph-2,"STAR Early Literacy Percentile Rank Distribution (Fall SY27) (counts, 10-pt bins)",,10-19,88.0
students,District,assessments,STAR Early Literacy,ast-graph-2,"STAR Early Literacy Percentile Rank Distribution (Fall SY27) (counts, 10-pt bins)",,20-29,128.0
students,District,assessments,STAR Early Literacy,ast-graph-2,"STAR Early Literacy Percentile Rank Distribution (Fall SY27) (counts, 10-pt bins)",,30-39,112.0
students,District,assessments,STAR Early Literacy,ast-graph-2,"STAR Early Literacy Percentile Rank Distribution (Fall SY27) (counts, 10-pt bins)",,40-49,124.0
students,District,assessments,STAR Early Literacy,ast-graph-2,"STAR Early Literacy Percentile Rank Distribution (Fall SY27) (counts, 10-pt bins)",,50-59,158.0
students,District,assessments,STAR Early Literacy,ast-graph-2,"STAR Early Literacy Percentile Rank Distribution (Fall SY27) (counts, 10-pt bins)",,60-69,177.0
students,District,assessments,STAR Early Literacy,ast-graph-2,"STAR Early Literacy Percentile Rank Distribution (Fall SY27) (counts, 10-pt bins)",,70-79,191.0
students,District,assessments,STAR Early Literacy,ast-graph-2,"STAR Early Literacy Percentile Rank Distribution (Fall SY27) (counts, 10-pt bins)",,80-89,207.0
students,District,assessments,STAR Early Literacy,ast-graph-2,"STAR Early Literacy Percentile Rank Distribution (Fall SY27) (counts, 10-pt bins)",,90-99,303.0
students,District,assessments,STAR Early Literacy,ast-graph-3,"STAR Early Literacy Student Growth Percentile(s) (Fall SY27) (counts, 10-pt bins)",Fall to Fall,0-9,38.0
students,District,assessments,STAR Early Literacy,ast-graph-3,"STAR Early Literacy Student Growth Percentile(s) (Fall SY27) (counts, 10-pt bins)",Fall to Fall,10-19,54.0
students,District,assessments,STAR Early Literacy,ast-graph-3,"STAR Early Literacy Student Growth Percentile(s) (Fall SY27) (counts, 10-pt bins)",Fall to Fall,20-29,61.0
students,District,assessments,STAR Early Literacy,ast-graph-3,"STAR Early Literacy Student Growth Percentile(s) (Fall SY27) (counts, 10-pt bins)",Fall to Fall,30-39,58.0
students,District,assessments,STAR Early Literacy,ast-graph-3,"STAR Early Literacy Student Growth Percentile(s) (Fall SY27) (counts, 10-pt bins)",Fall to Fall,40-49,64.0
students,District,assessments,STAR Early Literacy,ast-graph-3,"STAR Early Literacy Student Growth Percentile(s) (Fall SY27) (counts, 10-pt bins)",Fall to Fall,50-59,87.0
students,District,assessments,STAR Early Literacy,ast-graph-3,"STAR Early Literacy Student Growth Percentile(s) (Fall SY27) (counts, 10-pt bins)",Fall to Fall,60-69,105.0
students,District,assessments,STAR Early Literacy,ast-graph-3,"STAR Early Literacy Student Growth Percentile(s) (Fall SY27) (counts, 10-pt bins)",Fall to Fall,70-79,109.0
students,District,assessments,STAR Early Literacy,ast-graph-3,"STAR Early Literacy Student Growth Percentile(s) (Fall SY27) (counts, 10-pt bins)",Fall to Fall,80-89,133.0
students,District,assessments,STAR Early Literacy,ast-graph-3,"STAR Early Literacy Student Growth Percentile(s) (Fall SY27) (counts, 10-pt bins)",Fall to Fall,90-99,250.0
students,District,assessments,STAR Early Literacy,ast-graph-3,"STAR Early Literacy Student Growth Percentile(s) (Fall SY27) (counts, 10-pt bins)",Spring to Fall,0-9,48.0
students,District,assessments,STAR Early Literacy,ast-graph-3,"STAR Early Literacy Student Growth Percentile(s) (Fall SY27) (counts, 10-pt bins)",Spring to Fall,10-19,87.0
students,District,assessments,STAR Early Literacy,ast-graph-3,"STAR Early Literacy Student Growth Percentile(s) (Fall SY27) (counts, 10-pt bins)",Spring to Fall,20-29,66.0
students,District,assessments,STAR Early Literacy,ast-graph-3,"STAR Early Literacy Student Growth Percentile(s) (Fall SY27) (counts, 10-pt bins)",Spring to Fall,30-39,76.0
students,District,assessments,STAR Early Literacy,ast-graph-3,"STAR Early Literacy Student Growth Percentile(s) (Fall SY27) (counts, 10-pt bins)",Spring to Fall,40-49,101.0
students,District,assessments,STAR Early Literacy,ast-graph-3,"STAR Early Literacy Student Growth Percentile(s) (Fall SY27) (counts, 10-pt bins)",Spring to Fall,50-59,99.0
students,District,assessments,STAR Early Literacy,ast-graph-3,"STAR Early Literacy Student Growth Percentile(s) (Fall SY27) (counts, 10-pt bins)",Spring to Fall,60-69,107.0
students,District,assessments,STAR Early Literacy,ast-graph-3,"STAR Early Literacy Student Growth Percentile(s) (Fall SY27) (counts, 10-pt bins)",Spring to Fall,70-79,107.0
students,District,assessments,STAR Early Literacy,ast-graph-3,"STAR Early Literacy Student Growth Percentile(s) (Fall SY27) (counts, 10-pt bins)",Spring to Fall,80-89,113.0
students,District,assessments,STAR Early Literacy,ast-graph-3,"STAR Early Literacy Student Growth Percentile(s) (Fall SY27) (counts, 10-pt bins)",Spring to Fall,90-99,172.0
students,District,assessments,STAR Reading Spanish,ast-graph-2,"STAR Reading Spanish Percentile Rank Distribution (Fall SY27) (counts, 10-pt bins)",,0-9,91.0
students,District,assessments,STAR Reading Spanish,ast-graph-2,"STAR Reading Spanish Percentile Rank Distribution (Fall SY27) (counts, 10-pt bins)",,10-19,95.0
students,District,assessments,STAR Reading Spanish,ast-graph-2,"STAR Reading Spanish Percentile Rank Distribution (Fall SY27) (counts, 10-pt bins)",,20-29,89.0
students,District,assessments,STAR Reading Spanish,ast-graph-2,"STAR Reading Spanish Percentile Rank Distribution (Fall SY27) (counts, 10-pt bins)",,30-39,60.0
students,District,assessments,STAR Reading Spanish,ast-graph-2,"STAR Reading Spanish Percentile Rank Distribution (Fall SY27) (counts, 10-pt bins)",,40-49,48.0
students,District,assessments,STAR Reading Spanish,ast-graph-2,"STAR Reading Spanish Percentile Rank Distribution (Fall SY27) (counts, 10-pt bins)",,50-59,39.0
students,District,assessments,STAR Reading Spanish,ast-graph-2,"STAR Reading Spanish Percentile Rank Distribution (Fall SY27) (counts, 10-pt bins)",,60-69,35.0
students,District,assessments,STAR Reading Spanish,ast-graph-2,"STAR Reading Spanish Percentile Rank Distribution (Fall SY27) (counts, 10-pt bins)",,70-79,35.0
students,District,assessments,STAR Reading Spanish,ast-graph-2,"STAR Reading Spanish Percentile Rank Distribution (Fall SY27) (counts, 10-pt bins)",,80-89,26.0
students,District,assessments,STAR Reading Spanish,ast-graph-2,"STAR Reading Spanish Percentile Rank Distribution (Fall SY27) (counts, 10-pt bins)",,90-99,45.0
students,District,assessments,STAR Reading Spanish,ast-graph-3,"STAR Reading Spanish Student Growth Percentile(s) (Fall SY27) (counts, 10-pt bins)",Fall to Fall,0-9,32.0
students,District,assessments,STAR Reading Spanish,ast-graph-3,"STAR Reading Spanish Student Growth Percentile(s) (Fall SY27) (counts, 10-pt bins)",Fall to Fall,10-19,56.0
students,District,assessments,STAR Reading Spanish,ast-graph-3,"STAR Reading Spanish Student Growth Percentile(s) (Fall SY27) (counts, 10-pt bins)",Fall to Fall,20-29,45.0
students,District,assessments,STAR Reading Spanish,ast-graph-3,"STAR Reading Spanish Student Growth Percentile(s) (Fall SY27) (counts, 10-pt bins)",Fall to Fall,30-39,39.0
students,District,assessments,STAR Reading Spanish,ast-graph-3,"STAR Reading Spanish Student Growth Percentile(s) (Fall SY27) (counts, 10-pt bins)",Fall to Fall,40-49,42.0
students,District,assessments,STAR Reading Spanish,ast-graph-3,"STAR Reading Spanish Student Growth Percentile(s) (Fall SY27) (counts, 10-pt bins)",Fall to Fall,50-59,35.0
students,District,assessments,STAR Reading Spanish,ast-graph-3,"STAR Reading Spanish Student Growth Percentile(s) (Fall SY27) (counts, 10-pt bins)",Fall to Fall,60-69,44.0
students,District,assessments,STAR Reading Spanish,ast-graph-3,"STAR Reading Spanish Student Growth Percentile(s) (Fall SY27) (counts, 10-pt bins)",Fall to Fall,70-79,19.0
students,District,assessments,STAR Reading Spanish,ast-graph-3,"STAR Reading Spanish Student Growth Percentile(s) (Fall SY27) (counts, 10-pt bins)",Fall to Fall,80-89,26.0
students,District,assessments,STAR Reading Spanish,ast-graph-3,"STAR Reading Spanish Student Growth Percentile(s) (Fall SY27) (counts, 10-pt bins)",Fall to Fall,90-99,38.0
students,District,assessments,STAR Reading Spanish,ast-graph-3,"STAR Reading Spanish Student Growth Percentile(s) (Fall SY27) (counts, 10-pt bins)",Spring to Fall,0-9,52.0
students,District,assessments,STAR Reading Spanish,ast-graph-3,"STAR Reading Spanish Student Growth Percentile(s) (Fall SY27) (counts, 10-pt bins)",Spring to Fall,10-19,36.0
students,District,assessments,STAR Reading Spanish,ast-graph-3,"STAR Reading Spanish Student Growth Percentile(s) (Fall SY27) (counts, 10-pt bins)",Spring to Fall,20-29,48.0
students,District,assessments,STAR Reading Spanish,ast-graph-3,"STAR Reading Spanish Student Growth Percentile(s) (Fall SY27) (counts, 10-pt bins)",Spring to Fall,30-39,47.0
students,District,assessments,STAR Reading Spanish,ast-graph-3,"STAR Reading Spanish Student Growth Percentile(s) (Fall SY27) (counts, 10-pt bins)",Spring to Fall,40-49,31.0
students,District,assessments,STAR Reading Spanish,ast-graph-3,"STAR Reading Spanish Student Growth Percentile(s) (Fall SY27) (counts, 10-pt bins)",Spring to Fall,50-59,40.0
students,District,assessments,STAR Reading Spanish,ast-graph-3,"STAR Reading Spanish Student Growth Percentile(s) (Fall SY27) (counts, 10-pt bins)",Spring to Fall,60-69,29.0
students,District,assessments,STAR Reading Spanish,ast-graph-3,"STAR Reading Spanish Student Growth Percentile(s) (Fall SY27) (counts, 10-pt bins)",Spring to Fall,70-79,31.0
students,District,assessments,STAR Reading Spanish,ast-graph-3,"STAR Reading Spanish Student Growth Percentile(s) (Fall SY27) (counts, 10-pt bins)",Spring to Fall,80-89,24.0
students,District,assessments,STAR Reading Spanish,ast-graph-3,"STAR Reading Spanish Student Growth Percentile(s) (Fall SY27) (counts, 10-pt bins)",Spring to Fall,90-99,37.0
students,District,assessments,STAR Early Literacy Spanish,ast-graph-2,"STAR Early Literacy Spanish Percentile Rank Distribution (Fall SY27) (counts, 10-pt bins)",,0-9,17.0
students,District,assessments,STAR Early Literacy Spanish,ast-graph-2,"STAR Early Literacy Spanish Percentile Rank Distribution (Fall SY27) (counts, 10-pt bins)",,10-19,16.0
students,District,assessments,STAR Early Literacy Spanish,ast-graph-2,"STAR Early Literacy Spanish Percentile Rank Distribution (Fall SY27) (counts, 10-pt bins)",,20-29,21.0
students,District,assessments,STAR Early Literacy Spanish,ast-graph-2,"STAR Early Literacy Spanish Percentile Rank Distribution (Fall SY27) (counts, 10-pt bins)",,30-39,22.0
students,District,assessments,STAR Early Literacy Spanish,ast-graph-2,"STAR Early Literacy Spanish Percentile Rank Distribution (Fall SY27) (counts, 10-pt bins)",,40-49,16.0
students,District,assessments,STAR Early Literacy Spanish,ast-graph-2,"STAR Early Literacy Spanish Percentile Rank Distribution (Fall SY27) (counts, 10-pt bins)",,50-59,27.0
students,District,assessments,STAR Early Literacy Spanish,ast-graph-2,"STAR Early Literacy Spanish Percentile Rank Distribution (Fall SY27) (counts, 10-pt bins)",,60-69,47.0
students,District,assessments,STAR Early Literacy Spanish,ast-graph-2,"STAR Early Literacy Spanish Percentile Rank Distribution (Fall SY27) (counts, 10-pt bins)",,70-79,43.0
students,District,assessments,STAR Early Literacy Spanish,ast-graph-2,"STAR Early Literacy Spanish Percentile Rank Distribution (Fall SY27) (counts, 10-pt bins)",,80-89,51.0
students,District,assessments,STAR Early Literacy Spanish,ast-graph-2,"STAR Early Literacy Spanish Percentile Rank Distribution (Fall SY27) (counts, 10-pt bins)",,90-99,74.0
students,District,assessments,STAR Early Literacy Spanish,ast-graph-3,"STAR Early Literacy Spanish Student Growth Percentile(s) (Fall SY27) (counts, 10-pt bins)",Fall to Fall,0-9,19.0
students,District,assessments,STAR Early Literacy Spanish,ast-graph-3,"STAR Early Literacy Spanish Student Growth Percentile(s) (Fall SY27) (counts, 10-pt bins)",Fall to Fall,10-19,10.0
students,District,assessments,STAR Early Literacy Spanish,ast-graph-3,"STAR Early Literacy Spanish Student Growth Percentile(s) (Fall SY27) (counts, 10-pt bins)",Fall to Fall,20-29,8.0
students,District,assessments,STAR Early Literacy Spanish,ast-graph-3,"STAR Early Literacy Spanish Student Growth Percentile(s) (Fall SY27) (counts, 10-pt bins)",Fall to Fall,30-39,15.0
students,District,assessments,STAR Early Literacy Spanish,ast-graph-3,"STAR Early Literacy Spanish Student Growth Percentile(s) (Fall SY27) (counts, 10-pt bins)",Fall to Fall,40-49,16.0
students,District,assessments,STAR Early Literacy Spanish,ast-graph-3,"STAR Early Literacy Spanish Student Growth Percentile(s) (Fall SY27) (counts, 10-pt bins)",Fall to Fall,50-59,15.0
students,District,assessments,STAR Early Literacy Spanish,ast-graph-3,"STAR Early Literacy Spanish Student Growth Percentile(s) (Fall SY27) (counts, 10-pt bins)",Fall to Fall,60-69,25.0
students,District,assessments,STAR Early Literacy Spanish,ast-graph-3,"STAR Early Literacy Spanish Student Growth Percentile(s) (Fall SY27) (counts, 10-pt bins)",Fall to Fall,70-79,20.0
students,District,assessments,STAR Early Literacy Spanish,ast-graph-3,"STAR Early Literacy Spanish Student Growth Percentile(s) (Fall SY27) (counts, 10-pt bins)",Fall to Fall,80-89,44.0
students,District,assessments,STAR Early Literacy Spanish,ast-graph-3,"STAR Early Literacy Spanish Student Growth Percentile(s) (Fall SY27) (counts, 10-pt bins)",Fall to Fall,90-99,45.0
students,District,assessments,STAR Early Literacy Spanish,ast-graph-3,"STAR Early Literacy Spanish Student Growth Percentile(s) (Fall SY27) (counts, 10-pt bins)",Spring to Fall,0-9,22.0
students,District,assessments,STAR Early Literacy Spanish,ast-graph-3,"STAR Early Literacy Spanish Student Growth Percentile(s) (Fall SY27) (counts, 10-pt bins)",Spring to Fall,10-19,12.0
students,District,assessments,STAR Early Literacy Spanish,ast-graph-3,"STAR Early Literacy Spanish Student Growth Percentile(s) (Fall SY27) (counts, 10-pt bins)",Spring to Fall,20-29,15.0
students,District,assessments,STAR Early Literacy Spanish,ast-graph-3,"STAR Early Literacy Spanish Student Growth Percentile(s) (Fall SY27) (counts, 10-pt bins)",Spring to Fall,30-39,18.0
students,District,assessments,STAR Early Literacy Spanish,ast-graph-3,"STAR Early Literacy Spanish Student Growth Percentile(s) (Fall SY27) (counts, 10-pt bins)",Spring to Fall,40-49,16.0
students,District,assessments,STAR Early Literacy Spanish,ast-graph-3,"STAR Early Literacy Spanish Student Growth Percentile(s) (Fall SY27) (counts, 10-pt bins)",Spring to Fall,50-59,24.0
students,District,assessments,STAR Early Literacy Spanish,ast-graph-3,"STAR Early Literacy Spanish Student Growth Percentile(s) (Fall SY27) (counts, 10-pt bins)",Spring to Fall,60-69,21.0
students,District,assessments,STAR Early Literacy Spanish,ast-graph-3,"STAR Early Literacy Spanish Student Growth Percentile(s) (Fall SY27) (counts, 10-pt bins)",Spring to Fall,70-79,31.0
students,District,assessments,STAR Early Literacy Spanish,ast-graph-3,"STAR Early Literacy Spanish Student Growth Percentile(s) (Fall SY27) (counts, 10-pt bins)",Spring to Fall,80-89,29.0
students,District,assessments,STAR Early Literacy Spanish,ast-graph-3,"STAR Early Literacy Spanish Student Growth Percentile(s) (Fall SY27) (counts, 10-pt bins)",Spring to Fall,90-99,31.0
students,District,assessments,i-Ready Math,ast-graph-2,"i-Ready Math — Percentile Distribution (counts, 10-pt bins)",,0-9,250.0
students,District,assessments,i-Ready Math,ast-graph-2,"i-Ready Math — Percentile Distribution (counts, 10-pt bins)",,10-19,358.0
students,District,assessments,i-Ready Math,ast-graph-2,"i-Ready Math — Percentile Distribution (counts, 10-pt bins)",,20-29,348.0
students,District,assessments,i-Ready Math,ast-graph-2,"i-Ready Math — Percentile Distribution (counts, 10-pt bins)",,30-39,400.0
students,District,assessments,i-Ready Math,ast-graph-2,"i-Ready Math — Percentile Distribution (counts, 10-pt bins)",,40-49,402.0
students,District,assessments,i-Ready Math,ast-graph-2,"i-Ready Math — Percentile Distribution (counts, 10-pt bins)",,50-59,471.0
students,District,assessments,i-Ready Math,ast-graph-2,"i-Ready Math — Percentile Distribution (counts, 10-pt bins)",,60-69,527.0
students,District,assessments,i-Ready Math,ast-graph-2,"i-Ready Math — Percentile Distribution (counts, 10-pt bins)",,70-79,595.0
students,District,assessments,i-Ready Math,ast-graph-2,"i-Ready Math — Percentile Distribution (counts, 10-pt bins)",,80-89,762.0
students,District,assessments,i-Ready Math,ast-graph-2,"i-Ready Math — Percentile Distribution (counts, 10-pt bins)",,90-99,1095.0
students,District,assessments,i-Ready Math,ast-graph-3,"i-Ready Math — Percent Progress to Annual Typical Growth (counts, 10-pt bins)",,0-9,5208.0
students,Chute Middle School,attendance,,att-distribution,"Attendance Rate Distribution (counts, 10-pt bins)",,0-9,5.0
students,Chute Middle School,attendance,,att-distribution,"Attendance Rate Distribution (counts, 10-pt bins)",,20-29,1.0
students,Chute Middle School,attendance,,att-distribution,"Attendance Rate Distribution (counts, 10-pt bins)",,30-39,3.0
students,Chute Middle School,attendance,,att-distribution,"Attendance Rate Distribution (counts, 10-pt bins)",,60-69,8.0
students,Chute Middle School,attendance,,att-distribution,"Attendance Rate Distribution (counts, 10-pt bins)",,70-79,16.0
students,Chute Middle School,attendance,,att-distribution,"Attendance Rate Distribution (counts, 10-pt bins)",,80-89,46.0
students,Chute Middle School,attendance,,att-distribution,"Attendance Rate Distribution (counts, 10-pt bins)",,90-99,239.0
students,Chute Middle School,attendance,,att-distribution,"Attendance Rate Distribution (counts, 10-pt bins)",,100+,273.0
students,Chute Middle School,assessments,STAR Reading,ast-graph-2,"STAR Reading Percentile Rank Distribution (Fall SY27) (counts, 10-pt bins)",,0-9,38.0
students,Chute Middle School,assessments,STAR Reading,ast-graph-2,"STAR Reading Percentile Rank Distribution (Fall SY27) (counts, 10-pt bins)",,10-19,38.0
students,Chute Middle School,assessments,STAR Reading,ast-graph-2,"STAR Reading Percentile Rank Distribution (Fall SY27) (counts, 10-pt bins)",,20-29,33.0
students,Chute Middle School,assessments,STAR Reading,ast-graph-2,"STAR Reading Percentile Rank Distribution (Fall SY27) (counts, 10-pt bins)",,30-39,38.0
students,Chute Middle School,assessments,STAR Reading,ast-graph-2,"STAR Reading Percentile Rank Distribution (Fall SY27) (counts, 10-pt bins)",,40-49,47.0
students,Chute Middle School,assessments,STAR Reading,ast-graph-2,"STAR Reading Percentile Rank Distribution (Fall SY27) (counts, 10-pt bins)",,50-59,65.0
students,Chute Middle School,assessments,STAR Reading,ast-graph-2,"STAR Reading Percentile Rank Distribution (Fall SY27) (counts, 10-pt bins)",,60-69,52.0
students,Chute Middle School,assessments,STAR Reading,ast-graph-2,"STAR Reading Percentile Rank Distribution (Fall SY27) (counts, 10-pt bins)",,70-79,71.0
students,Chute Middle School,assessments,STAR Reading,ast-graph-2,"STAR Reading Percentile Rank Distribution (Fall SY27) (counts, 10-pt bins)",,80-89,72.0
students,Chute Middle School,assessments,STAR Reading,ast-graph-2,"STAR Reading Percentile Rank Distribution (Fall SY27) (counts, 10-pt bins)",,90-99,128.0
students,Chute Middle School,assessments,STAR Reading,ast-graph-3,"STAR Reading Student Growth Percentile(s) (Fall SY27) (counts, 10-pt bins)",Fall to Fall,0-9,38.0
students,Chute Middle School,assessments,STAR Reading,ast-graph-3,"STAR Reading Student Growth Percentile(s) (Fall SY27) (counts, 10-pt bins)",Fall to Fall,10-19,62.0
students,Chute Middle School,assessments,STAR Reading,ast-graph-3,"STAR Reading Student Growth Percentile(s) (Fall SY27) (counts, 10-pt bins)",Fall to Fall,20-29,36.0
students,Chute Middle School,assessments,STAR Reading,ast-graph-3,"STAR Reading Student Growth Percentile(s) (Fall SY27) (counts, 10-pt bins)",Fall to Fall,30-39,42.0
students,Chute Middle School,assessments,STAR Reading,ast-graph-3,"STAR Reading Student Growth Percentile(s) (Fall SY27) (counts, 10-pt bins)",Fall to Fall,40-49,42.0
students,Chute Middle School,assessments,STAR Reading,ast-graph-3,"STAR Reading Student Growth Percentile(s) (Fall SY27) (counts, 10-pt bins)",Fall to Fall,50-59,55.0
students,Chute Middle School,assessments,STAR Reading,ast-graph-3,"STAR Reading Student Growth Percentile(s) (Fall SY27) (counts, 10-pt bins)",Fall to Fall,60-69,57.0
students,Chute Middle School,assessments,STAR Reading,ast-graph-3,"STAR Reading Student Growth Percentile(s) (Fall SY27) (counts, 10-pt bins)",Fall to Fall,70-79,56.0
students,Chute Middle School,assessments,STAR Reading,ast-graph-3,"STAR Reading Student Growth Percentile(s) (Fall SY27) (counts, 10-pt bins)",Fall to Fall,80-89,71.0
students,Chute Middle School,assessments,STAR Reading,ast-graph-3,"STAR Reading Student Growth Percentile(s) (Fall SY27) (counts, 10-pt bins)",Fall to Fall,90-99,86.0
students,Chute Middle School,assessments,STAR Reading,ast-graph-3,"STAR Reading Student Growth Percentile(s) (Fall SY27) (counts, 10-pt bins)",Spring to Fall,0-9,53.0
students,Chute Middle School,assessments,STAR Reading,ast-graph-3,"STAR Reading Student Growth Percentile(s) (Fall SY27) (counts, 10-pt bins)",Spring to Fall,10-19,53.0
students,Chute Middle School,assessments,STAR Reading,ast-graph-3,"STAR Reading Student Growth Percentile(s) (Fall SY27) (counts, 10-pt bins)",Spring to Fall,20-29,50.0
students,Chute Middle School,assessments,STAR Reading,ast-graph-3,"STAR Reading Student Growth Percentile(s) (Fall SY27) (counts, 10-pt bins)",Spring to Fall,30-39,55.0
students,Chute Middle School,assessments,STAR Reading,ast-graph-3,"STAR Reading Student Growth Percentile(s) (Fall SY27) (counts, 10-pt bins)",Spring to Fall,40-49,45.0
students,Chute Middle School,assessments,STAR Reading,ast-graph-3,"STAR Reading Student Growth Percentile(s) (Fall SY27) (counts, 10-pt bins)",Spring to Fall,50-59,51.0
students,Chute Middle School,assessments,STAR Reading,ast-graph-3,"STAR Reading Student Growth Percentile(s) (Fall SY27) (counts, 10-pt bins)",Spring to Fall,60-69,53.0
students,Chute Middle School,assessments,STAR Reading,ast-graph-3,"STAR Reading Student Growth Percentile(s) (Fall SY27) (counts, 10-pt bins)",Spring to Fall,70-79,59.0
students,Chute Middle School,assessments,STAR Reading,ast-graph-3,"STAR Reading Student Growth Percentile(s) (Fall SY27) (counts, 10-pt bins)",Spring to Fall,80-89,56.0
students,Chute Middle School,assessments,STAR Reading,ast-graph-3,"STAR Reading Student Growth Percentile(s) (Fall SY27) (counts, 10-pt bins)",Spring to Fall,90-99,78.0
students,Chute Middle School,assessments,STAR Reading Spanish,ast-graph-2,"STAR Reading Spanish Percentile Rank Distribution (Fall SY27) (counts, 10-pt bins)",,0-9,15.0
students,Chute Middle School,assessments,STAR Reading Spanish,ast-graph-2,"STAR Reading Spanish Percentile Rank Distribution (Fall SY27) (counts, 10-pt bins)",,10-19,14.0
students,Chute Middle School,assessments,STAR Reading Spanish,ast-graph-2,"STAR Reading Spanish Percentile Rank Distribution (Fall SY27) (counts, 10-pt bins)",,20-29,13.0
students,Chute Middle School,assessments,STAR Reading Spanish,ast-graph-2,"STAR Reading Spanish Percentile Rank Distribution (Fall SY27) (counts, 10-pt bins)",,30-39,7.0
students,Chute Middle School,assessments,STAR Reading Spanish,ast-graph-2,"STAR Reading Spanish Percentile Rank Distribution (Fall SY27) (counts, 10-pt bins)",,40-49,6.0
students,Chute Middle School,assessments,STAR Reading Spanish,ast-graph-2,"STAR Reading Spanish Percentile Rank Distribution (Fall SY27) (counts, 10-pt bins)",,50-59,7.0
students,Chute Middle School,assessments,STAR Reading Spanish,ast-graph-2,"STAR Reading Spanish Percentile Rank Distribution (Fall SY27) (counts, 10-pt bins)",,60-69,6.0
students,Chute Middle School,assessments,STAR Reading Spanish,ast-graph-2,"STAR Reading Spanish Percentile Rank Distribution (Fall SY27) (counts, 10-pt bins)",,70-79,6.0
students,Chute Middle School,assessments,STAR Reading Spanish,ast-graph-2,"STAR Reading Spanish Percentile Rank Distribution (Fall SY27) (counts, 10-pt bins)",,80-89,5.0
students,Chute Middle School,assessments,STAR Reading Spanish,ast-graph-2,"STAR Reading Spanish Percentile Rank Distribution (Fall SY27) (counts, 10-pt bins)",,90-99,7.0
students,Chute Middle School,assessments,STAR Reading Spanish,ast-graph-3,"STAR Reading Spanish Student Growth Percentile(s) (Fall SY27) (counts, 10-pt bins)",Fall to Fall,0-9,2.0
students,Chute Middle School,assessments,STAR Reading Spanish,ast-graph-3,"STAR Reading Spanish Student Growth Percentile(s) (Fall SY27) (counts, 10-pt bins)",Fall to Fall,10-19,8.0
students,Chute Middle School,assessments,STAR Reading Spanish,ast-graph-3,"STAR Reading Spanish Student Growth Percentile(s) (Fall SY27) (counts, 10-pt bins)",Fall to Fall,20-29,5.0
students,Chute Middle School,assessments,STAR Reading Spanish,ast-graph-3,"STAR Reading Spanish Student Growth Percentile(s) (Fall SY27) (counts, 10-pt bins)",Fall to Fall,30-39,2.0
students,Chute Middle School,assessments,STAR Reading Spanish,ast-graph-3,"STAR Reading Spanish Student Growth Percentile(s) (Fall SY27) (counts, 10-pt bins)",Fall to Fall,40-49,4.0
students,Chute Middle School,assessments,STAR Reading Spanish,ast-graph-3,"STAR Reading Spanish Student Growth Percentile(s) (Fall SY27) (counts, 10-pt bins)",Fall to Fall,50-59,1.0
students,Chute Middle School,assessments,STAR Reading Spanish,ast-graph-3,"STAR Reading Spanish Student Growth Percentile(s) (Fall SY27) (counts, 10-pt bins)",Fall to Fall,60-69,4.0
students,Chute Middle School,assessments,STAR Reading Spanish,ast-graph-3,"STAR Reading Spanish Student Growth Percentile(s) (Fall SY27) (counts, 10-pt bins)",Fall to Fall,70-79,1.0
students,Chute Middle School,assessments,STAR Reading Spanish,ast-graph-3,"STAR Reading Spanish Student Growth Percentile(s) (Fall SY27) (counts, 10-pt bins)",Fall to Fall,90-99,2.0
students,Chute Middle School,assessments,STAR Reading Spanish,ast-graph-3,"STAR Reading Spanish Student Growth Percentile(s) (Fall SY27) (counts, 10-pt bins)",Spring to Fall,0-9,4.0
students,Chute Middle School,assessments,STAR Reading Spanish,ast-graph-3,"STAR Reading Spanish Student Growth Percentile(s) (Fall SY27) (counts, 10-pt bins)",Spring to Fall,10-19,4.0
students,Chute Middle School,assessments,STAR Reading Spanish,ast-graph-3,"STAR Reading Spanish Student Growth Percentile(s) (Fall SY27) (counts, 10-pt bins)",Spring to Fall,20-29,6.0
students,Chute Middle School,assessments,STAR Reading Spanish,ast-graph-3,"STAR Reading Spanish Student Growth Percentile(s) (Fall SY27) (counts, 10-pt bins)",Spring to Fall,30-39,3.0
students,Chute Middle School,assessments,STAR Reading Spanish,ast-graph-3,"STAR Reading Spanish Student Growth Percentile(s) (Fall SY27) (counts, 10-pt bins)",Spring to Fall,40-49,1.0
students,Chute Middle School,assessments,STAR Reading Spanish,ast-graph-3,"STAR Reading Spanish Student Growth Percentile(s) (Fall SY27) (counts, 10-pt bins)",Spring to Fall,60-69,2.0
students,Chute Middle School,assessments,STAR Reading Spanish,ast-graph-3,"STAR Reading Spanish Student Growth Percentile(s) (Fall SY27) (counts, 10-pt bins)",Spring to Fall,70-79,3.0
students,Chute Middle School,assessments,STAR Reading Spanish,ast-graph-3,"STAR Reading Spanish Student Growth Percentile(s) (Fall SY27) (counts, 10-pt bins)",Spring to Fall,90-99,2.0
students,Chute Middle School,assessments,i-Ready Math,ast-graph-2,"i-Ready Math — Percentile Distribution (counts, 10-pt bins)",,0-9,22.0
students,Chute Middle School,assessments,i-Ready Math,ast-graph-2,"i-Ready Math — Percentile Distribution (counts, 10-pt bins)",,10-19,38.0
students,Chute Middle School,assessments,i-Ready Math,ast-graph-2,"i-Ready Math — Percentile Distribution (counts, 10-pt bins)",,20-29,43.0
students,Chute Middle School,assessments,i-Ready Math,ast-graph-2,"i-Ready Math — Percentile Distribution (counts, 10-pt bins)",,30-39,44.0
students,Chute Middle School,assessments,i-Ready Math,ast-graph-2,"i-Ready Math — Percentile Distribution (counts, 10-pt bins)",,40-49,56.0
students,Chute Middle School,assessments,i-Ready Math,ast-graph-2,"i-Ready Math — Percentile Distribution (counts, 10-pt bins)",,50-59,61.0
students,Chute Middle School,assessments,i-Ready Math,ast-graph-2,"i-Ready Math — Percentile Distribution (counts, 10-pt bins)",,60-69,68.0
students,Chute Middle School,assessments,i-Ready Math,ast-graph-2,"i-Ready Math — Percentile Distribution (counts, 10-pt bins)",,70-79,65.0
students,Chute Middle School,assessments,i-Ready Math,ast-graph-2,"i-Ready Math — Percentile Distribution (counts, 10-pt bins)",,80-89,90.0
students,Chute Middle School,assessments,i-Ready Math,ast-graph-2,"i-Ready Math — Percentile Distribution (counts, 10-pt bins)",,90-99,92.0
students,Chute Middle School,assessments,i-Ready Math,ast-graph-3,"i-Ready Math — Percent Progress to Annual Typical Growth (counts, 10-pt bins)",,0-9,579.0
students,Dawes Elementary School,attendance,,att-distribution,"Attendance Rate Distribution (counts, 10-pt bins)",,0-9,4.0
students,Dawes Elementary School,attendance,,att-distribution,"Attendance Rate Distribution (counts, 10-pt bins)",,70-79,6.0
students,Dawes Elementary School,attendance,,att-distribution,"Attendance Rate Distribution (counts, 10-pt bins)",,80-89,13.0
students,Dawes Elementary School,attendance,,att-distribution,"Attendance Rate Distribution (counts, 10-pt bins)",,90-99,81.0
students,Dawes Elementary School,attendance,,att-distribution,"Attendance Rate Distribution (counts, 10-pt bins)",,100+,184.0
students,Dawes Elementary School,assessments,STAR Reading,ast-graph-2,"STAR Reading Percentile Rank Distribution (Fall SY27) (counts, 10-pt bins)",,0-9,11.0
students,Dawes Elementary School,assessments,STAR Reading,ast-graph-2,"STAR Reading Percentile Rank Distribution (Fall SY27) (counts, 10-pt bins)",,10-19,12.0
students,Dawes Elementary School,assessments,STAR Reading,ast-graph-2,"STAR Reading Percentile Rank Distribution (Fall SY27) (counts, 10-pt bins)",,20-29,9.0
students,Dawes Elementary School,assessments,STAR Reading,ast-graph-2,"STAR Reading Percentile Rank Distribution (Fall SY27) (counts, 10-pt bins)",,30-39,15.0
students,Dawes Elementary School,assessments,STAR Reading,ast-graph-2,"STAR Reading Percentile Rank Distribution (Fall SY27) (counts, 10-pt bins)",,40-49,14.0
students,Dawes Elementary School,assessments,STAR Reading,ast-graph-2,"STAR Reading Percentile Rank Distribution (Fall SY27) (counts, 10-pt bins)",,50-59,13.0
students,Dawes Elementary School,assessments,STAR Reading,ast-graph-2,"STAR Reading Percentile Rank Distribution (Fall SY27) (counts, 10-pt bins)",,60-69,10.0
students,Dawes Elementary School,assessments,STAR Reading,ast-graph-2,"STAR Reading Percentile Rank Distribution (Fall SY27) (counts, 10-pt bins)",,70-79,17.0
students,Dawes Elementary School,assessments,STAR Reading,ast-graph-2,"STAR Reading Percentile Rank Distribution (Fall SY27) (counts, 10-pt bins)",,80-89,16.0
students,Dawes Elementary School,assessments,STAR Reading,ast-graph-2,"STAR Reading Percentile Rank Distribution (Fall SY27) (counts, 10-pt bins)",,90-99,39.0
students,Dawes Elementary School,assessments,STAR Reading,ast-graph-3,"STAR Reading Student Growth Percentile(s) (Fall SY27) (counts, 10-pt bins)",Fall to Fall,0-9,9.0
students,Dawes Elementary School,assessments,STAR Reading,ast-graph-3,"STAR Reading Student Growth Percentile(s) (Fall SY27) (counts, 10-pt bins)",Fall to Fall,10-19,12.0
students,Dawes Elementary School,assessments,STAR Reading,ast-graph-3,"STAR Reading Student Growth Percentile(s) (Fall SY27) (counts, 10-pt bins)",Fall to Fall,20-29,8.0
students,Dawes Elementary School,assessments,STAR Reading,ast-graph-3,"STAR Reading Student Growth Percentile(s) (Fall SY27) (counts, 10-pt bins)",Fall to Fall,30-39,9.0
students,Dawes Elementary School,assessments,STAR Reading,ast-graph-3,"STAR Reading Student Growth Percentile(s) (Fall SY27) (counts, 10-pt bins)",Fall to Fall,40-49,19.0
students,Dawes Elementary School,assessments,STAR Reading,ast-graph-3,"STAR Reading Student Growth Percentile(s) (Fall SY27) (counts, 10-pt bins)",Fall to Fall,50-59,14.0
students,Dawes Elementary School,assessments,STAR Reading,ast-graph-3,"STAR Reading Student Growth Percentile(s) (Fall SY27) (counts, 10-pt bins)",Fall to Fall,60-69,14.0
students,Dawes Elementary School,assessments,STAR Reading,ast-graph-3,"STAR Reading Student Growth Percentile(s) (Fall SY27) (counts, 10-pt bins)",Fall to Fall,70-79,14.0
students,Dawes Elementary School,assessments,STAR Reading,ast-graph-3,"STAR Reading Student Growth Percentile(s) (Fall SY27) (counts, 10-pt bins)",Fall to Fall,80-89,15.0
students,Dawes Elementary School,assessments,STAR Reading,ast-graph-3,"STAR Reading Student Growth Percentile(s) (Fall SY27) (counts, 10-pt bins)",Fall to Fall,90-99,31.0
students,Dawes Elementary School,assessments,STAR Reading,ast-graph-3,"STAR Reading Student Growth Percentile(s) (Fall SY27) (counts, 10-pt bins)",Spring to Fall,0-9,12.0
students,Dawes Elementary School,assessments,STAR Reading,ast-graph-3,"STAR Reading Student Growth Percentile(s) (Fall SY27) (counts, 10-pt bins)",Spring to Fall,10-19,12.0
students,Dawes Elementary School,assessments,STAR Reading,ast-graph-3,"STAR Reading Student Growth Percentile(s) (Fall SY27) (counts, 10-pt bins)",Spring to Fall,20-29,16.0
students,Dawes Elementary School,assessments,STAR Reading,ast-graph-3,"STAR Reading Student Growth Percentile(s) (Fall SY27) (counts, 10-pt bins)",Spring to Fall,30-39,11.0
students,Dawes Elementary School,assessments,STAR Reading,ast-graph-3,"STAR Reading Student Growth Percentile(s) (Fall SY27) (counts, 10-pt bins)",Spring to Fall,40-49,16.0
students,Dawes Elementary School,assessments,STAR Reading,ast-graph-3,"STAR Reading Student Growth Percentile(s) (Fall SY27) (counts, 10-pt bins)",Spring to Fall,50-59,11.0
students,Dawes Elementary School,assessments,STAR Reading,ast-graph-3,"STAR Reading Student Growth Percentile(s) (Fall SY27) (counts, 10-pt bins)",Spring to Fall,60-69,15.0
students,Dawes Elementary School,assessments,STAR Reading,ast-graph-3,"STAR Reading Student Growth Percentile(s) (Fall SY27) (counts, 10-pt bins)",Spring to Fall,70-79,11.0
students,Dawes Elementary School,assessments,STAR Reading,ast-graph-3,"STAR Reading Student Growth Percentile(s) (Fall SY27) (counts, 10-pt bins)",Spring to Fall,80-89,17.0
students,Dawes Elementary School,assessments,STAR Reading,ast-graph-3,"STAR Reading Student Growth Percentile(s) (Fall SY27) (counts, 10-pt bins)",Spring to Fall,90-99,27.0
students,Dawes Elementary School,assessments,STAR Early Literacy,ast-graph-2,"STAR Early Literacy Percentile Rank Distribution (Fall SY27) (counts, 10-pt bins)",,0-9,10.0
students,Dawes Elementary School,assessments,STAR Early Literacy,ast-graph-2,"STAR Early Literacy Percentile Rank Distribution (Fall SY27) (counts, 10-pt bins)",,10-19,12.0
students,Dawes Elementary School,assessments,STAR Early Literacy,ast-graph-2,"STAR Early Literacy Percentile Rank Distribution (Fall SY27) (counts, 10-pt bins)",,20-29,14.0
students,Dawes Elementary School,assessments,STAR Early Literacy,ast-graph-2,"STAR Early Literacy Percentile Rank Distribution (Fall SY27) (counts, 10-pt bins)",,30-39,10.0
students,Dawes Elementary School,assessments,STAR Early Literacy,ast-graph-2,"STAR Early Literacy Percentile Rank Distribution (Fall SY27) (counts, 10-pt bins)",,40-49,13.0
students,Dawes Elementary School,assessments,STAR Early Literacy,ast-graph-2,"STAR Early Literacy Percentile Rank Distribution (Fall SY27) (counts, 10-pt bins)",,50-59,11.0
students,Dawes Elementary School,assessments,STAR Early Literacy,ast-graph-2,"STAR Early Literacy Percentile Rank Distribution (Fall SY27) (counts, 10-pt bins)",,60-69,8.0
students,Dawes Elementary School,assessments,STAR Early Literacy,ast-graph-2,"STAR Early Literacy Percentile Rank Distribution (Fall SY27) (counts, 10-pt bins)",,70-79,17.0
students,Dawes Elementary School,assessments,STAR Early Literacy,ast-graph-2,"STAR Early Literacy Percentile Rank Distribution (Fall SY27) (counts, 10-pt bins)",,80-89,8.0
students,Dawes Elementary School,assessments,STAR Early Literacy,ast-graph-2,"STAR Early Literacy Percentile Rank Distribution (Fall SY27) (counts, 10-pt bins)",,90-99,22.0
students,Dawes Elementary School,assessments,STAR Early Literacy,ast-graph-3,"STAR Early Literacy Student Growth Percentile(s) (Fall SY27) (counts, 10-pt bins)",Fall to Fall,0-9,3.0
students,Dawes Elementary School,assessments,STAR Early Literacy,ast-graph-3,"STAR Early Literacy Student Growth Percentile(s) (Fall SY27) (counts, 10-pt bins)",Fall to Fall,10-19,5.0
students,Dawes Elementary School,assessments,STAR Early Literacy,ast-graph-3,"STAR Early Literacy Student Growth Percentile(s) (Fall SY27) (counts, 10-pt bins)",Fall to Fall,20-29,9.0
students,Dawes Elementary School,assessments,STAR Early Literacy,ast-graph-3,"STAR Early Literacy Student Growth Percentile(s) (Fall SY27) (counts, 10-pt bins)",Fall to Fall,30-39,7.0
students,Dawes Elementary School,assessments,STAR Early Literacy,ast-graph-3,"STAR Early Literacy Student Growth Percentile(s) (Fall SY27) (counts, 10-pt bins)",Fall to Fall,40-49,5.0
students,Dawes Elementary School,assessments,STAR Early Literacy,ast-graph-3,"STAR Early Literacy Student Growth Percentile(s) (Fall SY27) (counts, 10-pt bins)",Fall to Fall,50-59,10.0
students,Dawes Elementary School,assessments,STAR Early Literacy,ast-graph-3,"STAR Early Literacy Student Growth Percentile(s) (Fall SY27) (counts, 10-pt bins)",Fall to Fall,60-69,7.0
students,Dawes Elementary School,assessments,STAR Early Literacy,ast-graph-3,"STAR Early Literacy Student Growth Percentile(s) (Fall SY27) (counts, 10-pt bins)",Fall to Fall,70-79,5.0
students,Dawes Elementary School,assessments,STAR Early Literacy,ast-graph-3,"STAR Early Literacy Student Growth Percentile(s) (Fall SY27) (counts, 10-pt bins)",Fall to Fall,80-89,9.0
students,Dawes Elementary School,assessments,STAR Early Literacy,ast-graph-3,"STAR Early Literacy Student Growth Percentile(s) (Fall SY27) (counts, 10-pt bins)",Fall to Fall,90-99,20.0
students,Dawes Elementary School,assessments,STAR Early Literacy,ast-graph-3,"STAR Early Literacy Student Growth Percentile(s) (Fall SY27) (counts, 10-pt bins)",Spring to Fall,0-9,1.0
students,Dawes Elementary School,assessments,STAR Early Literacy,ast-graph-3,"STAR Early Literacy Student Growth Percentile(s) (Fall SY27) (counts, 10-pt bins)",Spring to Fall,10-19,8.0
students,Dawes Elementary School,assessments,STAR Early Literacy,ast-graph-3,"STAR Early Literacy Student Growth Percentile(s) (Fall SY27) (counts, 10-pt bins)",Spring to Fall,20-29,7.0
students,Dawes Elementary School,assessments,STAR Early Literacy,ast-graph-3,"STAR Early Literacy Student Growth Percentile(s) (Fall SY27) (counts, 10-pt bins)",Spring to Fall,30-39,3.0
students,Dawes Elementary School,assessments,STAR Early Literacy,ast-graph-3,"STAR Early Literacy Student Growth Percentile(s) (Fall SY27) (counts, 10-pt bins)",Spring to Fall,40-49,12.0
students,Dawes Elementary School,assessments,STAR Early Literacy,ast-graph-3,"STAR Early Literacy Student Growth Percentile(s) (Fall SY27) (counts, 10-pt bins)",Spring to Fall,50-59,10.0
students,Dawes Elementary School,assessments,STAR Early Literacy,ast-graph-3,"STAR Early Literacy Student Growth Percentile(s) (Fall SY27) (counts, 10-pt bins)",Spring to Fall,60-69,12.0
students,Dawes Elementary School,assessments,STAR Early Literacy,ast-graph-3,"STAR Early Literacy Student Growth Percentile(s) (Fall SY27) (counts, 10-pt bins)",Spring to Fall,70-79,8.0
students,Dawes Elementary School,assessments,STAR Early Literacy,ast-graph-3,"STAR Early Literacy Student Growth Percentile(s) (Fall SY27) (counts, 10-pt bins)",Spring to Fall,80-89,4.0
students,Dawes Elementary School,assessments,STAR Early Literacy,ast-graph-3,"STAR Early Literacy Student Growth Percentile(s) (Fall SY27) (counts, 10-pt bins)",Spring to Fall,90-99,15.0
students,Dawes Elementary School,assessments,STAR Reading Spanish,ast-graph-2,"STAR Reading Spanish Percentile Rank Distribution (Fall SY27) (counts, 10-pt bins)",,0-9,7.0
students,Dawes Elementary School,assessments,STAR Reading Spanish,ast-graph-2,"STAR Reading Spanish Percentile Rank Distribution (Fall SY27) (counts, 10-pt bins)",,10-19,8.0
students,Dawes Elementary School,assessments,STAR Reading Spanish,ast-graph-2,"STAR Reading Spanish Percentile Rank Distribution (Fall SY27) (counts, 10-pt bins)",,20-29,10.0
students,Dawes Elementary School,assessments,STAR Reading Spanish,ast-graph-2,"STAR Reading Spanish Percentile Rank Distribution (Fall SY27) (counts, 10-pt bins)",,30-39,5.0
students,Dawes Elementary School,assessments,STAR Reading Spanish,ast-graph-2,"STAR Reading Spanish Percentile Rank Distribution (Fall SY27) (counts, 10-pt bins)",,40-49,5.0
students,Dawes Elementary School,assessments,STAR Reading Spanish,ast-graph-2,"STAR Reading Spanish Percentile Rank Distribution (Fall SY27) (counts, 10-pt bins)",,50-59,6.0
students,Dawes Elementary School,assessments,STAR Reading Spanish,ast-graph-2,"STAR Reading Spanish Percentile Rank Distribution (Fall SY27) (counts, 10-pt bins)",,60-69,5.0
students,Dawes Elementary School,assessments,STAR Reading Spanish,ast-graph-2,"STAR Reading Spanish Percentile Rank Distribution (Fall SY27) (counts, 10-pt bins)",,70-79,3.0
students,Dawes Elementary School,assessments,STAR Reading Spanish,ast-graph-2,"STAR Reading Spanish Percentile Rank Distribution (Fall SY27) (counts, 10-pt bins)",,90-99,6.0
students,Dawes Elementary School,assessments,STAR Reading Spanish,ast-graph-3,"STAR Reading Spanish Student Growth Percentile(s) (Fall SY27) (counts, 10-pt bins)",Fall to Fall,0-9,4.0
students,Dawes Elementary School,assessments,STAR Reading Spanish,ast-graph-3,"STAR Reading Spanish Student Growth Percentile(s) (Fall SY27) (counts, 10-pt bins)",Fall to Fall,10-19,8.0
students,Dawes Elementary School,assessments,STAR Reading Spanish,ast-graph-3,"STAR Reading Spanish Student Growth Percentile(s) (Fall SY27) (counts, 10-pt bins)",Fall to Fall,20-29,5.0
students,Dawes Elementary School,assessments,STAR Reading Spanish,ast-graph-3,"STAR Reading Spanish Student Growth Percentile(s) (Fall SY27) (counts, 10-pt bins)",Fall to Fall,30-39,9.0
students,Dawes Elementary School,assessments,STAR Reading Spanish,ast-graph-3,"STAR Reading Spanish Student Growth Percentile(s) (Fall SY27) (counts, 10-pt bins)",Fall to Fall,40-49,5.0
students,Dawes Elementary School,assessments,STAR Reading Spanish,ast-graph-3,"STAR Reading Spanish Student Growth Percentile(s) (Fall SY27) (counts, 10-pt bins)",Fall to Fall,50-59,4.0
students,Dawes Elementary School,assessments,STAR Reading Spanish,ast-graph-3,"STAR Reading Spanish Student Growth Percentile(s) (Fall SY27) (counts, 10-pt bins)",Fall to Fall,60-69,7.0
students,Dawes Elementary School,assessments,STAR Reading Spanish,ast-graph-3,"STAR Reading Spanish Student Growth Percentile(s) (Fall SY27) (counts, 10-pt bins)",Fall to Fall,70-79,3.0
students,Dawes Elementary School,assessments,STAR Reading Spanish,ast-graph-3,"STAR Reading Spanish Student Growth Percentile(s) (Fall SY27) (counts, 10-pt bins)",Fall to Fall,80-89,4.0
students,Dawes Elementary School,assessments,STAR Reading Spanish,ast-graph-3,"STAR Reading Spanish Student Growth Percentile(s) (Fall SY27) (counts, 10-pt bins)",Fall to Fall,90-99,2.0
students,Dawes Elementary School,assessments,STAR Reading Spanish,ast-graph-3,"STAR Reading Spanish Student Growth Percentile(s) (Fall SY27) (counts, 10-pt bins)",Spring to Fall,0-9,4.0
students,Dawes Elementary School,assessments,STAR Reading Spanish,ast-graph-3,"STAR Reading Spanish Student Growth Percentile(s) (Fall SY27) (counts, 10-pt bins)",Spring to Fall,10-19,10.0
students,Dawes Elementary School,assessments,STAR Reading Spanish,ast-graph-3,"STAR Reading Spanish Student Growth Percentile(s) (Fall SY27) (counts, 10-pt bins)",Spring to Fall,20-29,6.0
students,Dawes Elementary School,assessments,STAR Reading Spanish,ast-graph-3,"STAR Reading Spanish Student Growth Percentile(s) (Fall SY27) (counts, 10-pt bins)",Spring to Fall,30-39,5.0
students,Dawes Elementary School,assessments,STAR Reading Spanish,ast-graph-3,"STAR Reading Spanish Student Growth Percentile(s) (Fall SY27) (counts, 10-pt bins)",Spring to Fall,40-49,5.0
students,Dawes Elementary School,assessments,STAR Reading Spanish,ast-graph-3,"STAR Reading Spanish Student Growth Percentile(s) (Fall SY27) (counts, 10-pt bins)",Spring to Fall,50-59,3.0
students,Dawes Elementary School,assessments,STAR Reading Spanish,ast-graph-3,"STAR Reading Spanish Student Growth Percentile(s) (Fall SY27) (counts, 10-pt bins)",Spring to Fall,60-69,4.0
students,Dawes Elementary School,assessments,STAR Reading Spanish,ast-graph-3,"STAR Reading Spanish Student Growth Percentile(s) (Fall SY27) (counts, 10-pt bins)",Spring to Fall,70-79,5.0
students,Dawes Elementary School,assessments,STAR Reading Spanish,ast-graph-3,"STAR Reading Spanish Student Growth Percentile(s) (Fall SY27) (counts, 10-pt bins)",Spring to Fall,80-89,5.0
students,Dawes Elementary School,assessments,STAR Reading Spanish,ast-graph-3,"STAR Reading Spanish Student Growth Percentile(s) (Fall SY27) (counts, 10-pt bins)",Spring to Fall,90-99,6.0
students,Dawes Elementary School,assessments,STAR Early Literacy Spanish,ast-graph-2,"STAR Early Literacy Spanish Percentile Rank Distribution (Fall SY27) (counts, 10-pt bins)",,0-9,3.0
students,Dawes Elementary School,assessments,STAR Early Literacy Spanish,ast-graph-2,"STAR Early Literacy Spanish Percentile Rank Distribution (Fall SY27) (counts, 10-pt bins)",,10-19,1.0
students,Dawes Elementary School,assessments,STAR Early Literacy Spanish,ast-graph-2,"STAR Early Literacy Spanish Percentile Rank Distribution (Fall SY27) (counts, 10-pt bins)",,20-29,3.0
students,Dawes Elementary School,assessments,STAR Early Literacy Spanish,ast-graph-2,"STAR Early Literacy Spanish Percentile Rank Distribution (Fall SY27) (counts, 10-pt bins)",,30-39,1.0
students,Dawes Elementary School,assessments,STAR Early Literacy Spanish,ast-graph-2,"STAR Early Literacy Spanish Percentile Rank Distribution (Fall SY27) (counts, 10-pt bins)",,40-49,3.0
students,Dawes Elementary School,assessments,STAR Early Literacy Spanish,ast-graph-2,"STAR Early Literacy Spanish Percentile Rank Distribution (Fall SY27) (counts, 10-pt bins)",,50-59,4.0
students,Dawes Elementary School,assessments,STAR Early Literacy Spanish,ast-graph-2,"STAR Early Literacy Spanish Percentile Rank Distribution (Fall SY27) (counts, 10-pt bins)",,60-69,5.0
students,Dawes Elementary School,assessments,STAR Early Literacy Spanish,ast-graph-2,"STAR Early Literacy Spanish Percentile Rank Distribution (Fall SY27) (counts, 10-pt bins)",,70-79,13.0
students,Dawes Elementary School,assessments,STAR Early Literacy Spanish,ast-graph-2,"STAR Early Literacy Spanish Percentile Rank Distribution (Fall SY27) (counts, 10-pt bins)",,80-89,9.0
students,Dawes Elementary School,assessments,STAR Early Literacy Spanish,ast-graph-2,"STAR Early Literacy Spanish Percentile Rank Distribution (Fall SY27) (counts, 10-pt bins)",,90-99,16.0
students,Dawes Elementary School,assessments,STAR Early Literacy Spanish,ast-graph-3,"STAR Early Literacy Spanish Student Growth Percentile(s) (Fall SY27) (counts, 10-pt bins)",Fall to Fall,0-9,3.0
students,Dawes Elementary School,assessments,STAR Early Literacy Spanish,ast-graph-3,"STAR Early Literacy Spanish Student Growth Percentile(s) (Fall SY27) (counts, 10-pt bins)",Fall to Fall,10-19,1.0
students,Dawes Elementary School,assessments,STAR Early Literacy Spanish,ast-graph-3,"STAR Early Literacy Spanish Student Growth Percentile(s) (Fall SY27) (counts, 10-pt bins)",Fall to Fall,20-29,1.0
students,Dawes Elementary School,assessments,STAR Early Literacy Spanish,ast-graph-3,"STAR Early Literacy Spanish Student Growth Percentile(s) (Fall SY27) (counts, 10-pt bins)",Fall to Fall,30-39,1.0
students,Dawes Elementary School,assessments,STAR Early Literacy Spanish,ast-graph-3,"STAR Early Literacy Spanish Student Growth Percentile(s) (Fall SY27) (counts, 10-pt bins)",Fall to Fall,40-49,1.0
students,Dawes Elementary School,assessments,STAR Early Literacy Spanish,ast-graph-3,"STAR Early Literacy Spanish Student Growth Percentile(s) (Fall SY27) (counts, 10-pt bins)",Fall to Fall,50-59,1.0
students,Dawes Elementary School,assessments,STAR Early Literacy Spanish,ast-graph-3,"STAR Early Literacy Spanish Student Growth Percentile(s) (Fall SY27) (counts, 10-pt bins)",Fall to Fall,60-69,6.0
students,Dawes Elementary School,assessments,STAR Early Literacy Spanish,ast-graph-3,"STAR Early Literacy Spanish Student Growth Percentile(s) (Fall SY27) (counts, 10-pt bins)",Fall to Fall,70-79,4.0
students,Dawes Elementary School,assessments,STAR Early Literacy Spanish,ast-graph-3,"STAR Early Literacy Spanish Student Growth Percentile(s) (Fall SY27) (counts, 10-pt bins)",Fall to Fall,80-89,12.0
students,Dawes Elementary School,assessments,STAR Early Literacy Spanish,ast-graph-3,"STAR Early Literacy Spanish Student Growth Percentile(s) (Fall SY27) (counts, 10-pt bins)",Fall to Fall,90-99,8.0
students,Dawes Elementary School,assessments,STAR Early Literacy Spanish,ast-graph-3,"STAR Early Literacy Spanish Student Growth Percentile(s) (Fall SY27) (counts, 10-pt bins)",Spring to Fall,0-9,4.0
students,Dawes Elementary School,assessments,STAR Early Literacy Spanish,ast-graph-3,"STAR Early Literacy Spanish Student Growth Percentile(s) (Fall SY27) (counts, 10-pt bins)",Spring to Fall,10-19,1.0
students,Dawes Elementary School,assessments,STAR Early Literacy Spanish,ast-graph-3,"STAR Early Literacy Spanish Student Growth Percentile(s) (Fall SY27) (counts, 10-pt bins)",Spring to Fall,20-29,3.0
students,Dawes Elementary School,assessments,STAR Early Literacy Spanish,ast-graph-3,"STAR Early Literacy Spanish Student Growth Percentile(s) (Fall SY27) (counts, 10-pt bins)",Spring to Fall,30-39,4.0
students,Dawes Elementary School,assessments,STAR Early Literacy Spanish,ast-graph-3,"STAR Early Literacy Spanish Student Growth Percentile(s) (Fall SY27) (counts, 10-pt bins)",Spring to Fall,40-49,2.0
students,Dawes Elementary School,assessments,STAR Early Literacy Spanish,ast-graph-3,"STAR Early Literacy Spanish Student Growth Percentile(s) (Fall SY27) (counts, 10-pt bins)",Spring to Fall,50-59,5.0
students,Dawes Elementary School,assessments,STAR Early Literacy Spanish,ast-graph-3,"STAR Early Literacy Spanish Student Growth Percentile(s) (Fall SY27) (counts, 10-pt bins)",Spring to Fall,60-69,1.0
students,Dawes Elementary School,assessments,STAR Early Literacy Spanish,ast-graph-3,"STAR Early Literacy Spanish Student Growth Percentile(s) (Fall SY27) (counts, 10-pt bins)",Spring to Fall,70-79,8.0
students,Dawes Elementary School,assessments,STAR Early Literacy Spanish,ast-graph-3,"STAR Early Literacy Spanish Student Growth Percentile(s) (Fall SY27) (counts, 10-pt bins)",Spring to Fall,80-89,2.0
students,Dawes Elementary School,assessments,STAR Early Literacy Spanish,ast-graph-3,"STAR Early Literacy Spanish Student Growth Percentile(s) (Fall SY27) (counts, 10-pt bins)",Spring to Fall,90-99,7.0
students,Dawes Elementary School,assessments,i-Ready Math,ast-graph-2,"i-Ready Math — Percentile Distribution (counts, 10-pt bins)",,0-9,11.0
students,Dawes Elementary School,assessments,i-Ready Math,ast-graph-2,"i-Ready Math — Percentile Distribution (counts, 10-pt bins)",,10-19,20.0
students,Dawes Elementary School,assessments,i-Ready Math,ast-graph-2,"i-Ready Math — Percentile Distribution (counts, 10-pt bins)",,20-29,26.0
students,Dawes Elementary School,assessments,i-Ready Math,ast-graph-2,"i-Ready Math — Percentile Distribution (counts, 10-pt bins)",,30-39,31.0
students,Dawes Elementary School,assessments,i-Ready Math,ast-graph-2,"i-Ready Math — Percentile Distribution (counts, 10-pt bins)",,40-49,21.0
students,Dawes Elementary School,assessments,i-Ready Math,ast-graph-2,"i-Ready Math — Percentile Distribution (counts, 10-pt bins)",,50-59,35.0
students,Dawes Elementary School,assessments,i-Ready Math,ast-graph-2,"i-Ready Math — Percentile Distribution (counts, 10-pt bins)",,60-69,38.0
students,Dawes Elementary School,assessments,i-Ready Math,ast-graph-2,"i-Ready Math — Percentile Distribution (counts, 10-pt bins)",,70-79,26.0
students,Dawes Elementary School,assessments,i-Ready Math,ast-graph-2,"i-Ready Math — Percentile Distribution (counts, 10-pt bins)",,80-89,27.0
students,Dawes Elementary School,assessments,i-Ready Math,ast-graph-2,"i-Ready Math — Percentile Distribution (counts, 10-pt bins)",,90-99,46.0
students,Dawes Elementary School,assessments,i-Ready Math,ast-graph-3,"i-Ready Math — Percent Progress to Annual Typical Growth (counts, 10-pt bins)",,0-9,281.0
students,Dewey Elementary School,attendance,,att-distribution,"Attendance Rate Distribution (counts, 10-pt bins)",,0-9,3.0
students,Dewey Elementary School,attendance,,att-distribution,"Attendance Rate Distribution (counts, 10-pt bins)",,10-19,1.0
students,Dewey Elementary School,attendance,,att-distribution,"Attendance Rate Distribution (counts, 10-pt bins)",,40-49,1.0
students,Dewey Elementary School,attendance,,att-distribution,"Attendance Rate Distribution (counts, 10-pt bins)",,60-69,1.0
students,Dewey Elementary School,attendance,,att-distribution,"Attendance Rate Distribution (counts, 10-pt bins)",,70-79,3.0
students,Dewey Elementary School,attendance,,att-distribution,"Attendance Rate Distribution (counts, 10-pt bins)",,80-89,13.0
students,Dewey Elementary School,attendance,,att-distribution,"Attendance Rate Distribution (counts, 10-pt bins)",,90-99,95.0
students,Dewey Elementary School,attendance,,att-distribution,"Attendance Rate Distribution (counts, 10-pt bins)",,100+,198.0
students,Dewey Elementary School,assessments,STAR Reading,ast-graph-2,"STAR Reading Percentile Rank Distribution (Fall SY27) (counts, 10-pt bins)",,0-9,8.0
students,Dewey Elementary School,assessments,STAR Reading,ast-graph-2,"STAR Reading Percentile Rank Distribution (Fall SY27) (counts, 10-pt bins)",,10-19,9.0
students,Dewey Elementary School,assessments,STAR Reading,ast-graph-2,"STAR Reading Percentile Rank Distribution (Fall SY27) (counts, 10-pt bins)",,20-29,11.0
students,Dewey Elementary School,assessments,STAR Reading,ast-graph-2,"STAR Reading Percentile Rank Distribution (Fall SY27) (counts, 10-pt bins)",,30-39,5.0
students,Dewey Elementary School,assessments,STAR Reading,ast-graph-2,"STAR Reading Percentile Rank Distribution (Fall SY27) (counts, 10-pt bins)",,40-49,10.0
students,Dewey Elementary School,assessments,STAR Reading,ast-graph-2,"STAR Reading Percentile Rank Distribution (Fall SY27) (counts, 10-pt bins)",,50-59,20.0
students,Dewey Elementary School,assessments,STAR Reading,ast-graph-2,"STAR Reading Percentile Rank Distribution (Fall SY27) (counts, 10-pt bins)",,60-69,20.0
students,Dewey Elementary School,assessments,STAR Reading,ast-graph-2,"STAR Reading Percentile Rank Distribution (Fall SY27) (counts, 10-pt bins)",,70-79,16.0
students,Dewey Elementary School,assessments,STAR Reading,ast-graph-2,"STAR Reading Percentile Rank Distribution (Fall SY27) (counts, 10-pt bins)",,80-89,17.0
students,Dewey Elementary School,assessments,STAR Reading,ast-graph-2,"STAR Reading Percentile Rank Distribution (Fall SY27) (counts, 10-pt bins)",,90-99,46.0
students,Dewey Elementary School,assessments,STAR Reading,ast-graph-3,"STAR Reading Student Growth Percentile(s) (Fall SY27) (counts, 10-pt bins)",Fall to Fall,0-9,12.0
students,Dewey Elementary School,assessments,STAR Reading,ast-graph-3,"STAR Reading Student Growth Percentile(s) (Fall SY27) (counts, 10-pt bins)",Fall to Fall,10-19,10.0
students,Dewey Elementary School,assessments,STAR Reading,ast-graph-3,"STAR Reading Student Growth Percentile(s) (Fall SY27) (counts, 10-pt bins)",Fall to Fall,20-29,14.0
students,Dewey Elementary School,assessments,STAR Reading,ast-graph-3,"STAR Reading Student Growth Percentile(s) (Fall SY27) (counts, 10-pt bins)",Fall to Fall,30-39,7.0
students,Dewey Elementary School,assessments,STAR Reading,ast-graph-3,"STAR Reading Student Growth Percentile(s) (Fall SY27) (counts, 10-pt bins)",Fall to Fall,40-49,11.0
students,Dewey Elementary School,assessments,STAR Reading,ast-graph-3,"STAR Reading Student Growth Percentile(s) (Fall SY27) (counts, 10-pt bins)",Fall to Fall,50-59,8.0
students,Dewey Elementary School,assessments,STAR Reading,ast-graph-3,"STAR Reading Student Growth Percentile(s) (Fall SY27) (counts, 10-pt bins)",Fall to Fall,60-69,15.0
students,Dewey Elementary School,assessments,STAR Reading,ast-graph-3,"STAR Reading Student Growth Percentile(s) (Fall SY27) (counts, 10-pt bins)",Fall to Fall,70-79,22.0
students,Dewey Elementary School,assessments,STAR Reading,ast-graph-3,"STAR Reading Student Growth Percentile(s) (Fall SY27) (counts, 10-pt bins)",Fall to Fall,80-89,18.0
students,Dewey Elementary School,assessments,STAR Reading,ast-graph-3,"STAR Reading Student Growth Percentile(s) (Fall SY27) (counts, 10-pt bins)",Fall to Fall,90-99,32.0
students,Dewey Elementary School,assessments,STAR Reading,ast-graph-3,"STAR Reading Student Growth Percentile(s) (Fall SY27) (counts, 10-pt bins)",Spring to Fall,0-9,14.0
students,Dewey Elementary School,assessments,STAR Reading,ast-graph-3,"STAR Reading Student Growth Percentile(s) (Fall SY27) (counts, 10-pt bins)",Spring to Fall,10-19,10.0
students,Dewey Elementary School,assessments,STAR Reading,ast-graph-3,"STAR Reading Student Growth Percentile(s) (Fall SY27) (counts, 10-pt bins)",Spring to Fall,20-29,19.0
students,Dewey Elementary School,assessments,STAR Reading,ast-graph-3,"STAR Reading Student Growth Percentile(s) (Fall SY27) (counts, 10-pt bins)",Spring to Fall,30-39,10.0
students,Dewey Elementary School,assessments,STAR Reading,ast-graph-3,"STAR Reading Student Growth Percentile(s) (Fall SY27) (counts, 10-pt bins)",Spring to Fall,40-49,11.0
students,Dewey Elementary School,assessments,STAR Reading,ast-graph-3,"STAR Reading Student Growth Percentile(s) (Fall SY27) (counts, 10-pt bins)",Spring to Fall,50-59,7.0
students,Dewey Elementary School,assessments,STAR Reading,ast-graph-3,"STAR Reading Student Growth Percentile(s) (Fall SY27) (counts, 10-pt bins)",Spring to Fall,60-69,18.0
students,Dewey Elementary School,assessments,STAR Reading,ast-graph-3,"STAR Reading Student Growth Percentile(s) (Fall SY27) (counts, 10-pt bins)",Spring to Fall,70-79,16.0
students,Dewey Elementary School,assessments,STAR Reading,ast-graph-3,"STAR Reading Student Growth Percentile(s) (Fall SY27) (counts, 10-pt bins)",Spring to Fall,80-89,17.0
students,Dewey Elementary School,assessments,STAR Reading,ast-graph-3,"STAR Reading Student Growth Percentile(s) (Fall SY27) (counts, 10-pt bins)",Spring to Fall,90-99,25.0
students,Dewey Elementary School,assessments,STAR Early Literacy,ast-graph-2,"STAR Early Literacy Percentile Rank Distribution (Fall SY27) (counts, 10-pt bins)",,0-9,10.0
students,Dewey Elementary School,assessments,STAR Early Literacy,ast-graph-2,"STAR Early Literacy Percentile Rank Distribution (Fall SY27) (counts, 10-pt bins)",,10-19,8.0
students,Dewey Elementary School,assessments,STAR Early Literacy,ast-graph-2,"STAR Early Literacy Percentile Rank Distribution (Fall SY27) (counts, 10-pt bins)",,20-29,7.0
students,Dewey Elementary School,assessments,STAR Early Literacy,ast-graph-2,"STAR Early Literacy Percentile Rank Distribution (Fall SY27) (counts, 10-pt bins)",,30-39,7.0
students,Dewey Elementary School,assessments,STAR Early Literacy,ast-graph-2,"STAR Early Literacy Percentile Rank Distribution (Fall SY27) (counts, 10-pt bins)",,40-49,11.0
students,Dewey Elementary School,assessments,STAR Early Literacy,ast-graph-2,"STAR Early Literacy Percentile Rank Distribution (Fall SY27) (counts, 10-pt bins)",,50-59,9.0
students,Dewey Elementary School,assessments,STAR Early Literacy,ast-graph-2,"STAR Early Literacy Percentile Rank Distribution (Fall SY27) (counts, 10-pt bins)",,60-69,14.0
students,Dewey Elementary School,assessments,STAR Early Literacy,ast-graph-2,"STAR Early Literacy Percentile Rank Distribution (Fall SY27) (counts, 10-pt bins)",,70-79,20.0
students,Dewey Elementary School,assessments,STAR Early Literacy,ast-graph-2,"STAR Early Literacy Percentile Rank Distribution (Fall SY27) (counts, 10-pt bins)",,80-89,21.0
students,Dewey Elementary School,assessments,STAR Early Literacy,ast-graph-2,"STAR Early Literacy Percentile Rank Distribution (Fall SY27) (counts, 10-pt bins)",,90-99,37.0
students,Dewey Elementary School,assessments,STAR Early Literacy,ast-graph-3,"STAR Early Literacy Student Growth Percentile(s) (Fall SY27) (counts, 10-pt bins)",Fall to Fall,0-9,5.0
students,Dewey Elementary School,assessments,STAR Early Literacy,ast-graph-3,"STAR Early Literacy Student Growth Percentile(s) (Fall SY27) (counts, 10-pt bins)",Fall to Fall,10-19,7.0
students,Dewey Elementary School,assessments,STAR Early Literacy,ast-graph-3,"STAR Early Literacy Student Growth Percentile(s) (Fall SY27) (counts, 10-pt bins)",Fall to Fall,20-29,4.0
students,Dewey Elementary School,assessments,STAR Early Literacy,ast-graph-3,"STAR Early Literacy Student Growth Percentile(s) (Fall SY27) (counts, 10-pt bins)",Fall to Fall,30-39,6.0
students,Dewey Elementary School,assessments,STAR Early Literacy,ast-graph-3,"STAR Early Literacy Student Growth Percentile(s) (Fall SY27) (counts, 10-pt bins)",Fall to Fall,40-49,3.0
students,Dewey Elementary School,assessments,STAR Early Literacy,ast-graph-3,"STAR Early Literacy Student Growth Percentile(s) (Fall SY27) (counts, 10-pt bins)",Fall to Fall,50-59,9.0
students,Dewey Elementary School,assessments,STAR Early Literacy,ast-graph-3,"STAR Early Literacy Student Growth Percentile(s) (Fall SY27) (counts, 10-pt bins)",Fall to Fall,60-69,10.0
students,Dewey Elementary School,assessments,STAR Early Literacy,ast-graph-3,"STAR Early Literacy Student Growth Percentile(s) (Fall SY27) (counts, 10-pt bins)",Fall to Fall,70-79,8.0
students,Dewey Elementary School,assessments,STAR Early Literacy,ast-graph-3,"STAR Early Literacy Student Growth Percentile(s) (Fall SY27) (counts, 10-pt bins)",Fall to Fall,80-89,10.0
students,Dewey Elementary School,assessments,STAR Early Literacy,ast-graph-3,"STAR Early Literacy Student Growth Percentile(s) (Fall SY27) (counts, 10-pt bins)",Fall to Fall,90-99,24.0
students,Dewey Elementary School,assessments,STAR Early Literacy,ast-graph-3,"STAR Early Literacy Student Growth Percentile(s) (Fall SY27) (counts, 10-pt bins)",Spring to Fall,0-9,7.0
students,Dewey Elementary School,assessments,STAR Early Literacy,ast-graph-3,"STAR Early Literacy Student Growth Percentile(s) (Fall SY27) (counts, 10-pt bins)",Spring to Fall,10-19,6.0
students,Dewey Elementary School,assessments,STAR Early Literacy,ast-graph-3,"STAR Early Literacy Student Growth Percentile(s) (Fall SY27) (counts, 10-pt bins)",Spring to Fall,20-29,4.0
students,Dewey Elementary School,assessments,STAR Early Literacy,ast-graph-3,"STAR Early Literacy Student Growth Percentile(s) (Fall SY27) (counts, 10-pt bins)",Spring to Fall,30-39,7.0
students,Dewey Elementary School,assessments,STAR Early Literacy,ast-graph-3,"STAR Early Literacy Student Growth Percentile(s) (Fall SY27) (counts, 10-pt bins)",Spring to Fall,40-49,9.0
students,Dewey Elementary School,assessments,STAR Early Literacy,ast-graph-3,"STAR Early Literacy Student Growth Percentile(s) (Fall SY27) (counts, 10-pt bins)",Spring to Fall,50-59,9.0
students,Dewey Elementary School,assessments,STAR Early Literacy,ast-graph-3,"STAR Early Literacy Student Growth Percentile(s) (Fall SY27) (counts, 10-pt bins)",Spring to Fall,60-69,9.0
students,Dewey Elementary School,assessments,STAR Early Literacy,ast-graph-3,"STAR Early Literacy Student Growth Percentile(s) (Fall SY27) (counts, 10-pt bins)",Spring to Fall,70-79,8.0
students,Dewey Elementary School,assessments,STAR Early Literacy,ast-graph-3,"STAR Early Literacy Student Growth Percentile(s) (Fall SY27) (counts, 10-pt bins)",Spring to Fall,80-89,7.0
students,Dewey Elementary School,assessments,STAR Early Literacy,ast-graph-3,"STAR Early Literacy Student Growth Percentile(s) (Fall SY27) (counts, 10-pt bins)",Spring to Fall,90-99,20.0
students,Dewey Elementary School,assessments,STAR Reading Spanish,ast-graph-2,"STAR Reading Spanish Percentile Rank Distribution (Fall SY27) (counts, 10-pt bins)",,0-9,11.0
students,Dewey Elementary School,assessments,STAR Reading Spanish,ast-graph-2,"STAR Reading Spanish Percentile Rank Distribution (Fall SY27) (counts, 10-pt bins)",,10-19,5.0
students,Dewey Elementary School,assessments,STAR Reading Spanish,ast-graph-2,"STAR Reading Spanish Percentile Rank Distribution (Fall SY27) (counts, 10-pt bins)",,20-29,6.0
students,Dewey Elementary School,assessments,STAR Reading Spanish,ast-graph-2,"STAR Reading Spanish Percentile Rank Distribution (Fall SY27) (counts, 10-pt bins)",,30-39,7.0
students,Dewey Elementary School,assessments,STAR Reading Spanish,ast-graph-2,"STAR Reading Spanish Percentile Rank Distribution (Fall SY27) (counts, 10-pt bins)",,40-49,6.0
students,Dewey Elementary School,assessments,STAR Reading Spanish,ast-graph-2,"STAR Reading Spanish Percentile Rank Distribution (Fall SY27) (counts, 10-pt bins)",,50-59,2.0
students,Dewey Elementary School,assessments,STAR Reading Spanish,ast-graph-2,"STAR Reading Spanish Percentile Rank Distribution (Fall SY27) (counts, 10-pt bins)",,60-69,4.0
students,Dewey Elementary School,assessments,STAR Reading Spanish,ast-graph-2,"STAR Reading Spanish Percentile Rank Distribution (Fall SY27) (counts, 10-pt bins)",,70-79,4.0
students,Dewey Elementary School,assessments,STAR Reading Spanish,ast-graph-3,"STAR Reading Spanish Student Growth Percentile(s) (Fall SY27) (counts, 10-pt bins)",Fall to Fall,0-9,7.0
students,Dewey Elementary School,assessments,STAR Reading Spanish,ast-graph-3,"STAR Reading Spanish Student Growth Percentile(s) (Fall SY27) (counts, 10-pt bins)",Fall to Fall,10-19,6.0
students,Dewey Elementary School,assessments,STAR Reading Spanish,ast-graph-3,"STAR Reading Spanish Student Growth Percentile(s) (Fall SY27) (counts, 10-pt bins)",Fall to Fall,20-29,3.0
students,Dewey Elementary School,assessments,STAR Reading Spanish,ast-graph-3,"STAR Reading Spanish Student Growth Percentile(s) (Fall SY27) (counts, 10-pt bins)",Fall to Fall,30-39,5.0
students,Dewey Elementary School,assessments,STAR Reading Spanish,ast-graph-3,"STAR Reading Spanish Student Growth Percentile(s) (Fall SY27) (counts, 10-pt bins)",Fall to Fall,40-49,3.0
students,Dewey Elementary School,assessments,STAR Reading Spanish,ast-graph-3,"STAR Reading Spanish Student Growth Percentile(s) (Fall SY27) (counts, 10-pt bins)",Fall to Fall,60-69,1.0
students,Dewey Elementary School,assessments,STAR Reading Spanish,ast-graph-3,"STAR Reading Spanish Student Growth Percentile(s) (Fall SY27) (counts, 10-pt bins)",Fall to Fall,70-79,1.0
students,Dewey Elementary School,assessments,STAR Reading Spanish,ast-graph-3,"STAR Reading Spanish Student Growth Percentile(s) (Fall SY27) (counts, 10-pt bins)",Fall to Fall,80-89,1.0
students,Dewey Elementary School,assessments,STAR Reading Spanish,ast-graph-3,"STAR Reading Spanish Student Growth Percentile(s) (Fall SY27) (counts, 10-pt bins)",Spring to Fall,0-9,13.0
students,Dewey Elementary School,assessments,STAR Reading Spanish,ast-graph-3,"STAR Reading Spanish Student Growth Percentile(s) (Fall SY27) (counts, 10-pt bins)",Spring to Fall,10-19,2.0
students,Dewey Elementary School,assessments,STAR Reading Spanish,ast-graph-3,"STAR Reading Spanish Student Growth Percentile(s) (Fall SY27) (counts, 10-pt bins)",Spring to Fall,20-29,2.0
students,Dewey Elementary School,assessments,STAR Reading Spanish,ast-graph-3,"STAR Reading Spanish Student Growth Percentile(s) (Fall SY27) (counts, 10-pt bins)",Spring to Fall,30-39,2.0
students,Dewey Elementary School,assessments,STAR Reading Spanish,ast-graph-3,"STAR Reading Spanish Student Growth Percentile(s) (Fall SY27) (counts, 10-pt bins)",Spring to Fall,50-59,3.0
students,Dewey Elementary School,assessments,STAR Reading Spanish,ast-graph-3,"STAR Reading Spanish Student Growth Percentile(s) (Fall SY27) (counts, 10-pt bins)",Spring to Fall,60-69,2.0
students,Dewey Elementary School,assessments,STAR Reading Spanish,ast-graph-3,"STAR Reading Spanish Student Growth Percentile(s) (Fall SY27) (counts, 10-pt bins)",Spring to Fall,70-79,1.0
students,Dewey Elementary School,assessments,STAR Reading Spanish,ast-graph-3,"STAR Reading Spanish Student Growth Percentile(s) (Fall SY27) (counts, 10-pt bins)",Spring to Fall,90-99,1.0
students,Dewey Elementary School,assessments,STAR Early Literacy Spanish,ast-graph-2,"STAR Early Literacy Spanish Percentile Rank Distribution (Fall SY27) (counts, 10-pt bins)",,0-9,2.0
students,Dewey Elementary School,assessments,STAR Early Literacy Spanish,ast-graph-2,"STAR Early Literacy Spanish Percentile Rank Distribution (Fall SY27) (counts, 10-pt bins)",,10-19,2.0
students,Dewey Elementary School,assessments,STAR Early Literacy Spanish,ast-graph-2,"STAR Early Literacy Spanish Percentile Rank Distribution (Fall SY27) (counts, 10-pt bins)",,20-29,7.0
students,Dewey Elementary School,assessments,STAR Early Literacy Spanish,ast-graph-2,"STAR Early Literacy Spanish Percentile Rank Distribution (Fall SY27) (counts, 10-pt bins)",,30-39,1.0
students,Dewey Elementary School,assessments,STAR Early Literacy Spanish,ast-graph-2,"STAR Early Literacy Spanish Percentile Rank Distribution (Fall SY27) (counts, 10-pt bins)",,40-49,1.0
students,Dewey Elementary School,assessments,STAR Early Literacy Spanish,ast-graph-2,"STAR Early Literacy Spanish Percentile Rank Distribution (Fall SY27) (counts, 10-pt bins)",,50-59,2.0
students,Dewey Elementary School,assessments,STAR Early Literacy Spanish,ast-graph-2,"STAR Early Literacy Spanish Percentile Rank Distribution (Fall SY27) (counts, 10-pt bins)",,60-69,8.0
students,Dewey Elementary School,assessments,STAR Early Literacy Spanish,ast-graph-2,"STAR Early Literacy Spanish Percentile Rank Distribution (Fall SY27) (counts, 10-pt bins)",,70-79,5.0
students,Dewey Elementary School,assessments,STAR Early Literacy Spanish,ast-graph-2,"STAR Early Literacy Spanish Percentile Rank Distribution (Fall SY27) (counts, 10-pt bins)",,80-89,12.0
students,Dewey Elementary School,assessments,STAR Early Literacy Spanish,ast-graph-2,"STAR Early Literacy Spanish Percentile Rank Distribution (Fall SY27) (counts, 10-pt bins)",,90-99,16.0
students,Dewey Elementary School,assessments,STAR Early Literacy Spanish,ast-graph-3,"STAR Early Literacy Spanish Student Growth Percentile(s) (Fall SY27) (counts, 10-pt bins)",Fall to Fall,0-9,1.0
students,Dewey Elementary School,assessments,STAR Early Literacy Spanish,ast-graph-3,"STAR Early Literacy Spanish Student Growth Percentile(s) (Fall SY27) (counts, 10-pt bins)",Fall to Fall,10-19,1.0
students,Dewey Elementary School,assessments,STAR Early Literacy Spanish,ast-graph-3,"STAR Early Literacy Spanish Student Growth Percentile(s) (Fall SY27) (counts, 10-pt bins)",Fall to Fall,30-39,3.0
students,Dewey Elementary School,assessments,STAR Early Literacy Spanish,ast-graph-3,"STAR Early Literacy Spanish Student Growth Percentile(s) (Fall SY27) (counts, 10-pt bins)",Fall to Fall,40-49,4.0
students,Dewey Elementary School,assessments,STAR Early Literacy Spanish,ast-graph-3,"STAR Early Literacy Spanish Student Growth Percentile(s) (Fall SY27) (counts, 10-pt bins)",Fall to Fall,60-69,2.0
students,Dewey Elementary School,assessments,STAR Early Literacy Spanish,ast-graph-3,"STAR Early Literacy Spanish Student Growth Percentile(s) (Fall SY27) (counts, 10-pt bins)",Fall to Fall,70-79,3.0
students,Dewey Elementary School,assessments,STAR Early Literacy Spanish,ast-graph-3,"STAR Early Literacy Spanish Student Growth Percentile(s) (Fall SY27) (counts, 10-pt bins)",Fall to Fall,80-89,10.0
students,Dewey Elementary School,assessments,STAR Early Literacy Spanish,ast-graph-3,"STAR Early Literacy Spanish Student Growth Percentile(s) (Fall SY27) (counts, 10-pt bins)",Fall to Fall,90-99,10.0
students,Dewey Elementary School,assessments,STAR Early Literacy Spanish,ast-graph-3,"STAR Early Literacy Spanish Student Growth Percentile(s) (Fall SY27) (counts, 10-pt bins)",Spring to Fall,10-19,1.0
students,Dewey Elementary School,assessments,STAR Early Literacy Spanish,ast-graph-3,"STAR Early Literacy Spanish Student Growth Percentile(s) (Fall SY27) (counts, 10-pt bins)",Spring to Fall,20-29,2.0
students,Dewey Elementary School,assessments,STAR Early Literacy Spanish,ast-graph-3,"STAR Early Literacy Spanish Student Growth Percentile(s) (Fall SY27) (counts, 10-pt bins)",Spring to Fall,30-39,3.0
students,Dewey Elementary School,assessments,STAR Early Literacy Spanish,ast-graph-3,"STAR Early Literacy Spanish Student Growth Percentile(s) (Fall SY27) (counts, 10-pt bins)",Spring to Fall,40-49,3.0
students,Dewey Elementary School,assessments,STAR Early Literacy Spanish,ast-graph-3,"STAR Early Literacy Spanish Student Growth Percentile(s) (Fall SY27) (counts, 10-pt bins)",Spring to Fall,50-59,5.0
students,Dewey Elementary School,assessments,STAR Early Literacy Spanish,ast-graph-3,"STAR Early Literacy Spanish Student Growth Percentile(s) (Fall SY27) (counts, 10-pt bins)",Spring to Fall,60-69,3.0
students,Dewey Elementary School,assessments,STAR Early Literacy Spanish,ast-graph-3,"STAR Early Literacy Spanish Student Growth Percentile(s) (Fall SY27) (counts, 10-pt bins)",Spring to Fall,70-79,6.0
students,Dewey Elementary School,assessments,STAR Early Literacy Spanish,ast-graph-3,"STAR Early Literacy Spanish Student Growth Percentile(s) (Fall SY27) (counts, 10-pt bins)",Spring to Fall,80-89,6.0
students,Dewey Elementary School,assessments,STAR Early Literacy Spanish,ast-graph-3,"STAR Early Literacy Spanish Student Growth Percentile(s) (Fall SY27) (counts, 10-pt bins)",Spring to Fall,90-99,4.0
students,Dewey Elementary School,assessments,i-Ready Math,ast-graph-2,"i-Ready Math — Percentile Distribution (counts, 10-pt bins)",,0-9,9.0
students,Dewey Elementary School,assessments,i-Ready Math,ast-graph-2,"i-Ready Math — Percentile Distribution (counts, 10-pt bins)",,10-19,13.0
students,Dewey Elementary School,assessments,i-Ready Math,ast-graph-2,"i-Ready Math — Percentile Distribution (counts, 10-pt bins)",,20-29,18.0
students,Dewey Elementary School,assessments,i-Ready Math,ast-graph-2,"i-Ready Math — Percentile Distribution (counts, 10-pt bins)",,30-39,29.0
students,Dewey Elementary School,assessments,i-Ready Math,ast-graph-2,"i-Ready Math — Percentile Distribution (counts, 10-pt bins)",,40-49,28.0
students,Dewey Elementary School,assessments,i-Ready Math,ast-graph-2,"i-Ready Math — Percentile Distribution (counts, 10-pt bins)",,50-59,27.0
students,Dewey Elementary School,assessments,i-Ready Math,ast-graph-2,"i-Ready Math — Percentile Distribution (counts, 10-pt bins)",,60-69,25.0
students,Dewey Elementary School,assessments,i-Ready Math,ast-graph-2,"i-Ready Math — Percentile Distribution (counts, 10-pt bins)",,70-79,34.0
students,Dewey Elementary School,assessments,i-Ready Math,ast-graph-2,"i-Ready Math — Percentile Distribution (counts, 10-pt bins)",,80-89,48.0
students,Dewey Elementary School,assessments,i-Ready Math,ast-graph-2,"i-Ready Math — Percentile Distribution (counts, 10-pt bins)",,90-99,75.0
students,Dewey Elementary School,assessments,i-Ready Math,ast-graph-3,"i-Ready Math — Percent Progress to Annual Typical Growth (counts, 10-pt bins)",,0-9,306.0
students,Dr Martin Luther King Jr Literary & Fine Arts School,attendance,,att-distribution,"Attendance Rate Distribution (counts, 10-pt bins)",,0-9,1.0
students,Dr Martin Luther King Jr Literary & Fine Arts School,attendance,,att-distribution,"Attendance Rate Distribution (counts, 10-pt bins)",,30-39,1.0
students,Dr Martin Luther King Jr Literary & Fine Arts School,attendance,,att-distribution,"Attendance Rate Distribution (counts, 10-pt bins)",,40-49,11.0
students,Dr Martin Luther King Jr Literary & Fine Arts School,attendance,,att-distribution,"Attendance Rate Distribution (counts, 10-pt bins)",,50-59,5.0
students,Dr Martin Luther King Jr Literary & Fine Arts School,attendance,,att-distribution,"Attendance Rate Distribution (counts, 10-pt bins)",,60-69,2.0
students,Dr Martin Luther King Jr Literary & Fine Arts School,attendance,,att-distribution,"Attendance Rate Distribution (counts, 10-pt bins)",,70-79,11.0
students,Dr Martin Luther King Jr Literary & Fine Arts School,attendance,,att-distribution,"Attendance Rate Distribution (counts, 10-pt bins)",,80-89,39.0
students,Dr Martin Luther King Jr Literary & Fine Arts School,attendance,,att-distribution,"Attendance Rate Distribution (counts, 10-pt bins)",,90-99,120.0
students,Dr Martin Luther King Jr Literary & Fine Arts School,attendance,,att-distribution,"Attendance Rate Distribution (counts, 10-pt bins)",,100+,255.0
students,Dr Martin Luther King Jr Literary & Fine Arts School,assessments,STAR Reading,ast-graph-2,"STAR Reading Percentile Rank Distribution (Fall SY27) (counts, 10-pt bins)",,0-9,31.0
students,Dr Martin Luther King Jr Literary & Fine Arts School,assessments,STAR Reading,ast-graph-2,"STAR Reading Percentile Rank Distribution (Fall SY27) (counts, 10-pt bins)",,10-19,23.0
students,Dr Martin Luther King Jr Literary & Fine Arts School,assessments,STAR Reading,ast-graph-2,"STAR Reading Percentile Rank Distribution (Fall SY27) (counts, 10-pt bins)",,20-29,23.0
students,Dr Martin Luther King Jr Literary & Fine Arts School,assessments,STAR Reading,ast-graph-2,"STAR Reading Percentile Rank Distribution (Fall SY27) (counts, 10-pt bins)",,30-39,27.0
students,Dr Martin Luther King Jr Literary & Fine Arts School,assessments,STAR Reading,ast-graph-2,"STAR Reading Percentile Rank Distribution (Fall SY27) (counts, 10-pt bins)",,40-49,28.0
students,Dr Martin Luther King Jr Literary & Fine Arts School,assessments,STAR Reading,ast-graph-2,"STAR Reading Percentile Rank Distribution (Fall SY27) (counts, 10-pt bins)",,50-59,25.0
students,Dr Martin Luther King Jr Literary & Fine Arts School,assessments,STAR Reading,ast-graph-2,"STAR Reading Percentile Rank Distribution (Fall SY27) (counts, 10-pt bins)",,60-69,23.0
students,Dr Martin Luther King Jr Literary & Fine Arts School,assessments,STAR Reading,ast-graph-2,"STAR Reading Percentile Rank Distribution (Fall SY27) (counts, 10-pt bins)",,70-79,30.0
students,Dr Martin Luther King Jr Literary & Fine Arts School,assessments,STAR Reading,ast-graph-2,"STAR Reading Percentile Rank Distribution (Fall SY27) (counts, 10-pt bins)",,80-89,45.0
students,Dr Martin Luther King Jr Literary & Fine Arts School,assessments,STAR Reading,ast-graph-2,"STAR Reading Percentile Rank Distribution (Fall SY27) (counts, 10-pt bins)",,90-99,57.0
students,Dr Martin Luther King Jr Literary & Fine Arts School,assessments,STAR Reading,ast-graph-3,"STAR Reading Student Growth Percentile(s) (Fall SY27) (counts, 10-pt bins)",Fall to Fall,0-9,27.0
students,Dr Martin Luther King Jr Literary & Fine Arts School,assessments,STAR Reading,ast-graph-3,"STAR Reading Student Growth Percentile(s) (Fall SY27) (counts, 10-pt bins)",Fall to Fall,10-19,15.0
students,Dr Martin Luther King Jr Literary & Fine Arts School,assessments,STAR Reading,ast-graph-3,"STAR Reading Student Growth Percentile(s) (Fall SY27) (counts, 10-pt bins)",Fall to Fall,20-29,23.0
students,Dr Martin Luther King Jr Literary & Fine Arts School,assessments,STAR Reading,ast-graph-3,"STAR Reading Student Growth Percentile(s) (Fall SY27) (counts, 10-pt bins)",Fall to Fall,30-39,16.0
students,Dr Martin Luther King Jr Literary & Fine Arts School,assessments,STAR Reading,ast-graph-3,"STAR Reading Student Growth Percentile(s) (Fall SY27) (counts, 10-pt bins)",Fall to Fall,40-49,19.0
students,Dr Martin Luther King Jr Literary & Fine Arts School,assessments,STAR Reading,ast-graph-3,"STAR Reading Student Growth Percentile(s) (Fall SY27) (counts, 10-pt bins)",Fall to Fall,50-59,32.0
students,Dr Martin Luther King Jr Literary & Fine Arts School,assessments,STAR Reading,ast-graph-3,"STAR Reading Student Growth Percentile(s) (Fall SY27) (counts, 10-pt bins)",Fall to Fall,60-69,29.0
students,Dr Martin Luther King Jr Literary & Fine Arts School,assessments,STAR Reading,ast-graph-3,"STAR Reading Student Growth Percentile(s) (Fall SY27) (counts, 10-pt bins)",Fall to Fall,70-79,34.0
students,Dr Martin Luther King Jr Literary & Fine Arts School,assessments,STAR Reading,ast-graph-3,"STAR Reading Student Growth Percentile(s) (Fall SY27) (counts, 10-pt bins)",Fall to Fall,80-89,42.0
students,Dr Martin Luther King Jr Literary & Fine Arts School,assessments,STAR Reading,ast-graph-3,"STAR Reading Student Growth Percentile(s) (Fall SY27) (counts, 10-pt bins)",Fall to Fall,90-99,62.0
students,Dr Martin Luther King Jr Literary & Fine Arts School,assessments,STAR Reading,ast-graph-3,"STAR Reading Student Growth Percentile(s) (Fall SY27) (counts, 10-pt bins)",Spring to Fall,0-9,34.0
students,Dr Martin Luther King Jr Literary & Fine Arts School,assessments,STAR Reading,ast-graph-3,"STAR Reading Student Growth Percentile(s) (Fall SY27) (counts, 10-pt bins)",Spring to Fall,10-19,24.0
students,Dr Martin Luther King Jr Literary & Fine Arts School,assessments,STAR Reading,ast-graph-3,"STAR Reading Student Growth Percentile(s) (Fall SY27) (counts, 10-pt bins)",Spring to Fall,20-29,24.0
students,Dr Martin Luther King Jr Literary & Fine Arts School,assessments,STAR Reading,ast-graph-3,"STAR Reading Student Growth Percentile(s) (Fall SY27) (counts, 10-pt bins)",Spring to Fall,30-39,24.0
students,Dr Martin Luther King Jr Literary & Fine Arts School,assessments,STAR Reading,ast-graph-3,"STAR Reading Student Growth Percentile(s) (Fall SY27) (counts, 10-pt bins)",Spring to Fall,40-49,24.0
students,Dr Martin Luther King Jr Literary & Fine Arts School,assessments,STAR Reading,ast-graph-3,"STAR Reading Student Growth Percentile(s) (Fall SY27) (counts, 10-pt bins)",Spring to Fall,50-59,39.0
students,Dr Martin Luther King Jr Literary & Fine Arts School,assessments,STAR Reading,ast-graph-3,"STAR Reading Student Growth Percentile(s) (Fall SY27) (counts, 10-pt bins)",Spring to Fall,60-69,29.0
students,Dr Martin Luther King Jr Literary & Fine Arts School,assessments,STAR Reading,ast-graph-3,"STAR Reading Student Growth Percentile(s) (Fall SY27) (counts, 10-pt bins)",Spring to Fall,70-79,29.0
students,Dr Martin Luther King Jr Literary & Fine Arts School,assessments,STAR Reading,ast-graph-3,"STAR Reading Student Growth Percentile(s) (Fall SY27) (counts, 10-pt bins)",Spring to Fall,80-89,32.0
students,Dr Martin Luther King Jr Literary & Fine Arts School,assessments,STAR Reading,ast-graph-3,"STAR Reading Student Growth Percentile(s) (Fall SY27) (counts, 10-pt bins)",Spring to Fall,90-99,42.0
students,Dr Martin Luther King Jr Literary & Fine Arts School,assessments,STAR Early Literacy,ast-graph-2,"STAR Early Literacy Percentile Rank Distribution (Fall SY27) (counts, 10-pt bins)",,0-9,11.0
students,Dr Martin Luther King Jr Literary & Fine Arts School,assessments,STAR Early Literacy,ast-graph-2,"STAR Early Literacy Percentile Rank Distribution (Fall SY27) (counts, 10-pt bins)",,10-19,7.0
students,Dr Martin Luther King Jr Literary & Fine Arts School,assessments,STAR Early Literacy,ast-graph-2,"STAR Early Literacy Percentile Rank Distribution (Fall SY27) (counts, 10-pt bins)",,20-29,10.0
students,Dr Martin Luther King Jr Literary & Fine Arts School,assessments,STAR Early Literacy,ast-graph-2,"STAR Early Literacy Percentile Rank Distribution (Fall SY27) (counts, 10-pt bins)",,30-39,11.0
students,Dr Martin Luther King Jr Literary & Fine Arts School,assessments,STAR Early Literacy,ast-graph-2,"STAR Early Literacy Percentile Rank Distribution (Fall SY27) (counts, 10-pt bins)",,40-49,13.0
students,Dr Martin Luther King Jr Literary & Fine Arts School,assessments,STAR Early Literacy,ast-graph-2,"STAR Early Literacy Percentile Rank Distribution (Fall SY27) (counts, 10-pt bins)",,50-59,15.0
students,Dr Martin Luther King Jr Literary & Fine Arts School,assessments,STAR Early Literacy,ast-graph-2,"STAR Early Literacy Percentile Rank Distribution (Fall SY27) (counts, 10-pt bins)",,60-69,10.0
students,Dr Martin Luther King Jr Literary & Fine Arts School,assessments,STAR Early Literacy,ast-graph-2,"STAR Early Literacy Percentile Rank Distribution (Fall SY27) (counts, 10-pt bins)",,70-79,11.0
students,Dr Martin Luther King Jr Literary & Fine Arts School,assessments,STAR Early Literacy,ast-graph-2,"STAR Early Literacy Percentile Rank Distribution (Fall SY27) (counts, 10-pt bins)",,80-89,13.0
students,Dr Martin Luther King Jr Literary & Fine Arts School,assessments,STAR Early Literacy,ast-graph-2,"STAR Early Literacy Percentile Rank Distribution (Fall SY27) (counts, 10-pt bins)",,90-99,16.0
students,Dr Martin Luther King Jr Literary & Fine Arts School,assessments,STAR Early Literacy,ast-graph-3,"STAR Early Literacy Student Growth Percentile(s) (Fall SY27) (counts, 10-pt bins)",Fall to Fall,0-9,3.0
students,Dr Martin Luther King Jr Literary & Fine Arts School,assessments,STAR Early Literacy,ast-graph-3,"STAR Early Literacy Student Growth Percentile(s) (Fall SY27) (counts, 10-pt bins)",Fall to Fall,10-19,2.0
students,Dr Martin Luther King Jr Literary & Fine Arts School,assessments,STAR Early Literacy,ast-graph-3,"STAR Early Literacy Student Growth Percentile(s) (Fall SY27) (counts, 10-pt bins)",Fall to Fall,20-29,3.0
students,Dr Martin Luther King Jr Literary & Fine Arts School,assessments,STAR Early Literacy,ast-graph-3,"STAR Early Literacy Student Growth Percentile(s) (Fall SY27) (counts, 10-pt bins)",Fall to Fall,30-39,5.0
students,Dr Martin Luther King Jr Literary & Fine Arts School,assessments,STAR Early Literacy,ast-graph-3,"STAR Early Literacy Student Growth Percentile(s) (Fall SY27) (counts, 10-pt bins)",Fall to Fall,40-49,7.0
students,Dr Martin Luther King Jr Literary & Fine Arts School,assessments,STAR Early Literacy,ast-graph-3,"STAR Early Literacy Student Growth Percentile(s) (Fall SY27) (counts, 10-pt bins)",Fall to Fall,50-59,8.0
students,Dr Martin Luther King Jr Literary & Fine Arts School,assessments,STAR Early Literacy,ast-graph-3,"STAR Early Literacy Student Growth Percentile(s) (Fall SY27) (counts, 10-pt bins)",Fall to Fall,60-69,3.0
students,Dr Martin Luther King Jr Literary & Fine Arts School,assessments,STAR Early Literacy,ast-graph-3,"STAR Early Literacy Student Growth Percentile(s) (Fall SY27) (counts, 10-pt bins)",Fall to Fall,70-79,11.0
students,Dr Martin Luther King Jr Literary & Fine Arts School,assessments,STAR Early Literacy,ast-graph-3,"STAR Early Literacy Student Growth Percentile(s) (Fall SY27) (counts, 10-pt bins)",Fall to Fall,80-89,13.0
students,Dr Martin Luther King Jr Literary & Fine Arts School,assessments,STAR Early Literacy,ast-graph-3,"STAR Early Literacy Student Growth Percentile(s) (Fall SY27) (counts, 10-pt bins)",Fall to Fall,90-99,13.0
students,Dr Martin Luther King Jr Literary & Fine Arts School,assessments,STAR Early Literacy,ast-graph-3,"STAR Early Literacy Student Growth Percentile(s) (Fall SY27) (counts, 10-pt bins)",Spring to Fall,0-9,6.0
students,Dr Martin Luther King Jr Literary & Fine Arts School,assessments,STAR Early Literacy,ast-graph-3,"STAR Early Literacy Student Growth Percentile(s) (Fall SY27) (counts, 10-pt bins)",Spring to Fall,10-19,3.0
students,Dr Martin Luther King Jr Literary & Fine Arts School,assessments,STAR Early Literacy,ast-graph-3,"STAR Early Literacy Student Growth Percentile(s) (Fall SY27) (counts, 10-pt bins)",Spring to Fall,20-29,9.0
students,Dr Martin Luther King Jr Literary & Fine Arts School,assessments,STAR Early Literacy,ast-graph-3,"STAR Early Literacy Student Growth Percentile(s) (Fall SY27) (counts, 10-pt bins)",Spring to Fall,30-39,1.0
students,Dr Martin Luther King Jr Literary & Fine Arts School,assessments,STAR Early Literacy,ast-graph-3,"STAR Early Literacy Student Growth Percentile(s) (Fall SY27) (counts, 10-pt bins)",Spring to Fall,40-49,5.0
students,Dr Martin Luther King Jr Literary & Fine Arts School,assessments,STAR Early Literacy,ast-graph-3,"STAR Early Literacy Student Growth Percentile(s) (Fall SY27) (counts, 10-pt bins)",Spring to Fall,50-59,5.0
students,Dr Martin Luther King Jr Literary & Fine Arts School,assessments,STAR Early Literacy,ast-graph-3,"STAR Early Literacy Student Growth Percentile(s) (Fall SY27) (counts, 10-pt bins)",Spring to Fall,60-69,10.0
students,Dr Martin Luther King Jr Literary & Fine Arts School,assessments,STAR Early Literacy,ast-graph-3,"STAR Early Literacy Student Growth Percentile(s) (Fall SY27) (counts, 10-pt bins)",Spring to Fall,70-79,8.0
students,Dr Martin Luther King Jr Literary & Fine Arts School,assessments,STAR Early Literacy,ast-graph-3,"STAR Early Literacy Student Growth Percentile(s) (Fall SY27) (counts, 10-pt bins)",Spring to Fall,80-89,14.0
students,Dr Martin Luther King Jr Literary & Fine Arts School,assessments,STAR Early Literacy,ast-graph-3,"STAR Early Literacy Student Growth Percentile(s) (Fall SY27) (counts, 10-pt bins)",Spring to Fall,90-99,6.0
students,Dr Martin Luther King Jr Literary & Fine Arts School,assessments,i-Ready Math,ast-graph-2,"i-Ready Math — Percentile Distribution (counts, 10-pt bins)",,0-9,27.0
students,Dr Martin Luther King Jr Literary & Fine Arts School,assessments,i-Ready Math,ast-graph-2,"i-Ready Math — Percentile Distribution (counts, 10-pt bins)",,10-19,46.0
students,Dr Martin Luther King Jr Literary & Fine Arts School,assessments,i-Ready Math,ast-graph-2,"i-Ready Math — Percentile Distribution (counts, 10-pt bins)",,20-29,26.0
students,Dr Martin Luther King Jr Literary & Fine Arts School,assessments,i-Ready Math,ast-graph-2,"i-Ready Math — Percentile Distribution (counts, 10-pt bins)",,30-39,42.0
students,Dr Martin Luther King Jr Literary & Fine Arts School,assessments,i-Ready Math,ast-graph-2,"i-Ready Math — Percentile Distribution (counts, 10-pt bins)",,40-49,43.0
students,Dr Martin Luther King Jr Literary & Fine Arts School,assessments,i-Ready Math,ast-graph-2,"i-Ready Math — Percentile Distribution (counts, 10-pt bins)",,50-59,36.0
students,Dr Martin Luther King Jr Literary & Fine Arts School,assessments,i-Ready Math,ast-graph-2,"i-Ready Math — Percentile Distribution (counts, 10-pt bins)",,60-69,54.0
students,Dr Martin Luther King Jr Literary & Fine Arts School,assessments,i-Ready Math,ast-graph-2,"i-Ready Math — Percentile Distribution (counts, 10-pt bins)",,70-79,46.0
students,Dr Martin Luther King Jr Literary & Fine Arts School,assessments,i-Ready Math,ast-graph-2,"i-Ready Math — Percentile Distribution (counts, 10-pt bins)",,80-89,45.0
students,Dr Martin Luther King Jr Literary & Fine Arts School,assessments,i-Ready Math,ast-graph-2,"i-Ready Math — Percentile Distribution (counts, 10-pt bins)",,90-99,61.0
students,Dr Martin Luther King Jr Literary & Fine Arts School,assessments,i-Ready Math,ast-graph-3,"i-Ready Math — Percent Progress to Annual Typical Growth (counts, 10-pt bins)",,0-9,426.0
students,Foster School,attendance,,att-distribution,"Attendance Rate Distribution (counts, 10-pt bins)",,0-9,3.0
students,Foster School,attendance,,att-distribution,"Attendance Rate Distribution (counts, 10-pt bins)",,10-19,2.0
students,Foster School,attendance,,att-distribution,"Attendance Rate Distribution (counts, 10-pt bins)",,40-49,2.0
students,Foster School,attendance,,att-distribution,"Attendance Rate Distribution (counts, 10-pt bins)",,50-59,6.0
students,Foster School,attendance,,att-distribution,"Attendance Rate Distribution (counts, 10-pt bins)",,60-69,5.0
students,Foster School,attendance,,att-distribution,"Attendance Rate Distribution (counts, 10-pt bins)",,70-79,11.0
students,Foster School,attendance,,att-distribution,"Attendance Rate Distribution (counts, 10-pt bins)",,80-89,37.0
students,Foster School,attendance,,att-distribution,"Attendance Rate Distribution (counts, 10-pt bins)",,90-99,105.0
students,Foster School,attendance,,att-distribution,"Attendance Rate Distribution (counts, 10-pt bins)",,100+,190.0
students,Foster School,assessments,STAR Reading,ast-graph-2,"STAR Reading Percentile Rank Distribution (Fall SY27) (counts, 10-pt bins)",,0-9,32.0
students,Foster School,assessments,STAR Reading,ast-graph-2,"STAR Reading Percentile Rank Distribution (Fall SY27) (counts, 10-pt bins)",,10-19,27.0
students,Foster School,assessments,STAR Reading,ast-graph-2,"STAR Reading Percentile Rank Distribution (Fall SY27) (counts, 10-pt bins)",,20-29,16.0
students,Foster School,assessments,STAR Reading,ast-graph-2,"STAR Reading Percentile Rank Distribution (Fall SY27) (counts, 10-pt bins)",,30-39,15.0
students,Foster School,assessments,STAR Reading,ast-graph-2,"STAR Reading Percentile Rank Distribution (Fall SY27) (counts, 10-pt bins)",,40-49,15.0
students,Foster School,assessments,STAR Reading,ast-graph-2,"STAR Reading Percentile Rank Distribution (Fall SY27) (counts, 10-pt bins)",,50-59,15.0
students,Foster School,assessments,STAR Reading,ast-graph-2,"STAR Reading Percentile Rank Distribution (Fall SY27) (counts, 10-pt bins)",,60-69,15.0
students,Foster School,assessments,STAR Reading,ast-graph-2,"STAR Reading Percentile Rank Distribution (Fall SY27) (counts, 10-pt bins)",,70-79,21.0
students,Foster School,assessments,STAR Reading,ast-graph-2,"STAR Reading Percentile Rank Distribution (Fall SY27) (counts, 10-pt bins)",,80-89,19.0
students,Foster School,assessments,STAR Reading,ast-graph-2,"STAR Reading Percentile Rank Distribution (Fall SY27) (counts, 10-pt bins)",,90-99,21.0
students,Foster School,assessments,STAR Reading,ast-graph-3,"STAR Reading Student Growth Percentile(s) (Fall SY27) (counts, 10-pt bins)",Fall to Fall,0-9,13.0
students,Foster School,assessments,STAR Reading,ast-graph-3,"STAR Reading Student Growth Percentile(s) (Fall SY27) (counts, 10-pt bins)",Fall to Fall,10-19,12.0
students,Foster School,assessments,STAR Reading,ast-graph-3,"STAR Reading Student Growth Percentile(s) (Fall SY27) (counts, 10-pt bins)",Fall to Fall,20-29,14.0
students,Foster School,assessments,STAR Reading,ast-graph-3,"STAR Reading Student Growth Percentile(s) (Fall SY27) (counts, 10-pt bins)",Fall to Fall,30-39,9.0
students,Foster School,assessments,STAR Reading,ast-graph-3,"STAR Reading Student Growth Percentile(s) (Fall SY27) (counts, 10-pt bins)",Fall to Fall,40-49,18.0
students,Foster School,assessments,STAR Reading,ast-graph-3,"STAR Reading Student Growth Percentile(s) (Fall SY27) (counts, 10-pt bins)",Fall to Fall,50-59,16.0
students,Foster School,assessments,STAR Reading,ast-graph-3,"STAR Reading Student Growth Percentile(s) (Fall SY27) (counts, 10-pt bins)",Fall to Fall,60-69,12.0
students,Foster School,assessments,STAR Reading,ast-graph-3,"STAR Reading Student Growth Percentile(s) (Fall SY27) (counts, 10-pt bins)",Fall to Fall,70-79,17.0
students,Foster School,assessments,STAR Reading,ast-graph-3,"STAR Reading Student Growth Percentile(s) (Fall SY27) (counts, 10-pt bins)",Fall to Fall,80-89,28.0
students,Foster School,assessments,STAR Reading,ast-graph-3,"STAR Reading Student Growth Percentile(s) (Fall SY27) (counts, 10-pt bins)",Fall to Fall,90-99,37.0
students,Foster School,assessments,STAR Reading,ast-graph-3,"STAR Reading Student Growth Percentile(s) (Fall SY27) (counts, 10-pt bins)",Spring to Fall,0-9,22.0
students,Foster School,assessments,STAR Reading,ast-graph-3,"STAR Reading Student Growth Percentile(s) (Fall SY27) (counts, 10-pt bins)",Spring to Fall,10-19,16.0
students,Foster School,assessments,STAR Reading,ast-graph-3,"STAR Reading Student Growth Percentile(s) (Fall SY27) (counts, 10-pt bins)",Spring to Fall,20-29,13.0
students,Foster School,assessments,STAR Reading,ast-graph-3,"STAR Reading Student Growth Percentile(s) (Fall SY27) (counts, 10-pt bins)",Spring to Fall,30-39,13.0
students,Foster School,assessments,STAR Reading,ast-graph-3,"STAR Reading Student Growth Percentile(s) (Fall SY27) (counts, 10-pt bins)",Spring to Fall,40-49,13.0
students,Foster School,assessments,STAR Reading,ast-graph-3,"STAR Reading Student Growth Percentile(s) (Fall SY27) (counts, 10-pt bins)",Spring to Fall,50-59,11.0
students,Foster School,assessments,STAR Reading,ast-graph-3,"STAR Reading Student Growth Percentile(s) (Fall SY27) (counts, 10-pt bins)",Spring to Fall,60-69,17.0
students,Foster School,assessments,STAR Reading,ast-graph-3,"STAR Reading Student Growth Percentile(s) (Fall SY27) (counts, 10-pt bins)",Spring to Fall,70-79,19.0
students,Foster School,assessments,STAR Reading,ast-graph-3,"STAR Reading Student Growth Percentile(s) (Fall SY27) (counts, 10-pt bins)",Spring to Fall,80-89,18.0
students,Foster School,assessments,STAR Reading,ast-graph-3,"STAR Reading Student Growth Percentile(s) (Fall SY27) (counts, 10-pt bins)",Spring to Fall,90-99,39.0
students,Foster School,assessments,STAR Early Literacy,ast-graph-2,"STAR Early Literacy Percentile Rank Distribution (Fall SY27) (counts, 10-pt bins)",,0-9,28.0
students,Foster School,assessments,STAR Early Literacy,ast-graph-2,"STAR Early Literacy Percentile Rank Distribution (Fall SY27) (counts, 10-pt bins)",,10-19,15.0
students,Foster School,assessments,STAR Early Literacy,ast-graph-2,"STAR Early Literacy Percentile Rank Distribution (Fall SY27) (counts, 10-pt bins)",,20-29,22.0
students,Foster School,assessments,STAR Early Literacy,ast-graph-2,"STAR Early Literacy Percentile Rank Distribution (Fall SY27) (counts, 10-pt bins)",,30-39,14.0
students,Foster School,assessments,STAR Early Literacy,ast-graph-2,"STAR Early Literacy Percentile Rank Distribution (Fall SY27) (counts, 10-pt bins)",,40-49,11.0
students,Foster School,assessments,STAR Early Literacy,ast-graph-2,"STAR Early Literacy Percentile Rank Distribution (Fall SY27) (counts, 10-pt bins)",,50-59,14.0
students,Foster School,assessments,STAR Early Literacy,ast-graph-2,"STAR Early Literacy Percentile Rank Distribution (Fall SY27) (counts, 10-pt bins)",,60-69,7.0
students,Foster School,assessments,STAR Early Literacy,ast-graph-2,"STAR Early Literacy Percentile Rank Distribution (Fall SY27) (counts, 10-pt bins)",,70-79,13.0
students,Foster School,assessments,STAR Early Literacy,ast-graph-2,"STAR Early Literacy Percentile Rank Distribution (Fall SY27) (counts, 10-pt bins)",,80-89,8.0
students,Foster School,assessments,STAR Early Literacy,ast-graph-2,"STAR Early Literacy Percentile Rank Distribution (Fall SY27) (counts, 10-pt bins)",,90-99,15.0
students,Foster School,assessments,STAR Early Literacy,ast-graph-3,"STAR Early Literacy Student Growth Percentile(s) (Fall SY27) (counts, 10-pt bins)",Fall to Fall,0-9,7.0
students,Foster School,assessments,STAR Early Literacy,ast-graph-3,"STAR Early Literacy Student Growth Percentile(s) (Fall SY27) (counts, 10-pt bins)",Fall to Fall,10-19,5.0
students,Foster School,assessments,STAR Early Literacy,ast-graph-3,"STAR Early Literacy Student Growth Percentile(s) (Fall SY27) (counts, 10-pt bins)",Fall to Fall,20-29,8.0
students,Foster School,assessments,STAR Early Literacy,ast-graph-3,"STAR Early Literacy Student Growth Percentile(s) (Fall SY27) (counts, 10-pt bins)",Fall to Fall,30-39,4.0
students,Foster School,assessments,STAR Early Literacy,ast-graph-3,"STAR Early Literacy Student Growth Percentile(s) (Fall SY27) (counts, 10-pt bins)",Fall to Fall,40-49,6.0
students,Foster School,assessments,STAR Early Literacy,ast-graph-3,"STAR Early Literacy Student Growth Percentile(s) (Fall SY27) (counts, 10-pt bins)",Fall to Fall,50-59,12.0
students,Foster School,assessments,STAR Early Literacy,ast-graph-3,"STAR Early Literacy Student Growth Percentile(s) (Fall SY27) (counts, 10-pt bins)",Fall to Fall,60-69,14.0
students,Foster School,assessments,STAR Early Literacy,ast-graph-3,"STAR Early Literacy Student Growth Percentile(s) (Fall SY27) (counts, 10-pt bins)",Fall to Fall,70-79,4.0
students,Foster School,assessments,STAR Early Literacy,ast-graph-3,"STAR Early Literacy Student Growth Percentile(s) (Fall SY27) (counts, 10-pt bins)",Fall to Fall,80-89,7.0
students,Foster School,assessments,STAR Early Literacy,ast-graph-3,"STAR Early Literacy Student Growth Percentile(s) (Fall SY27) (counts, 10-pt bins)",Fall to Fall,90-99,11.0
students,Foster School,assessments,STAR Early Literacy,ast-graph-3,"STAR Early Literacy Student Growth Percentile(s) (Fall SY27) (counts, 10-pt bins)",Spring to Fall,0-9,6.0
students,Foster School,assessments,STAR Early Literacy,ast-graph-3,"STAR Early Literacy Student Growth Percentile(s) (Fall SY27) (counts, 10-pt bins)",Spring to Fall,10-19,8.0
students,Foster School,assessments,STAR Early Literacy,ast-graph-3,"STAR Early Literacy Student Growth Percentile(s) (Fall SY27) (counts, 10-pt bins)",Spring to Fall,20-29,2.0
students,Foster School,assessments,STAR Early Literacy,ast-graph-3,"STAR Early Literacy Student Growth Percentile(s) (Fall SY27) (counts, 10-pt bins)",Spring to Fall,30-39,6.0
students,Foster School,assessments,STAR Early Literacy,ast-graph-3,"STAR Early Literacy Student Growth Percentile(s) (Fall SY27) (counts, 10-pt bins)",Spring to Fall,40-49,13.0
students,Foster School,assessments,STAR Early Literacy,ast-graph-3,"STAR Early Literacy Student Growth Percentile(s) (Fall SY27) (counts, 10-pt bins)",Spring to Fall,50-59,6.0
students,Foster School,assessments,STAR Early Literacy,ast-graph-3,"STAR Early Literacy Student Growth Percentile(s) (Fall SY27) (counts, 10-pt bins)",Spring to Fall,60-69,12.0
students,Foster School,assessments,STAR Early Literacy,ast-graph-3,"STAR Early Literacy Student Growth Percentile(s) (Fall SY27) (counts, 10-pt bins)",Spring to Fall,70-79,13.0
students,Foster School,assessments,STAR Early Literacy,ast-graph-3,"STAR Early Literacy Student Growth Percentile(s) (Fall SY27) (counts, 10-pt bins)",Spring to Fall,80-89,7.0
students,Foster School,assessments,STAR Early Literacy,ast-graph-3,"STAR Early Literacy Student Growth Percentile(s) (Fall SY27) (counts, 10-pt bins)",Spring to Fall,90-99,12.0
students,Foster School,assessments,STAR Reading Spanish,ast-graph-2,"STAR Reading Spanish Percentile Rank Distribution (Fall SY27) (counts, 10-pt bins)",,0-9,19.0
students,Foster School,assessments,STAR Reading Spanish,ast-graph-2,"STAR Reading Spanish Percentile Rank Distribution (Fall SY27) (counts, 10-pt bins)",,10-19,15.0
students,Foster School,assessments,STAR Reading Spanish,ast-graph-2,"STAR Reading Spanish Percentile Rank Distribution (Fall SY27) (counts, 10-pt bins)",,20-29,17.0
students,Foster School,assessments,STAR Reading Spanish,ast-graph-2,"STAR Reading Spanish Percentile Rank Distribution (Fall SY27) (counts, 10-pt bins)",,30-39,9.0
students,Foster School,assessments,STAR Reading Spanish,ast-graph-2,"STAR Reading Spanish Percentile Rank Distribution (Fall SY27) (counts, 10-pt bins)",,40-49,9.0
students,Foster School,assessments,STAR Reading Spanish,ast-graph-2,"STAR Reading Spanish Percentile Rank Distribution (Fall SY27) (counts, 10-pt bins)",,50-59,11.0
students,Foster School,assessments,STAR Reading Spanish,ast-graph-2,"STAR Reading Spanish Percentile Rank Distribution (Fall SY27) (counts, 10-pt bins)",,60-69,4.0
students,Foster School,assessments,STAR Reading Spanish,ast-graph-2,"STAR Reading Spanish Percentile Rank Distribution (Fall SY27) (counts, 10-pt bins)",,70-79,8.0
students,Foster School,assessments,STAR Reading Spanish,ast-graph-2,"STAR Reading Spanish Percentile Rank Distribution (Fall SY27) (counts, 10-pt bins)",,80-89,6.0
students,Foster School,assessments,STAR Reading Spanish,ast-graph-2,"STAR Reading Spanish Percentile Rank Distribution (Fall SY27) (counts, 10-pt bins)",,90-99,10.0
students,Foster School,assessments,STAR Reading Spanish,ast-graph-3,"STAR Reading Spanish Student Growth Percentile(s) (Fall SY27) (counts, 10-pt bins)",Fall to Fall,0-9,2.0
students,Foster School,assessments,STAR Reading Spanish,ast-graph-3,"STAR Reading Spanish Student Growth Percentile(s) (Fall SY27) (counts, 10-pt bins)",Fall to Fall,10-19,5.0
students,Foster School,assessments,STAR Reading Spanish,ast-graph-3,"STAR Reading Spanish Student Growth Percentile(s) (Fall SY27) (counts, 10-pt bins)",Fall to Fall,20-29,7.0
students,Foster School,assessments,STAR Reading Spanish,ast-graph-3,"STAR Reading Spanish Student Growth Percentile(s) (Fall SY27) (counts, 10-pt bins)",Fall to Fall,30-39,7.0
students,Foster School,assessments,STAR Reading Spanish,ast-graph-3,"STAR Reading Spanish Student Growth Percentile(s) (Fall SY27) (counts, 10-pt bins)",Fall to Fall,40-49,8.0
students,Foster School,assessments,STAR Reading Spanish,ast-graph-3,"STAR Reading Spanish Student Growth Percentile(s) (Fall SY27) (counts, 10-pt bins)",Fall to Fall,50-59,10.0
students,Foster School,assessments,STAR Reading Spanish,ast-graph-3,"STAR Reading Spanish Student Growth Percentile(s) (Fall SY27) (counts, 10-pt bins)",Fall to Fall,60-69,11.0
students,Foster School,assessments,STAR Reading Spanish,ast-graph-3,"STAR Reading Spanish Student Growth Percentile(s) (Fall SY27) (counts, 10-pt bins)",Fall to Fall,70-79,3.0
students,Foster School,assessments,STAR Reading Spanish,ast-graph-3,"STAR Reading Spanish Student Growth Percentile(s) (Fall SY27) (counts, 10-pt bins)",Fall to Fall,80-89,5.0
students,Foster School,assessments,STAR Reading Spanish,ast-graph-3,"STAR Reading Spanish Student Growth Percentile(s) (Fall SY27) (counts, 10-pt bins)",Fall to Fall,90-99,15.0
students,Foster School,assessments,STAR Reading Spanish,ast-graph-3,"STAR Reading Spanish Student Growth Percentile(s) (Fall SY27) (counts, 10-pt bins)",Spring to Fall,0-9,5.0
students,Foster School,assessments,STAR Reading Spanish,ast-graph-3,"STAR Reading Spanish Student Growth Percentile(s) (Fall SY27) (counts, 10-pt bins)",Spring to Fall,10-19,4.0
students,Foster School,assessments,STAR Reading Spanish,ast-graph-3,"STAR Reading Spanish Student Growth Percentile(s) (Fall SY27) (counts, 10-pt bins)",Spring to Fall,20-29,7.0
students,Foster School,assessments,STAR Reading Spanish,ast-graph-3,"STAR Reading Spanish Student Growth Percentile(s) (Fall SY27) (counts, 10-pt bins)",Spring to Fall,30-39,12.0
students,Foster School,assessments,STAR Reading Spanish,ast-graph-3,"STAR Reading Spanish Student Growth Percentile(s) (Fall SY27) (counts, 10-pt bins)",Spring to Fall,40-49,8.0
students,Foster School,assessments,STAR Reading Spanish,ast-graph-3,"STAR Reading Spanish Student Growth Percentile(s) (Fall SY27) (counts, 10-pt bins)",Spring to Fall,50-59,12.0
students,Foster School,assessments,STAR Reading Spanish,ast-graph-3,"STAR Reading Spanish Student Growth Percentile(s) (Fall SY27) (counts, 10-pt bins)",Spring to Fall,60-69,4.0
students,Foster School,assessments,STAR Reading Spanish,ast-graph-3,"STAR Reading Spanish Student Growth Percentile(s) (Fall SY27) (counts, 10-pt bins)",Spring to Fall,70-79,10.0
students,Foster School,assessments,STAR Reading Spanish,ast-graph-3,"STAR Reading Spanish Student Growth Percentile(s) (Fall SY27) (counts, 10-pt bins)",Spring to Fall,80-89,7.0
students,Foster School,assessments,STAR Reading Spanish,ast-graph-3,"STAR Reading Spanish Student Growth Percentile(s) (Fall SY27) (counts, 10-pt bins)",Spring to Fall,90-99,13.0
students,Foster School,assessments,STAR Early Literacy Spanish,ast-graph-2,"STAR Early Literacy Spanish Percentile Rank Distribution (Fall SY27) (counts, 10-pt bins)",,0-9,7.0
students,Foster School,assessments,STAR Early Literacy Spanish,ast-graph-2,"STAR Early Literacy Spanish Percentile Rank Distribution (Fall SY27) (counts, 10-pt bins)",,10-19,9.0
students,Foster School,assessments,STAR Early Literacy Spanish,ast-graph-2,"STAR Early Literacy Spanish Percentile Rank Distribution (Fall SY27) (counts, 10-pt bins)",,30-39,6.0
students,Foster School,assessments,STAR Early Literacy Spanish,ast-graph-2,"STAR Early Literacy Spanish Percentile Rank Distribution (Fall SY27) (counts, 10-pt bins)",,40-49,4.0
students,Foster School,assessments,STAR Early Literacy Spanish,ast-graph-2,"STAR Early Literacy Spanish Percentile Rank Distribution (Fall SY27) (counts, 10-pt bins)",,50-59,9.0
students,Foster School,assessments,STAR Early Literacy Spanish,ast-graph-2,"STAR Early Literacy Spanish Percentile Rank Distribution (Fall SY27) (counts, 10-pt bins)",,60-69,14.0
students,Foster School,assessments,STAR Early Literacy Spanish,ast-graph-2,"STAR Early Literacy Spanish Percentile Rank Distribution (Fall SY27) (counts, 10-pt bins)",,70-79,11.0
students,Foster School,assessments,STAR Early Literacy Spanish,ast-graph-2,"STAR Early Literacy Spanish Percentile Rank Distribution (Fall SY27) (counts, 10-pt bins)",,80-89,10.0
students,Foster School,assessments,STAR Early Literacy Spanish,ast-graph-2,"STAR Early Literacy Spanish Percentile Rank Distribution (Fall SY27) (counts, 10-pt bins)",,90-99,14.0
students,Foster School,assessments,STAR Early Literacy Spanish,ast-graph-3,"STAR Early Literacy Spanish Student Growth Percentile(s) (Fall SY27) (counts, 10-pt bins)",Fall to Fall,0-9,6.0
students,Foster School,assessments,STAR Early Literacy Spanish,ast-graph-3,"STAR Early Literacy Spanish Student Growth Percentile(s) (Fall SY27) (counts, 10-pt bins)",Fall to Fall,10-19,6.0
students,Foster School,assessments,STAR Early Literacy Spanish,ast-graph-3,"STAR Early Literacy Spanish Student Growth Percentile(s) (Fall SY27) (counts, 10-pt bins)",Fall to Fall,20-29,3.0
students,Foster School,assessments,STAR Early Literacy Spanish,ast-graph-3,"STAR Early Literacy Spanish Student Growth Percentile(s) (Fall SY27) (counts, 10-pt bins)",Fall to Fall,30-39,6.0
students,Foster School,assessments,STAR Early Literacy Spanish,ast-graph-3,"STAR Early Literacy Spanish Student Growth Percentile(s) (Fall SY27) (counts, 10-pt bins)",Fall to Fall,40-49,6.0
students,Foster School,assessments,STAR Early Literacy Spanish,ast-graph-3,"STAR Early Literacy Spanish Student Growth Percentile(s) (Fall SY27) (counts, 10-pt bins)",Fall to Fall,50-59,6.0
students,Foster School,assessments,STAR Early Literacy Spanish,ast-graph-3,"STAR Early Literacy Spanish Student Growth Percentile(s) (Fall SY27) (counts, 10-pt bins)",Fall to Fall,60-69,8.0
students,Foster School,assessments,STAR Early Literacy Spanish,ast-graph-3,"STAR Early Literacy Spanish Student Growth Percentile(s) (Fall SY27) (counts, 10-pt bins)",Fall to Fall,70-79,6.0
students,Foster School,assessments,STAR Early Literacy Spanish,ast-graph-3,"STAR Early Literacy Spanish Student Growth Percentile(s) (Fall SY27) (counts, 10-pt bins)",Fall to Fall,80-89,5.0
students,Foster School,assessments,STAR Early Literacy Spanish,ast-graph-3,"STAR Early Literacy Spanish Student Growth Percentile(s) (Fall SY27) (counts, 10-pt bins)",Fall to Fall,90-99,7.0
students,Foster School,assessments,STAR Early Literacy Spanish,ast-graph-3,"STAR Early Literacy Spanish Student Growth Percentile(s) (Fall SY27) (counts, 10-pt bins)",Spring to Fall,0-9,8.0
students,Foster School,assessments,STAR Early Literacy Spanish,ast-graph-3,"STAR Early Literacy Spanish Student Growth Percentile(s) (Fall SY27) (counts, 10-pt bins)",Spring to Fall,10-19,6.0
students,Foster School,assessments,STAR Early Literacy Spanish,ast-graph-3,"STAR Early Literacy Spanish Student Growth Percentile(s) (Fall SY27) (counts, 10-pt bins)",Spring to Fall,20-29,4.0
students,Foster School,assessments,STAR Early Literacy Spanish,ast-graph-3,"STAR Early Literacy Spanish Student Growth Percentile(s) (Fall SY27) (counts, 10-pt bins)",Spring to Fall,30-39,3.0
students,Foster School,assessments,STAR Early Literacy Spanish,ast-graph-3,"STAR Early Literacy Spanish Student Growth Percentile(s) (Fall SY27) (counts, 10-pt bins)",Spring to Fall,40-49,6.0
students,Foster School,assessments,STAR Early Literacy Spanish,ast-graph-3,"STAR Early Literacy Spanish Student Growth Percentile(s) (Fall SY27) (counts, 10-pt bins)",Spring to Fall,50-59,7.0
students,Foster School,assessments,STAR Early Literacy Spanish,ast-graph-3,"STAR Early Literacy Spanish Student Growth Percentile(s) (Fall SY27) (counts, 10-pt bins)",Spring to Fall,60-69,9.0
students,Foster School,assessments,STAR Early Literacy Spanish,ast-graph-3,"STAR Early Literacy Spanish Student Growth Percentile(s) (Fall SY27) (counts, 10-pt bins)",Spring to Fall,70-79,8.0
students,Foster School,assessments,STAR Early Literacy Spanish,ast-graph-3,"STAR Early Literacy Spanish Student Growth Percentile(s) (Fall SY27) (counts, 10-pt bins)",Spring to Fall,80-89,6.0
students,Foster School,assessments,STAR Early Literacy Spanish,ast-graph-3,"STAR Early Literacy Spanish Student Growth Percentile(s) (Fall SY27) (counts, 10-pt bins)",Spring to Fall,90-99,5.0
students,Foster School,assessments,i-Ready Math,ast-graph-2,"i-Ready Math — Percentile Distribution (counts, 10-pt bins)",,0-9,42.0
students,Foster School,assessments,i-Ready Math,ast-graph-2,"i-Ready Math — Percentile Distribution (counts, 10-pt bins)",,10-19,54.0
students,Foster School,assessments,i-Ready Math,ast-graph-2,"i-Ready Math — Percentile Distribution (counts, 10-pt bins)",,20-29,45.0
students,Foster School,assessments,i-Ready Math,ast-graph-2,"i-Ready Math — Percentile Distribution (counts, 10-pt bins)",,30-39,45.0
students,Foster School,assessments,i-Ready Math,ast-graph-2,"i-Ready Math — Percentile Distribution (counts, 10-pt bins)",,40-49,32.0
students,Foster School,assessments,i-Ready Math,ast-graph-2,"i-Ready Math — Percentile Distribution (counts, 10-pt bins)",,50-59,32.0
students,Foster School,assessments,i-Ready Math,ast-graph-2,"i-Ready Math — Percentile Distribution (counts, 10-pt bins)",,60-69,26.0
students,Foster School,assessments,i-Ready Math,ast-graph-2,"i-Ready Math — Percentile Distribution (counts, 10-pt bins)",,70-79,37.0
students,Foster School,assessments,i-Ready Math,ast-graph-2,"i-Ready Math — Percentile Distribution (counts, 10-pt bins)",,80-89,21.0
students,Foster School,assessments,i-Ready Math,ast-graph-2,"i-Ready Math — Percentile Distribution (counts, 10-pt bins)",,90-99,20.0
students,Foster School,assessments,i-Ready Math,ast-graph-3,"i-Ready Math — Percent Progress to Annual Typical Growth (counts, 10-pt bins)",,0-9,354.0
students,Haven Middle School,attendance,,att-distribution,"Attendance Rate Distribution (counts, 10-pt bins)",,0-9,3.0
students,Haven Middle School,attendance,,att-distribution,"Attendance Rate Distribution (counts, 10-pt bins)",,30-39,1.0
students,Haven Middle School,attendance,,att-distribution,"Attendance Rate Distribution (counts, 10-pt bins)",,50-59,2.0
students,Haven Middle School,attendance,,att-distribution,"Attendance Rate Distribution (counts, 10-pt bins)",,70-79,13.0
students,Haven Middle School,attendance,,att-distribution,"Attendance Rate Distribution (counts, 10-pt bins)",,80-89,48.0
students,Haven Middle School,attendance,,att-distribution,"Attendance Rate Distribution (counts, 10-pt bins)",,90-99,229.0
students,Haven Middle School,attendance,,att-distribution,"Attendance Rate Distribution (counts, 10-pt bins)",,100+,308.0
students,Haven Middle School,assessments,STAR Reading,ast-graph-2,"STAR Reading Percentile Rank Distribution (Fall SY27) (counts, 10-pt bins)",,0-9,36.0
students,Haven Middle School,assessments,STAR Reading,ast-graph-2,"STAR Reading Percentile Rank Distribution (Fall SY27) (counts, 10-pt bins)",,10-19,28.0
students,Haven Middle School,assessments,STAR Reading,ast-graph-2,"STAR Reading Percentile Rank Distribution (Fall SY27) (counts, 10-pt bins)",,20-29,46.0
students,Haven Middle School,assessments,STAR Reading,ast-graph-2,"STAR Reading Percentile Rank Distribution (Fall SY27) (counts, 10-pt bins)",,30-39,27.0
students,Haven Middle School,assessments,STAR Reading,ast-graph-2,"STAR Reading Percentile Rank Distribution (Fall SY27) (counts, 10-pt bins)",,40-49,39.0
students,Haven Middle School,assessments,STAR Reading,ast-graph-2,"STAR Reading Percentile Rank Distribution (Fall SY27) (counts, 10-pt bins)",,50-59,33.0
students,Haven Middle School,assessments,STAR Reading,ast-graph-2,"STAR Reading Percentile Rank Distribution (Fall SY27) (counts, 10-pt bins)",,60-69,50.0
students,Haven Middle School,assessments,STAR Reading,ast-graph-2,"STAR Reading Percentile Rank Distribution (Fall SY27) (counts, 10-pt bins)",,70-79,63.0
students,Haven Middle School,assessments,STAR Reading,ast-graph-2,"STAR Reading Percentile Rank Distribution (Fall SY27) (counts, 10-pt bins)",,80-89,102.0
students,Haven Middle School,assessments,STAR Reading,ast-graph-2,"STAR Reading Percentile Rank Distribution (Fall SY27) (counts, 10-pt bins)",,90-99,171.0
students,Haven Middle School,assessments,STAR Reading,ast-graph-3,"STAR Reading Student Growth Percentile(s) (Fall SY27) (counts, 10-pt bins)",Fall to Fall,0-9,33.0
students,Haven Middle School,assessments,STAR Reading,ast-graph-3,"STAR Reading Student Growth Percentile(s) (Fall SY27) (counts, 10-pt bins)",Fall to Fall,10-19,45.0
students,Haven Middle School,assessments,STAR Reading,ast-graph-3,"STAR Reading Student Growth Percentile(s) (Fall SY27) (counts, 10-pt bins)",Fall to Fall,20-29,47.0
students,Haven Middle School,assessments,STAR Reading,ast-graph-3,"STAR Reading Student Growth Percentile(s) (Fall SY27) (counts, 10-pt bins)",Fall to Fall,30-39,52.0
students,Haven Middle School,assessments,STAR Reading,ast-graph-3,"STAR Reading Student Growth Percentile(s) (Fall SY27) (counts, 10-pt bins)",Fall to Fall,40-49,58.0
students,Haven Middle School,assessments,STAR Reading,ast-graph-3,"STAR Reading Student Growth Percentile(s) (Fall SY27) (counts, 10-pt bins)",Fall to Fall,50-59,42.0
students,Haven Middle School,assessments,STAR Reading,ast-graph-3,"STAR Reading Student Growth Percentile(s) (Fall SY27) (counts, 10-pt bins)",Fall to Fall,60-69,61.0
students,Haven Middle School,assessments,STAR Reading,ast-graph-3,"STAR Reading Student Growth Percentile(s) (Fall SY27) (counts, 10-pt bins)",Fall to Fall,70-79,67.0
students,Haven Middle School,assessments,STAR Reading,ast-graph-3,"STAR Reading Student Growth Percentile(s) (Fall SY27) (counts, 10-pt bins)",Fall to Fall,80-89,74.0
students,Haven Middle School,assessments,STAR Reading,ast-graph-3,"STAR Reading Student Growth Percentile(s) (Fall SY27) (counts, 10-pt bins)",Fall to Fall,90-99,78.0
students,Haven Middle School,assessments,STAR Reading,ast-graph-3,"STAR Reading Student Growth Percentile(s) (Fall SY27) (counts, 10-pt bins)",Spring to Fall,0-9,38.0
students,Haven Middle School,assessments,STAR Reading,ast-graph-3,"STAR Reading Student Growth Percentile(s) (Fall SY27) (counts, 10-pt bins)",Spring to Fall,10-19,53.0
students,Haven Middle School,assessments,STAR Reading,ast-graph-3,"STAR Reading Student Growth Percentile(s) (Fall SY27) (counts, 10-pt bins)",Spring to Fall,20-29,50.0
students,Haven Middle School,assessments,STAR Reading,ast-graph-3,"STAR Reading Student Growth Percentile(s) (Fall SY27) (counts, 10-pt bins)",Spring to Fall,30-39,50.0
students,Haven Middle School,assessments,STAR Reading,ast-graph-3,"STAR Reading Student Growth Percentile(s) (Fall SY27) (counts, 10-pt bins)",Spring to Fall,40-49,55.0
students,Haven Middle School,assessments,STAR Reading,ast-graph-3,"STAR Reading Student Growth Percentile(s) (Fall SY27) (counts, 10-pt bins)",Spring to Fall,50-59,53.0
students,Haven Middle School,assessments,STAR Reading,ast-graph-3,"STAR Reading Student Growth Percentile(s) (Fall SY27) (counts, 10-pt bins)",Spring to Fall,60-69,51.0
students,Haven Middle School,assessments,STAR Reading,ast-graph-3,"STAR Reading Student Growth Percentile(s) (Fall SY27) (counts, 10-pt bins)",Spring to Fall,70-79,62.0
students,Haven Middle School,assessments,STAR Reading,ast-graph-3,"STAR Reading Student Growth Percentile(s) (Fall SY27) (counts, 10-pt bins)",Spring to Fall,80-89,67.0
students,Haven Middle School,assessments,STAR Reading,ast-graph-3,"STAR Reading Student Growth Percentile(s) (Fall SY27) (counts, 10-pt bins)",Spring to Fall,90-99,85.0
students,Haven Middle School,assessments,STAR Reading Spanish,ast-graph-2,"STAR Reading Spanish Percentile Rank Distribution (Fall SY27) (counts, 10-pt bins)",,0-9,5.0
students,Haven Middle School,assessments,STAR Reading Spanish,ast-graph-2,"STAR Reading Spanish Percentile Rank Distribution (Fall SY27) (counts, 10-pt bins)",,10-19,4.0
students,Haven Middle School,assessments,STAR Reading Spanish,ast-graph-2,"STAR Reading Spanish Percentile Rank Distribution (Fall SY27) (counts, 10-pt bins)",,20-29,5.0
students,Haven Middle School,assessments,STAR Reading Spanish,ast-graph-2,"STAR Reading Spanish Percentile Rank Distribution (Fall SY27) (counts, 10-pt bins)",,30-39,3.0
students,Haven Middle School,assessments,STAR Reading Spanish,ast-graph-2,"STAR Reading Spanish Percentile Rank Distribution (Fall SY27) (counts, 10-pt bins)",,40-49,2.0
students,Haven Middle School,assessments,STAR Reading Spanish,ast-graph-2,"STAR Reading Spanish Percentile Rank Distribution (Fall SY27) (counts, 10-pt bins)",,60-69,1.0
students,Haven Middle School,assessments,STAR Reading Spanish,ast-graph-2,"STAR Reading Spanish Percentile Rank Distribution (Fall SY27) (counts, 10-pt bins)",,70-79,4.0
students,Haven Middle School,assessments,STAR Reading Spanish,ast-graph-2,"STAR Reading Spanish Percentile Rank Distribution (Fall SY27) (counts, 10-pt bins)",,80-89,2.0
students,Haven Middle School,assessments,STAR Reading Spanish,ast-graph-2,"STAR Reading Spanish Percentile Rank Distribution (Fall SY27) (counts, 10-pt bins)",,90-99,7.0
students,Haven Middle School,assessments,STAR Reading Spanish,ast-graph-3,"STAR Reading Spanish Student Growth Percentile(s) (Fall SY27) (counts, 10-pt bins)",Fall to Fall,0-9,1.0
students,Haven Middle School,assessments,STAR Reading Spanish,ast-graph-3,"STAR Reading Spanish Student Growth Percentile(s) (Fall SY27) (counts, 10-pt bins)",Fall to Fall,10-19,3.0
students,Haven Middle School,assessments,STAR Reading Spanish,ast-graph-3,"STAR Reading Spanish Student Growth Percentile(s) (Fall SY27) (counts, 10-pt bins)",Fall to Fall,20-29,2.0
students,Haven Middle School,assessments,STAR Reading Spanish,ast-graph-3,"STAR Reading Spanish Student Growth Percentile(s) (Fall SY27) (counts, 10-pt bins)",Fall to Fall,30-39,1.0
students,Haven Middle School,assessments,STAR Reading Spanish,ast-graph-3,"STAR Reading Spanish Student Growth Percentile(s) (Fall SY27) (counts, 10-pt bins)",Fall to Fall,40-49,2.0
students,Haven Middle School,assessments,STAR Reading Spanish,ast-graph-3,"STAR Reading Spanish Student Growth Percentile(s) (Fall SY27) (counts, 10-pt bins)",Fall to Fall,50-59,2.0
students,Haven Middle School,assessments,STAR Reading Spanish,ast-graph-3,"STAR Reading Spanish Student Growth Percentile(s) (Fall SY27) (counts, 10-pt bins)",Fall to Fall,60-69,1.0
students,Haven Middle School,assessments,STAR Reading Spanish,ast-graph-3,"STAR Reading Spanish Student Growth Percentile(s) (Fall SY27) (counts, 10-pt bins)",Fall to Fall,80-89,1.0
students,Haven Middle School,assessments,STAR Reading Spanish,ast-graph-3,"STAR Reading Spanish Student Growth Percentile(s) (Fall SY27) (counts, 10-pt bins)",Fall to Fall,90-99,4.0
students,Haven Middle School,assessments,STAR Reading Spanish,ast-graph-3,"STAR Reading Spanish Student Growth Percentile(s) (Fall SY27) (counts, 10-pt bins)",Spring to Fall,0-9,2.0
students,Haven Middle School,assessments,STAR Reading Spanish,ast-graph-3,"STAR Reading Spanish Student Growth Percentile(s) (Fall SY27) (counts, 10-pt bins)",Spring to Fall,10-19,2.0
students,Haven Middle School,assessments,STAR Reading Spanish,ast-graph-3,"STAR Reading Spanish Student Growth Percentile(s) (Fall SY27) (counts, 10-pt bins)",Spring to Fall,20-29,6.0
students,Haven Middle School,assessments,STAR Reading Spanish,ast-graph-3,"STAR Reading Spanish Student Growth Percentile(s) (Fall SY27) (counts, 10-pt bins)",Spring to Fall,30-39,3.0
students,Haven Middle School,assessments,STAR Reading Spanish,ast-graph-3,"STAR Reading Spanish Student Growth Percentile(s) (Fall SY27) (counts, 10-pt bins)",Spring to Fall,40-49,1.0
students,Haven Middle School,assessments,STAR Reading Spanish,ast-graph-3,"STAR Reading Spanish Student Growth Percentile(s) (Fall SY27) (counts, 10-pt bins)",Spring to Fall,50-59,6.0
students,Haven Middle School,assessments,STAR Reading Spanish,ast-graph-3,"STAR Reading Spanish Student Growth Percentile(s) (Fall SY27) (counts, 10-pt bins)",Spring to Fall,60-69,4.0
students,Haven Middle School,assessments,STAR Reading Spanish,ast-graph-3,"STAR Reading Spanish Student Growth Percentile(s) (Fall SY27) (counts, 10-pt bins)",Spring to Fall,70-79,3.0
students,Haven Middle School,assessments,STAR Reading Spanish,ast-graph-3,"STAR Reading Spanish Student Growth Percentile(s) (Fall SY27) (counts, 10-pt bins)",Spring to Fall,80-89,2.0
students,Haven Middle School,assessments,STAR Reading Spanish,ast-graph-3,"STAR Reading Spanish Student Growth Percentile(s) (Fall SY27) (counts, 10-pt bins)",Spring to Fall,90-99,4.0
students,Haven Middle School,assessments,i-Ready Math,ast-graph-2,"i-Ready Math — Percentile Distribution (counts, 10-pt bins)",,0-9,32.0
students,Haven Middle School,assessments,i-Ready Math,ast-graph-2,"i-Ready Math — Percentile Distribution (counts, 10-pt bins)",,10-19,36.0
students,Haven Middle School,assessments,i-Ready Math,ast-graph-2,"i-Ready Math — Percentile Distribution (counts, 10-pt bins)",,20-29,44.0
students,Haven Middle School,assessments,i-Ready Math,ast-graph-2,"i-Ready Math — Percentile Distribution (counts, 10-pt bins)",,30-39,39.0
students,Haven Middle School,assessments,i-Ready Math,ast-graph-2,"i-Ready Math — Percentile Distribution (counts, 10-pt bins)",,40-49,26.0
students,Haven Middle School,assessments,i-Ready Math,ast-graph-2,"i-Ready Math — Percentile Distribution (counts, 10-pt bins)",,50-59,46.0
students,Haven Middle School,assessments,i-Ready Math,ast-graph-2,"i-Ready Math — Percentile Distribution (counts, 10-pt bins)",,60-69,49.0
students,Haven Middle School,assessments,i-Ready Math,ast-graph-2,"i-Ready Math — Percentile Distribution (counts, 10-pt bins)",,70-79,66.0
students,Haven Middle School,assessments,i-Ready Math,ast-graph-2,"i-Ready Math — Percentile Distribution (counts, 10-pt bins)",,80-89,128.0
students,Haven Middle School,assessments,i-Ready Math,ast-graph-2,"i-Ready Math — Percentile Distribution (counts, 10-pt bins)",,90-99,126.0
students,Haven Middle School,assessments,i-Ready Math,ast-graph-3,"i-Ready Math — Percent Progress to Annual Typical Growth (counts, 10-pt bins)",,0-9,592.0
students,Lincoln Elementary School,attendance,,att-distribution,"Attendance Rate Distribution (counts, 10-pt bins)",,30-39,6.0
students,Lincoln Elementary School,attendance,,att-distribution,"Attendance Rate Distribution (counts, 10-pt bins)",,40-49,5.0
students,Lincoln Elementary School,attendance,,att-distribution,"Attendance Rate Distribution (counts, 10-pt bins)",,50-59,1.0
students,Lincoln Elementary School,attendance,,att-distribution,"Attendance Rate Distribution (counts, 10-pt bins)",,60-69,5.0
students,Lincoln Elementary School,attendance,,att-distribution,"Attendance Rate Distribution (counts, 10-pt bins)",,70-79,9.0
students,Lincoln Elementary School,attendance,,att-distribution,"Attendance Rate Distribution (counts, 10-pt bins)",,80-89,22.0
students,Lincoln Elementary School,attendance,,att-distribution,"Attendance Rate Distribution (counts, 10-pt bins)",,90-99,93.0
students,Lincoln Elementary School,attendance,,att-distribution,"Attendance Rate Distribution (counts, 10-pt bins)",,100+,209.0
students,Lincoln Elementary School,assessments,STAR Reading,ast-graph-2,"STAR Reading Percentile Rank Distribution (Fall SY27) (counts, 10-pt bins)",,0-9,15.0
students,Lincoln Elementary School,assessments,STAR Reading,ast-graph-2,"STAR Reading Percentile Rank Distribution (Fall SY27) (counts, 10-pt bins)",,10-19,8.0
students,Lincoln Elementary School,assessments,STAR Reading,ast-graph-2,"STAR Reading Percentile Rank Distribution (Fall SY27) (counts, 10-pt bins)",,20-29,6.0
students,Lincoln Elementary School,assessments,STAR Reading,ast-graph-2,"STAR Reading Percentile Rank Distribution (Fall SY27) (counts, 10-pt bins)",,30-39,13.0
students,Lincoln Elementary School,assessments,STAR Reading,ast-graph-2,"STAR Reading Percentile Rank Distribution (Fall SY27) (counts, 10-pt bins)",,40-49,8.0
students,Lincoln Elementary School,assessments,STAR Reading,ast-graph-2,"STAR Reading Percentile Rank Distribution (Fall SY27) (counts, 10-pt bins)",,50-59,9.0
students,Lincoln Elementary School,assessments,STAR Reading,ast-graph-2,"STAR Reading Percentile Rank Distribution (Fall SY27) (counts, 10-pt bins)",,60-69,10.0
students,Lincoln Elementary School,assessments,STAR Reading,ast-graph-2,"STAR Reading Percentile Rank Distribution (Fall SY27) (counts, 10-pt bins)",,70-79,14.0
students,Lincoln Elementary School,assessments,STAR Reading,ast-graph-2,"STAR Reading Percentile Rank Distribution (Fall SY27) (counts, 10-pt bins)",,80-89,27.0
students,Lincoln Elementary School,assessments,STAR Reading,ast-graph-2,"STAR Reading Percentile Rank Distribution (Fall SY27) (counts, 10-pt bins)",,90-99,50.0
students,Lincoln Elementary School,assessments,STAR Reading,ast-graph-3,"STAR Reading Student Growth Percentile(s) (Fall SY27) (counts, 10-pt bins)",Fall to Fall,0-9,13.0
students,Lincoln Elementary School,assessments,STAR Reading,ast-graph-3,"STAR Reading Student Growth Percentile(s) (Fall SY27) (counts, 10-pt bins)",Fall to Fall,10-19,5.0
students,Lincoln Elementary School,assessments,STAR Reading,ast-graph-3,"STAR Reading Student Growth Percentile(s) (Fall SY27) (counts, 10-pt bins)",Fall to Fall,20-29,12.0
students,Lincoln Elementary School,assessments,STAR Reading,ast-graph-3,"STAR Reading Student Growth Percentile(s) (Fall SY27) (counts, 10-pt bins)",Fall to Fall,30-39,16.0
students,Lincoln Elementary School,assessments,STAR Reading,ast-graph-3,"STAR Reading Student Growth Percentile(s) (Fall SY27) (counts, 10-pt bins)",Fall to Fall,40-49,13.0
students,Lincoln Elementary School,assessments,STAR Reading,ast-graph-3,"STAR Reading Student Growth Percentile(s) (Fall SY27) (counts, 10-pt bins)",Fall to Fall,50-59,11.0
students,Lincoln Elementary School,assessments,STAR Reading,ast-graph-3,"STAR Reading Student Growth Percentile(s) (Fall SY27) (counts, 10-pt bins)",Fall to Fall,60-69,20.0
students,Lincoln Elementary School,assessments,STAR Reading,ast-graph-3,"STAR Reading Student Growth Percentile(s) (Fall SY27) (counts, 10-pt bins)",Fall to Fall,70-79,9.0
students,Lincoln Elementary School,assessments,STAR Reading,ast-graph-3,"STAR Reading Student Growth Percentile(s) (Fall SY27) (counts, 10-pt bins)",Fall to Fall,80-89,10.0
students,Lincoln Elementary School,assessments,STAR Reading,ast-graph-3,"STAR Reading Student Growth Percentile(s) (Fall SY27) (counts, 10-pt bins)",Fall to Fall,90-99,34.0
students,Lincoln Elementary School,assessments,STAR Reading,ast-graph-3,"STAR Reading Student Growth Percentile(s) (Fall SY27) (counts, 10-pt bins)",Spring to Fall,0-9,19.0
students,Lincoln Elementary School,assessments,STAR Reading,ast-graph-3,"STAR Reading Student Growth Percentile(s) (Fall SY27) (counts, 10-pt bins)",Spring to Fall,10-19,8.0
students,Lincoln Elementary School,assessments,STAR Reading,ast-graph-3,"STAR Reading Student Growth Percentile(s) (Fall SY27) (counts, 10-pt bins)",Spring to Fall,20-29,9.0
students,Lincoln Elementary School,assessments,STAR Reading,ast-graph-3,"STAR Reading Student Growth Percentile(s) (Fall SY27) (counts, 10-pt bins)",Spring to Fall,30-39,15.0
students,Lincoln Elementary School,assessments,STAR Reading,ast-graph-3,"STAR Reading Student Growth Percentile(s) (Fall SY27) (counts, 10-pt bins)",Spring to Fall,40-49,7.0
students,Lincoln Elementary School,assessments,STAR Reading,ast-graph-3,"STAR Reading Student Growth Percentile(s) (Fall SY27) (counts, 10-pt bins)",Spring to Fall,50-59,13.0
students,Lincoln Elementary School,assessments,STAR Reading,ast-graph-3,"STAR Reading Student Growth Percentile(s) (Fall SY27) (counts, 10-pt bins)",Spring to Fall,60-69,8.0
students,Lincoln Elementary School,assessments,STAR Reading,ast-graph-3,"STAR Reading Student Growth Percentile(s) (Fall SY27) (counts, 10-pt bins)",Spring to Fall,70-79,16.0
students,Lincoln Elementary School,assessments,STAR Reading,ast-graph-3,"STAR Reading Student Growth Percentile(s) (Fall SY27) (counts, 10-pt bins)",Spring to Fall,80-89,15.0
students,Lincoln Elementary School,assessments,STAR Reading,ast-graph-3,"STAR Reading Student Growth Percentile(s) (Fall SY27) (counts, 10-pt bins)",Spring to Fall,90-99,36.0
students,Lincoln Elementary School,assessments,STAR Early Literacy,ast-graph-2,"STAR Early Literacy Percentile Rank Distribution (Fall SY27) (counts, 10-pt bins)",,0-9,5.0
students,Lincoln Elementary School,assessments,STAR Early Literacy,ast-graph-2,"STAR Early Literacy Percentile Rank Distribution (Fall SY27) (counts, 10-pt bins)",,10-19,6.0
students,Lincoln Elementary School,assessments,STAR Early Literacy,ast-graph-2,"STAR Early Literacy Percentile Rank Distribution (Fall SY27) (counts, 10-pt bins)",,20-29,17.0
students,Lincoln Elementary School,assessments,STAR Early Literacy,ast-graph-2,"STAR Early Literacy Percentile Rank Distribution (Fall SY27) (counts, 10-pt bins)",,30-39,10.0
students,Lincoln Elementary School,assessments,STAR Early Literacy,ast-graph-2,"STAR Early Literacy Percentile Rank Distribution (Fall SY27) (counts, 10-pt bins)",,40-49,15.0
students,Lincoln Elementary School,assessments,STAR Early Literacy,ast-graph-2,"STAR Early Literacy Percentile Rank Distribution (Fall SY27) (counts, 10-pt bins)",,50-59,20.0
students,Lincoln Elementary School,assessments,STAR Early Literacy,ast-graph-2,"STAR Early Literacy Percentile Rank Distribution (Fall SY27) (counts, 10-pt bins)",,60-69,25.0
students,Lincoln Elementary School,assessments,STAR Early Literacy,ast-graph-2,"STAR Early Literacy Percentile Rank Distribution (Fall SY27) (counts, 10-pt bins)",,70-79,14.0
students,Lincoln Elementary School,assessments,STAR Early Literacy,ast-graph-2,"STAR Early Literacy Percentile Rank Distribution (Fall SY27) (counts, 10-pt bins)",,80-89,25.0
students,Lincoln Elementary School,assessments,STAR Early Literacy,ast-graph-2,"STAR Early Literacy Percentile Rank Distribution (Fall SY27) (counts, 10-pt bins)",,90-99,28.0
students,Lincoln Elementary School,assessments,STAR Early Literacy,ast-graph-3,"STAR Early Literacy Student Growth Percentile(s) (Fall SY27) (counts, 10-pt bins)",Fall to Fall,0-9,3.0
students,Lincoln Elementary School,assessments,STAR Early Literacy,ast-graph-3,"STAR Early Literacy Student Growth Percentile(s) (Fall SY27) (counts, 10-pt bins)",Fall to Fall,10-19,4.0
students,Lincoln Elementary School,assessments,STAR Early Literacy,ast-graph-3,"STAR Early Literacy Student Growth Percentile(s) (Fall SY27) (counts, 10-pt bins)",Fall to Fall,20-29,6.0
students,Lincoln Elementary School,assessments,STAR Early Literacy,ast-graph-3,"STAR Early Literacy Student Growth Percentile(s) (Fall SY27) (counts, 10-pt bins)",Fall to Fall,30-39,11.0
students,Lincoln Elementary School,assessments,STAR Early Literacy,ast-graph-3,"STAR Early Literacy Student Growth Percentile(s) (Fall SY27) (counts, 10-pt bins)",Fall to Fall,40-49,8.0
students,Lincoln Elementary School,assessments,STAR Early Literacy,ast-graph-3,"STAR Early Literacy Student Growth Percentile(s) (Fall SY27) (counts, 10-pt bins)",Fall to Fall,50-59,7.0
students,Lincoln Elementary School,assessments,STAR Early Literacy,ast-graph-3,"STAR Early Literacy Student Growth Percentile(s) (Fall SY27) (counts, 10-pt bins)",Fall to Fall,60-69,11.0
students,Lincoln Elementary School,assessments,STAR Early Literacy,ast-graph-3,"STAR Early Literacy Student Growth Percentile(s) (Fall SY27) (counts, 10-pt bins)",Fall to Fall,70-79,8.0
students,Lincoln Elementary School,assessments,STAR Early Literacy,ast-graph-3,"STAR Early Literacy Student Growth Percentile(s) (Fall SY27) (counts, 10-pt bins)",Fall to Fall,80-89,15.0
students,Lincoln Elementary School,assessments,STAR Early Literacy,ast-graph-3,"STAR Early Literacy Student Growth Percentile(s) (Fall SY27) (counts, 10-pt bins)",Fall to Fall,90-99,25.0
students,Lincoln Elementary School,assessments,STAR Early Literacy,ast-graph-3,"STAR Early Literacy Student Growth Percentile(s) (Fall SY27) (counts, 10-pt bins)",Spring to Fall,0-9,11.0
students,Lincoln Elementary School,assessments,STAR Early Literacy,ast-graph-3,"STAR Early Literacy Student Growth Percentile(s) (Fall SY27) (counts, 10-pt bins)",Spring to Fall,10-19,11.0
students,Lincoln Elementary School,assessments,STAR Early Literacy,ast-graph-3,"STAR Early Literacy Student Growth Percentile(s) (Fall SY27) (counts, 10-pt bins)",Spring to Fall,20-29,7.0
students,Lincoln Elementary School,assessments,STAR Early Literacy,ast-graph-3,"STAR Early Literacy Student Growth Percentile(s) (Fall SY27) (counts, 10-pt bins)",Spring to Fall,30-39,10.0
students,Lincoln Elementary School,assessments,STAR Early Literacy,ast-graph-3,"STAR Early Literacy Student Growth Percentile(s) (Fall SY27) (counts, 10-pt bins)",Spring to Fall,40-49,12.0
students,Lincoln Elementary School,assessments,STAR Early Literacy,ast-graph-3,"STAR Early Literacy Student Growth Percentile(s) (Fall SY27) (counts, 10-pt bins)",Spring to Fall,50-59,9.0
students,Lincoln Elementary School,assessments,STAR Early Literacy,ast-graph-3,"STAR Early Literacy Student Growth Percentile(s) (Fall SY27) (counts, 10-pt bins)",Spring to Fall,60-69,9.0
students,Lincoln Elementary School,assessments,STAR Early Literacy,ast-graph-3,"STAR Early Literacy Student Growth Percentile(s) (Fall SY27) (counts, 10-pt bins)",Spring to Fall,70-79,10.0
students,Lincoln Elementary School,assessments,STAR Early Literacy,ast-graph-3,"STAR Early Literacy Student Growth Percentile(s) (Fall SY27) (counts, 10-pt bins)",Spring to Fall,80-89,10.0
students,Lincoln Elementary School,assessments,STAR Early Literacy,ast-graph-3,"STAR Early Literacy Student Growth Percentile(s) (Fall SY27) (counts, 10-pt bins)",Spring to Fall,90-99,11.0
students,Lincoln Elementary School,assessments,i-Ready Math,ast-graph-2,"i-Ready Math — Percentile Distribution (counts, 10-pt bins)",,0-9,21.0
students,Lincoln Elementary School,assessments,i-Ready Math,ast-graph-2,"i-Ready Math — Percentile Distribution (counts, 10-pt bins)",,10-19,15.0
students,Lincoln Elementary School,assessments,i-Ready Math,ast-graph-2,"i-Ready Math — Percentile Distribution (counts, 10-pt bins)",,20-29,11.0
students,Lincoln Elementary School,assessments,i-Ready Math,ast-graph-2,"i-Ready Math — Percentile Distribution (counts, 10-pt bins)",,30-39,17.0
students,Lincoln Elementary School,assessments,i-Ready Math,ast-graph-2,"i-Ready Math — Percentile Distribution (counts, 10-pt bins)",,40-49,20.0
students,Lincoln Elementary School,assessments,i-Ready Math,ast-graph-2,"i-Ready Math — Percentile Distribution (counts, 10-pt bins)",,50-59,25.0
students,Lincoln Elementary School,assessments,i-Ready Math,ast-graph-2,"i-Ready Math — Percentile Distribution (counts, 10-pt bins)",,60-69,27.0
students,Lincoln Elementary School,assessments,i-Ready Math,ast-graph-2,"i-Ready Math — Percentile Distribution (counts, 10-pt bins)",,70-79,30.0
students,Lincoln Elementary School,assessments,i-Ready Math,ast-graph-2,"i-Ready Math — Percentile Distribution (counts, 10-pt bins)",,80-89,36.0
students,Lincoln Elementary School,assessments,i-Ready Math,ast-graph-2,"i-Ready Math — Percentile Distribution (counts, 10-pt bins)",,90-99,72.0
students,Lincoln Elementary School,assessments,i-Ready Math,ast-graph-3,"i-Ready Math — Percent Progress to Annual Typical Growth (counts, 10-pt bins)",,0-9,274.0
students,Lincolnwood Elementary School,attendance,,att-distribution,"Attendance Rate Distribution (counts, 10-pt bins)",,60-69,2.0
students,Lincolnwood Elementary School,attendance,,att-distribution,"Attendance Rate Distribution (counts, 10-pt bins)",,70-79,1.0
students,Lincolnwood Elementary School,attendance,,att-distribution,"Attendance Rate Distribution (counts, 10-pt bins)",,80-89,9.0
students,Lincolnwood Elementary School,attendance,,att-distribution,"Attendance Rate Distribution (counts, 10-pt bins)",,90-99,98.0
students,Lincolnwood Elementary School,attendance,,att-distribution,"Attendance Rate Distribution (counts, 10-pt bins)",,100+,221.0
students,Lincolnwood Elementary School,assessments,STAR Reading,ast-graph-2,"STAR Reading Percentile Rank Distribution (Fall SY27) (counts, 10-pt bins)",,0-9,6.0
students,Lincolnwood Elementary School,assessments,STAR Reading,ast-graph-2,"STAR Reading Percentile Rank Distribution (Fall SY27) (counts, 10-pt bins)",,10-19,9.0
students,Lincolnwood Elementary School,assessments,STAR Reading,ast-graph-2,"STAR Reading Percentile Rank Distribution (Fall SY27) (counts, 10-pt bins)",,20-29,9.0
students,Lincolnwood Elementary School,assessments,STAR Reading,ast-graph-2,"STAR Reading Percentile Rank Distribution (Fall SY27) (counts, 10-pt bins)",,30-39,8.0
students,Lincolnwood Elementary School,assessments,STAR Reading,ast-graph-2,"STAR Reading Percentile Rank Distribution (Fall SY27) (counts, 10-pt bins)",,40-49,14.0
students,Lincolnwood Elementary School,assessments,STAR Reading,ast-graph-2,"STAR Reading Percentile Rank Distribution (Fall SY27) (counts, 10-pt bins)",,50-59,13.0
students,Lincolnwood Elementary School,assessments,STAR Reading,ast-graph-2,"STAR Reading Percentile Rank Distribution (Fall SY27) (counts, 10-pt bins)",,60-69,9.0
students,Lincolnwood Elementary School,assessments,STAR Reading,ast-graph-2,"STAR Reading Percentile Rank Distribution (Fall SY27) (counts, 10-pt bins)",,70-79,23.0
students,Lincolnwood Elementary School,assessments,STAR Reading,ast-graph-2,"STAR Reading Percentile Rank Distribution (Fall SY27) (counts, 10-pt bins)",,80-89,32.0
students,Lincolnwood Elementary School,assessments,STAR Reading,ast-graph-2,"STAR Reading Percentile Rank Distribution (Fall SY27) (counts, 10-pt bins)",,90-99,39.0
students,Lincolnwood Elementary School,assessments,STAR Reading,ast-graph-3,"STAR Reading Student Growth Percentile(s) (Fall SY27) (counts, 10-pt bins)",Fall to Fall,0-9,13.0
students,Lincolnwood Elementary School,assessments,STAR Reading,ast-graph-3,"STAR Reading Student Growth Percentile(s) (Fall SY27) (counts, 10-pt bins)",Fall to Fall,10-19,14.0
students,Lincolnwood Elementary School,assessments,STAR Reading,ast-graph-3,"STAR Reading Student Growth Percentile(s) (Fall SY27) (counts, 10-pt bins)",Fall to Fall,20-29,11.0
students,Lincolnwood Elementary School,assessments,STAR Reading,ast-graph-3,"STAR Reading Student Growth Percentile(s) (Fall SY27) (counts, 10-pt bins)",Fall to Fall,30-39,16.0
students,Lincolnwood Elementary School,assessments,STAR Reading,ast-graph-3,"STAR Reading Student Growth Percentile(s) (Fall SY27) (counts, 10-pt bins)",Fall to Fall,40-49,9.0
students,Lincolnwood Elementary School,assessments,STAR Reading,ast-graph-3,"STAR Reading Student Growth Percentile(s) (Fall SY27) (counts, 10-pt bins)",Fall to Fall,50-59,12.0
students,Lincolnwood Elementary School,assessments,STAR Reading,ast-graph-3,"STAR Reading Student Growth Percentile(s) (Fall SY27) (counts, 10-pt bins)",Fall to Fall,60-69,23.0
students,Lincolnwood Elementary School,assessments,STAR Reading,ast-graph-3,"STAR Reading Student Growth Percentile(s) (Fall SY27) (counts, 10-pt bins)",Fall to Fall,70-79,19.0
students,Lincolnwood Elementary School,assessments,STAR Reading,ast-graph-3,"STAR Reading Student Growth Percentile(s) (Fall SY27) (counts, 10-pt bins)",Fall to Fall,80-89,16.0
students,Lincolnwood Elementary School,assessments,STAR Reading,ast-graph-3,"STAR Reading Student Growth Percentile(s) (Fall SY27) (counts, 10-pt bins)",Fall to Fall,90-99,19.0
students,Lincolnwood Elementary School,assessments,STAR Reading,ast-graph-3,"STAR Reading Student Growth Percentile(s) (Fall SY27) (counts, 10-pt bins)",Spring to Fall,0-9,22.0
students,Lincolnwood Elementary School,assessments,STAR Reading,ast-graph-3,"STAR Reading Student Growth Percentile(s) (Fall SY27) (counts, 10-pt bins)",Spring to Fall,10-19,19.0
students,Lincolnwood Elementary School,assessments,STAR Reading,ast-graph-3,"STAR Reading Student Growth Percentile(s) (Fall SY27) (counts, 10-pt bins)",Spring to Fall,20-29,17.0
students,Lincolnwood Elementary School,assessments,STAR Reading,ast-graph-3,"STAR Reading Student Growth Percentile(s) (Fall SY27) (counts, 10-pt bins)",Spring to Fall,30-39,9.0
students,Lincolnwood Elementary School,assessments,STAR Reading,ast-graph-3,"STAR Reading Student Growth Percentile(s) (Fall SY27) (counts, 10-pt bins)",Spring to Fall,40-49,13.0
students,Lincolnwood Elementary School,assessments,STAR Reading,ast-graph-3,"STAR Reading Student Growth Percentile(s) (Fall SY27) (counts, 10-pt bins)",Spring to Fall,50-59,19.0
students,Lincolnwood Elementary School,assessments,STAR Reading,ast-graph-3,"STAR Reading Student Growth Percentile(s) (Fall SY27) (counts, 10-pt bins)",Spring to Fall,60-69,10.0
students,Lincolnwood Elementary School,assessments,STAR Reading,ast-graph-3,"STAR Reading Student Growth Percentile(s) (Fall SY27) (counts, 10-pt bins)",Spring to Fall,70-79,12.0
students,Lincolnwood Elementary School,assessments,STAR Reading,ast-graph-3,"STAR Reading Student Growth Percentile(s) (Fall SY27) (counts, 10-pt bins)",Spring to Fall,80-89,18.0
students,Lincolnwood Elementary School,assessments,STAR Reading,ast-graph-3,"STAR Reading Student Growth Percentile(s) (Fall SY27) (counts, 10-pt bins)",Spring to Fall,90-99,13.0
students,Lincolnwood Elementary School,assessments,STAR Early Literacy,ast-graph-2,"STAR Early Literacy Percentile Rank Distribution (Fall SY27) (counts, 10-pt bins)",,0-9,5.0
students,Lincolnwood Elementary School,assessments,STAR Early Literacy,ast-graph-2,"STAR Early Literacy Percentile Rank Distribution (Fall SY27) (counts, 10-pt bins)",,10-19,6.0
students,Lincolnwood Elementary School,assessments,STAR Early Literacy,ast-graph-2,"STAR Early Literacy Percentile Rank Distribution (Fall SY27) (counts, 10-pt bins)",,20-29,7.0
students,Lincolnwood Elementary School,assessments,STAR Early Literacy,ast-graph-2,"STAR Early Literacy Percentile Rank Distribution (Fall SY27) (counts, 10-pt bins)",,30-39,6.0
students,Lincolnwood Elementary School,assessments,STAR Early Literacy,ast-graph-2,"STAR Early Literacy Percentile Rank Distribution (Fall SY27) (counts, 10-pt bins)",,40-49,10.0
students,Lincolnwood Elementary School,assessments,STAR Early Literacy,ast-graph-2,"STAR Early Literacy Percentile Rank Distribution (Fall SY27) (counts, 10-pt bins)",,50-59,12.0
students,Lincolnwood Elementary School,assessments,STAR Early Literacy,ast-graph-2,"STAR Early Literacy Percentile Rank Distribution (Fall SY27) (counts, 10-pt bins)",,60-69,23.0
students,Lincolnwood Elementary School,assessments,STAR Early Literacy,ast-graph-2,"STAR Early Literacy Percentile Rank Distribution (Fall SY27) (counts, 10-pt bins)",,70-79,19.0
students,Lincolnwood Elementary School,assessments,STAR Early Literacy,ast-graph-2,"STAR Early Literacy Percentile Rank Distribution (Fall SY27) (counts, 10-pt bins)",,80-89,24.0
students,Lincolnwood Elementary School,assessments,STAR Early Literacy,ast-graph-2,"STAR Early Literacy Percentile Rank Distribution (Fall SY27) (counts, 10-pt bins)",,90-99,42.0
students,Lincolnwood Elementary School,assessments,STAR Early Literacy,ast-graph-3,"STAR Early Literacy Student Growth Percentile(s) (Fall SY27) (counts, 10-pt bins)",Fall to Fall,0-9,2.0
students,Lincolnwood Elementary School,assessments,STAR Early Literacy,ast-graph-3,"STAR Early Literacy Student Growth Percentile(s) (Fall SY27) (counts, 10-pt bins)",Fall to Fall,10-19,7.0
students,Lincolnwood Elementary School,assessments,STAR Early Literacy,ast-graph-3,"STAR Early Literacy Student Growth Percentile(s) (Fall SY27) (counts, 10-pt bins)",Fall to Fall,20-29,3.0
students,Lincolnwood Elementary School,assessments,STAR Early Literacy,ast-graph-3,"STAR Early Literacy Student Growth Percentile(s) (Fall SY27) (counts, 10-pt bins)",Fall to Fall,30-39,3.0
students,Lincolnwood Elementary School,assessments,STAR Early Literacy,ast-graph-3,"STAR Early Literacy Student Growth Percentile(s) (Fall SY27) (counts, 10-pt bins)",Fall to Fall,40-49,8.0
students,Lincolnwood Elementary School,assessments,STAR Early Literacy,ast-graph-3,"STAR Early Literacy Student Growth Percentile(s) (Fall SY27) (counts, 10-pt bins)",Fall to Fall,50-59,12.0
students,Lincolnwood Elementary School,assessments,STAR Early Literacy,ast-graph-3,"STAR Early Literacy Student Growth Percentile(s) (Fall SY27) (counts, 10-pt bins)",Fall to Fall,60-69,13.0
students,Lincolnwood Elementary School,assessments,STAR Early Literacy,ast-graph-3,"STAR Early Literacy Student Growth Percentile(s) (Fall SY27) (counts, 10-pt bins)",Fall to Fall,70-79,14.0
students,Lincolnwood Elementary School,assessments,STAR Early Literacy,ast-graph-3,"STAR Early Literacy Student Growth Percentile(s) (Fall SY27) (counts, 10-pt bins)",Fall to Fall,80-89,15.0
students,Lincolnwood Elementary School,assessments,STAR Early Literacy,ast-graph-3,"STAR Early Literacy Student Growth Percentile(s) (Fall SY27) (counts, 10-pt bins)",Fall to Fall,90-99,25.0
students,Lincolnwood Elementary School,assessments,STAR Early Literacy,ast-graph-3,"STAR Early Literacy Student Growth Percentile(s) (Fall SY27) (counts, 10-pt bins)",Spring to Fall,0-9,1.0
students,Lincolnwood Elementary School,assessments,STAR Early Literacy,ast-graph-3,"STAR Early Literacy Student Growth Percentile(s) (Fall SY27) (counts, 10-pt bins)",Spring to Fall,10-19,7.0
students,Lincolnwood Elementary School,assessments,STAR Early Literacy,ast-graph-3,"STAR Early Literacy Student Growth Percentile(s) (Fall SY27) (counts, 10-pt bins)",Spring to Fall,20-29,7.0
students,Lincolnwood Elementary School,assessments,STAR Early Literacy,ast-graph-3,"STAR Early Literacy Student Growth Percentile(s) (Fall SY27) (counts, 10-pt bins)",Spring to Fall,30-39,9.0
students,Lincolnwood Elementary School,assessments,STAR Early Literacy,ast-graph-3,"STAR Early Literacy Student Growth Percentile(s) (Fall SY27) (counts, 10-pt bins)",Spring to Fall,40-49,11.0
students,Lincolnwood Elementary School,assessments,STAR Early Literacy,ast-graph-3,"STAR Early Literacy Student Growth Percentile(s) (Fall SY27) (counts, 10-pt bins)",Spring to Fall,50-59,17.0
students,Lincolnwood Elementary School,assessments,STAR Early Literacy,ast-graph-3,"STAR Early Literacy Student Growth Percentile(s) (Fall SY27) (counts, 10-pt bins)",Spring to Fall,60-69,8.0
students,Lincolnwood Elementary School,assessments,STAR Early Literacy,ast-graph-3,"STAR Early Literacy Student Growth Percentile(s) (Fall SY27) (counts, 10-pt bins)",Spring to Fall,70-79,12.0
students,Lincolnwood Elementary School,assessments,STAR Early Literacy,ast-graph-3,"STAR Early Literacy Student Growth Percentile(s) (Fall SY27) (counts, 10-pt bins)",Spring to Fall,80-89,13.0
students,Lincolnwood Elementary School,assessments,STAR Early Literacy,ast-graph-3,"STAR Early Literacy Student Growth Percentile(s) (Fall SY27) (counts, 10-pt bins)",Spring to Fall,90-99,17.0
students,Lincolnwood Elementary School,assessments,i-Ready Math,ast-graph-2,"i-Ready Math — Percentile Distribution (counts, 10-pt bins)",,0-9,4.0
students,Lincolnwood Elementary School,assessments,i-Ready Math,ast-graph-2,"i-Ready Math — Percentile Distribution (counts, 10-pt bins)",,10-19,8.0
students,Lincolnwood Elementary School,assessments,i-Ready Math,ast-graph-2,"i-Ready Math — Percentile Distribution (counts, 10-pt bins)",,20-29,8.0
students,Lincolnwood Elementary School,assessments,i-Ready Math,ast-graph-2,"i-Ready Math — Percentile Distribution (counts, 10-pt bins)",,30-39,11.0
students,Lincolnwood Elementary School,assessments,i-Ready Math,ast-graph-2,"i-Ready Math — Percentile Distribution (counts, 10-pt bins)",,40-49,12.0
students,Lincolnwood Elementary School,assessments,i-Ready Math,ast-graph-2,"i-Ready Math — Percentile Distribution (counts, 10-pt bins)",,50-59,27.0
students,Lincolnwood Elementary School,assessments,i-Ready Math,ast-graph-2,"i-Ready Math — Percentile Distribution (counts, 10-pt bins)",,60-69,31.0
students,Lincolnwood Elementary School,assessments,i-Ready Math,ast-graph-2,"i-Ready Math — Percentile Distribution (counts, 10-pt bins)",,70-79,36.0
students,Lincolnwood Elementary School,assessments,i-Ready Math,ast-graph-2,"i-Ready Math — Percentile Distribution (counts, 10-pt bins)",,80-89,45.0
students,Lincolnwood Elementary School,assessments,i-Ready Math,ast-graph-2,"i-Ready Math — Percentile Distribution (counts, 10-pt bins)",,90-99,128.0
students,Lincolnwood Elementary School,assessments,i-Ready Math,ast-graph-3,"i-Ready Math — Percent Progress to Annual Typical Growth (counts, 10-pt bins)",,0-9,310.0
students,Nichols Middle School,attendance,,att-distribution,"Attendance Rate Distribution (counts, 10-pt bins)",,0-9,10.0
students,Nichols Middle School,attendance,,att-distribution,"Attendance Rate Distribution (counts, 10-pt bins)",,10-19,2.0
students,Nichols Middle School,attendance,,att-distribution,"Attendance Rate Distribution (counts, 10-pt bins)",,20-29,1.0
students,Nichols Middle School,attendance,,att-distribution,"Attendance Rate Distribution (counts, 10-pt bins)",,30-39,4.0
students,Nichols Middle School,attendance,,att-distribution,"Attendance Rate Distribution (counts, 10-pt bins)",,40-49,2.0
students,Nichols Middle School,attendance,,att-distribution,"Attendance Rate Distribution (counts, 10-pt bins)",,50-59,2.0
students,Nichols Middle School,attendance,,att-distribution,"Attendance Rate Distribution (counts, 10-pt bins)",,60-69,4.0
students,Nichols Middle School,attendance,,att-distribution,"Attendance Rate Distribution (counts, 10-pt bins)",,70-79,8.0
students,Nichols Middle School,attendance,,att-distribution,"Attendance Rate Distribution (counts, 10-pt bins)",,80-89,44.0
students,Nichols Middle School,attendance,,att-distribution,"Attendance Rate Distribution (counts, 10-pt bins)",,90-99,181.0
students,Nichols Middle School,attendance,,att-distribution,"Attendance Rate Distribution (counts, 10-pt bins)",,100+,324.0
students,Nichols Middle School,assessments,STAR Reading,ast-graph-2,"STAR Reading Percentile Rank Distribution (Fall SY27) (counts, 10-pt bins)",,0-9,22.0
students,Nichols Middle School,assessments,STAR Reading,ast-graph-2,"STAR Reading Percentile Rank Distribution (Fall SY27) (counts, 10-pt bins)",,10-19,35.0
students,Nichols Middle School,assessments,STAR Reading,ast-graph-2,"STAR Reading Percentile Rank Distribution (Fall SY27) (counts, 10-pt bins)",,20-29,38.0
students,Nichols Middle School,assessments,STAR Reading,ast-graph-2,"STAR Reading Percentile Rank Distribution (Fall SY27) (counts, 10-pt bins)",,30-39,20.0
students,Nichols Middle School,assessments,STAR Reading,ast-graph-2,"STAR Reading Percentile Rank Distribution (Fall SY27) (counts, 10-pt bins)",,40-49,41.0
students,Nichols Middle School,assessments,STAR Reading,ast-graph-2,"STAR Reading Percentile Rank Distribution (Fall SY27) (counts, 10-pt bins)",,50-59,40.0
students,Nichols Middle School,assessments,STAR Reading,ast-graph-2,"STAR Reading Percentile Rank Distribution (Fall SY27) (counts, 10-pt bins)",,60-69,36.0
students,Nichols Middle School,assessments,STAR Reading,ast-graph-2,"STAR Reading Percentile Rank Distribution (Fall SY27) (counts, 10-pt bins)",,70-79,60.0
students,Nichols Middle School,assessments,STAR Reading,ast-graph-2,"STAR Reading Percentile Rank Distribution (Fall SY27) (counts, 10-pt bins)",,80-89,90.0
students,Nichols Middle School,assessments,STAR Reading,ast-graph-2,"STAR Reading Percentile Rank Distribution (Fall SY27) (counts, 10-pt bins)",,90-99,182.0
students,Nichols Middle School,assessments,STAR Reading,ast-graph-3,"STAR Reading Student Growth Percentile(s) (Fall SY27) (counts, 10-pt bins)",Fall to Fall,0-9,35.0
students,Nichols Middle School,assessments,STAR Reading,ast-graph-3,"STAR Reading Student Growth Percentile(s) (Fall SY27) (counts, 10-pt bins)",Fall to Fall,10-19,47.0
students,Nichols Middle School,assessments,STAR Reading,ast-graph-3,"STAR Reading Student Growth Percentile(s) (Fall SY27) (counts, 10-pt bins)",Fall to Fall,20-29,47.0
students,Nichols Middle School,assessments,STAR Reading,ast-graph-3,"STAR Reading Student Growth Percentile(s) (Fall SY27) (counts, 10-pt bins)",Fall to Fall,30-39,33.0
students,Nichols Middle School,assessments,STAR Reading,ast-graph-3,"STAR Reading Student Growth Percentile(s) (Fall SY27) (counts, 10-pt bins)",Fall to Fall,40-49,48.0
students,Nichols Middle School,assessments,STAR Reading,ast-graph-3,"STAR Reading Student Growth Percentile(s) (Fall SY27) (counts, 10-pt bins)",Fall to Fall,50-59,50.0
students,Nichols Middle School,assessments,STAR Reading,ast-graph-3,"STAR Reading Student Growth Percentile(s) (Fall SY27) (counts, 10-pt bins)",Fall to Fall,60-69,50.0
students,Nichols Middle School,assessments,STAR Reading,ast-graph-3,"STAR Reading Student Growth Percentile(s) (Fall SY27) (counts, 10-pt bins)",Fall to Fall,70-79,51.0
students,Nichols Middle School,assessments,STAR Reading,ast-graph-3,"STAR Reading Student Growth Percentile(s) (Fall SY27) (counts, 10-pt bins)",Fall to Fall,80-89,55.0
students,Nichols Middle School,assessments,STAR Reading,ast-graph-3,"STAR Reading Student Growth Percentile(s) (Fall SY27) (counts, 10-pt bins)",Fall to Fall,90-99,100.0
students,Nichols Middle School,assessments,STAR Reading,ast-graph-3,"STAR Reading Student Growth Percentile(s) (Fall SY27) (counts, 10-pt bins)",Spring to Fall,0-9,48.0
students,Nichols Middle School,assessments,STAR Reading,ast-graph-3,"STAR Reading Student Growth Percentile(s) (Fall SY27) (counts, 10-pt bins)",Spring to Fall,10-19,43.0
students,Nichols Middle School,assessments,STAR Reading,ast-graph-3,"STAR Reading Student Growth Percentile(s) (Fall SY27) (counts, 10-pt bins)",Spring to Fall,20-29,36.0
students,Nichols Middle School,assessments,STAR Reading,ast-graph-3,"STAR Reading Student Growth Percentile(s) (Fall SY27) (counts, 10-pt bins)",Spring to Fall,30-39,53.0
students,Nichols Middle School,assessments,STAR Reading,ast-graph-3,"STAR Reading Student Growth Percentile(s) (Fall SY27) (counts, 10-pt bins)",Spring to Fall,40-49,57.0
students,Nichols Middle School,assessments,STAR Reading,ast-graph-3,"STAR Reading Student Growth Percentile(s) (Fall SY27) (counts, 10-pt bins)",Spring to Fall,50-59,48.0
students,Nichols Middle School,assessments,STAR Reading,ast-graph-3,"STAR Reading Student Growth Percentile(s) (Fall SY27) (counts, 10-pt bins)",Spring to Fall,60-69,48.0
students,Nichols Middle School,assessments,STAR Reading,ast-graph-3,"STAR Reading Student Growth Percentile(s) (Fall SY27) (counts, 10-pt bins)",Spring to Fall,70-79,56.0
students,Nichols Middle School,assessments,STAR Reading,ast-graph-3,"STAR Reading Student Growth Percentile(s) (Fall SY27) (counts, 10-pt bins)",Spring to Fall,80-89,56.0
students,Nichols Middle School,assessments,STAR Reading,ast-graph-3,"STAR Reading Student Growth Percentile(s) (Fall SY27) (counts, 10-pt bins)",Spring to Fall,90-99,69.0
students,Nichols Middle School,assessments,STAR Reading Spanish,ast-graph-2,"STAR Reading Spanish Percentile Rank Distribution (Fall SY27) (counts, 10-pt bins)",,0-9,15.0
students,Nichols Middle School,assessments,STAR Reading Spanish,ast-graph-2,"STAR Reading Spanish Percentile Rank Distribution (Fall SY27) (counts, 10-pt bins)",,10-19,24.0
students,Nichols Middle School,assessments,STAR Reading Spanish,ast-graph-2,"STAR Reading Spanish Percentile Rank Distribution (Fall SY27) (counts, 10-pt bins)",,20-29,13.0
students,Nichols Middle School,assessments,STAR Reading Spanish,ast-graph-2,"STAR Reading Spanish Percentile Rank Distribution (Fall SY27) (counts, 10-pt bins)",,30-39,12.0
students,Nichols Middle School,assessments,STAR Reading Spanish,ast-graph-2,"STAR Reading Spanish Percentile Rank Distribution (Fall SY27) (counts, 10-pt bins)",,40-49,5.0
students,Nichols Middle School,assessments,STAR Reading Spanish,ast-graph-2,"STAR Reading Spanish Percentile Rank Distribution (Fall SY27) (counts, 10-pt bins)",,50-59,8.0
students,Nichols Middle School,assessments,STAR Reading Spanish,ast-graph-2,"STAR Reading Spanish Percentile Rank Distribution (Fall SY27) (counts, 10-pt bins)",,60-69,7.0
students,Nichols Middle School,assessments,STAR Reading Spanish,ast-graph-2,"STAR Reading Spanish Percentile Rank Distribution (Fall SY27) (counts, 10-pt bins)",,70-79,6.0
students,Nichols Middle School,assessments,STAR Reading Spanish,ast-graph-2,"STAR Reading Spanish Percentile Rank Distribution (Fall SY27) (counts, 10-pt bins)",,80-89,8.0
students,Nichols Middle School,assessments,STAR Reading Spanish,ast-graph-2,"STAR Reading Spanish Percentile Rank Distribution (Fall SY27) (counts, 10-pt bins)",,90-99,7.0
students,Nichols Middle School,assessments,STAR Reading Spanish,ast-graph-3,"STAR Reading Spanish Student Growth Percentile(s) (Fall SY27) (counts, 10-pt bins)",Fall to Fall,0-9,8.0
students,Nichols Middle School,assessments,STAR Reading Spanish,ast-graph-3,"STAR Reading Spanish Student Growth Percentile(s) (Fall SY27) (counts, 10-pt bins)",Fall to Fall,10-19,13.0
students,Nichols Middle School,assessments,STAR Reading Spanish,ast-graph-3,"STAR Reading Spanish Student Growth Percentile(s) (Fall SY27) (counts, 10-pt bins)",Fall to Fall,20-29,18.0
students,Nichols Middle School,assessments,STAR Reading Spanish,ast-graph-3,"STAR Reading Spanish Student Growth Percentile(s) (Fall SY27) (counts, 10-pt bins)",Fall to Fall,30-39,6.0
students,Nichols Middle School,assessments,STAR Reading Spanish,ast-graph-3,"STAR Reading Spanish Student Growth Percentile(s) (Fall SY27) (counts, 10-pt bins)",Fall to Fall,40-49,11.0
students,Nichols Middle School,assessments,STAR Reading Spanish,ast-graph-3,"STAR Reading Spanish Student Growth Percentile(s) (Fall SY27) (counts, 10-pt bins)",Fall to Fall,50-59,10.0
students,Nichols Middle School,assessments,STAR Reading Spanish,ast-graph-3,"STAR Reading Spanish Student Growth Percentile(s) (Fall SY27) (counts, 10-pt bins)",Fall to Fall,60-69,11.0
students,Nichols Middle School,assessments,STAR Reading Spanish,ast-graph-3,"STAR Reading Spanish Student Growth Percentile(s) (Fall SY27) (counts, 10-pt bins)",Fall to Fall,70-79,5.0
students,Nichols Middle School,assessments,STAR Reading Spanish,ast-graph-3,"STAR Reading Spanish Student Growth Percentile(s) (Fall SY27) (counts, 10-pt bins)",Fall to Fall,80-89,8.0
students,Nichols Middle School,assessments,STAR Reading Spanish,ast-graph-3,"STAR Reading Spanish Student Growth Percentile(s) (Fall SY27) (counts, 10-pt bins)",Fall to Fall,90-99,7.0
students,Nichols Middle School,assessments,STAR Reading Spanish,ast-graph-3,"STAR Reading Spanish Student Growth Percentile(s) (Fall SY27) (counts, 10-pt bins)",Spring to Fall,0-9,11.0
students,Nichols Middle School,assessments,STAR Reading Spanish,ast-graph-3,"STAR Reading Spanish Student Growth Percentile(s) (Fall SY27) (counts, 10-pt bins)",Spring to Fall,10-19,4.0
students,Nichols Middle School,assessments,STAR Reading Spanish,ast-graph-3,"STAR Reading Spanish Student Growth Percentile(s) (Fall SY27) (counts, 10-pt bins)",Spring to Fall,20-29,9.0
students,Nichols Middle School,assessments,STAR Reading Spanish,ast-graph-3,"STAR Reading Spanish Student Growth Percentile(s) (Fall SY27) (counts, 10-pt bins)",Spring to Fall,30-39,10.0
students,Nichols Middle School,assessments,STAR Reading Spanish,ast-graph-3,"STAR Reading Spanish Student Growth Percentile(s) (Fall SY27) (counts, 10-pt bins)",Spring to Fall,40-49,10.0
students,Nichols Middle School,assessments,STAR Reading Spanish,ast-graph-3,"STAR Reading Spanish Student Growth Percentile(s) (Fall SY27) (counts, 10-pt bins)",Spring to Fall,50-59,7.0
students,Nichols Middle School,assessments,STAR Reading Spanish,ast-graph-3,"STAR Reading Spanish Student Growth Percentile(s) (Fall SY27) (counts, 10-pt bins)",Spring to Fall,60-69,9.0
students,Nichols Middle School,assessments,STAR Reading Spanish,ast-graph-3,"STAR Reading Spanish Student Growth Percentile(s) (Fall SY27) (counts, 10-pt bins)",Spring to Fall,70-79,4.0
students,Nichols Middle School,assessments,STAR Reading Spanish,ast-graph-3,"STAR Reading Spanish Student Growth Percentile(s) (Fall SY27) (counts, 10-pt bins)",Spring to Fall,80-89,3.0
students,Nichols Middle School,assessments,STAR Reading Spanish,ast-graph-3,"STAR Reading Spanish Student Growth Percentile(s) (Fall SY27) (counts, 10-pt bins)",Spring to Fall,90-99,5.0
students,Nichols Middle School,assessments,i-Ready Math,ast-graph-2,"i-Ready Math — Percentile Distribution (counts, 10-pt bins)",,0-9,24.0
students,Nichols Middle School,assessments,i-Ready Math,ast-graph-2,"i-Ready Math — Percentile Distribution (counts, 10-pt bins)",,10-19,29.0
students,Nichols Middle School,assessments,i-Ready Math,ast-graph-2,"i-Ready Math — Percentile Distribution (counts, 10-pt bins)",,20-29,22.0
students,Nichols Middle School,assessments,i-Ready Math,ast-graph-2,"i-Ready Math — Percentile Distribution (counts, 10-pt bins)",,30-39,32.0
students,Nichols Middle School,assessments,i-Ready Math,ast-graph-2,"i-Ready Math — Percentile Distribution (counts, 10-pt bins)",,40-49,42.0
students,Nichols Middle School,assessments,i-Ready Math,ast-graph-2,"i-Ready Math — Percentile Distribution (counts, 10-pt bins)",,50-59,50.0
students,Nichols Middle School,assessments,i-Ready Math,ast-graph-2,"i-Ready Math — Percentile Distribution (counts, 10-pt bins)",,60-69,49.0
students,Nichols Middle School,assessments,i-Ready Math,ast-graph-2,"i-Ready Math — Percentile Distribution (counts, 10-pt bins)",,70-79,82.0
students,Nichols Middle School,assessments,i-Ready Math,ast-graph-2,"i-Ready Math — Percentile Distribution (counts, 10-pt bins)",,80-89,99.0
students,Nichols Middle School,assessments,i-Ready Math,ast-graph-2,"i-Ready Math — Percentile Distribution (counts, 10-pt bins)",,90-99,136.0
students,Nichols Middle School,assessments,i-Ready Math,ast-graph-3,"i-Ready Math — Percent Progress to Annual Typical Growth (counts, 10-pt bins)",,0-9,565.0
students,Oakton Elementary School,attendance,,att-distribution,"Attendance Rate Distribution (counts, 10-pt bins)",,30-39,1.0
students,Oakton Elementary School,attendance,,att-distribution,"Attendance Rate Distribution (counts, 10-pt bins)",,40-49,1.0
students,Oakton Elementary School,attendance,,att-distribution,"Attendance Rate Distribution (counts, 10-pt bins)",,50-59,1.0
students,Oakton Elementary School,attendance,,att-distribution,"Attendance Rate Distribution (counts, 10-pt bins)",,60-69,1.0
students,Oakton Elementary School,attendance,,att-distribution,"Attendance Rate Distribution (counts, 10-pt bins)",,70-79,1.0
students,Oakton Elementary School,attendance,,att-distribution,"Attendance Rate Distribution (counts, 10-pt bins)",,80-89,36.0
students,Oakton Elementary School,attendance,,att-distribution,"Attendance Rate Distribution (counts, 10-pt bins)",,90-99,130.0
students,Oakton Elementary School,attendance,,att-distribution,"Attendance Rate Distribution (counts, 10-pt bins)",,100+,196.0
students,Oakton Elementary School,assessments,STAR Reading,ast-graph-2,"STAR Reading Percentile Rank Distribution (Fall SY27) (counts, 10-pt bins)",,0-9,14.0
students,Oakton Elementary School,assessments,STAR Reading,ast-graph-2,"STAR Reading Percentile Rank Distribution (Fall SY27) (counts, 10-pt bins)",,10-19,20.0
students,Oakton Elementary School,assessments,STAR Reading,ast-graph-2,"STAR Reading Percentile Rank Distribution (Fall SY27) (counts, 10-pt bins)",,20-29,15.0
students,Oakton Elementary School,assessments,STAR Reading,ast-graph-2,"STAR Reading Percentile Rank Distribution (Fall SY27) (counts, 10-pt bins)",,30-39,13.0
students,Oakton Elementary School,assessments,STAR Reading,ast-graph-2,"STAR Reading Percentile Rank Distribution (Fall SY27) (counts, 10-pt bins)",,40-49,19.0
students,Oakton Elementary School,assessments,STAR Reading,ast-graph-2,"STAR Reading Percentile Rank Distribution (Fall SY27) (counts, 10-pt bins)",,50-59,11.0
students,Oakton Elementary School,assessments,STAR Reading,ast-graph-2,"STAR Reading Percentile Rank Distribution (Fall SY27) (counts, 10-pt bins)",,60-69,12.0
students,Oakton Elementary School,assessments,STAR Reading,ast-graph-2,"STAR Reading Percentile Rank Distribution (Fall SY27) (counts, 10-pt bins)",,70-79,19.0
students,Oakton Elementary School,assessments,STAR Reading,ast-graph-2,"STAR Reading Percentile Rank Distribution (Fall SY27) (counts, 10-pt bins)",,80-89,19.0
students,Oakton Elementary School,assessments,STAR Reading,ast-graph-2,"STAR Reading Percentile Rank Distribution (Fall SY27) (counts, 10-pt bins)",,90-99,39.0
students,Oakton Elementary School,assessments,STAR Reading,ast-graph-3,"STAR Reading Student Growth Percentile(s) (Fall SY27) (counts, 10-pt bins)",Fall to Fall,0-9,15.0
students,Oakton Elementary School,assessments,STAR Reading,ast-graph-3,"STAR Reading Student Growth Percentile(s) (Fall SY27) (counts, 10-pt bins)",Fall to Fall,10-19,13.0
students,Oakton Elementary School,assessments,STAR Reading,ast-graph-3,"STAR Reading Student Growth Percentile(s) (Fall SY27) (counts, 10-pt bins)",Fall to Fall,20-29,10.0
students,Oakton Elementary School,assessments,STAR Reading,ast-graph-3,"STAR Reading Student Growth Percentile(s) (Fall SY27) (counts, 10-pt bins)",Fall to Fall,30-39,16.0
students,Oakton Elementary School,assessments,STAR Reading,ast-graph-3,"STAR Reading Student Growth Percentile(s) (Fall SY27) (counts, 10-pt bins)",Fall to Fall,40-49,19.0
students,Oakton Elementary School,assessments,STAR Reading,ast-graph-3,"STAR Reading Student Growth Percentile(s) (Fall SY27) (counts, 10-pt bins)",Fall to Fall,50-59,15.0
students,Oakton Elementary School,assessments,STAR Reading,ast-graph-3,"STAR Reading Student Growth Percentile(s) (Fall SY27) (counts, 10-pt bins)",Fall to Fall,60-69,17.0
students,Oakton Elementary School,assessments,STAR Reading,ast-graph-3,"STAR Reading Student Growth Percentile(s) (Fall SY27) (counts, 10-pt bins)",Fall to Fall,70-79,13.0
students,Oakton Elementary School,assessments,STAR Reading,ast-graph-3,"STAR Reading Student Growth Percentile(s) (Fall SY27) (counts, 10-pt bins)",Fall to Fall,80-89,16.0
students,Oakton Elementary School,assessments,STAR Reading,ast-graph-3,"STAR Reading Student Growth Percentile(s) (Fall SY27) (counts, 10-pt bins)",Fall to Fall,90-99,27.0
students,Oakton Elementary School,assessments,STAR Reading,ast-graph-3,"STAR Reading Student Growth Percentile(s) (Fall SY27) (counts, 10-pt bins)",Spring to Fall,0-9,20.0
students,Oakton Elementary School,assessments,STAR Reading,ast-graph-3,"STAR Reading Student Growth Percentile(s) (Fall SY27) (counts, 10-pt bins)",Spring to Fall,10-19,14.0
students,Oakton Elementary School,assessments,STAR Reading,ast-graph-3,"STAR Reading Student Growth Percentile(s) (Fall SY27) (counts, 10-pt bins)",Spring to Fall,20-29,15.0
students,Oakton Elementary School,assessments,STAR Reading,ast-graph-3,"STAR Reading Student Growth Percentile(s) (Fall SY27) (counts, 10-pt bins)",Spring to Fall,30-39,13.0
students,Oakton Elementary School,assessments,STAR Reading,ast-graph-3,"STAR Reading Student Growth Percentile(s) (Fall SY27) (counts, 10-pt bins)",Spring to Fall,40-49,16.0
students,Oakton Elementary School,assessments,STAR Reading,ast-graph-3,"STAR Reading Student Growth Percentile(s) (Fall SY27) (counts, 10-pt bins)",Spring to Fall,50-59,12.0
students,Oakton Elementary School,assessments,STAR Reading,ast-graph-3,"STAR Reading Student Growth Percentile(s) (Fall SY27) (counts, 10-pt bins)",Spring to Fall,60-69,22.0
students,Oakton Elementary School,assessments,STAR Reading,ast-graph-3,"STAR Reading Student Growth Percentile(s) (Fall SY27) (counts, 10-pt bins)",Spring to Fall,70-79,14.0
students,Oakton Elementary School,assessments,STAR Reading,ast-graph-3,"STAR Reading Student Growth Percentile(s) (Fall SY27) (counts, 10-pt bins)",Spring to Fall,80-89,17.0
students,Oakton Elementary School,assessments,STAR Reading,ast-graph-3,"STAR Reading Student Growth Percentile(s) (Fall SY27) (counts, 10-pt bins)",Spring to Fall,90-99,27.0
students,Oakton Elementary School,assessments,STAR Early Literacy,ast-graph-2,"STAR Early Literacy Percentile Rank Distribution (Fall SY27) (counts, 10-pt bins)",,0-9,8.0
students,Oakton Elementary School,assessments,STAR Early Literacy,ast-graph-2,"STAR Early Literacy Percentile Rank Distribution (Fall SY27) (counts, 10-pt bins)",,10-19,14.0
students,Oakton Elementary School,assessments,STAR Early Literacy,ast-graph-2,"STAR Early Literacy Percentile Rank Distribution (Fall SY27) (counts, 10-pt bins)",,20-29,16.0
students,Oakton Elementary School,assessments,STAR Early Literacy,ast-graph-2,"STAR Early Literacy Percentile Rank Distribution (Fall SY27) (counts, 10-pt bins)",,30-39,20.0
students,Oakton Elementary School,assessments,STAR Early Literacy,ast-graph-2,"STAR Early Literacy Percentile Rank Distribution (Fall SY27) (counts, 10-pt bins)",,40-49,13.0
students,Oakton Elementary School,assessments,STAR Early Literacy,ast-graph-2,"STAR Early Literacy Percentile Rank Distribution (Fall SY27) (counts, 10-pt bins)",,50-59,18.0
students,Oakton Elementary School,assessments,STAR Early Literacy,ast-graph-2,"STAR Early Literacy Percentile Rank Distribution (Fall SY27) (counts, 10-pt bins)",,60-69,21.0
students,Oakton Elementary School,assessments,STAR Early Literacy,ast-graph-2,"STAR Early Literacy Percentile Rank Distribution (Fall SY27) (counts, 10-pt bins)",,70-79,19.0
students,Oakton Elementary School,assessments,STAR Early Literacy,ast-graph-2,"STAR Early Literacy Percentile Rank Distribution (Fall SY27) (counts, 10-pt bins)",,80-89,22.0
students,Oakton Elementary School,assessments,STAR Early Literacy,ast-graph-2,"STAR Early Literacy Percentile Rank Distribution (Fall SY27) (counts, 10-pt bins)",,90-99,28.0
students,Oakton Elementary School,assessments,STAR Early Literacy,ast-graph-3,"STAR Early Literacy Student Growth Percentile(s) (Fall SY27) (counts, 10-pt bins)",Fall to Fall,0-9,3.0
students,Oakton Elementary School,assessments,STAR Early Literacy,ast-graph-3,"STAR Early Literacy Student Growth Percentile(s) (Fall SY27) (counts, 10-pt bins)",Fall to Fall,10-19,6.0
students,Oakton Elementary School,assessments,STAR Early Literacy,ast-graph-3,"STAR Early Literacy Student Growth Percentile(s) (Fall SY27) (counts, 10-pt bins)",Fall to Fall,20-29,7.0
students,Oakton Elementary School,assessments,STAR Early Literacy,ast-graph-3,"STAR Early Literacy Student Growth Percentile(s) (Fall SY27) (counts, 10-pt bins)",Fall to Fall,30-39,6.0
students,Oakton Elementary School,assessments,STAR Early Literacy,ast-graph-3,"STAR Early Literacy Student Growth Percentile(s) (Fall SY27) (counts, 10-pt bins)",Fall to Fall,40-49,11.0
students,Oakton Elementary School,assessments,STAR Early Literacy,ast-graph-3,"STAR Early Literacy Student Growth Percentile(s) (Fall SY27) (counts, 10-pt bins)",Fall to Fall,50-59,7.0
students,Oakton Elementary School,assessments,STAR Early Literacy,ast-graph-3,"STAR Early Literacy Student Growth Percentile(s) (Fall SY27) (counts, 10-pt bins)",Fall to Fall,60-69,10.0
students,Oakton Elementary School,assessments,STAR Early Literacy,ast-graph-3,"STAR Early Literacy Student Growth Percentile(s) (Fall SY27) (counts, 10-pt bins)",Fall to Fall,70-79,14.0
students,Oakton Elementary School,assessments,STAR Early Literacy,ast-graph-3,"STAR Early Literacy Student Growth Percentile(s) (Fall SY27) (counts, 10-pt bins)",Fall to Fall,80-89,11.0
students,Oakton Elementary School,assessments,STAR Early Literacy,ast-graph-3,"STAR Early Literacy Student Growth Percentile(s) (Fall SY27) (counts, 10-pt bins)",Fall to Fall,90-99,22.0
students,Oakton Elementary School,assessments,STAR Early Literacy,ast-graph-3,"STAR Early Literacy Student Growth Percentile(s) (Fall SY27) (counts, 10-pt bins)",Spring to Fall,0-9,4.0
students,Oakton Elementary School,assessments,STAR Early Literacy,ast-graph-3,"STAR Early Literacy Student Growth Percentile(s) (Fall SY27) (counts, 10-pt bins)",Spring to Fall,10-19,17.0
students,Oakton Elementary School,assessments,STAR Early Literacy,ast-graph-3,"STAR Early Literacy Student Growth Percentile(s) (Fall SY27) (counts, 10-pt bins)",Spring to Fall,20-29,3.0
students,Oakton Elementary School,assessments,STAR Early Literacy,ast-graph-3,"STAR Early Literacy Student Growth Percentile(s) (Fall SY27) (counts, 10-pt bins)",Spring to Fall,30-39,14.0
students,Oakton Elementary School,assessments,STAR Early Literacy,ast-graph-3,"STAR Early Literacy Student Growth Percentile(s) (Fall SY27) (counts, 10-pt bins)",Spring to Fall,40-49,11.0
students,Oakton Elementary School,assessments,STAR Early Literacy,ast-graph-3,"STAR Early Literacy Student Growth Percentile(s) (Fall SY27) (counts, 10-pt bins)",Spring to Fall,50-59,12.0
students,Oakton Elementary School,assessments,STAR Early Literacy,ast-graph-3,"STAR Early Literacy Student Growth Percentile(s) (Fall SY27) (counts, 10-pt bins)",Spring to Fall,60-69,11.0
students,Oakton Elementary School,assessments,STAR Early Literacy,ast-graph-3,"STAR Early Literacy Student Growth Percentile(s) (Fall SY27) (counts, 10-pt bins)",Spring to Fall,70-79,10.0
students,Oakton Elementary School,assessments,STAR Early Literacy,ast-graph-3,"STAR Early Literacy Student Growth Percentile(s) (Fall SY27) (counts, 10-pt bins)",Spring to Fall,80-89,10.0
students,Oakton Elementary School,assessments,STAR Early Literacy,ast-graph-3,"STAR Early Literacy Student Growth Percentile(s) (Fall SY27) (counts, 10-pt bins)",Spring to Fall,90-99,9.0
students,Oakton Elementary School,assessments,STAR Reading Spanish,ast-graph-2,"STAR Reading Spanish Percentile Rank Distribution (Fall SY27) (counts, 10-pt bins)",,0-9,1.0
students,Oakton Elementary School,assessments,STAR Reading Spanish,ast-graph-2,"STAR Reading Spanish Percentile Rank Distribution (Fall SY27) (counts, 10-pt bins)",,10-19,7.0
students,Oakton Elementary School,assessments,STAR Reading Spanish,ast-graph-2,"STAR Reading Spanish Percentile Rank Distribution (Fall SY27) (counts, 10-pt bins)",,20-29,5.0
students,Oakton Elementary School,assessments,STAR Reading Spanish,ast-graph-2,"STAR Reading Spanish Percentile Rank Distribution (Fall SY27) (counts, 10-pt bins)",,30-39,6.0
students,Oakton Elementary School,assessments,STAR Reading Spanish,ast-graph-2,"STAR Reading Spanish Percentile Rank Distribution (Fall SY27) (counts, 10-pt bins)",,40-49,4.0
students,Oakton Elementary School,assessments,STAR Reading Spanish,ast-graph-2,"STAR Reading Spanish Percentile Rank Distribution (Fall SY27) (counts, 10-pt bins)",,50-59,1.0
students,Oakton Elementary School,assessments,STAR Reading Spanish,ast-graph-2,"STAR Reading Spanish Percentile Rank Distribution (Fall SY27) (counts, 10-pt bins)",,60-69,3.0
students,Oakton Elementary School,assessments,STAR Reading Spanish,ast-graph-2,"STAR Reading Spanish Percentile Rank Distribution (Fall SY27) (counts, 10-pt bins)",,70-79,2.0
students,Oakton Elementary School,assessments,STAR Reading Spanish,ast-graph-2,"STAR Reading Spanish Percentile Rank Distribution (Fall SY27) (counts, 10-pt bins)",,80-89,2.0
students,Oakton Elementary School,assessments,STAR Reading Spanish,ast-graph-2,"STAR Reading Spanish Percentile Rank Distribution (Fall SY27) (counts, 10-pt bins)",,90-99,2.0
students,Oakton Elementary School,assessments,STAR Reading Spanish,ast-graph-3,"STAR Reading Spanish Student Growth Percentile(s) (Fall SY27) (counts, 10-pt bins)",Fall to Fall,0-9,3.0
students,Oakton Elementary School,assessments,STAR Reading Spanish,ast-graph-3,"STAR Reading Spanish Student Growth Percentile(s) (Fall SY27) (counts, 10-pt bins)",Fall to Fall,10-19,5.0
students,Oakton Elementary School,assessments,STAR Reading Spanish,ast-graph-3,"STAR Reading Spanish Student Growth Percentile(s) (Fall SY27) (counts, 10-pt bins)",Fall to Fall,20-29,1.0
students,Oakton Elementary School,assessments,STAR Reading Spanish,ast-graph-3,"STAR Reading Spanish Student Growth Percentile(s) (Fall SY27) (counts, 10-pt bins)",Fall to Fall,30-39,3.0
students,Oakton Elementary School,assessments,STAR Reading Spanish,ast-graph-3,"STAR Reading Spanish Student Growth Percentile(s) (Fall SY27) (counts, 10-pt bins)",Fall to Fall,40-49,1.0
students,Oakton Elementary School,assessments,STAR Reading Spanish,ast-graph-3,"STAR Reading Spanish Student Growth Percentile(s) (Fall SY27) (counts, 10-pt bins)",Fall to Fall,50-59,2.0
students,Oakton Elementary School,assessments,STAR Reading Spanish,ast-graph-3,"STAR Reading Spanish Student Growth Percentile(s) (Fall SY27) (counts, 10-pt bins)",Fall to Fall,60-69,1.0
students,Oakton Elementary School,assessments,STAR Reading Spanish,ast-graph-3,"STAR Reading Spanish Student Growth Percentile(s) (Fall SY27) (counts, 10-pt bins)",Fall to Fall,80-89,1.0
students,Oakton Elementary School,assessments,STAR Reading Spanish,ast-graph-3,"STAR Reading Spanish Student Growth Percentile(s) (Fall SY27) (counts, 10-pt bins)",Fall to Fall,90-99,1.0
students,Oakton Elementary School,assessments,STAR Reading Spanish,ast-graph-3,"STAR Reading Spanish Student Growth Percentile(s) (Fall SY27) (counts, 10-pt bins)",Spring to Fall,0-9,2.0
students,Oakton Elementary School,assessments,STAR Reading Spanish,ast-graph-3,"STAR Reading Spanish Student Growth Percentile(s) (Fall SY27) (counts, 10-pt bins)",Spring to Fall,10-19,4.0
students,Oakton Elementary School,assessments,STAR Reading Spanish,ast-graph-3,"STAR Reading Spanish Student Growth Percentile(s) (Fall SY27) (counts, 10-pt bins)",Spring to Fall,20-29,4.0
students,Oakton Elementary School,assessments,STAR Reading Spanish,ast-graph-3,"STAR Reading Spanish Student Growth Percentile(s) (Fall SY27) (counts, 10-pt bins)",Spring to Fall,30-39,1.0
students,Oakton Elementary School,assessments,STAR Reading Spanish,ast-graph-3,"STAR Reading Spanish Student Growth Percentile(s) (Fall SY27) (counts, 10-pt bins)",Spring to Fall,40-49,2.0
students,Oakton Elementary School,assessments,STAR Reading Spanish,ast-graph-3,"STAR Reading Spanish Student Growth Percentile(s) (Fall SY27) (counts, 10-pt bins)",Spring to Fall,50-59,1.0
students,Oakton Elementary School,assessments,STAR Reading Spanish,ast-graph-3,"STAR Reading Spanish Student Growth Percentile(s) (Fall SY27) (counts, 10-pt bins)",Spring to Fall,60-69,1.0
students,Oakton Elementary School,assessments,STAR Reading Spanish,ast-graph-3,"STAR Reading Spanish Student Growth Percentile(s) (Fall SY27) (counts, 10-pt bins)",Spring to Fall,70-79,1.0
students,Oakton Elementary School,assessments,STAR Reading Spanish,ast-graph-3,"STAR Reading Spanish Student Growth Percentile(s) (Fall SY27) (counts, 10-pt bins)",Spring to Fall,80-89,1.0
students,Oakton Elementary School,assessments,STAR Reading Spanish,ast-graph-3,"STAR Reading Spanish Student Growth Percentile(s) (Fall SY27) (counts, 10-pt bins)",Spring to Fall,90-99,1.0
students,Oakton Elementary School,assessments,STAR Early Literacy Spanish,ast-graph-2,"STAR Early Literacy Spanish Percentile Rank Distribution (Fall SY27) (counts, 10-pt bins)",,0-9,2.0
students,Oakton Elementary School,assessments,STAR Early Literacy Spanish,ast-graph-2,"STAR Early Literacy Spanish Percentile Rank Distribution (Fall SY27) (counts, 10-pt bins)",,20-29,5.0
students,Oakton Elementary School,assessments,STAR Early Literacy Spanish,ast-graph-2,"STAR Early Literacy Spanish Percentile Rank Distribution (Fall SY27) (counts, 10-pt bins)",,30-39,5.0
students,Oakton Elementary School,assessments,STAR Early Literacy Spanish,ast-graph-2,"STAR Early Literacy Spanish Percentile Rank Distribution (Fall SY27) (counts, 10-pt bins)",,40-49,1.0
students,Oakton Elementary School,assessments,STAR Early Literacy Spanish,ast-graph-2,"STAR Early Literacy Spanish Percentile Rank Distribution (Fall SY27) (counts, 10-pt bins)",,50-59,2.0
students,Oakton Elementary School,assessments,STAR Early Literacy Spanish,ast-graph-2,"STAR Early Literacy Spanish Percentile Rank Distribution (Fall SY27) (counts, 10-pt bins)",,60-69,8.0
students,Oakton Elementary School,assessments,STAR Early Literacy Spanish,ast-graph-2,"STAR Early Literacy Spanish Percentile Rank Distribution (Fall SY27) (counts, 10-pt bins)",,70-79,5.0
students,Oakton Elementary School,assessments,STAR Early Literacy Spanish,ast-graph-2,"STAR Early Literacy Spanish Percentile Rank Distribution (Fall SY27) (counts, 10-pt bins)",,80-89,5.0
students,Oakton Elementary School,assessments,STAR Early Literacy Spanish,ast-graph-2,"STAR Early Literacy Spanish Percentile Rank Distribution (Fall SY27) (counts, 10-pt bins)",,90-99,7.0
students,Oakton Elementary School,assessments,STAR Early Literacy Spanish,ast-graph-3,"STAR Early Literacy Spanish Student Growth Percentile(s) (Fall SY27) (counts, 10-pt bins)",Fall to Fall,0-9,2.0
students,Oakton Elementary School,assessments,STAR Early Literacy Spanish,ast-graph-3,"STAR Early Literacy Spanish Student Growth Percentile(s) (Fall SY27) (counts, 10-pt bins)",Fall to Fall,20-29,2.0
students,Oakton Elementary School,assessments,STAR Early Literacy Spanish,ast-graph-3,"STAR Early Literacy Spanish Student Growth Percentile(s) (Fall SY27) (counts, 10-pt bins)",Fall to Fall,50-59,1.0
students,Oakton Elementary School,assessments,STAR Early Literacy Spanish,ast-graph-3,"STAR Early Literacy Spanish Student Growth Percentile(s) (Fall SY27) (counts, 10-pt bins)",Fall to Fall,60-69,4.0
students,Oakton Elementary School,assessments,STAR Early Literacy Spanish,ast-graph-3,"STAR Early Literacy Spanish Student Growth Percentile(s) (Fall SY27) (counts, 10-pt bins)",Fall to Fall,70-79,3.0
students,Oakton Elementary School,assessments,STAR Early Literacy Spanish,ast-graph-3,"STAR Early Literacy Spanish Student Growth Percentile(s) (Fall SY27) (counts, 10-pt bins)",Fall to Fall,80-89,5.0
students,Oakton Elementary School,assessments,STAR Early Literacy Spanish,ast-graph-3,"STAR Early Literacy Spanish Student Growth Percentile(s) (Fall SY27) (counts, 10-pt bins)",Fall to Fall,90-99,5.0
students,Oakton Elementary School,assessments,STAR Early Literacy Spanish,ast-graph-3,"STAR Early Literacy Spanish Student Growth Percentile(s) (Fall SY27) (counts, 10-pt bins)",Spring to Fall,0-9,1.0
students,Oakton Elementary School,assessments,STAR Early Literacy Spanish,ast-graph-3,"STAR Early Literacy Spanish Student Growth Percentile(s) (Fall SY27) (counts, 10-pt bins)",Spring to Fall,10-19,2.0
students,Oakton Elementary School,assessments,STAR Early Literacy Spanish,ast-graph-3,"STAR Early Literacy Spanish Student Growth Percentile(s) (Fall SY27) (counts, 10-pt bins)",Spring to Fall,20-29,2.0
students,Oakton Elementary School,assessments,STAR Early Literacy Spanish,ast-graph-3,"STAR Early Literacy Spanish Student Growth Percentile(s) (Fall SY27) (counts, 10-pt bins)",Spring to Fall,30-39,3.0
students,Oakton Elementary School,assessments,STAR Early Literacy Spanish,ast-graph-3,"STAR Early Literacy Spanish Student Growth Percentile(s) (Fall SY27) (counts, 10-pt bins)",Spring to Fall,40-49,3.0
students,Oakton Elementary School,assessments,STAR Early Literacy Spanish,ast-graph-3,"STAR Early Literacy Spanish Student Growth Percentile(s) (Fall SY27) (counts, 10-pt bins)",Spring to Fall,50-59,3.0
students,Oakton Elementary School,assessments,STAR Early Literacy Spanish,ast-graph-3,"STAR Early Literacy Spanish Student Growth Percentile(s) (Fall SY27) (counts, 10-pt bins)",Spring to Fall,60-69,1.0
students,Oakton Elementary School,assessments,STAR Early Literacy Spanish,ast-graph-3,"STAR Early Literacy Spanish Student Growth Percentile(s) (Fall SY27) (counts, 10-pt bins)",Spring to Fall,70-79,2.0
students,Oakton Elementary School,assessments,STAR Early Literacy Spanish,ast-graph-3,"STAR Early Literacy Spanish Student Growth Percentile(s) (Fall SY27) (counts, 10-pt bins)",Spring to Fall,80-89,2.0
students,Oakton Elementary School,assessments,STAR Early Literacy Spanish,ast-graph-3,"STAR Early Literacy Spanish Student Growth Percentile(s) (Fall SY27) (counts, 10-pt bins)",Spring to Fall,90-99,4.0
students,Oakton Elementary School,assessments,i-Ready Math,ast-graph-2,"i-Ready Math — Percentile Distribution (counts, 10-pt bins)",,0-9,24.0
students,Oakton Elementary School,assessments,i-Ready Math,ast-graph-2,"i-Ready Math — Percentile Distribution (counts, 10-pt bins)",,10-19,41.0
students,Oakton Elementary School,assessments,i-Ready Math,ast-graph-2,"i-Ready Math — Percentile Distribution (counts, 10-pt bins)",,20-29,36.0
students,Oakton Elementary School,assessments,i-Ready Math,ast-graph-2,"i-Ready Math — Percentile Distribution (counts, 10-pt bins)",,30-39,30.0
students,Oakton Elementary School,assessments,i-Ready Math,ast-graph-2,"i-Ready Math — Percentile Distribution (counts, 10-pt bins)",,40-49,35.0
students,Oakton Elementary School,assessments,i-Ready Math,ast-graph-2,"i-Ready Math — Percentile Distribution (counts, 10-pt bins)",,50-59,35.0
students,Oakton Elementary School,assessments,i-Ready Math,ast-graph-2,"i-Ready Math — Percentile Distribution (counts, 10-pt bins)",,60-69,38.0
students,Oakton Elementary School,assessments,i-Ready Math,ast-graph-2,"i-Ready Math — Percentile Distribution (counts, 10-pt bins)",,70-79,31.0
students,Oakton Elementary School,assessments,i-Ready Math,ast-graph-2,"i-Ready Math — Percentile Distribution (counts, 10-pt bins)",,80-89,43.0
students,Oakton Elementary School,assessments,i-Ready Math,ast-graph-2,"i-Ready Math — Percentile Distribution (counts, 10-pt bins)",,90-99,52.0
students,Oakton Elementary School,assessments,i-Ready Math,ast-graph-3,"i-Ready Math — Percent Progress to Annual Typical Growth (counts, 10-pt bins)",,0-9,365.0
students,Orrington Elementary School,attendance,,att-distribution,"Attendance Rate Distribution (counts, 10-pt bins)",,40-49,1.0
students,Orrington Elementary School,attendance,,att-distribution,"Attendance Rate Distribution (counts, 10-pt bins)",,70-79,1.0
students,Orrington Elementary School,attendance,,att-distribution,"Attendance Rate Distribution (counts, 10-pt bins)",,80-89,13.0
students,Orrington Elementary School,attendance,,att-distribution,"Attendance Rate Distribution (counts, 10-pt bins)",,90-99,80.0
students,Orrington Elementary School,attendance,,att-distribution,"Attendance Rate Distribution (counts, 10-pt bins)",,100+,156.0
students,Orrington Elementary School,assessments,STAR Reading,ast-graph-2,"STAR Reading Percentile Rank Distribution (Fall SY27) (counts, 10-pt bins)",,0-9,6.0
students,Orrington Elementary School,assessments,STAR Reading,ast-graph-2,"STAR Reading Percentile Rank Distribution (Fall SY27) (counts, 10-pt bins)",,10-19,3.0
students,Orrington Elementary School,assessments,STAR Reading,ast-graph-2,"STAR Reading Percentile Rank Distribution (Fall SY27) (counts, 10-pt bins)",,20-29,3.0
students,Orrington Elementary School,assessments,STAR Reading,ast-graph-2,"STAR Reading Percentile Rank Distribution (Fall SY27) (counts, 10-pt bins)",,30-39,8.0
students,Orrington Elementary School,assessments,STAR Reading,ast-graph-2,"STAR Reading Percentile Rank Distribution (Fall SY27) (counts, 10-pt bins)",,40-49,4.0
students,Orrington Elementary School,assessments,STAR Reading,ast-graph-2,"STAR Reading Percentile Rank Distribution (Fall SY27) (counts, 10-pt bins)",,50-59,9.0
students,Orrington Elementary School,assessments,STAR Reading,ast-graph-2,"STAR Reading Percentile Rank Distribution (Fall SY27) (counts, 10-pt bins)",,60-69,9.0
students,Orrington Elementary School,assessments,STAR Reading,ast-graph-2,"STAR Reading Percentile Rank Distribution (Fall SY27) (counts, 10-pt bins)",,70-79,22.0
students,Orrington Elementary School,assessments,STAR Reading,ast-graph-2,"STAR Reading Percentile Rank Distribution (Fall SY27) (counts, 10-pt bins)",,80-89,19.0
students,Orrington Elementary School,assessments,STAR Reading,ast-graph-2,"STAR Reading Percentile Rank Distribution (Fall SY27) (counts, 10-pt bins)",,90-99,47.0
students,Orrington Elementary School,assessments,STAR Reading,ast-graph-3,"STAR Reading Student Growth Percentile(s) (Fall SY27) (counts, 10-pt bins)",Fall to Fall,0-9,4.0
students,Orrington Elementary School,assessments,STAR Reading,ast-graph-3,"STAR Reading Student Growth Percentile(s) (Fall SY27) (counts, 10-pt bins)",Fall to Fall,10-19,12.0
students,Orrington Elementary School,assessments,STAR Reading,ast-graph-3,"STAR Reading Student Growth Percentile(s) (Fall SY27) (counts, 10-pt bins)",Fall to Fall,20-29,8.0
students,Orrington Elementary School,assessments,STAR Reading,ast-graph-3,"STAR Reading Student Growth Percentile(s) (Fall SY27) (counts, 10-pt bins)",Fall to Fall,30-39,12.0
students,Orrington Elementary School,assessments,STAR Reading,ast-graph-3,"STAR Reading Student Growth Percentile(s) (Fall SY27) (counts, 10-pt bins)",Fall to Fall,40-49,14.0
students,Orrington Elementary School,assessments,STAR Reading,ast-graph-3,"STAR Reading Student Growth Percentile(s) (Fall SY27) (counts, 10-pt bins)",Fall to Fall,50-59,10.0
students,Orrington Elementary School,assessments,STAR Reading,ast-graph-3,"STAR Reading Student Growth Percentile(s) (Fall SY27) (counts, 10-pt bins)",Fall to Fall,60-69,13.0
students,Orrington Elementary School,assessments,STAR Reading,ast-graph-3,"STAR Reading Student Growth Percentile(s) (Fall SY27) (counts, 10-pt bins)",Fall to Fall,70-79,13.0
students,Orrington Elementary School,assessments,STAR Reading,ast-graph-3,"STAR Reading Student Growth Percentile(s) (Fall SY27) (counts, 10-pt bins)",Fall to Fall,80-89,15.0
students,Orrington Elementary School,assessments,STAR Reading,ast-graph-3,"STAR Reading Student Growth Percentile(s) (Fall SY27) (counts, 10-pt bins)",Fall to Fall,90-99,22.0
students,Orrington Elementary School,assessments,STAR Reading,ast-graph-3,"STAR Reading Student Growth Percentile(s) (Fall SY27) (counts, 10-pt bins)",Spring to Fall,0-9,7.0
students,Orrington Elementary School,assessments,STAR Reading,ast-graph-3,"STAR Reading Student Growth Percentile(s) (Fall SY27) (counts, 10-pt bins)",Spring to Fall,10-19,14.0
students,Orrington Elementary School,assessments,STAR Reading,ast-graph-3,"STAR Reading Student Growth Percentile(s) (Fall SY27) (counts, 10-pt bins)",Spring to Fall,20-29,12.0
students,Orrington Elementary School,assessments,STAR Reading,ast-graph-3,"STAR Reading Student Growth Percentile(s) (Fall SY27) (counts, 10-pt bins)",Spring to Fall,30-39,13.0
students,Orrington Elementary School,assessments,STAR Reading,ast-graph-3,"STAR Reading Student Growth Percentile(s) (Fall SY27) (counts, 10-pt bins)",Spring to Fall,40-49,13.0
students,Orrington Elementary School,assessments,STAR Reading,ast-graph-3,"STAR Reading Student Growth Percentile(s) (Fall SY27) (counts, 10-pt bins)",Spring to Fall,50-59,10.0
students,Orrington Elementary School,assessments,STAR Reading,ast-graph-3,"STAR Reading Student Growth Percentile(s) (Fall SY27) (counts, 10-pt bins)",Spring to Fall,60-69,9.0
students,Orrington Elementary School,assessments,STAR Reading,ast-graph-3,"STAR Reading Student Growth Percentile(s) (Fall SY27) (counts, 10-pt bins)",Spring to Fall,70-79,17.0
students,Orrington Elementary School,assessments,STAR Reading,ast-graph-3,"STAR Reading Student Growth Percentile(s) (Fall SY27) (counts, 10-pt bins)",Spring to Fall,80-89,13.0
students,Orrington Elementary School,assessments,STAR Reading,ast-graph-3,"STAR Reading Student Growth Percentile(s) (Fall SY27) (counts, 10-pt bins)",Spring to Fall,90-99,21.0
students,Orrington Elementary School,assessments,STAR Early Literacy,ast-graph-2,"STAR Early Literacy Percentile Rank Distribution (Fall SY27) (counts, 10-pt bins)",,10-19,1.0
students,Orrington Elementary School,assessments,STAR Early Literacy,ast-graph-2,"STAR Early Literacy Percentile Rank Distribution (Fall SY27) (counts, 10-pt bins)",,20-29,2.0
students,Orrington Elementary School,assessments,STAR Early Literacy,ast-graph-2,"STAR Early Literacy Percentile Rank Distribution (Fall SY27) (counts, 10-pt bins)",,30-39,6.0
students,Orrington Elementary School,assessments,STAR Early Literacy,ast-graph-2,"STAR Early Literacy Percentile Rank Distribution (Fall SY27) (counts, 10-pt bins)",,40-49,5.0
students,Orrington Elementary School,assessments,STAR Early Literacy,ast-graph-2,"STAR Early Literacy Percentile Rank Distribution (Fall SY27) (counts, 10-pt bins)",,50-59,15.0
students,Orrington Elementary School,assessments,STAR Early Literacy,ast-graph-2,"STAR Early Literacy Percentile Rank Distribution (Fall SY27) (counts, 10-pt bins)",,60-69,18.0
students,Orrington Elementary School,assessments,STAR Early Literacy,ast-graph-2,"STAR Early Literacy Percentile Rank Distribution (Fall SY27) (counts, 10-pt bins)",,70-79,19.0
students,Orrington Elementary School,assessments,STAR Early Literacy,ast-graph-2,"STAR Early Literacy Percentile Rank Distribution (Fall SY27) (counts, 10-pt bins)",,80-89,23.0
students,Orrington Elementary School,assessments,STAR Early Literacy,ast-graph-2,"STAR Early Literacy Percentile Rank Distribution (Fall SY27) (counts, 10-pt bins)",,90-99,27.0
students,Orrington Elementary School,assessments,STAR Early Literacy,ast-graph-3,"STAR Early Literacy Student Growth Percentile(s) (Fall SY27) (counts, 10-pt bins)",Fall to Fall,10-19,1.0
students,Orrington Elementary School,assessments,STAR Early Literacy,ast-graph-3,"STAR Early Literacy Student Growth Percentile(s) (Fall SY27) (counts, 10-pt bins)",Fall to Fall,20-29,4.0
students,Orrington Elementary School,assessments,STAR Early Literacy,ast-graph-3,"STAR Early Literacy Student Growth Percentile(s) (Fall SY27) (counts, 10-pt bins)",Fall to Fall,30-39,7.0
students,Orrington Elementary School,assessments,STAR Early Literacy,ast-graph-3,"STAR Early Literacy Student Growth Percentile(s) (Fall SY27) (counts, 10-pt bins)",Fall to Fall,40-49,3.0
students,Orrington Elementary School,assessments,STAR Early Literacy,ast-graph-3,"STAR Early Literacy Student Growth Percentile(s) (Fall SY27) (counts, 10-pt bins)",Fall to Fall,50-59,4.0
students,Orrington Elementary School,assessments,STAR Early Literacy,ast-graph-3,"STAR Early Literacy Student Growth Percentile(s) (Fall SY27) (counts, 10-pt bins)",Fall to Fall,60-69,7.0
students,Orrington Elementary School,assessments,STAR Early Literacy,ast-graph-3,"STAR Early Literacy Student Growth Percentile(s) (Fall SY27) (counts, 10-pt bins)",Fall to Fall,70-79,8.0
students,Orrington Elementary School,assessments,STAR Early Literacy,ast-graph-3,"STAR Early Literacy Student Growth Percentile(s) (Fall SY27) (counts, 10-pt bins)",Fall to Fall,80-89,13.0
students,Orrington Elementary School,assessments,STAR Early Literacy,ast-graph-3,"STAR Early Literacy Student Growth Percentile(s) (Fall SY27) (counts, 10-pt bins)",Fall to Fall,90-99,24.0
students,Orrington Elementary School,assessments,STAR Early Literacy,ast-graph-3,"STAR Early Literacy Student Growth Percentile(s) (Fall SY27) (counts, 10-pt bins)",Spring to Fall,0-9,2.0
students,Orrington Elementary School,assessments,STAR Early Literacy,ast-graph-3,"STAR Early Literacy Student Growth Percentile(s) (Fall SY27) (counts, 10-pt bins)",Spring to Fall,10-19,3.0
students,Orrington Elementary School,assessments,STAR Early Literacy,ast-graph-3,"STAR Early Literacy Student Growth Percentile(s) (Fall SY27) (counts, 10-pt bins)",Spring to Fall,20-29,5.0
students,Orrington Elementary School,assessments,STAR Early Literacy,ast-graph-3,"STAR Early Literacy Student Growth Percentile(s) (Fall SY27) (counts, 10-pt bins)",Spring to Fall,30-39,2.0
students,Orrington Elementary School,assessments,STAR Early Literacy,ast-graph-3,"STAR Early Literacy Student Growth Percentile(s) (Fall SY27) (counts, 10-pt bins)",Spring to Fall,40-49,6.0
students,Orrington Elementary School,assessments,STAR Early Literacy,ast-graph-3,"STAR Early Literacy Student Growth Percentile(s) (Fall SY27) (counts, 10-pt bins)",Spring to Fall,50-59,7.0
students,Orrington Elementary School,assessments,STAR Early Literacy,ast-graph-3,"STAR Early Literacy Student Growth Percentile(s) (Fall SY27) (counts, 10-pt bins)",Spring to Fall,60-69,9.0
students,Orrington Elementary School,assessments,STAR Early Literacy,ast-graph-3,"STAR Early Literacy Student Growth Percentile(s) (Fall SY27) (counts, 10-pt bins)",Spring to Fall,70-79,11.0
students,Orrington Elementary School,assessments,STAR Early Literacy,ast-graph-3,"STAR Early Literacy Student Growth Percentile(s) (Fall SY27) (counts, 10-pt bins)",Spring to Fall,80-89,14.0
students,Orrington Elementary School,assessments,STAR Early Literacy,ast-graph-3,"STAR Early Literacy Student Growth Percentile(s) (Fall SY27) (counts, 10-pt bins)",Spring to Fall,90-99,13.0
students,Orrington Elementary School,assessments,i-Ready Math,ast-graph-2,"i-Ready Math — Percentile Distribution (counts, 10-pt bins)",,0-9,3.0
students,Orrington Elementary School,assessments,i-Ready Math,ast-graph-2,"i-Ready Math — Percentile Distribution (counts, 10-pt bins)",,10-19,5.0
students,Orrington Elementary School,assessments,i-Ready Math,ast-graph-2,"i-Ready Math — Percentile Distribution (counts, 10-pt bins)",,20-29,4.0
students,Orrington Elementary School,assessments,i-Ready Math,ast-graph-2,"i-Ready Math — Percentile Distribution (counts, 10-pt bins)",,30-39,9.0
students,Orrington Elementary School,assessments,i-Ready Math,ast-graph-2,"i-Ready Math — Percentile Distribution (counts, 10-pt bins)",,40-49,11.0
students,Orrington Elementary School,assessments,i-Ready Math,ast-graph-2,"i-Ready Math — Percentile Distribution (counts, 10-pt bins)",,50-59,17.0
students,Orrington Elementary School,assessments,i-Ready Math,ast-graph-2,"i-Ready Math — Percentile Distribution (counts, 10-pt bins)",,60-69,31.0
students,Orrington Elementary School,assessments,i-Ready Math,ast-graph-2,"i-Ready Math — Percentile Distribution (counts, 10-pt bins)",,70-79,37.0
students,Orrington Elementary School,assessments,i-Ready Math,ast-graph-2,"i-Ready Math — Percentile Distribution (counts, 10-pt bins)",,80-89,36.0
students,Orrington Elementary School,assessments,i-Ready Math,ast-graph-2,"i-Ready Math — Percentile Distribution (counts, 10-pt bins)",,90-99,94.0
students,Orrington Elementary School,assessments,i-Ready Math,ast-graph-3,"i-Ready Math — Percent Progress to Annual Typical Growth (counts, 10-pt bins)",,0-9,247.0
students,Walker Elementary School,attendance,,att-distribution,"Attendance Rate Distribution (counts, 10-pt bins)",,70-79,2.0
students,Walker Elementary School,attendance,,att-distribution,"Attendance Rate Distribution (counts, 10-pt bins)",,80-89,11.0
students,Walker Elementary School,attendance,,att-distribution,"Attendance Rate Distribution (counts, 10-pt bins)",,90-99,100.0
students,Walker Elementary School,attendance,,att-distribution,"Attendance Rate Distribution (counts, 10-pt bins)",,100+,204.0
students,Walker Elementary School,assessments,STAR Reading,ast-graph-2,"STAR Reading Percentile Rank Distribution (Fall SY27) (counts, 10-pt bins)",,0-9,6.0
students,Walker Elementary School,assessments,STAR Reading,ast-graph-2,"STAR Reading Percentile Rank Distribution (Fall SY27) (counts, 10-pt bins)",,10-19,9.0
students,Walker Elementary School,assessments,STAR Reading,ast-graph-2,"STAR Reading Percentile Rank Distribution (Fall SY27) (counts, 10-pt bins)",,20-29,10.0
students,Walker Elementary School,assessments,STAR Reading,ast-graph-2,"STAR Reading Percentile Rank Distribution (Fall SY27) (counts, 10-pt bins)",,30-39,11.0
students,Walker Elementary School,assessments,STAR Reading,ast-graph-2,"STAR Reading Percentile Rank Distribution (Fall SY27) (counts, 10-pt bins)",,40-49,18.0
students,Walker Elementary School,assessments,STAR Reading,ast-graph-2,"STAR Reading Percentile Rank Distribution (Fall SY27) (counts, 10-pt bins)",,50-59,12.0
students,Walker Elementary School,assessments,STAR Reading,ast-graph-2,"STAR Reading Percentile Rank Distribution (Fall SY27) (counts, 10-pt bins)",,60-69,13.0
students,Walker Elementary School,assessments,STAR Reading,ast-graph-2,"STAR Reading Percentile Rank Distribution (Fall SY27) (counts, 10-pt bins)",,70-79,21.0
students,Walker Elementary School,assessments,STAR Reading,ast-graph-2,"STAR Reading Percentile Rank Distribution (Fall SY27) (counts, 10-pt bins)",,80-89,21.0
students,Walker Elementary School,assessments,STAR Reading,ast-graph-2,"STAR Reading Percentile Rank Distribution (Fall SY27) (counts, 10-pt bins)",,90-99,52.0
students,Walker Elementary School,assessments,STAR Reading,ast-graph-3,"STAR Reading Student Growth Percentile(s) (Fall SY27) (counts, 10-pt bins)",Fall to Fall,0-9,8.0
students,Walker Elementary School,assessments,STAR Reading,ast-graph-3,"STAR Reading Student Growth Percentile(s) (Fall SY27) (counts, 10-pt bins)",Fall to Fall,10-19,6.0
students,Walker Elementary School,assessments,STAR Reading,ast-graph-3,"STAR Reading Student Growth Percentile(s) (Fall SY27) (counts, 10-pt bins)",Fall to Fall,20-29,15.0
students,Walker Elementary School,assessments,STAR Reading,ast-graph-3,"STAR Reading Student Growth Percentile(s) (Fall SY27) (counts, 10-pt bins)",Fall to Fall,30-39,15.0
students,Walker Elementary School,assessments,STAR Reading,ast-graph-3,"STAR Reading Student Growth Percentile(s) (Fall SY27) (counts, 10-pt bins)",Fall to Fall,40-49,16.0
students,Walker Elementary School,assessments,STAR Reading,ast-graph-3,"STAR Reading Student Growth Percentile(s) (Fall SY27) (counts, 10-pt bins)",Fall to Fall,50-59,17.0
students,Walker Elementary School,assessments,STAR Reading,ast-graph-3,"STAR Reading Student Growth Percentile(s) (Fall SY27) (counts, 10-pt bins)",Fall to Fall,60-69,12.0
students,Walker Elementary School,assessments,STAR Reading,ast-graph-3,"STAR Reading Student Growth Percentile(s) (Fall SY27) (counts, 10-pt bins)",Fall to Fall,70-79,12.0
students,Walker Elementary School,assessments,STAR Reading,ast-graph-3,"STAR Reading Student Growth Percentile(s) (Fall SY27) (counts, 10-pt bins)",Fall to Fall,80-89,25.0
students,Walker Elementary School,assessments,STAR Reading,ast-graph-3,"STAR Reading Student Growth Percentile(s) (Fall SY27) (counts, 10-pt bins)",Fall to Fall,90-99,37.0
students,Walker Elementary School,assessments,STAR Reading,ast-graph-3,"STAR Reading Student Growth Percentile(s) (Fall SY27) (counts, 10-pt bins)",Spring to Fall,0-9,11.0
students,Walker Elementary School,assessments,STAR Reading,ast-graph-3,"STAR Reading Student Growth Percentile(s) (Fall SY27) (counts, 10-pt bins)",Spring to Fall,10-19,11.0
students,Walker Elementary School,assessments,STAR Reading,ast-graph-3,"STAR Reading Student Growth Percentile(s) (Fall SY27) (counts, 10-pt bins)",Spring to Fall,20-29,17.0
students,Walker Elementary School,assessments,STAR Reading,ast-graph-3,"STAR Reading Student Growth Percentile(s) (Fall SY27) (counts, 10-pt bins)",Spring to Fall,30-39,12.0
students,Walker Elementary School,assessments,STAR Reading,ast-graph-3,"STAR Reading Student Growth Percentile(s) (Fall SY27) (counts, 10-pt bins)",Spring to Fall,40-49,18.0
students,Walker Elementary School,assessments,STAR Reading,ast-graph-3,"STAR Reading Student Growth Percentile(s) (Fall SY27) (counts, 10-pt bins)",Spring to Fall,50-59,14.0
students,Walker Elementary School,assessments,STAR Reading,ast-graph-3,"STAR Reading Student Growth Percentile(s) (Fall SY27) (counts, 10-pt bins)",Spring to Fall,60-69,14.0
students,Walker Elementary School,assessments,STAR Reading,ast-graph-3,"STAR Reading Student Growth Percentile(s) (Fall SY27) (counts, 10-pt bins)",Spring to Fall,70-79,14.0
students,Walker Elementary School,assessments,STAR Reading,ast-graph-3,"STAR Reading Student Growth Percentile(s) (Fall SY27) (counts, 10-pt bins)",Spring to Fall,80-89,19.0
students,Walker Elementary School,assessments,STAR Reading,ast-graph-3,"STAR Reading Student Growth Percentile(s) (Fall SY27) (counts, 10-pt bins)",Spring to Fall,90-99,36.0
students,Walker Elementary School,assessments,STAR Early Literacy,ast-graph-2,"STAR Early Literacy Percentile Rank Distribution (Fall SY27) (counts, 10-pt bins)",,0-9,4.0
students,Walker Elementary School,assessments,STAR Early Literacy,ast-graph-2,"STAR Early Literacy Percentile Rank Distribution (Fall SY27) (counts, 10-pt bins)",,10-19,6.0
students,Walker Elementary School,assessments,STAR Early Literacy,ast-graph-2,"STAR Early Literacy Percentile Rank Distribution (Fall SY27) (counts, 10-pt bins)",,20-29,9.0
students,Walker Elementary School,assessments,STAR Early Literacy,ast-graph-2,"STAR Early Literacy Percentile Rank Distribution (Fall SY27) (counts, 10-pt bins)",,30-39,11.0
students,Walker Elementary School,assessments,STAR Early Literacy,ast-graph-2,"STAR Early Literacy Percentile Rank Distribution (Fall SY27) (counts, 10-pt bins)",,40-49,9.0
students,Walker Elementary School,assessments,STAR Early Literacy,ast-graph-2,"STAR Early Literacy Percentile Rank Distribution (Fall SY27) (counts, 10-pt bins)",,50-59,19.0
students,Walker Elementary School,assessments,STAR Early Literacy,ast-graph-2,"STAR Early Literacy Percentile Rank Distribution (Fall SY27) (counts, 10-pt bins)",,60-69,17.0
students,Walker Elementary School,assessments,STAR Early Literacy,ast-graph-2,"STAR Early Literacy Percentile Rank Distribution (Fall SY27) (counts, 10-pt bins)",,70-79,24.0
students,Walker Elementary School,assessments,STAR Early Literacy,ast-graph-2,"STAR Early Literacy Percentile Rank Distribution (Fall SY27) (counts, 10-pt bins)",,80-89,15.0
students,Walker Elementary School,assessments,STAR Early Literacy,ast-graph-2,"STAR Early Literacy Percentile Rank Distribution (Fall SY27) (counts, 10-pt bins)",,90-99,30.0
students,Walker Elementary School,assessments,STAR Early Literacy,ast-graph-3,"STAR Early Literacy Student Growth Percentile(s) (Fall SY27) (counts, 10-pt bins)",Fall to Fall,0-9,2.0
students,Walker Elementary School,assessments,STAR Early Literacy,ast-graph-3,"STAR Early Literacy Student Growth Percentile(s) (Fall SY27) (counts, 10-pt bins)",Fall to Fall,10-19,6.0
students,Walker Elementary School,assessments,STAR Early Literacy,ast-graph-3,"STAR Early Literacy Student Growth Percentile(s) (Fall SY27) (counts, 10-pt bins)",Fall to Fall,20-29,7.0
students,Walker Elementary School,assessments,STAR Early Literacy,ast-graph-3,"STAR Early Literacy Student Growth Percentile(s) (Fall SY27) (counts, 10-pt bins)",Fall to Fall,30-39,3.0
students,Walker Elementary School,assessments,STAR Early Literacy,ast-graph-3,"STAR Early Literacy Student Growth Percentile(s) (Fall SY27) (counts, 10-pt bins)",Fall to Fall,40-49,2.0
students,Walker Elementary School,assessments,STAR Early Literacy,ast-graph-3,"STAR Early Literacy Student Growth Percentile(s) (Fall SY27) (counts, 10-pt bins)",Fall to Fall,50-59,4.0
students,Walker Elementary School,assessments,STAR Early Literacy,ast-graph-3,"STAR Early Literacy Student Growth Percentile(s) (Fall SY27) (counts, 10-pt bins)",Fall to Fall,60-69,10.0
students,Walker Elementary School,assessments,STAR Early Literacy,ast-graph-3,"STAR Early Literacy Student Growth Percentile(s) (Fall SY27) (counts, 10-pt bins)",Fall to Fall,70-79,14.0
students,Walker Elementary School,assessments,STAR Early Literacy,ast-graph-3,"STAR Early Literacy Student Growth Percentile(s) (Fall SY27) (counts, 10-pt bins)",Fall to Fall,80-89,17.0
students,Walker Elementary School,assessments,STAR Early Literacy,ast-graph-3,"STAR Early Literacy Student Growth Percentile(s) (Fall SY27) (counts, 10-pt bins)",Fall to Fall,90-99,26.0
students,Walker Elementary School,assessments,STAR Early Literacy,ast-graph-3,"STAR Early Literacy Student Growth Percentile(s) (Fall SY27) (counts, 10-pt bins)",Spring to Fall,0-9,4.0
students,Walker Elementary School,assessments,STAR Early Literacy,ast-graph-3,"STAR Early Literacy Student Growth Percentile(s) (Fall SY27) (counts, 10-pt bins)",Spring to Fall,10-19,11.0
students,Walker Elementary School,assessments,STAR Early Literacy,ast-graph-3,"STAR Early Literacy Student Growth Percentile(s) (Fall SY27) (counts, 10-pt bins)",Spring to Fall,20-29,6.0
students,Walker Elementary School,assessments,STAR Early Literacy,ast-graph-3,"STAR Early Literacy Student Growth Percentile(s) (Fall SY27) (counts, 10-pt bins)",Spring to Fall,30-39,6.0
students,Walker Elementary School,assessments,STAR Early Literacy,ast-graph-3,"STAR Early Literacy Student Growth Percentile(s) (Fall SY27) (counts, 10-pt bins)",Spring to Fall,40-49,13.0
students,Walker Elementary School,assessments,STAR Early Literacy,ast-graph-3,"STAR Early Literacy Student Growth Percentile(s) (Fall SY27) (counts, 10-pt bins)",Spring to Fall,50-59,9.0
students,Walker Elementary School,assessments,STAR Early Literacy,ast-graph-3,"STAR Early Literacy Student Growth Percentile(s) (Fall SY27) (counts, 10-pt bins)",Spring to Fall,60-69,7.0
students,Walker Elementary School,assessments,STAR Early Literacy,ast-graph-3,"STAR Early Literacy Student Growth Percentile(s) (Fall SY27) (counts, 10-pt bins)",Spring to Fall,70-79,6.0
students,Walker Elementary School,assessments,STAR Early Literacy,ast-graph-3,"STAR Early Literacy Student Growth Percentile(s) (Fall SY27) (counts, 10-pt bins)",Spring to Fall,80-89,12.0
students,Walker Elementary School,assessments,STAR Early Literacy,ast-graph-3,"STAR Early Literacy Student Growth Percentile(s) (Fall SY27) (counts, 10-pt bins)",Spring to Fall,90-99,21.0
students,Walker Elementary School,assessments,i-Ready Math,ast-graph-2,"i-Ready Math — Percentile Distribution (counts, 10-pt bins)",,0-9,7.0
students,Walker Elementary School,assessments,i-Ready Math,ast-graph-2,"i-Ready Math — Percentile Distribution (counts, 10-pt bins)",,10-19,10.0
students,Walker Elementary School,assessments,i-Ready Math,ast-graph-2,"i-Ready Math — Percentile Distribution (counts, 10-pt bins)",,20-29,9.0
students,Walker Elementary School,assessments,i-Ready Math,ast-graph-2,"i-Ready Math — Percentile Distribution (counts, 10-pt bins)",,30-39,27.0
students,Walker Elementary School,assessments,i-Ready Math,ast-graph-2,"i-Ready Math — Percentile Distribution (counts, 10-pt bins)",,40-49,20.0
students,Walker Elementary School,assessments,i-Ready Math,ast-graph-2,"i-Ready Math — Percentile Distribution (counts, 10-pt bins)",,50-59,32.0
students,Walker Elementary School,assessments,i-Ready Math,ast-graph-2,"i-Ready Math — Percentile Distribution (counts, 10-pt bins)",,60-69,23.0
students,Walker Elementary School,assessments,i-Ready Math,ast-graph-2,"i-Ready Math — Percentile Distribution (counts, 10-pt bins)",,70-79,24.0
students,Walker Elementary School,assessments,i-Ready Math,ast-graph-2,"i-Ready Math — Percentile Distribution (counts, 10-pt bins)",,80-89,53.0
students,Walker Elementary School,assessments,i-Ready Math,ast-graph-2,"i-Ready Math — Percentile Distribution (counts, 10-pt bins)",,90-99,67.0
students,Walker Elementary School,assessments,i-Ready Math,ast-graph-3,"i-Ready Math — Percent Progress to Annual Typical Growth (counts, 10-pt bins)",,0-9,272.0
students,Washington Elementary School,attendance,,att-distribution,"Attendance Rate Distribution (counts, 10-pt bins)",,0-9,1.0
students,Washington Elementary School,attendance,,att-distribution,"Attendance Rate Distribution (counts, 10-pt bins)",,50-59,4.0
students,Washington Elementary School,attendance,,att-distribution,"Attendance Rate Distribution (counts, 10-pt bins)",,60-69,2.0
students,Washington Elementary School,attendance,,att-distribution,"Attendance Rate Distribution (counts, 10-pt bins)",,70-79,5.0
students,Washington Elementary School,attendance,,att-distribution,"Attendance Rate Distribution (counts, 10-pt bins)",,80-89,24.0
students,Washington Elementary School,attendance,,att-distribution,"Attendance Rate Distribution (counts, 10-pt bins)",,90-99,118.0
students,Washington Elementary School,attendance,,att-distribution,"Attendance Rate Distribution (counts, 10-pt bins)",,100+,233.0
students,Washington Elementary School,assessments,STAR Reading,ast-graph-2,"STAR Reading Percentile Rank Distribution (Fall SY27) (counts, 10-pt bins)",,0-9,11.0
students,Washington Elementary School,assessments,STAR Reading,ast-graph-2,"STAR Reading Percentile Rank Distribution (Fall SY27) (counts, 10-pt bins)",,10-19,12.0
students,Washington Elementary School,assessments,STAR Reading,ast-graph-2,"STAR Reading Percentile Rank Distribution (Fall SY27) (counts, 10-pt bins)",,20-29,13.0
students,Washington Elementary School,assessments,STAR Reading,ast-graph-2,"STAR Reading Percentile Rank Distribution (Fall SY27) (counts, 10-pt bins)",,30-39,14.0
students,Washington Elementary School,assessments,STAR Reading,ast-graph-2,"STAR Reading Percentile Rank Distribution (Fall SY27) (counts, 10-pt bins)",,40-49,12.0
students,Washington Elementary School,assessments,STAR Reading,ast-graph-2,"STAR Reading Percentile Rank Distribution (Fall SY27) (counts, 10-pt bins)",,50-59,12.0
students,Washington Elementary School,assessments,STAR Reading,ast-graph-2,"STAR Reading Percentile Rank Distribution (Fall SY27) (counts, 10-pt bins)",,60-69,18.0
students,Washington Elementary School,assessments,STAR Reading,ast-graph-2,"STAR Reading Percentile Rank Distribution (Fall SY27) (counts, 10-pt bins)",,70-79,29.0
students,Washington Elementary School,assessments,STAR Reading,ast-graph-2,"STAR Reading Percentile Rank Distribution (Fall SY27) (counts, 10-pt bins)",,80-89,25.0
students,Washington Elementary School,assessments,STAR Reading,ast-graph-2,"STAR Reading Percentile Rank Distribution (Fall SY27) (counts, 10-pt bins)",,90-99,49.0
students,Washington Elementary School,assessments,STAR Reading,ast-graph-3,"STAR Reading Student Growth Percentile(s) (Fall SY27) (counts, 10-pt bins)",Fall to Fall,0-9,10.0
students,Washington Elementary School,assessments,STAR Reading,ast-graph-3,"STAR Reading Student Growth Percentile(s) (Fall SY27) (counts, 10-pt bins)",Fall to Fall,10-19,8.0
students,Washington Elementary School,assessments,STAR Reading,ast-graph-3,"STAR Reading Student Growth Percentile(s) (Fall SY27) (counts, 10-pt bins)",Fall to Fall,20-29,11.0
students,Washington Elementary School,assessments,STAR Reading,ast-graph-3,"STAR Reading Student Growth Percentile(s) (Fall SY27) (counts, 10-pt bins)",Fall to Fall,30-39,16.0
students,Washington Elementary School,assessments,STAR Reading,ast-graph-3,"STAR Reading Student Growth Percentile(s) (Fall SY27) (counts, 10-pt bins)",Fall to Fall,40-49,11.0
students,Washington Elementary School,assessments,STAR Reading,ast-graph-3,"STAR Reading Student Growth Percentile(s) (Fall SY27) (counts, 10-pt bins)",Fall to Fall,50-59,27.0
students,Washington Elementary School,assessments,STAR Reading,ast-graph-3,"STAR Reading Student Growth Percentile(s) (Fall SY27) (counts, 10-pt bins)",Fall to Fall,60-69,15.0
students,Washington Elementary School,assessments,STAR Reading,ast-graph-3,"STAR Reading Student Growth Percentile(s) (Fall SY27) (counts, 10-pt bins)",Fall to Fall,70-79,33.0
students,Washington Elementary School,assessments,STAR Reading,ast-graph-3,"STAR Reading Student Growth Percentile(s) (Fall SY27) (counts, 10-pt bins)",Fall to Fall,80-89,14.0
students,Washington Elementary School,assessments,STAR Reading,ast-graph-3,"STAR Reading Student Growth Percentile(s) (Fall SY27) (counts, 10-pt bins)",Fall to Fall,90-99,41.0
students,Washington Elementary School,assessments,STAR Reading,ast-graph-3,"STAR Reading Student Growth Percentile(s) (Fall SY27) (counts, 10-pt bins)",Spring to Fall,0-9,17.0
students,Washington Elementary School,assessments,STAR Reading,ast-graph-3,"STAR Reading Student Growth Percentile(s) (Fall SY27) (counts, 10-pt bins)",Spring to Fall,10-19,19.0
students,Washington Elementary School,assessments,STAR Reading,ast-graph-3,"STAR Reading Student Growth Percentile(s) (Fall SY27) (counts, 10-pt bins)",Spring to Fall,20-29,12.0
students,Washington Elementary School,assessments,STAR Reading,ast-graph-3,"STAR Reading Student Growth Percentile(s) (Fall SY27) (counts, 10-pt bins)",Spring to Fall,30-39,8.0
students,Washington Elementary School,assessments,STAR Reading,ast-graph-3,"STAR Reading Student Growth Percentile(s) (Fall SY27) (counts, 10-pt bins)",Spring to Fall,40-49,19.0
students,Washington Elementary School,assessments,STAR Reading,ast-graph-3,"STAR Reading Student Growth Percentile(s) (Fall SY27) (counts, 10-pt bins)",Spring to Fall,50-59,23.0
students,Washington Elementary School,assessments,STAR Reading,ast-graph-3,"STAR Reading Student Growth Percentile(s) (Fall SY27) (counts, 10-pt bins)",Spring to Fall,60-69,17.0
students,Washington Elementary School,assessments,STAR Reading,ast-graph-3,"STAR Reading Student Growth Percentile(s) (Fall SY27) (counts, 10-pt bins)",Spring to Fall,70-79,16.0
students,Washington Elementary School,assessments,STAR Reading,ast-graph-3,"STAR Reading Student Growth Percentile(s) (Fall SY27) (counts, 10-pt bins)",Spring to Fall,80-89,29.0
students,Washington Elementary School,assessments,STAR Reading,ast-graph-3,"STAR Reading Student Growth Percentile(s) (Fall SY27) (counts, 10-pt bins)",Spring to Fall,90-99,26.0
students,Washington Elementary School,assessments,STAR Early Literacy,ast-graph-2,"STAR Early Literacy Percentile Rank Distribution (Fall SY27) (counts, 10-pt bins)",,0-9,12.0
students,Washington Elementary School,assessments,STAR Early Literacy,ast-graph-2,"STAR Early Literacy Percentile Rank Distribution (Fall SY27) (counts, 10-pt bins)",,10-19,11.0
students,Washington Elementary School,assessments,STAR Early Literacy,ast-graph-2,"STAR Early Literacy Percentile Rank Distribution (Fall SY27) (counts, 10-pt bins)",,20-29,16.0
students,Washington Elementary School,assessments,STAR Early Literacy,ast-graph-2,"STAR Early Literacy Percentile Rank Distribution (Fall SY27) (counts, 10-pt bins)",,30-39,13.0
students,Washington Elementary School,assessments,STAR Early Literacy,ast-graph-2,"STAR Early Literacy Percentile Rank Distribution (Fall SY27) (counts, 10-pt bins)",,40-49,16.0
students,Washington Elementary School,assessments,STAR Early Literacy,ast-graph-2,"STAR Early Literacy Percentile Rank Distribution (Fall SY27) (counts, 10-pt bins)",,50-59,13.0
students,Washington Elementary School,assessments,STAR Early Literacy,ast-graph-2,"STAR Early Literacy Percentile Rank Distribution (Fall SY27) (counts, 10-pt bins)",,60-69,19.0
students,Washington Elementary School,assessments,STAR Early Literacy,ast-graph-2,"STAR Early Literacy Percentile Rank Distribution (Fall SY27) (counts, 10-pt bins)",,70-79,16.0
students,Washington Elementary School,assessments,STAR Early Literacy,ast-graph-2,"STAR Early Literacy Percentile Rank Distribution (Fall SY27) (counts, 10-pt bins)",,80-89,27.0
students,Washington Elementary School,assessments,STAR Early Literacy,ast-graph-2,"STAR Early Literacy Percentile Rank Distribution (Fall SY27) (counts, 10-pt bins)",,90-99,24.0
students,Washington Elementary School,assessments,STAR Early Literacy,ast-graph-3,"STAR Early Literacy Student Growth Percentile(s) (Fall SY27) (counts, 10-pt bins)",Fall to Fall,0-9,7.0
students,Washington Elementary School,assessments,STAR Early Literacy,ast-graph-3,"STAR Early Literacy Student Growth Percentile(s) (Fall SY27) (counts, 10-pt bins)",Fall to Fall,10-19,7.0
students,Washington Elementary School,assessments,STAR Early Literacy,ast-graph-3,"STAR Early Literacy Student Growth Percentile(s) (Fall SY27) (counts, 10-pt bins)",Fall to Fall,20-29,6.0
students,Washington Elementary School,assessments,STAR Early Literacy,ast-graph-3,"STAR Early Literacy Student Growth Percentile(s) (Fall SY27) (counts, 10-pt bins)",Fall to Fall,30-39,4.0
students,Washington Elementary School,assessments,STAR Early Literacy,ast-graph-3,"STAR Early Literacy Student Growth Percentile(s) (Fall SY27) (counts, 10-pt bins)",Fall to Fall,40-49,5.0
students,Washington Elementary School,assessments,STAR Early Literacy,ast-graph-3,"STAR Early Literacy Student Growth Percentile(s) (Fall SY27) (counts, 10-pt bins)",Fall to Fall,50-59,6.0
students,Washington Elementary School,assessments,STAR Early Literacy,ast-graph-3,"STAR Early Literacy Student Growth Percentile(s) (Fall SY27) (counts, 10-pt bins)",Fall to Fall,60-69,10.0
students,Washington Elementary School,assessments,STAR Early Literacy,ast-graph-3,"STAR Early Literacy Student Growth Percentile(s) (Fall SY27) (counts, 10-pt bins)",Fall to Fall,70-79,13.0
students,Washington Elementary School,assessments,STAR Early Literacy,ast-graph-3,"STAR Early Literacy Student Growth Percentile(s) (Fall SY27) (counts, 10-pt bins)",Fall to Fall,80-89,14.0
students,Washington Elementary School,assessments,STAR Early Literacy,ast-graph-3,"STAR Early Literacy Student Growth Percentile(s) (Fall SY27) (counts, 10-pt bins)",Fall to Fall,90-99,34.0
students,Washington Elementary School,assessments,STAR Early Literacy,ast-graph-3,"STAR Early Literacy Student Growth Percentile(s) (Fall SY27) (counts, 10-pt bins)",Spring to Fall,0-9,5.0
students,Washington Elementary School,assessments,STAR Early Literacy,ast-graph-3,"STAR Early Literacy Student Growth Percentile(s) (Fall SY27) (counts, 10-pt bins)",Spring to Fall,10-19,5.0
students,Washington Elementary School,assessments,STAR Early Literacy,ast-graph-3,"STAR Early Literacy Student Growth Percentile(s) (Fall SY27) (counts, 10-pt bins)",Spring to Fall,20-29,7.0
students,Washington Elementary School,assessments,STAR Early Literacy,ast-graph-3,"STAR Early Literacy Student Growth Percentile(s) (Fall SY27) (counts, 10-pt bins)",Spring to Fall,30-39,10.0
students,Washington Elementary School,assessments,STAR Early Literacy,ast-graph-3,"STAR Early Literacy Student Growth Percentile(s) (Fall SY27) (counts, 10-pt bins)",Spring to Fall,40-49,8.0
students,Washington Elementary School,assessments,STAR Early Literacy,ast-graph-3,"STAR Early Literacy Student Growth Percentile(s) (Fall SY27) (counts, 10-pt bins)",Spring to Fall,50-59,9.0
students,Washington Elementary School,assessments,STAR Early Literacy,ast-graph-3,"STAR Early Literacy Student Growth Percentile(s) (Fall SY27) (counts, 10-pt bins)",Spring to Fall,60-69,10.0
students,Washington Elementary School,assessments,STAR Early Literacy,ast-graph-3,"STAR Early Literacy Student Growth Percentile(s) (Fall SY27) (counts, 10-pt bins)",Spring to Fall,70-79,13.0
students,Washington Elementary School,assessments,STAR Early Literacy,ast-graph-3,"STAR Early Literacy Student Growth Percentile(s) (Fall SY27) (counts, 10-pt bins)",Spring to Fall,80-89,13.0
students,Washington Elementary School,assessments,STAR Early Literacy,ast-graph-3,"STAR Early Literacy Student Growth Percentile(s) (Fall SY27) (counts, 10-pt bins)",Spring to Fall,90-99,27.0
students,Washington Elementary School,assessments,STAR Reading Spanish,ast-graph-2,"STAR Reading Spanish Percentile Rank Distribution (Fall SY27) (counts, 10-pt bins)",,0-9,18.0
students,Washington Elementary School,assessments,STAR Reading Spanish,ast-graph-2,"STAR Reading Spanish Percentile Rank Distribution (Fall SY27) (counts, 10-pt bins)",,10-19,18.0
students,Washington Elementary School,assessments,STAR Reading Spanish,ast-graph-2,"STAR Reading Spanish Percentile Rank Distribution (Fall SY27) (counts, 10-pt bins)",,20-29,20.0
students,Washington Elementary School,assessments,STAR Reading Spanish,ast-graph-2,"STAR Reading Spanish Percentile Rank Distribution (Fall SY27) (counts, 10-pt bins)",,30-39,11.0
students,Washington Elementary School,assessments,STAR Reading Spanish,ast-graph-2,"STAR Reading Spanish Percentile Rank Distribution (Fall SY27) (counts, 10-pt bins)",,40-49,11.0
students,Washington Elementary School,assessments,STAR Reading Spanish,ast-graph-2,"STAR Reading Spanish Percentile Rank Distribution (Fall SY27) (counts, 10-pt bins)",,50-59,4.0
students,Washington Elementary School,assessments,STAR Reading Spanish,ast-graph-2,"STAR Reading Spanish Percentile Rank Distribution (Fall SY27) (counts, 10-pt bins)",,60-69,5.0
students,Washington Elementary School,assessments,STAR Reading Spanish,ast-graph-2,"STAR Reading Spanish Percentile Rank Distribution (Fall SY27) (counts, 10-pt bins)",,70-79,2.0
students,Washington Elementary School,assessments,STAR Reading Spanish,ast-graph-2,"STAR Reading Spanish Percentile Rank Distribution (Fall SY27) (counts, 10-pt bins)",,80-89,3.0
students,Washington Elementary School,assessments,STAR Reading Spanish,ast-graph-2,"STAR Reading Spanish Percentile Rank Distribution (Fall SY27) (counts, 10-pt bins)",,90-99,6.0
students,Washington Elementary School,assessments,STAR Reading Spanish,ast-graph-3,"STAR Reading Spanish Student Growth Percentile(s) (Fall SY27) (counts, 10-pt bins)",Fall to Fall,0-9,5.0
students,Washington Elementary School,assessments,STAR Reading Spanish,ast-graph-3,"STAR Reading Spanish Student Growth Percentile(s) (Fall SY27) (counts, 10-pt bins)",Fall to Fall,10-19,8.0
students,Washington Elementary School,assessments,STAR Reading Spanish,ast-graph-3,"STAR Reading Spanish Student Growth Percentile(s) (Fall SY27) (counts, 10-pt bins)",Fall to Fall,20-29,4.0
students,Washington Elementary School,assessments,STAR Reading Spanish,ast-graph-3,"STAR Reading Spanish Student Growth Percentile(s) (Fall SY27) (counts, 10-pt bins)",Fall to Fall,30-39,6.0
students,Washington Elementary School,assessments,STAR Reading Spanish,ast-graph-3,"STAR Reading Spanish Student Growth Percentile(s) (Fall SY27) (counts, 10-pt bins)",Fall to Fall,40-49,8.0
students,Washington Elementary School,assessments,STAR Reading Spanish,ast-graph-3,"STAR Reading Spanish Student Growth Percentile(s) (Fall SY27) (counts, 10-pt bins)",Fall to Fall,50-59,6.0
students,Washington Elementary School,assessments,STAR Reading Spanish,ast-graph-3,"STAR Reading Spanish Student Growth Percentile(s) (Fall SY27) (counts, 10-pt bins)",Fall to Fall,60-69,8.0
students,Washington Elementary School,assessments,STAR Reading Spanish,ast-graph-3,"STAR Reading Spanish Student Growth Percentile(s) (Fall SY27) (counts, 10-pt bins)",Fall to Fall,70-79,6.0
students,Washington Elementary School,assessments,STAR Reading Spanish,ast-graph-3,"STAR Reading Spanish Student Growth Percentile(s) (Fall SY27) (counts, 10-pt bins)",Fall to Fall,80-89,6.0
students,Washington Elementary School,assessments,STAR Reading Spanish,ast-graph-3,"STAR Reading Spanish Student Growth Percentile(s) (Fall SY27) (counts, 10-pt bins)",Fall to Fall,90-99,7.0
students,Washington Elementary School,assessments,STAR Reading Spanish,ast-graph-3,"STAR Reading Spanish Student Growth Percentile(s) (Fall SY27) (counts, 10-pt bins)",Spring to Fall,0-9,11.0
students,Washington Elementary School,assessments,STAR Reading Spanish,ast-graph-3,"STAR Reading Spanish Student Growth Percentile(s) (Fall SY27) (counts, 10-pt bins)",Spring to Fall,10-19,6.0
students,Washington Elementary School,assessments,STAR Reading Spanish,ast-graph-3,"STAR Reading Spanish Student Growth Percentile(s) (Fall SY27) (counts, 10-pt bins)",Spring to Fall,20-29,8.0
students,Washington Elementary School,assessments,STAR Reading Spanish,ast-graph-3,"STAR Reading Spanish Student Growth Percentile(s) (Fall SY27) (counts, 10-pt bins)",Spring to Fall,30-39,11.0
students,Washington Elementary School,assessments,STAR Reading Spanish,ast-graph-3,"STAR Reading Spanish Student Growth Percentile(s) (Fall SY27) (counts, 10-pt bins)",Spring to Fall,40-49,4.0
students,Washington Elementary School,assessments,STAR Reading Spanish,ast-graph-3,"STAR Reading Spanish Student Growth Percentile(s) (Fall SY27) (counts, 10-pt bins)",Spring to Fall,50-59,8.0
students,Washington Elementary School,assessments,STAR Reading Spanish,ast-graph-3,"STAR Reading Spanish Student Growth Percentile(s) (Fall SY27) (counts, 10-pt bins)",Spring to Fall,60-69,3.0
students,Washington Elementary School,assessments,STAR Reading Spanish,ast-graph-3,"STAR Reading Spanish Student Growth Percentile(s) (Fall SY27) (counts, 10-pt bins)",Spring to Fall,70-79,4.0
students,Washington Elementary School,assessments,STAR Reading Spanish,ast-graph-3,"STAR Reading Spanish Student Growth Percentile(s) (Fall SY27) (counts, 10-pt bins)",Spring to Fall,80-89,6.0
students,Washington Elementary School,assessments,STAR Reading Spanish,ast-graph-3,"STAR Reading Spanish Student Growth Percentile(s) (Fall SY27) (counts, 10-pt bins)",Spring to Fall,90-99,5.0
students,Washington Elementary School,assessments,STAR Early Literacy Spanish,ast-graph-2,"STAR Early Literacy Spanish Percentile Rank Distribution (Fall SY27) (counts, 10-pt bins)",,0-9,3.0
students,Washington Elementary School,assessments,STAR Early Literacy Spanish,ast-graph-2,"STAR Early Literacy Spanish Percentile Rank Distribution (Fall SY27) (counts, 10-pt bins)",,10-19,4.0
students,Washington Elementary School,assessments,STAR Early Literacy Spanish,ast-graph-2,"STAR Early Literacy Spanish Percentile Rank Distribution (Fall SY27) (counts, 10-pt bins)",,20-29,6.0
students,Washington Elementary School,assessments,STAR Early Literacy Spanish,ast-graph-2,"STAR Early Literacy Spanish Percentile Rank Distribution (Fall SY27) (counts, 10-pt bins)",,30-39,9.0
students,Washington Elementary School,assessments,STAR Early Literacy Spanish,ast-graph-2,"STAR Early Literacy Spanish Percentile Rank Distribution (Fall SY27) (counts, 10-pt bins)",,40-49,7.0
students,Washington Elementary School,assessments,STAR Early Literacy Spanish,ast-graph-2,"STAR Early Literacy Spanish Percentile Rank Distribution (Fall SY27) (counts, 10-pt bins)",,50-59,10.0
students,Washington Elementary School,assessments,STAR Early Literacy Spanish,ast-graph-2,"STAR Early Literacy Spanish Percentile Rank Distribution (Fall SY27) (counts, 10-pt bins)",,60-69,12.0
students,Washington Elementary School,assessments,STAR Early Literacy Spanish,ast-graph-2,"STAR Early Literacy Spanish Percentile Rank Distribution (Fall SY27) (counts, 10-pt bins)",,70-79,9.0
students,Washington Elementary School,assessments,STAR Early Literacy Spanish,ast-graph-2,"STAR Early Literacy Spanish Percentile Rank Distribution (Fall SY27) (counts, 10-pt bins)",,80-89,15.0
students,Washington Elementary School,assessments,STAR Early Literacy Spanish,ast-graph-2,"STAR Early Literacy Spanish Percentile Rank Distribution (Fall SY27) (counts, 10-pt bins)",,90-99,21.0
students,Washington Elementary School,assessments,STAR Early Literacy Spanish,ast-graph-3,"STAR Early Literacy Spanish Student Growth Percentile(s) (Fall SY27) (counts, 10-pt bins)",Fall to Fall,0-9,7.0
students,Washington Elementary School,assessments,STAR Early Literacy Spanish,ast-graph-3,"STAR Early Literacy Spanish Student Growth Percentile(s) (Fall SY27) (counts, 10-pt bins)",Fall to Fall,10-19,2.0
students,Washington Elementary School,assessments,STAR Early Literacy Spanish,ast-graph-3,"STAR Early Literacy Spanish Student Growth Percentile(s) (Fall SY27) (counts, 10-pt bins)",Fall to Fall,20-29,2.0
students,Washington Elementary School,assessments,STAR Early Literacy Spanish,ast-graph-3,"STAR Early Literacy Spanish Student Growth Percentile(s) (Fall SY27) (counts, 10-pt bins)",Fall to Fall,30-39,5.0
students,Washington Elementary School,assessments,STAR Early Literacy Spanish,ast-graph-3,"STAR Early Literacy Spanish Student Growth Percentile(s) (Fall SY27) (counts, 10-pt bins)",Fall to Fall,40-49,5.0
students,Washington Elementary School,assessments,STAR Early Literacy Spanish,ast-graph-3,"STAR Early Literacy Spanish Student Growth Percentile(s) (Fall SY27) (counts, 10-pt bins)",Fall to Fall,50-59,7.0
students,Washington Elementary School,assessments,STAR Early Literacy Spanish,ast-graph-3,"STAR Early Literacy Spanish Student Growth Percentile(s) (Fall SY27) (counts, 10-pt bins)",Fall to Fall,60-69,5.0
students,Washington Elementary School,assessments,STAR Early Literacy Spanish,ast-graph-3,"STAR Early Literacy Spanish Student Growth Percentile(s) (Fall SY27) (counts, 10-pt bins)",Fall to Fall,70-79,4.0
students,Washington Elementary School,assessments,STAR Early Literacy Spanish,ast-graph-3,"STAR Early Literacy Spanish Student Growth Percentile(s) (Fall SY27) (counts, 10-pt bins)",Fall to Fall,80-89,12.0
students,Washington Elementary School,assessments,STAR Early Literacy Spanish,ast-graph-3,"STAR Early Literacy Spanish Student Growth Percentile(s) (Fall SY27) (counts, 10-pt bins)",Fall to Fall,90-99,15.0
students,Washington Elementary School,assessments,STAR Early Literacy Spanish,ast-graph-3,"STAR Early Literacy Spanish Student Growth Percentile(s) (Fall SY27) (counts, 10-pt bins)",Spring to Fall,0-9,9.0
students,Washington Elementary School,assessments,STAR Early Literacy Spanish,ast-graph-3,"STAR Early Literacy Spanish Student Growth Percentile(s) (Fall SY27) (counts, 10-pt bins)",Spring to Fall,10-19,2.0
students,Washington Elementary School,assessments,STAR Early Literacy Spanish,ast-graph-3,"STAR Early Literacy Spanish Student Growth Percentile(s) (Fall SY27) (counts, 10-pt bins)",Spring to Fall,20-29,4.0
students,Washington Elementary School,assessments,STAR Early Literacy Spanish,ast-graph-3,"STAR Early Literacy Spanish Student Growth Percentile(s) (Fall SY27) (counts, 10-pt bins)",Spring to Fall,30-39,5.0
students,Washington Elementary School,assessments,STAR Early Literacy Spanish,ast-graph-3,"STAR Early Literacy Spanish Student Growth Percentile(s) (Fall SY27) (counts, 10-pt bins)",Spring to Fall,40-49,2.0
students,Washington Elementary School,assessments,STAR Early Literacy Spanish,ast-graph-3,"STAR Early Literacy Spanish Student Growth Percentile(s) (Fall SY27) (counts, 10-pt bins)",Spring to Fall,50-59,4.0
students,Washington Elementary School,assessments,STAR Early Literacy Spanish,ast-graph-3,"STAR Early Literacy Spanish Student Growth Percentile(s) (Fall SY27) (counts, 10-pt bins)",Spring to Fall,60-69,7.0
students,Washington Elementary School,assessments,STAR Early Literacy Spanish,ast-graph-3,"STAR Early Literacy Spanish Student Growth Percentile(s) (Fall SY27) (counts, 10-pt bins)",Spring to Fall,70-79,7.0
students,Washington Elementary School,assessments,STAR Early Literacy Spanish,ast-graph-3,"STAR Early Literacy Spanish Student Growth Percentile(s) (Fall SY27) (counts, 10-pt bins)",Spring to Fall,80-89,13.0
students,Washington Elementary School,assessments,STAR Early Literacy Spanish,ast-graph-3,"STAR Early Literacy Spanish Student Growth Percentile(s) (Fall SY27) (counts, 10-pt bins)",Spring to Fall,90-99,11.0
students,Washington Elementary School,assessments,i-Ready Math,ast-graph-2,"i-Ready Math — Percentile Distribution (counts, 10-pt bins)",,0-9,21.0
students,Washington Elementary School,assessments,i-Ready Math,ast-graph-2,"i-Ready Math — Percentile Distribution (counts, 10-pt bins)",,10-19,34.0
students,Washington Elementary School,assessments,i-Ready Math,ast-graph-2,"i-Ready Math — Percentile Distribution (counts, 10-pt bins)",,20-29,44.0
students,Washington Elementary School,assessments,i-Ready Math,ast-graph-2,"i-Ready Math — Percentile Distribution (counts, 10-pt bins)",,30-39,31.0
students,Washington Elementary School,assessments,i-Ready Math,ast-graph-2,"i-Ready Math — Percentile Distribution (counts, 10-pt bins)",,40-49,37.0
students,Washington Elementary School,assessments,i-Ready Math,ast-graph-2,"i-Ready Math — Percentile Distribution (counts, 10-pt bins)",,50-59,23.0
students,Washington Elementary School,assessments,i-Ready Math,ast-graph-2,"i-Ready Math — Percentile Distribution (counts, 10-pt bins)",,60-69,28.0
students,Washington Elementary School,assessments,i-Ready Math,ast-graph-2,"i-Ready Math — Percentile Distribution (counts, 10-pt bins)",,70-79,48.0
students,Washington Elementary School,assessments,i-Ready Math,ast-graph-2,"i-Ready Math — Percentile Distribution (counts, 10-pt bins)",,80-89,48.0
students,Washington Elementary School,assessments,i-Ready Math,ast-graph-2,"i-Ready Math — Percentile Distribution (counts, 10-pt bins)",,90-99,51.0
students,Washington Elementary School,assessments,i-Ready Math,ast-graph-3,"i-Ready Math — Percent Progress to Annual Typical Growth (counts, 10-pt bins)",,0-9,365.0
students,Willard Elementary School,attendance,,att-distribution,"Attendance Rate Distribution (counts, 10-pt bins)",,0-9,1.0
students,Willard Elementary School,attendance,,att-distribution,"Attendance Rate Distribution (counts, 10-pt bins)",,70-79,5.0
students,Willard Elementary School,attendance,,att-distribution,"Attendance Rate Distribution (counts, 10-pt bins)",,80-89,9.0
students,Willard Elementary School,attendance,,att-distribution,"Attendance Rate Distribution (counts, 10-pt bins)",,90-99,72.0
students,Willard Elementary School,attendance,,att-distribution,"Attendance Rate Distribution (counts, 10-pt bins)",,100+,186.0
students,Willard Elementary School,assessments,STAR Reading,ast-graph-2,"STAR Reading Percentile Rank Distribution (Fall SY27) (counts, 10-pt bins)",,0-9,5.0
students,Willard Elementary School,assessments,STAR Reading,ast-graph-2,"STAR Reading Percentile Rank Distribution (Fall SY27) (counts, 10-pt bins)",,10-19,4.0
students,Willard Elementary School,assessments,STAR Reading,ast-graph-2,"STAR Reading Percentile Rank Distribution (Fall SY27) (counts, 10-pt bins)",,20-29,8.0
students,Willard Elementary School,assessments,STAR Reading,ast-graph-2,"STAR Reading Percentile Rank Distribution (Fall SY27) (counts, 10-pt bins)",,30-39,10.0
students,Willard Elementary School,assessments,STAR Reading,ast-graph-2,"STAR Reading Percentile Rank Distribution (Fall SY27) (counts, 10-pt bins)",,40-49,12.0
students,Willard Elementary School,assessments,STAR Reading,ast-graph-2,"STAR Reading Percentile Rank Distribution (Fall SY27) (counts, 10-pt bins)",,50-59,13.0
students,Willard Elementary School,assessments,STAR Reading,ast-graph-2,"STAR Reading Percentile Rank Distribution (Fall SY27) (counts, 10-pt bins)",,60-69,11.0
students,Willard Elementary School,assessments,STAR Reading,ast-graph-2,"STAR Reading Percentile Rank Distribution (Fall SY27) (counts, 10-pt bins)",,70-79,18.0
students,Willard Elementary School,assessments,STAR Reading,ast-graph-2,"STAR Reading Percentile Rank Distribution (Fall SY27) (counts, 10-pt bins)",,80-89,25.0
students,Willard Elementary School,assessments,STAR Reading,ast-graph-2,"STAR Reading Percentile Rank Distribution (Fall SY27) (counts, 10-pt bins)",,90-99,39.0
students,Willard Elementary School,assessments,STAR Reading,ast-graph-3,"STAR Reading Student Growth Percentile(s) (Fall SY27) (counts, 10-pt bins)",Fall to Fall,0-9,12.0
students,Willard Elementary School,assessments,STAR Reading,ast-graph-3,"STAR Reading Student Growth Percentile(s) (Fall SY27) (counts, 10-pt bins)",Fall to Fall,10-19,11.0
students,Willard Elementary School,assessments,STAR Reading,ast-graph-3,"STAR Reading Student Growth Percentile(s) (Fall SY27) (counts, 10-pt bins)",Fall to Fall,20-29,5.0
students,Willard Elementary School,assessments,STAR Reading,ast-graph-3,"STAR Reading Student Growth Percentile(s) (Fall SY27) (counts, 10-pt bins)",Fall to Fall,30-39,7.0
students,Willard Elementary School,assessments,STAR Reading,ast-graph-3,"STAR Reading Student Growth Percentile(s) (Fall SY27) (counts, 10-pt bins)",Fall to Fall,40-49,17.0
students,Willard Elementary School,assessments,STAR Reading,ast-graph-3,"STAR Reading Student Growth Percentile(s) (Fall SY27) (counts, 10-pt bins)",Fall to Fall,50-59,9.0
students,Willard Elementary School,assessments,STAR Reading,ast-graph-3,"STAR Reading Student Growth Percentile(s) (Fall SY27) (counts, 10-pt bins)",Fall to Fall,60-69,16.0
students,Willard Elementary School,assessments,STAR Reading,ast-graph-3,"STAR Reading Student Growth Percentile(s) (Fall SY27) (counts, 10-pt bins)",Fall to Fall,70-79,24.0
students,Willard Elementary School,assessments,STAR Reading,ast-graph-3,"STAR Reading Student Growth Percentile(s) (Fall SY27) (counts, 10-pt bins)",Fall to Fall,80-89,16.0
students,Willard Elementary School,assessments,STAR Reading,ast-graph-3,"STAR Reading Student Growth Percentile(s) (Fall SY27) (counts, 10-pt bins)",Fall to Fall,90-99,19.0
students,Willard Elementary School,assessments,STAR Reading,ast-graph-3,"STAR Reading Student Growth Percentile(s) (Fall SY27) (counts, 10-pt bins)",Spring to Fall,0-9,13.0
students,Willard Elementary School,assessments,STAR Reading,ast-graph-3,"STAR Reading Student Growth Percentile(s) (Fall SY27) (counts, 10-pt bins)",Spring to Fall,10-19,13.0
students,Willard Elementary School,assessments,STAR Reading,ast-graph-3,"STAR Reading Student Growth Percentile(s) (Fall SY27) (counts, 10-pt bins)",Spring to Fall,20-29,11.0
students,Willard Elementary School,assessments,STAR Reading,ast-graph-3,"STAR Reading Student Growth Percentile(s) (Fall SY27) (counts, 10-pt bins)",Spring to Fall,30-39,17.0
students,Willard Elementary School,assessments,STAR Reading,ast-graph-3,"STAR Reading Student Growth Percentile(s) (Fall SY27) (counts, 10-pt bins)",Spring to Fall,40-49,10.0
students,Willard Elementary School,assessments,STAR Reading,ast-graph-3,"STAR Reading Student Growth Percentile(s) (Fall SY27) (counts, 10-pt bins)",Spring to Fall,50-59,13.0
students,Willard Elementary School,assessments,STAR Reading,ast-graph-3,"STAR Reading Student Growth Percentile(s) (Fall SY27) (counts, 10-pt bins)",Spring to Fall,60-69,15.0
students,Willard Elementary School,assessments,STAR Reading,ast-graph-3,"STAR Reading Student Growth Percentile(s) (Fall SY27) (counts, 10-pt bins)",Spring to Fall,70-79,14.0
students,Willard Elementary School,assessments,STAR Reading,ast-graph-3,"STAR Reading Student Growth Percentile(s) (Fall SY27) (counts, 10-pt bins)",Spring to Fall,80-89,13.0
students,Willard Elementary School,assessments,STAR Reading,ast-graph-3,"STAR Reading Student Growth Percentile(s) (Fall SY27) (counts, 10-pt bins)",Spring to Fall,90-99,18.0
students,Willard Elementary School,assessments,STAR Early Literacy,ast-graph-2,"STAR Early Literacy Percentile Rank Distribution (Fall SY27) (counts, 10-pt bins)",,0-9,3.0
students,Willard Elementary School,assessments,STAR Early Literacy,ast-graph-2,"STAR Early Literacy Percentile Rank Distribution (Fall SY27) (counts, 10-pt bins)",,10-19,2.0
students,Willard Elementary School,assessments,STAR Early Literacy,ast-graph-2,"STAR Early Literacy Percentile Rank Distribution (Fall SY27) (counts, 10-pt bins)",,20-29,8.0
students,Willard Elementary School,assessments,STAR Early Literacy,ast-graph-2,"STAR Early Literacy Percentile Rank Distribution (Fall SY27) (counts, 10-pt bins)",,30-39,4.0
students,Willard Elementary School,assessments,STAR Early Literacy,ast-graph-2,"STAR Early Literacy Percentile Rank Distribution (Fall SY27) (counts, 10-pt bins)",,40-49,8.0
students,Willard Elementary School,assessments,STAR Early Literacy,ast-graph-2,"STAR Early Literacy Percentile Rank Distribution (Fall SY27) (counts, 10-pt bins)",,50-59,12.0
students,Willard Elementary School,assessments,STAR Early Literacy,ast-graph-2,"STAR Early Literacy Percentile Rank Distribution (Fall SY27) (counts, 10-pt bins)",,60-69,15.0
students,Willard Elementary School,assessments,STAR Early Literacy,ast-graph-2,"STAR Early Literacy Percentile Rank Distribution (Fall SY27) (counts, 10-pt bins)",,70-79,19.0
students,Willard Elementary School,assessments,STAR Early Literacy,ast-graph-2,"STAR Early Literacy Percentile Rank Distribution (Fall SY27) (counts, 10-pt bins)",,80-89,21.0
students,Willard Elementary School,assessments,STAR Early Literacy,ast-graph-2,"STAR Early Literacy Percentile Rank Distribution (Fall SY27) (counts, 10-pt bins)",,90-99,34.0
students,Willard Elementary School,assessments,STAR Early Literacy,ast-graph-3,"STAR Early Literacy Student Growth Percentile(s) (Fall SY27) (counts, 10-pt bins)",Fall to Fall,0-9,3.0
students,Willard Elementary School,assessments,STAR Early Literacy,ast-graph-3,"STAR Early Literacy Student Growth Percentile(s) (Fall SY27) (counts, 10-pt bins)",Fall to Fall,10-19,4.0
students,Willard Elementary School,assessments,STAR Early Literacy,ast-graph-3,"STAR Early Literacy Student Growth Percentile(s) (Fall SY27) (counts, 10-pt bins)",Fall to Fall,20-29,4.0
students,Willard Elementary School,assessments,STAR Early Literacy,ast-graph-3,"STAR Early Literacy Student Growth Percentile(s) (Fall SY27) (counts, 10-pt bins)",Fall to Fall,30-39,2.0
students,Willard Elementary School,assessments,STAR Early Literacy,ast-graph-3,"STAR Early Literacy Student Growth Percentile(s) (Fall SY27) (counts, 10-pt bins)",Fall to Fall,40-49,6.0
students,Willard Elementary School,assessments,STAR Early Literacy,ast-graph-3,"STAR Early Literacy Student Growth Percentile(s) (Fall SY27) (counts, 10-pt bins)",Fall to Fall,50-59,8.0
students,Willard Elementary School,assessments,STAR Early Literacy,ast-graph-3,"STAR Early Literacy Student Growth Percentile(s) (Fall SY27) (counts, 10-pt bins)",Fall to Fall,60-69,10.0
students,Willard Elementary School,assessments,STAR Early Literacy,ast-graph-3,"STAR Early Literacy Student Growth Percentile(s) (Fall SY27) (counts, 10-pt bins)",Fall to Fall,70-79,10.0
students,Willard Elementary School,assessments,STAR Early Literacy,ast-graph-3,"STAR Early Literacy Student Growth Percentile(s) (Fall SY27) (counts, 10-pt bins)",Fall to Fall,80-89,9.0
students,Willard Elementary School,assessments,STAR Early Literacy,ast-graph-3,"STAR Early Literacy Student Growth Percentile(s) (Fall SY27) (counts, 10-pt bins)",Fall to Fall,90-99,26.0
students,Willard Elementary School,assessments,STAR Early Literacy,ast-graph-3,"STAR Early Literacy Student Growth Percentile(s) (Fall SY27) (counts, 10-pt bins)",Spring to Fall,0-9,1.0
students,Willard Elementary School,assessments,STAR Early Literacy,ast-graph-3,"STAR Early Literacy Student Growth Percentile(s) (Fall SY27) (counts, 10-pt bins)",Spring to Fall,10-19,8.0
students,Willard Elementary School,assessments,STAR Early Literacy,ast-graph-3,"STAR Early Literacy Student Growth Percentile(s) (Fall SY27) (counts, 10-pt bins)",Spring to Fall,20-29,9.0
students,Willard Elementary School,assessments,STAR Early Literacy,ast-graph-3,"STAR Early Literacy Student Growth Percentile(s) (Fall SY27) (counts, 10-pt bins)",Spring to Fall,30-39,8.0
students,Willard Elementary School,assessments,STAR Early Literacy,ast-graph-3,"STAR Early Literacy Student Growth Percentile(s) (Fall SY27) (counts, 10-pt bins)",Spring to Fall,40-49,1.0
students,Willard Elementary School,assessments,STAR Early Literacy,ast-graph-3,"STAR Early Literacy Student Growth Percentile(s) (Fall SY27) (counts, 10-pt bins)",Spring to Fall,50-59,6.0
students,Willard Elementary School,assessments,STAR Early Literacy,ast-graph-3,"STAR Early Literacy Student Growth Percentile(s) (Fall SY27) (counts, 10-pt bins)",Spring to Fall,60-69,10.0
students,Willard Elementary School,assessments,STAR Early Literacy,ast-graph-3,"STAR Early Literacy Student Growth Percentile(s) (Fall SY27) (counts, 10-pt bins)",Spring to Fall,70-79,8.0
students,Willard Elementary School,assessments,STAR Early Literacy,ast-graph-3,"STAR Early Literacy Student Growth Percentile(s) (Fall SY27) (counts, 10-pt bins)",Spring to Fall,80-89,9.0
students,Willard Elementary School,assessments,STAR Early Literacy,ast-graph-3,"STAR Early Literacy Student Growth Percentile(s) (Fall SY27) (counts, 10-pt bins)",Spring to Fall,90-99,21.0
students,Willard Elementary School,assessments,i-Ready Math,ast-graph-2,"i-Ready Math — Percentile Distribution (counts, 10-pt bins)",,0-9,3.0
students,Willard Elementary School,assessments,i-Ready Math,ast-graph-2,"i-Ready Math — Percentile Distribution (counts, 10-pt bins)",,10-19,9.0
students,Willard Elementary School,assessments,i-Ready Math,ast-graph-2,"i-Ready Math — Percentile Distribution (counts, 10-pt bins)",,20-29,12.0
students,Willard Elementary School,assessments,i-Ready Math,ast-graph-2,"i-Ready Math — Percentile Distribution (counts, 10-pt bins)",,30-39,13.0
students,Willard Elementary School,assessments,i-Ready Math,ast-graph-2,"i-Ready Math — Percentile Distribution (counts, 10-pt bins)",,40-49,19.0
students,Willard Elementary School,assessments,i-Ready Math,ast-graph-2,"i-Ready Math — Percentile Distribution (counts, 10-pt bins)",,50-59,25.0
students,Willard Elementary School,assessments,i-Ready Math,ast-graph-2,"i-Ready Math — Percentile Distribution (counts, 10-pt bins)",,60-69,40.0
students,Willard Elementary School,assessments,i-Ready Math,ast-graph-2,"i-Ready Math — Percentile Distribution (counts, 10-pt bins)",,70-79,33.0
students,Willard Elementary School,assessments,i-Ready Math,ast-graph-2,"i-Ready Math — Percentile Distribution (counts, 10-pt bins)",,80-89,43.0
students,Willard Elementary School,assessments,i-Ready Math,ast-graph-2,"i-Ready Math — Percentile Distribution (counts, 10-pt bins)",,90-99,75.0
students,Willard Elementary School,assessments,i-Ready Math,ast-graph-3,"i-Ready Math — Percent Progress to Annual Typical Growth (counts, 10-pt bins)",,0-9,272.0
energy,All,utility-usage,,global-use,Annual Utility Usage,Electric,2018,26150.0
energy,All,utility-usage,,global-use,Annual Utility Usage,Electric,2019,25962.0
energy,All,utility-usage,,global-use,Annual Utility Usage,Electric,2020,19321.0
energy,All,utility-usage,,global-use,Annual Utility Usage,Electric,2021,24533.0
energy,All,utility-usage,,global-use,Annual Utility Usage,Electric,2022,25229.0
energy,All,utility-usage,,global-use,Annual Utility Usage,Electric,2023,21052.0
energy,All,utility-usage,,global-use,Annual Utility Usage,Electric,2024,20180.0
energy,All,utility-usage,,global-use,Annual Utility Usage,Electric,2025,19913.0
energy,All,utility-usage,,global-use,Annual Utility Usage,Electric,2026,11934.0
energy,All,utility-usage,,global-use,Annual Utility Usage,Natural Gas,2018,62577.0
energy,All,utility-usage,,global-use,Annual Utility Usage,Natural Gas,2019,64615.0
energy,All,utility-usage,,global-use,Annual Utility Usage,Natural Gas,2020,53242.0
energy,All,utility-usage,,global-use,Annual Utility Usage,Natural Gas,2021,57494.0
energy,All,utility-usage,,global-use,Annual Utility Usage,Natural Gas,2022,66635.0
energy,All,utility-usage,,global-use,Annual Utility Usage,Natural Gas,2023,53459.0
energy,All,utility-usage,,global-use,Annual Utility Usage,Natural Gas,2024,51332.0
energy,All,utility-usage,,global-use,Annual Utility Usage,Natural Gas,2025,60899.0
energy,All,utility-usage,,global-use,Annual Utility Usage,Natural Gas,2026,36096.0
energy,All,utility-usage,,ghg,Annual Carbon Emissions,Scope 1,2018,3098.0
energy,All,utility-usage,,ghg,Annual Carbon Emissions,Scope 1,2019,3477.0
energy,All,utility-usage,,ghg,Annual Carbon Emissions,Scope 1,2020,2874.0
energy,All,utility-usage,,ghg,Annual Carbon Emissions,Scope 1,2021,3120.0
energy,All,utility-usage,,ghg,Annual Carbon Emissions,Scope 1,2022,3618.0
energy,All,utility-usage,,ghg,Annual Carbon Emissions,Scope 1,2023,2912.0
energy,All,utility-usage,,ghg,Annual Carbon Emissions,Scope 1,2024,2779.0
energy,All,utility-usage,,ghg,Annual Carbon Emissions,Scope 1,2025,3288.0
energy,All,utility-usage,,ghg,Annual Carbon Emissions,Scope 1,2026,1945.0
energy,All,utility-usage,,ghg,Annual Carbon Emissions,Scope 2,2018,3911.0
energy,All,utility-usage,,ghg,Annual Carbon Emissions,Scope 2,2019,3694.0
energy,All,utility-usage,,ghg,Annual Carbon Emissions,Scope 2,2020,2559.0
energy,All,utility-usage,,ghg,Annual Carbon Emissions,Scope 2,2021,3411.0
energy,All,utility-usage,,ghg,Annual Carbon Emissions,Scope 2,2022,3365.0
energy,All,utility-usage,,ghg,Annual Carbon Emissions,Scope 2,2023,2565.0
energy,All,utility-usage,,ghg,Annual Carbon Emissions,Scope 2,2024,2457.0
energy,All,utility-usage,,ghg,Annual Carbon Emissions,Scope 2,2025,2424.0
energy,All,utility-usage,,ghg,Annual Carbon Emissions,Scope 2,2026,1454.0
energy,All,utility-usage,,global-use-school,Building Energy Use Intensity (EUI),2024,Chute,56.0
energy,All,utility-usage,,global-use-school,Building Energy Use Intensity (EUI),2024,Dawes,57.0
energy,All,utility-usage,,global-use-school,Building Energy Use Intensity (EUI),2024,Dewey,55.0
energy,All,utility-usage,,global-use-school,Building Energy Use Intensity (EUI),2024,Haven,37.0
energy,All,utility-usage,,global-use-school,Building Energy Use Intensity (EUI),2024,JEH,116.0
energy,All,utility-usage,,global-use-school,Building Energy Use Intensity (EUI),2024,King Arts,58.0
energy,All,utility-usage,,global-use-school,Building Energy Use Intensity (EUI),2024,Kingsley,51.0
energy,All,utility-usage,,global-use-school,Building Energy Use Intensity (EUI),2024,Lincoln,50.0
energy,All,utility-usage,,global-use-school,Building Energy Use Intensity (EUI),2024,Lincolnwood,47.0
energy,All,utility-usage,,global-use-school,Building Energy Use Intensity (EUI),2024,Nichols,43.0
energy,All,utility-usage,,global-use-school,Building Energy Use Intensity (EUI),2024,Oakton,39.0
energy,All,utility-usage,,global-use-school,Building Energy Use Intensity (EUI),2024,Orrington,48.0
energy,All,utility-usage,,global-use-school,Building Energy Use Intensity (EUI),2024,Park,51.0
energy,All,utility-usage,,global-use-school,Building Energy Use Intensity (EUI),2024,Rhodes,50.0
energy,All,utility-usage,,global-use-school,Building Energy Use Intensity (EUI),2024,Walker,56.0
energy,All,utility-usage,,global-use-school,Building Energy Use Intensity (EUI),2024,Warehouse,85.0
energy,All,utility-usage,,global-use-school,Building Energy Use Intensity (EUI),2024,Washington,69.0
energy,All,utility-usage,,global-use-school,Building Energy Use Intensity (EUI),2024,Willard,57.0
energy,All,utility-usage,,global-use-school,Building Energy Use Intensity (EUI),2025,Chute,62.0
energy,All,utility-usage,,global-use-school,Building Energy Use Intensity (EUI),2025,Dawes,64.0
energy,All,utility-usage,,global-use-school,Building Energy Use Intensity (EUI),2025,Dewey,62.0
energy,All,utility-usage,,global-use-school,Building Energy Use Intensity (EUI),2025,Haven,45.0
energy,All,utility-usage,,global-use-school,Building Energy Use Intensity (EUI),2025,JEH,116.0
energy,All,utility-usage,,global-use-school,Building Energy Use Intensity (EUI),2025,King Arts,70.0
energy,All,utility-usage,,global-use-school,Building Energy Use Intensity (EUI),2025,Kingsley,61.0
energy,All,utility-usage,,global-use-school,Building Energy Use Intensity (EUI),2025,Lincoln,55.0
energy,All,utility-usage,,global-use-school,Building Energy Use Intensity (EUI),2025,Lincolnwood,53.0
energy,All,utility-usage,,global-use-school,Building Energy Use Intensity (EUI),2025,Nichols,48.0
energy,All,utility-usage,,global-use-school,Building Energy Use Intensity (EUI),2025,Oakton,46.0
energy,All,utility-usage,,global-use-school,Building Energy Use Intensity (EUI),2025,Orrington,55.0
energy,All,utility-usage,,global-use-school,Building Energy Use Intensity (EUI),2025,Park,60.0
energy,All,utility-usage,,global-use-school,Building Energy Use Intensity (EUI),2025,Rhodes,56.0
energy,All,utility-usage,,global-use-school,Building Energy Use Intensity (EUI),2025,Walker,63.0
energy,All,utility-usage,,global-use-school,Building Energy Use Intensity (EUI),2025,Warehouse,100.0
energy,All,utility-usage,,global-use-school,Building Energy Use Intensity (EUI),2025,Washington,78.0
energy,All,utility-usage,,global-use-school,Building Energy Use Intensity (EUI),2025,Willard,60.0
energy,All,utility-usage,,global-use-school,Building Energy Use Intensity (EUI),2026,Chute,37.0
energy,All,utility-usage,,global-use-school,Building Energy Use Intensity (EUI),2026,Dawes,37.0
energy,All,utility-usage,,global-use-school,Building Energy Use Intensity (EUI),2026,Dewey,40.0
energy,All,utility-usage,,global-use-school,Building Energy Use Intensity (EUI),2026,Haven,25.0
energy,All,utility-usage,,global-use-school,Building Energy Use Intensity (EUI),2026,JEH,63.0
energy,All,utility-usage,,global-use-school,Building Energy Use Intensity (EUI),2026,King Arts,44.0
energy,All,utility-usage,,global-use-school,Building Energy Use Intensity (EUI),2026,Kingsley,37.0
energy,All,utility-usage,,global-use-school,Building Energy Use Intensity (EUI),2026,Lincoln,32.0
energy,All,utility-usage,,global-use-school,Building Energy Use Intensity (EUI),2026,Lincolnwood,32.0
energy,All,utility-usage,,global-use-school,Building Energy Use Intensity (EUI),2026,Nichols,27.0
energy,All,utility-usage,,global-use-school,Building Energy Use Intensity (EUI),2026,Oakton,27.0
energy,All,utility-usage,,global-use-school,Building Energy Use Intensity (EUI),2026,Orrington,34.0
energy,All,utility-usage,,global-use-school,Building Energy Use Intensity (EUI),2026,Park,35.0
energy,All,utility-usage,,global-use-school,Building Energy Use Intensity (EUI),2026,Rhodes,32.0
energy,All,utility-usage,,global-use-school,Building Energy Use Intensity (EUI),2026,Walker,38.0
energy,All,utility-usage,,global-use-school,Building Energy Use Intensity (EUI),2026,Warehouse,56.0
energy,All,utility-usage,,global-use-school,Building Energy Use Intensity (EUI),2026,Washington,50.0
energy,All,utility-usage,,global-use-school,Building Energy Use Intensity (EUI),2026,Willard,37.0
energy,All,utility-usage,,ghg-school,Building Carbon Emissions,2024,Chute,440.0
energy,All,utility-usage,,ghg-school,Building Carbon Emissions,2024,Dawes,228.0
energy,All,utility-usage,,ghg-school,Building Carbon Emissions,2024,Dewey,257.0
energy,All,utility-usage,,ghg-school,Building Carbon Emissions,2024,Haven,379.0
energy,All,utility-usage,,ghg-school,Building Carbon Emissions,2024,JEH,640.0
energy,All,utility-usage,,ghg-school,Building Carbon Emissions,2024,King Arts,421.0
energy,All,utility-usage,,ghg-school,Building Carbon Emissions,2024,Kingsley,212.0
energy,All,utility-usage,,ghg-school,Building Carbon Emissions,2024,Lincoln,268.0
energy,All,utility-usage,,ghg-school,Building Carbon Emissions,2024,Lincolnwood,197.0
energy,All,utility-usage,,ghg-school,Building Carbon Emissions,2024,Nichols,317.0
energy,All,utility-usage,,ghg-school,Building Carbon Emissions,2024,Oakton,266.0
energy,All,utility-usage,,ghg-school,Building Carbon Emissions,2024,Orrington,165.0
energy,All,utility-usage,,ghg-school,Building Carbon Emissions,2024,Park,138.0
energy,All,utility-usage,,ghg-school,Building Carbon Emissions,2024,Rhodes,192.0
energy,All,utility-usage,,ghg-school,Building Carbon Emissions,2024,Walker,201.0
energy,All,utility-usage,,ghg-school,Building Carbon Emissions,2024,Warehouse,238.0
energy,All,utility-usage,,ghg-school,Building Carbon Emissions,2024,Washington,371.0
energy,All,utility-usage,,ghg-school,Building Carbon Emissions,2024,Willard,257.0
energy,All,utility-usage,,ghg-school,Building Carbon Emissions,2025,Chute,471.0
energy,All,utility-usage,,ghg-school,Building Carbon Emissions,2025,Dawes,248.0
energy,All,utility-usage,,ghg-school,Building Carbon Emissions,2025,Dewey,285.0
energy,All,utility-usage,,ghg-school,Building Carbon Emissions,2025,Haven,432.0
energy,All,utility-usage,,ghg-school,Building Carbon Emissions,2025,JEH,638.0
energy,All,utility-usage,,ghg-school,Building Carbon Emissions,2025,King Arts,486.0
energy,All,utility-usage,,ghg-school,Building Carbon Emissions,2025,Kingsley,246.0
energy,All,utility-usage,,ghg-school,Building Carbon Emissions,2025,Lincoln,286.0
energy,All,utility-usage,,ghg-school,Building Carbon Emissions,2025,Lincolnwood,218.0
energy,All,utility-usage,,ghg-school,Building Carbon Emissions,2025,Nichols,340.0
energy,All,utility-usage,,ghg-school,Building Carbon Emissions,2025,Oakton,302.0
energy,All,utility-usage,,ghg-school,Building Carbon Emissions,2025,Orrington,184.0
energy,All,utility-usage,,ghg-school,Building Carbon Emissions,2025,Park,158.0
energy,All,utility-usage,,ghg-school,Building Carbon Emissions,2025,Rhodes,207.0
energy,All,utility-usage,,ghg-school,Building Carbon Emissions,2025,Walker,209.0
energy,All,utility-usage,,ghg-school,Building Carbon Emissions,2025,Warehouse,274.0
energy,All,utility-usage,,ghg-school,Building Carbon Emissions,2025,Washington,408.0
energy,All,utility-usage,,ghg-school,Building Carbon Emissions,2025,Willard,260.0
energy,All,utility-usage,,ghg-school,Building Carbon Emissions,2026,Chute,280.0
energy,All,utility-usage,,ghg-school,Building Carbon Emissions,2026,Dawes,145.0
energy,All,utility-usage,,ghg-school,Building Carbon Emissions,2026,Dewey,183.0
energy,All,utility-usage,,ghg-school,Building Carbon Emissions,2026,Haven,246.0
energy,All,utility-usage,,ghg-school,Building Carbon Emissions,2026,JEH,359.0
energy,All,utility-usage,,ghg-school,Building Carbon Emissions,2026,King Arts,311.0
energy,All,utility-usage,,ghg-school,Building Carbon Emissions,2026,Kingsley,143.0
energy,All,utility-usage,,ghg-school,Building Carbon Emissions,2026,Lincoln,168.0
energy,All,utility-usage,,ghg-school,Building Carbon Emissions,2026,Lincolnwood,132.0
energy,All,utility-usage,,ghg-school,Building Carbon Emissions,2026,Nichols,196.0
energy,All,utility-usage,,ghg-school,Building Carbon Emissions,2026,Oakton,178.0
energy,All,utility-usage,,ghg-school,Building Carbon Emissions,2026,Orrington,109.0
energy,All,utility-usage,,ghg-school,Building Carbon Emissions,2026,Park,90.0
energy,All,utility-usage,,ghg-school,Building Carbon Emissions,2026,Rhodes,119.0
energy,All,utility-usage,,ghg-school,Building Carbon Emissions,2026,Walker,135.0
energy,All,utility-usage,,ghg-school,Building Carbon Emissions,2026,Warehouse,153.0
energy,All,utility-usage,,ghg-school,Building Carbon Emissions,2026,Washington,256.0
energy,All,utility-usage,,ghg-school,Building Carbon Emissions,2026,Willard,162.0
energy,All,utility-usage,,cost,"Annual Cost (Electric, Natural Gas, Water)",directCost,2018,1169159.37
energy,All,utility-usage,,cost,"Annual Cost (Electric, Natural Gas, Water)",directCost,2019,1206347.11
energy,All,utility-usage,,cost,"Annual Cost (Electric, Natural Gas, Water)",directCost,2020,930877.84
energy,All,utility-usage,,cost,"Annual Cost (Electric, Natural Gas, Water)",directCost,2021,1063414.23
energy,All,utility-usage,,cost,"Annual Cost (Electric, Natural Gas, Water)",directCost,2022,1125821.56
energy,All,utility-usage,,cost,"Annual Cost (Electric, Natural Gas, Water)",directCost,2023,1097884.6
energy,All,utility-usage,,cost,"Annual Cost (Electric, Natural Gas, Water)",directCost,2024,1181401.28
energy,All,utility-usage,,cost,"Annual Cost (Electric, Natural Gas, Water)",directCost,2025,1333898.35
energy,All,utility-usage,,cost,"Annual Cost (Electric, Natural Gas, Water)",directCost,2026,816118.59
energy,All,utility-usage,,eui,Annual Building Energy Use Intensity (EUI),,2018,68.36
energy,All,utility-usage,,eui,Annual Building Energy Use Intensity (EUI),,2019,69.78
energy,All,utility-usage,,eui,Annual Building Energy Use Intensity (EUI),,2020,55.9
energy,All,utility-usage,,eui,Annual Building Energy Use Intensity (EUI),,2021,63.2
energy,All,utility-usage,,eui,Annual Building Energy Use Intensity (EUI),,2022,70.77
energy,All,utility-usage,,eui,Annual Building Energy Use Intensity (EUI),,2023,57.4
energy,All,utility-usage,,eui,Annual Building Energy Use Intensity (EUI),,2024,55.09
energy,All,utility-usage,,eui,Annual Building Energy Use Intensity (EUI),,2025,62.26
energy,All,utility-usage,,eui,Annual Building Energy Use Intensity (EUI),,2026,37.0
energy,All,utility-usage,,cost-savings,Utility SavingsMoney saved by using less energy and water(2026 vs. 2018 usage at today's rates)Jan – Aug 2026 vs. same period 2018,,value,265516.38
energy,All,utility-usage,,cost-savings-school,Utility Savings per Sq Ft (2026 vs. 2018 usage at today's rates),,Chute,0.26
energy,All,utility-usage,,cost-savings-school,Utility Savings per Sq Ft (2026 vs. 2018 usage at today's rates),,Dawes,0.16
energy,All,utility-usage,,cost-savings-school,Utility Savings per Sq Ft (2026 vs. 2018 usage at today's rates),,Dewey,0.16
energy,All,utility-usage,,cost-savings-school,Utility Savings per Sq Ft (2026 vs. 2018 usage at today's rates),,Haven,0.16
energy,All,utility-usage,,cost-savings-school,Utility Savings per Sq Ft (2026 vs. 2018 usage at today's rates),,JEH,0.64
energy,All,utility-usage,,cost-savings-school,Utility Savings per Sq Ft (2026 vs. 2018 usage at today's rates),,King Arts,0.14
energy,All,utility-usage,,cost-savings-school,Utility Savings per Sq Ft (2026 vs. 2018 usage at today's rates),,Kingsley,0.13
energy,All,utility-usage,,cost-savings-school,Utility Savings per Sq Ft (2026 vs. 2018 usage at today's rates),,Lincoln,0.3
energy,All,utility-usage,,cost-savings-school,Utility Savings per Sq Ft (2026 vs. 2018 usage at today's rates),,Lincolnwood,0.04
energy,All,utility-usage,,cost-savings-school,Utility Savings per Sq Ft (2026 vs. 2018 usage at today's rates),,Nichols,0.21
energy,All,utility-usage,,cost-savings-school,Utility Savings per Sq Ft (2026 vs. 2018 usage at today's rates),,Oakton,0.17
energy,All,utility-usage,,cost-savings-school,Utility Savings per Sq Ft (2026 vs. 2018 usage at today's rates),,Orrington,0.19
energy,All,utility-usage,,cost-savings-school,Utility Savings per Sq Ft (2026 vs. 2018 usage at today's rates),,Park,0.34
energy,All,utility-usage,,cost-savings-school,Utility Savings per Sq Ft (2026 vs. 2018 usage at today's rates),,Rhodes,0.19
energy,All,utility-usage,,cost-savings-school,Utility Savings per Sq Ft (2026 vs. 2018 usage at today's rates),,Walker,0.19
energy,All,utility-usage,,cost-savings-school,Utility Savings per Sq Ft (2026 vs. 2018 usage at today's rates),,Warehouse,-0.02
energy,All,utility-usage,,cost-savings-school,Utility Savings per Sq Ft (2026 vs. 2018 usage at today's rates),,Washington,0.16
energy,All,utility-usage,,cost-savings-school,Utility Savings per Sq Ft (2026 vs. 2018 usage at today's rates),,Willard,0.21
energy,Chute,utility-usage,,global-use,Annual Utility Usage,Electric,2018,2349.0
energy,Chute,utility-usage,,global-use,Annual Utility Usage,Electric,2019,2363.0
energy,Chute,utility-usage,,global-use,Annual Utility Usage,Electric,2020,1732.0
energy,Chute,utility-usage,,global-use,Annual Utility Usage,Electric,2021,2152.0
energy,Chute,utility-usage,,global-use,Annual Utility Usage,Electric,2022,2010.0
energy,Chute,utility-usage,,global-use,Annual Utility Usage,Electric,2023,1506.0
energy,Chute,utility-usage,,global-use,Annual Utility Usage,Electric,2024,1541.0
energy,Chute,utility-usage,,global-use,Annual Utility Usage,Electric,2025,1494.0
energy,Chute,utility-usage,,global-use,Annual Utility Usage,Electric,2026,846.0
energy,Chute,utility-usage,,global-use,Annual Utility Usage,Natural Gas,2018,5849.0
energy,Chute,utility-usage,,global-use,Annual Utility Usage,Natural Gas,2019,5731.0
energy,Chute,utility-usage,,global-use,Annual Utility Usage,Natural Gas,2020,4844.0
energy,Chute,utility-usage,,global-use,Annual Utility Usage,Natural Gas,2021,5722.0
energy,Chute,utility-usage,,global-use,Annual Utility Usage,Natural Gas,2022,6854.0
energy,Chute,utility-usage,,global-use,Annual Utility Usage,Natural Gas,2023,5455.0
energy,Chute,utility-usage,,global-use,Annual Utility Usage,Natural Gas,2024,4744.0
energy,Chute,utility-usage,,global-use,Annual Utility Usage,Natural Gas,2025,5454.0
energy,Chute,utility-usage,,global-use,Annual Utility Usage,Natural Gas,2026,3347.0
energy,Chute,utility-usage,,ghg,Annual Carbon Emissions,Scope 1,2018,311.0
energy,Chute,utility-usage,,ghg,Annual Carbon Emissions,Scope 1,2019,303.0
energy,Chute,utility-usage,,ghg,Annual Carbon Emissions,Scope 1,2020,258.0
energy,Chute,utility-usage,,ghg,Annual Carbon Emissions,Scope 1,2021,305.0
energy,Chute,utility-usage,,ghg,Annual Carbon Emissions,Scope 1,2022,363.0
energy,Chute,utility-usage,,ghg,Annual Carbon Emissions,Scope 1,2023,290.0
energy,Chute,utility-usage,,ghg,Annual Carbon Emissions,Scope 1,2024,252.0
energy,Chute,utility-usage,,ghg,Annual Carbon Emissions,Scope 1,2025,289.0
energy,Chute,utility-usage,,ghg,Annual Carbon Emissions,Scope 1,2026,178.0
energy,Chute,utility-usage,,ghg,Annual Carbon Emissions,Scope 2,2018,336.0
energy,Chute,utility-usage,,ghg,Annual Carbon Emissions,Scope 2,2019,337.0
energy,Chute,utility-usage,,ghg,Annual Carbon Emissions,Scope 2,2020,228.0
energy,Chute,utility-usage,,ghg,Annual Carbon Emissions,Scope 2,2021,300.0
energy,Chute,utility-usage,,ghg,Annual Carbon Emissions,Scope 2,2022,269.0
energy,Chute,utility-usage,,ghg,Annual Carbon Emissions,Scope 2,2023,184.0
energy,Chute,utility-usage,,ghg,Annual Carbon Emissions,Scope 2,2024,187.0
energy,Chute,utility-usage,,ghg,Annual Carbon Emissions,Scope 2,2025,182.0
energy,Chute,utility-usage,,ghg,Annual Carbon Emissions,Scope 2,2026,103.0
energy,Chute,utility-usage,,cost,"Annual Cost (Electric, Natural Gas, Water)",directCost,2018,97585.92
energy,Chute,utility-usage,,cost,"Annual Cost (Electric, Natural Gas, Water)",directCost,2019,101422.47
energy,Chute,utility-usage,,cost,"Annual Cost (Electric, Natural Gas, Water)",directCost,2020,74609.25
energy,Chute,utility-usage,,cost,"Annual Cost (Electric, Natural Gas, Water)",directCost,2021,84973.05
energy,Chute,utility-usage,,cost,"Annual Cost (Electric, Natural Gas, Water)",directCost,2022,93999.95
energy,Chute,utility-usage,,cost,"Annual Cost (Electric, Natural Gas, Water)",directCost,2023,82527.92
energy,Chute,utility-usage,,cost,"Annual Cost (Electric, Natural Gas, Water)",directCost,2024,91815.46
energy,Chute,utility-usage,,cost,"Annual Cost (Electric, Natural Gas, Water)",directCost,2025,102361.75
energy,Chute,utility-usage,,cost,"Annual Cost (Electric, Natural Gas, Water)",directCost,2026,61941.46
energy,Chute,utility-usage,,eui,Annual Building Energy Use Intensity (EUI),,2018,72.61
energy,Chute,utility-usage,,eui,Annual Building Energy Use Intensity (EUI),,2019,71.69
energy,Chute,utility-usage,,eui,Annual Building Energy Use Intensity (EUI),,2020,58.24
energy,Chute,utility-usage,,eui,Annual Building Energy Use Intensity (EUI),,2021,69.74
energy,Chute,utility-usage,,eui,Annual Building Energy Use Intensity (EUI),,2022,78.51
energy,Chute,utility-usage,,eui,Annual Building Energy Use Intensity (EUI),,2023,61.66
energy,Chute,utility-usage,,eui,Annual Building Energy Use Intensity (EUI),,2024,55.67
energy,Chute,utility-usage,,eui,Annual Building Energy Use Intensity (EUI),,2025,61.54
energy,Chute,utility-usage,,eui,Annual Building Energy Use Intensity (EUI),,2026,37.14
energy,Chute,utility-usage,,cost-savings,Utility SavingsMoney saved by using less energy and water(2026 vs. 2018 usage at today's rates)Jan – Aug 2026 vs. same period 2018,,value,29550.91
energy,Dawes,utility-usage,,global-use,Annual Utility Usage,Electric,2018,971.0
energy,Dawes,utility-usage,,global-use,Annual Utility Usage,Electric,2019,994.0
energy,Dawes,utility-usage,,global-use,Annual Utility Usage,Electric,2020,635.0
energy,Dawes,utility-usage,,global-use,Annual Utility Usage,Electric,2021,845.0
energy,Dawes,utility-usage,,global-use,Annual Utility Usage,Electric,2022,940.0
energy,Dawes,utility-usage,,global-use,Annual Utility Usage,Electric,2023,790.0
energy,Dawes,utility-usage,,global-use,Annual Utility Usage,Electric,2024,761.0
energy,Dawes,utility-usage,,global-use,Annual Utility Usage,Electric,2025,743.0
energy,Dawes,utility-usage,,global-use,Annual Utility Usage,Electric,2026,447.0
energy,Dawes,utility-usage,,global-use,Annual Utility Usage,Natural Gas,2018,3226.0
energy,Dawes,utility-usage,,global-use,Annual Utility Usage,Natural Gas,2019,3498.0
energy,Dawes,utility-usage,,global-use,Annual Utility Usage,Natural Gas,2020,3028.0
energy,Dawes,utility-usage,,global-use,Annual Utility Usage,Natural Gas,2021,2838.0
energy,Dawes,utility-usage,,global-use,Annual Utility Usage,Natural Gas,2022,3387.0
energy,Dawes,utility-usage,,global-use,Annual Utility Usage,Natural Gas,2023,2775.0
energy,Dawes,utility-usage,,global-use,Annual Utility Usage,Natural Gas,2024,2547.0
energy,Dawes,utility-usage,,global-use,Annual Utility Usage,Natural Gas,2025,2968.0
energy,Dawes,utility-usage,,global-use,Annual Utility Usage,Natural Gas,2026,1715.0
energy,Dawes,utility-usage,,ghg,Annual Carbon Emissions,Scope 1,2018,144.0
energy,Dawes,utility-usage,,ghg,Annual Carbon Emissions,Scope 1,2019,185.0
energy,Dawes,utility-usage,,ghg,Annual Carbon Emissions,Scope 1,2020,161.0
energy,Dawes,utility-usage,,ghg,Annual Carbon Emissions,Scope 1,2021,151.0
energy,Dawes,utility-usage,,ghg,Annual Carbon Emissions,Scope 1,2022,179.0
energy,Dawes,utility-usage,,ghg,Annual Carbon Emissions,Scope 1,2023,148.0
energy,Dawes,utility-usage,,ghg,Annual Carbon Emissions,Scope 1,2024,135.0
energy,Dawes,utility-usage,,ghg,Annual Carbon Emissions,Scope 1,2025,157.0
energy,Dawes,utility-usage,,ghg,Annual Carbon Emissions,Scope 1,2026,91.0
energy,Dawes,utility-usage,,ghg,Annual Carbon Emissions,Scope 2,2018,137.0
energy,Dawes,utility-usage,,ghg,Annual Carbon Emissions,Scope 2,2019,142.0
energy,Dawes,utility-usage,,ghg,Annual Carbon Emissions,Scope 2,2020,84.0
energy,Dawes,utility-usage,,ghg,Annual Carbon Emissions,Scope 2,2021,118.0
energy,Dawes,utility-usage,,ghg,Annual Carbon Emissions,Scope 2,2022,126.0
energy,Dawes,utility-usage,,ghg,Annual Carbon Emissions,Scope 2,2023,96.0
energy,Dawes,utility-usage,,ghg,Annual Carbon Emissions,Scope 2,2024,93.0
energy,Dawes,utility-usage,,ghg,Annual Carbon Emissions,Scope 2,2025,90.0
energy,Dawes,utility-usage,,ghg,Annual Carbon Emissions,Scope 2,2026,54.0
energy,Dawes,utility-usage,,cost,"Annual Cost (Electric, Natural Gas, Water)",directCost,2018,52007.07
energy,Dawes,utility-usage,,cost,"Annual Cost (Electric, Natural Gas, Water)",directCost,2019,55458.02
energy,Dawes,utility-usage,,cost,"Annual Cost (Electric, Natural Gas, Water)",directCost,2020,38830.85
energy,Dawes,utility-usage,,cost,"Annual Cost (Electric, Natural Gas, Water)",directCost,2021,43704.04
energy,Dawes,utility-usage,,cost,"Annual Cost (Electric, Natural Gas, Water)",directCost,2022,53075.69
energy,Dawes,utility-usage,,cost,"Annual Cost (Electric, Natural Gas, Water)",directCost,2023,48733.31
energy,Dawes,utility-usage,,cost,"Annual Cost (Electric, Natural Gas, Water)",directCost,2024,50708.42
energy,Dawes,utility-usage,,cost,"Annual Cost (Electric, Natural Gas, Water)",directCost,2025,57662.51
energy,Dawes,utility-usage,,cost,"Annual Cost (Electric, Natural Gas, Water)",directCost,2026,34897.64
energy,Dawes,utility-usage,,eui,Annual Building Energy Use Intensity (EUI),,2018,72.74
energy,Dawes,utility-usage,,eui,Annual Building Energy Use Intensity (EUI),,2019,77.85
energy,Dawes,utility-usage,,eui,Annual Building Energy Use Intensity (EUI),,2020,63.49
energy,Dawes,utility-usage,,eui,Annual Building Energy Use Intensity (EUI),,2021,63.83
energy,Dawes,utility-usage,,eui,Annual Building Energy Use Intensity (EUI),,2022,74.99
energy,Dawes,utility-usage,,eui,Annual Building Energy Use Intensity (EUI),,2023,61.78
energy,Dawes,utility-usage,,eui,Annual Building Energy Use Intensity (EUI),,2024,57.32
energy,Dawes,utility-usage,,eui,Annual Building Energy Use Intensity (EUI),,2025,64.32
energy,Dawes,utility-usage,,eui,Annual Building Energy Use Intensity (EUI),,2026,37.47
energy,Dawes,utility-usage,,cost-savings,Utility SavingsMoney saved by using less energy and water(2026 vs. 2018 usage at today's rates)Jan – Aug 2026 vs. same period 2018,,value,8943.93
energy,Dewey,utility-usage,,global-use,Annual Utility Usage,Electric,2018,1318.0
energy,Dewey,utility-usage,,global-use,Annual Utility Usage,Electric,2019,1336.0
energy,Dewey,utility-usage,,global-use,Annual Utility Usage,Electric,2020,895.0
energy,Dewey,utility-usage,,global-use,Annual Utility Usage,Electric,2021,1176.0
energy,Dewey,utility-usage,,global-use,Annual Utility Usage,Electric,2022,1473.0
energy,Dewey,utility-usage,,global-use,Annual Utility Usage,Electric,2023,1308.0
energy,Dewey,utility-usage,,global-use,Annual Utility Usage,Electric,2024,991.0
energy,Dewey,utility-usage,,global-use,Annual Utility Usage,Electric,2025,1013.0
energy,Dewey,utility-usage,,global-use,Annual Utility Usage,Electric,2026,637.0
energy,Dewey,utility-usage,,global-use,Annual Utility Usage,Natural Gas,2018,3195.0
energy,Dewey,utility-usage,,global-use,Annual Utility Usage,Natural Gas,2019,3407.0
energy,Dewey,utility-usage,,global-use,Annual Utility Usage,Natural Gas,2020,2625.0
energy,Dewey,utility-usage,,global-use,Annual Utility Usage,Natural Gas,2021,3120.0
energy,Dewey,utility-usage,,global-use,Annual Utility Usage,Natural Gas,2022,3369.0
energy,Dewey,utility-usage,,global-use,Annual Utility Usage,Natural Gas,2023,2506.0
energy,Dewey,utility-usage,,global-use,Annual Utility Usage,Natural Gas,2024,2564.0
energy,Dewey,utility-usage,,global-use,Annual Utility Usage,Natural Gas,2025,3056.0
energy,Dewey,utility-usage,,global-use,Annual Utility Usage,Natural Gas,2026,1983.0
energy,Dewey,utility-usage,,ghg,Annual Carbon Emissions,Scope 1,2018,170.0
energy,Dewey,utility-usage,,ghg,Annual Carbon Emissions,Scope 1,2019,180.0
energy,Dewey,utility-usage,,ghg,Annual Carbon Emissions,Scope 1,2020,140.0
energy,Dewey,utility-usage,,ghg,Annual Carbon Emissions,Scope 1,2021,166.0
energy,Dewey,utility-usage,,ghg,Annual Carbon Emissions,Scope 1,2022,178.0
energy,Dewey,utility-usage,,ghg,Annual Carbon Emissions,Scope 1,2023,133.0
energy,Dewey,utility-usage,,ghg,Annual Carbon Emissions,Scope 1,2024,136.0
energy,Dewey,utility-usage,,ghg,Annual Carbon Emissions,Scope 1,2025,162.0
energy,Dewey,utility-usage,,ghg,Annual Carbon Emissions,Scope 1,2026,105.0
energy,Dewey,utility-usage,,ghg,Annual Carbon Emissions,Scope 2,2018,203.0
energy,Dewey,utility-usage,,ghg,Annual Carbon Emissions,Scope 2,2019,190.0
energy,Dewey,utility-usage,,ghg,Annual Carbon Emissions,Scope 2,2020,119.0
energy,Dewey,utility-usage,,ghg,Annual Carbon Emissions,Scope 2,2021,163.0
energy,Dewey,utility-usage,,ghg,Annual Carbon Emissions,Scope 2,2022,196.0
energy,Dewey,utility-usage,,ghg,Annual Carbon Emissions,Scope 2,2023,159.0
energy,Dewey,utility-usage,,ghg,Annual Carbon Emissions,Scope 2,2024,121.0
energy,Dewey,utility-usage,,ghg,Annual Carbon Emissions,Scope 2,2025,123.0
energy,Dewey,utility-usage,,ghg,Annual Carbon Emissions,Scope 2,2026,78.0
energy,Dewey,utility-usage,,cost,"Annual Cost (Electric, Natural Gas, Water)",directCost,2018,58404.15
energy,Dewey,utility-usage,,cost,"Annual Cost (Electric, Natural Gas, Water)",directCost,2019,63754.09
energy,Dewey,utility-usage,,cost,"Annual Cost (Electric, Natural Gas, Water)",directCost,2020,47565.21
energy,Dewey,utility-usage,,cost,"Annual Cost (Electric, Natural Gas, Water)",directCost,2021,55449.6
energy,Dewey,utility-usage,,cost,"Annual Cost (Electric, Natural Gas, Water)",directCost,2022,61663.75
energy,Dewey,utility-usage,,cost,"Annual Cost (Electric, Natural Gas, Water)",directCost,2023,59623.12
energy,Dewey,utility-usage,,cost,"Annual Cost (Electric, Natural Gas, Water)",directCost,2024,59368.97
energy,Dewey,utility-usage,,cost,"Annual Cost (Electric, Natural Gas, Water)",directCost,2025,69640.14
energy,Dewey,utility-usage,,cost,"Annual Cost (Electric, Natural Gas, Water)",directCost,2026,45026.15
energy,Dewey,utility-usage,,eui,Annual Building Energy Use Intensity (EUI),,2018,69.25
energy,Dewey,utility-usage,,eui,Annual Building Energy Use Intensity (EUI),,2019,72.77
energy,Dewey,utility-usage,,eui,Annual Building Energy Use Intensity (EUI),,2020,54.0
energy,Dewey,utility-usage,,eui,Annual Building Energy Use Intensity (EUI),,2021,65.92
energy,Dewey,utility-usage,,eui,Annual Building Energy Use Intensity (EUI),,2022,74.31
energy,Dewey,utility-usage,,eui,Annual Building Energy Use Intensity (EUI),,2023,58.52
energy,Dewey,utility-usage,,eui,Annual Building Energy Use Intensity (EUI),,2024,54.54
energy,Dewey,utility-usage,,eui,Annual Building Energy Use Intensity (EUI),,2025,62.44
energy,Dewey,utility-usage,,eui,Annual Building Energy Use Intensity (EUI),,2026,40.21
energy,Dewey,utility-usage,,cost-savings,Utility SavingsMoney saved by using less energy and water(2026 vs. 2018 usage at today's rates)Jan – Aug 2026 vs. same period 2018,,value,10523.76
energy,Haven,utility-usage,,global-use,Annual Utility Usage,Electric,2018,2015.0
energy,Haven,utility-usage,,global-use,Annual Utility Usage,Electric,2019,1961.0
energy,Haven,utility-usage,,global-use,Annual Utility Usage,Electric,2020,1439.0
energy,Haven,utility-usage,,global-use,Annual Utility Usage,Electric,2021,2283.0
energy,Haven,utility-usage,,global-use,Annual Utility Usage,Electric,2022,2028.0
energy,Haven,utility-usage,,global-use,Annual Utility Usage,Electric,2023,1585.0
energy,Haven,utility-usage,,global-use,Annual Utility Usage,Electric,2024,1389.0
energy,Haven,utility-usage,,global-use,Annual Utility Usage,Electric,2025,1402.0
energy,Haven,utility-usage,,global-use,Annual Utility Usage,Electric,2026,797.0
energy,Haven,utility-usage,,global-use,Annual Utility Usage,Natural Gas,2018,4701.0
energy,Haven,utility-usage,,global-use,Annual Utility Usage,Natural Gas,2019,5229.0
energy,Haven,utility-usage,,global-use,Annual Utility Usage,Natural Gas,2020,4383.0
energy,Haven,utility-usage,,global-use,Annual Utility Usage,Natural Gas,2021,4560.0
energy,Haven,utility-usage,,global-use,Annual Utility Usage,Natural Gas,2022,5109.0
energy,Haven,utility-usage,,global-use,Annual Utility Usage,Natural Gas,2023,4117.0
energy,Haven,utility-usage,,global-use,Annual Utility Usage,Natural Gas,2024,3940.0
energy,Haven,utility-usage,,global-use,Annual Utility Usage,Natural Gas,2025,4934.0
energy,Haven,utility-usage,,global-use,Annual Utility Usage,Natural Gas,2026,2803.0
energy,Haven,utility-usage,,ghg,Annual Carbon Emissions,Scope 1,2018,197.0
energy,Haven,utility-usage,,ghg,Annual Carbon Emissions,Scope 1,2019,277.0
energy,Haven,utility-usage,,ghg,Annual Carbon Emissions,Scope 1,2020,233.0
energy,Haven,utility-usage,,ghg,Annual Carbon Emissions,Scope 1,2021,243.0
energy,Haven,utility-usage,,ghg,Annual Carbon Emissions,Scope 1,2022,270.0
energy,Haven,utility-usage,,ghg,Annual Carbon Emissions,Scope 1,2023,219.0
energy,Haven,utility-usage,,ghg,Annual Carbon Emissions,Scope 1,2024,210.0
energy,Haven,utility-usage,,ghg,Annual Carbon Emissions,Scope 1,2025,261.0
energy,Haven,utility-usage,,ghg,Annual Carbon Emissions,Scope 1,2026,149.0
energy,Haven,utility-usage,,ghg,Annual Carbon Emissions,Scope 2,2018,287.0
energy,Haven,utility-usage,,ghg,Annual Carbon Emissions,Scope 2,2019,280.0
energy,Haven,utility-usage,,ghg,Annual Carbon Emissions,Scope 2,2020,190.0
energy,Haven,utility-usage,,ghg,Annual Carbon Emissions,Scope 2,2021,319.0
energy,Haven,utility-usage,,ghg,Annual Carbon Emissions,Scope 2,2022,272.0
energy,Haven,utility-usage,,ghg,Annual Carbon Emissions,Scope 2,2023,193.0
energy,Haven,utility-usage,,ghg,Annual Carbon Emissions,Scope 2,2024,169.0
energy,Haven,utility-usage,,ghg,Annual Carbon Emissions,Scope 2,2025,171.0
energy,Haven,utility-usage,,ghg,Annual Carbon Emissions,Scope 2,2026,97.0
energy,Haven,utility-usage,,cost,"Annual Cost (Electric, Natural Gas, Water)",directCost,2018,90024.67
energy,Haven,utility-usage,,cost,"Annual Cost (Electric, Natural Gas, Water)",directCost,2019,94126.13
energy,Haven,utility-usage,,cost,"Annual Cost (Electric, Natural Gas, Water)",directCost,2020,70784.76
energy,Haven,utility-usage,,cost,"Annual Cost (Electric, Natural Gas, Water)",directCost,2021,87824.42
energy,Haven,utility-usage,,cost,"Annual Cost (Electric, Natural Gas, Water)",directCost,2022,87293.56
energy,Haven,utility-usage,,cost,"Annual Cost (Electric, Natural Gas, Water)",directCost,2023,88033.71
energy,Haven,utility-usage,,cost,"Annual Cost (Electric, Natural Gas, Water)",directCost,2024,83902.8
energy,Haven,utility-usage,,cost,"Annual Cost (Electric, Natural Gas, Water)",directCost,2025,95501.83
energy,Haven,utility-usage,,cost,"Annual Cost (Electric, Natural Gas, Water)",directCost,2026,56081.65
energy,Haven,utility-usage,,eui,Annual Building Energy Use Intensity (EUI),,2018,47.26
energy,Haven,utility-usage,,eui,Annual Building Energy Use Intensity (EUI),,2019,50.59
energy,Haven,utility-usage,,eui,Annual Building Energy Use Intensity (EUI),,2020,40.97
energy,Haven,utility-usage,,eui,Annual Building Energy Use Intensity (EUI),,2021,48.15
energy,Haven,utility-usage,,eui,Annual Building Energy Use Intensity (EUI),,2022,50.22
energy,Haven,utility-usage,,eui,Annual Building Energy Use Intensity (EUI),,2023,40.12
energy,Haven,utility-usage,,eui,Annual Building Energy Use Intensity (EUI),,2024,37.49
energy,Haven,utility-usage,,eui,Annual Building Energy Use Intensity (EUI),,2025,44.58
energy,Haven,utility-usage,,eui,Annual Building Energy Use Intensity (EUI),,2026,25.33
energy,Haven,utility-usage,,cost-savings,Utility SavingsMoney saved by using less energy and water(2026 vs. 2018 usage at today's rates)Jan – Aug 2026 vs. same period 2018,,value,22931.38
energy,JEH,utility-usage,,global-use,Annual Utility Usage,Electric,2018,3601.0
energy,JEH,utility-usage,,global-use,Annual Utility Usage,Electric,2019,3508.0
energy,JEH,utility-usage,,global-use,Annual Utility Usage,Electric,2020,2879.0
energy,JEH,utility-usage,,global-use,Annual Utility Usage,Electric,2021,3172.0
energy,JEH,utility-usage,,global-use,Annual Utility Usage,Electric,2022,3565.0
energy,JEH,utility-usage,,global-use,Annual Utility Usage,Electric,2023,2959.0
energy,JEH,utility-usage,,global-use,Annual Utility Usage,Electric,2024,2968.0
energy,JEH,utility-usage,,global-use,Annual Utility Usage,Electric,2025,2903.0
energy,JEH,utility-usage,,global-use,Annual Utility Usage,Electric,2026,1779.0
energy,JEH,utility-usage,,global-use,Annual Utility Usage,Natural Gas,2018,6528.0
energy,JEH,utility-usage,,global-use,Annual Utility Usage,Natural Gas,2019,6728.0
energy,JEH,utility-usage,,global-use,Annual Utility Usage,Natural Gas,2020,5172.0
energy,JEH,utility-usage,,global-use,Annual Utility Usage,Natural Gas,2021,4840.0
energy,JEH,utility-usage,,global-use,Annual Utility Usage,Natural Gas,2022,6058.0
energy,JEH,utility-usage,,global-use,Annual Utility Usage,Natural Gas,2023,5041.0
energy,JEH,utility-usage,,global-use,Annual Utility Usage,Natural Gas,2024,5234.0
energy,JEH,utility-usage,,global-use,Annual Utility Usage,Natural Gas,2025,5361.0
energy,JEH,utility-usage,,global-use,Annual Utility Usage,Natural Gas,2026,2685.0
energy,JEH,utility-usage,,ghg,Annual Carbon Emissions,Scope 1,2018,347.0
energy,JEH,utility-usage,,ghg,Annual Carbon Emissions,Scope 1,2019,357.0
energy,JEH,utility-usage,,ghg,Annual Carbon Emissions,Scope 1,2020,275.0
energy,JEH,utility-usage,,ghg,Annual Carbon Emissions,Scope 1,2021,257.0
energy,JEH,utility-usage,,ghg,Annual Carbon Emissions,Scope 1,2022,321.0
energy,JEH,utility-usage,,ghg,Annual Carbon Emissions,Scope 1,2023,268.0
energy,JEH,utility-usage,,ghg,Annual Carbon Emissions,Scope 1,2024,278.0
energy,JEH,utility-usage,,ghg,Annual Carbon Emissions,Scope 1,2025,284.0
energy,JEH,utility-usage,,ghg,Annual Carbon Emissions,Scope 1,2026,143.0
energy,JEH,utility-usage,,ghg,Annual Carbon Emissions,Scope 2,2018,558.0
energy,JEH,utility-usage,,ghg,Annual Carbon Emissions,Scope 2,2019,499.0
energy,JEH,utility-usage,,ghg,Annual Carbon Emissions,Scope 2,2020,381.0
energy,JEH,utility-usage,,ghg,Annual Carbon Emissions,Scope 2,2021,443.0
energy,JEH,utility-usage,,ghg,Annual Carbon Emissions,Scope 2,2022,474.0
energy,JEH,utility-usage,,ghg,Annual Carbon Emissions,Scope 2,2023,360.0
energy,JEH,utility-usage,,ghg,Annual Carbon Emissions,Scope 2,2024,362.0
energy,JEH,utility-usage,,ghg,Annual Carbon Emissions,Scope 2,2025,354.0
energy,JEH,utility-usage,,ghg,Annual Carbon Emissions,Scope 2,2026,217.0
energy,JEH,utility-usage,,cost,"Annual Cost (Electric, Natural Gas, Water)",directCost,2018,146916.33
energy,JEH,utility-usage,,cost,"Annual Cost (Electric, Natural Gas, Water)",directCost,2019,143110.95
energy,JEH,utility-usage,,cost,"Annual Cost (Electric, Natural Gas, Water)",directCost,2020,122899.96
energy,JEH,utility-usage,,cost,"Annual Cost (Electric, Natural Gas, Water)",directCost,2021,138746.17
energy,JEH,utility-usage,,cost,"Annual Cost (Electric, Natural Gas, Water)",directCost,2022,130649.18
energy,JEH,utility-usage,,cost,"Annual Cost (Electric, Natural Gas, Water)",directCost,2023,132053.68
energy,JEH,utility-usage,,cost,"Annual Cost (Electric, Natural Gas, Water)",directCost,2024,143254.09
energy,JEH,utility-usage,,cost,"Annual Cost (Electric, Natural Gas, Water)",directCost,2025,168589.19
energy,JEH,utility-usage,,cost,"Annual Cost (Electric, Natural Gas, Water)",directCost,2026,100343.4
energy,JEH,utility-usage,,eui,Annual Building Energy Use Intensity (EUI),,2018,142.65
energy,JEH,utility-usage,,eui,Annual Building Energy Use Intensity (EUI),,2019,144.15
energy,JEH,utility-usage,,eui,Annual Building Energy Use Intensity (EUI),,2020,113.38
energy,JEH,utility-usage,,eui,Annual Building Energy Use Intensity (EUI),,2021,112.83
energy,JEH,utility-usage,,eui,Annual Building Energy Use Intensity (EUI),,2022,135.51
energy,JEH,utility-usage,,eui,Annual Building Energy Use Intensity (EUI),,2023,112.67
energy,JEH,utility-usage,,eui,Annual Building Energy Use Intensity (EUI),,2024,115.5
energy,JEH,utility-usage,,eui,Annual Building Energy Use Intensity (EUI),,2025,116.38
energy,JEH,utility-usage,,eui,Annual Building Energy Use Intensity (EUI),,2026,62.86
energy,JEH,utility-usage,,cost-savings,Utility SavingsMoney saved by using less energy and water(2026 vs. 2018 usage at today's rates)Jan – Aug 2026 vs. same period 2018,,value,45283.49
energy,King Arts,utility-usage,,global-use,Annual Utility Usage,Electric,2018,2259.0
energy,King Arts,utility-usage,,global-use,Annual Utility Usage,Electric,2019,2179.0
energy,King Arts,utility-usage,,global-use,Annual Utility Usage,Electric,2020,1409.0
energy,King Arts,utility-usage,,global-use,Annual Utility Usage,Electric,2021,2012.0
energy,King Arts,utility-usage,,global-use,Annual Utility Usage,Electric,2022,2014.0
energy,King Arts,utility-usage,,global-use,Annual Utility Usage,Electric,2023,1733.0
energy,King Arts,utility-usage,,global-use,Annual Utility Usage,Electric,2024,1665.0
energy,King Arts,utility-usage,,global-use,Annual Utility Usage,Electric,2025,1715.0
energy,King Arts,utility-usage,,global-use,Annual Utility Usage,Electric,2026,1132.0
energy,King Arts,utility-usage,,global-use,Annual Utility Usage,Natural Gas,2018,5094.0
energy,King Arts,utility-usage,,global-use,Annual Utility Usage,Natural Gas,2019,5190.0
energy,King Arts,utility-usage,,global-use,Annual Utility Usage,Natural Gas,2020,3885.0
energy,King Arts,utility-usage,,global-use,Annual Utility Usage,Natural Gas,2021,4699.0
energy,King Arts,utility-usage,,global-use,Annual Utility Usage,Natural Gas,2022,5619.0
energy,King Arts,utility-usage,,global-use,Annual Utility Usage,Natural Gas,2023,4155.0
energy,King Arts,utility-usage,,global-use,Annual Utility Usage,Natural Gas,2024,4102.0
energy,King Arts,utility-usage,,global-use,Annual Utility Usage,Natural Gas,2025,5243.0
energy,King Arts,utility-usage,,global-use,Annual Utility Usage,Natural Gas,2026,3265.0
energy,King Arts,utility-usage,,ghg,Annual Carbon Emissions,Scope 1,2018,272.0
energy,King Arts,utility-usage,,ghg,Annual Carbon Emissions,Scope 1,2019,274.0
energy,King Arts,utility-usage,,ghg,Annual Carbon Emissions,Scope 1,2020,207.0
energy,King Arts,utility-usage,,ghg,Annual Carbon Emissions,Scope 1,2021,251.0
energy,King Arts,utility-usage,,ghg,Annual Carbon Emissions,Scope 1,2022,297.0
energy,King Arts,utility-usage,,ghg,Annual Carbon Emissions,Scope 1,2023,221.0
energy,King Arts,utility-usage,,ghg,Annual Carbon Emissions,Scope 1,2024,218.0
energy,King Arts,utility-usage,,ghg,Annual Carbon Emissions,Scope 1,2025,278.0
energy,King Arts,utility-usage,,ghg,Annual Carbon Emissions,Scope 1,2026,173.0
energy,King Arts,utility-usage,,ghg,Annual Carbon Emissions,Scope 2,2018,348.0
energy,King Arts,utility-usage,,ghg,Annual Carbon Emissions,Scope 2,2019,309.0
energy,King Arts,utility-usage,,ghg,Annual Carbon Emissions,Scope 2,2020,188.0
energy,King Arts,utility-usage,,ghg,Annual Carbon Emissions,Scope 2,2021,278.0
energy,King Arts,utility-usage,,ghg,Annual Carbon Emissions,Scope 2,2022,268.0
energy,King Arts,utility-usage,,ghg,Annual Carbon Emissions,Scope 2,2023,211.0
energy,King Arts,utility-usage,,ghg,Annual Carbon Emissions,Scope 2,2024,203.0
energy,King Arts,utility-usage,,ghg,Annual Carbon Emissions,Scope 2,2025,209.0
energy,King Arts,utility-usage,,ghg,Annual Carbon Emissions,Scope 2,2026,138.0
energy,King Arts,utility-usage,,cost,"Annual Cost (Electric, Natural Gas, Water)",directCost,2018,91180.78
energy,King Arts,utility-usage,,cost,"Annual Cost (Electric, Natural Gas, Water)",directCost,2019,91965.58
energy,King Arts,utility-usage,,cost,"Annual Cost (Electric, Natural Gas, Water)",directCost,2020,66296.93
energy,King Arts,utility-usage,,cost,"Annual Cost (Electric, Natural Gas, Water)",directCost,2021,77144.42
energy,King Arts,utility-usage,,cost,"Annual Cost (Electric, Natural Gas, Water)",directCost,2022,84389.32
energy,King Arts,utility-usage,,cost,"Annual Cost (Electric, Natural Gas, Water)",directCost,2023,82052.41
energy,King Arts,utility-usage,,cost,"Annual Cost (Electric, Natural Gas, Water)",directCost,2024,89254.51
energy,King Arts,utility-usage,,cost,"Annual Cost (Electric, Natural Gas, Water)",directCost,2025,100752.89
energy,King Arts,utility-usage,,cost,"Annual Cost (Electric, Natural Gas, Water)",directCost,2026,65067.98
energy,King Arts,utility-usage,,eui,Annual Building Energy Use Intensity (EUI),,2018,73.52
energy,King Arts,utility-usage,,eui,Annual Building Energy Use Intensity (EUI),,2019,73.67
energy,King Arts,utility-usage,,eui,Annual Building Energy Use Intensity (EUI),,2020,52.93
energy,King Arts,utility-usage,,eui,Annual Building Energy Use Intensity (EUI),,2021,67.09
energy,King Arts,utility-usage,,eui,Annual Building Energy Use Intensity (EUI),,2022,76.31
energy,King Arts,utility-usage,,eui,Annual Building Energy Use Intensity (EUI),,2023,58.87
energy,King Arts,utility-usage,,eui,Annual Building Energy Use Intensity (EUI),,2024,57.66
energy,King Arts,utility-usage,,eui,Annual Building Energy Use Intensity (EUI),,2025,69.57
energy,King Arts,utility-usage,,eui,Annual Building Energy Use Intensity (EUI),,2026,43.96
energy,King Arts,utility-usage,,cost-savings,Utility SavingsMoney saved by using less energy and water(2026 vs. 2018 usage at today's rates)Jan – Aug 2026 vs. same period 2018,,value,13665.37
energy,Kingsley,utility-usage,,global-use,Annual Utility Usage,Electric,2018,1212.0
energy,Kingsley,utility-usage,,global-use,Annual Utility Usage,Electric,2019,1175.0
energy,Kingsley,utility-usage,,global-use,Annual Utility Usage,Electric,2020,849.0
energy,Kingsley,utility-usage,,global-use,Annual Utility Usage,Electric,2021,1134.0
energy,Kingsley,utility-usage,,global-use,Annual Utility Usage,Electric,2022,1185.0
energy,Kingsley,utility-usage,,global-use,Annual Utility Usage,Electric,2023,1143.0
energy,Kingsley,utility-usage,,global-use,Annual Utility Usage,Electric,2024,996.0
energy,Kingsley,utility-usage,,global-use,Annual Utility Usage,Electric,2025,1060.0
energy,Kingsley,utility-usage,,global-use,Annual Utility Usage,Electric,2026,562.0
energy,Kingsley,utility-usage,,global-use,Annual Utility Usage,Natural Gas,2018,1368.0
energy,Kingsley,utility-usage,,global-use,Annual Utility Usage,Natural Gas,2019,1533.0
energy,Kingsley,utility-usage,,global-use,Annual Utility Usage,Natural Gas,2020,1360.0
energy,Kingsley,utility-usage,,global-use,Annual Utility Usage,Natural Gas,2021,1546.0
energy,Kingsley,utility-usage,,global-use,Annual Utility Usage,Natural Gas,2022,1819.0
energy,Kingsley,utility-usage,,global-use,Annual Utility Usage,Natural Gas,2023,1763.0
energy,Kingsley,utility-usage,,global-use,Annual Utility Usage,Natural Gas,2024,1704.0
energy,Kingsley,utility-usage,,global-use,Annual Utility Usage,Natural Gas,2025,2199.0
energy,Kingsley,utility-usage,,global-use,Annual Utility Usage,Natural Gas,2026,1411.0
energy,Kingsley,utility-usage,,ghg,Annual Carbon Emissions,Scope 1,2018,58.0
energy,Kingsley,utility-usage,,ghg,Annual Carbon Emissions,Scope 1,2019,81.0
energy,Kingsley,utility-usage,,ghg,Annual Carbon Emissions,Scope 1,2020,72.0
energy,Kingsley,utility-usage,,ghg,Annual Carbon Emissions,Scope 1,2021,82.0
energy,Kingsley,utility-usage,,ghg,Annual Carbon Emissions,Scope 1,2022,96.0
energy,Kingsley,utility-usage,,ghg,Annual Carbon Emissions,Scope 1,2023,94.0
energy,Kingsley,utility-usage,,ghg,Annual Carbon Emissions,Scope 1,2024,91.0
energy,Kingsley,utility-usage,,ghg,Annual Carbon Emissions,Scope 1,2025,117.0
energy,Kingsley,utility-usage,,ghg,Annual Carbon Emissions,Scope 1,2026,75.0
energy,Kingsley,utility-usage,,ghg,Annual Carbon Emissions,Scope 2,2018,172.0
energy,Kingsley,utility-usage,,ghg,Annual Carbon Emissions,Scope 2,2019,168.0
energy,Kingsley,utility-usage,,ghg,Annual Carbon Emissions,Scope 2,2020,112.0
energy,Kingsley,utility-usage,,ghg,Annual Carbon Emissions,Scope 2,2021,158.0
energy,Kingsley,utility-usage,,ghg,Annual Carbon Emissions,Scope 2,2022,159.0
energy,Kingsley,utility-usage,,ghg,Annual Carbon Emissions,Scope 2,2023,139.0
energy,Kingsley,utility-usage,,ghg,Annual Carbon Emissions,Scope 2,2024,121.0
energy,Kingsley,utility-usage,,ghg,Annual Carbon Emissions,Scope 2,2025,129.0
energy,Kingsley,utility-usage,,ghg,Annual Carbon Emissions,Scope 2,2026,68.0
energy,Kingsley,utility-usage,,cost,"Annual Cost (Electric, Natural Gas, Water)",directCost,2018,50682.04
energy,Kingsley,utility-usage,,cost,"Annual Cost (Electric, Natural Gas, Water)",directCost,2019,53080.29
energy,Kingsley,utility-usage,,cost,"Annual Cost (Electric, Natural Gas, Water)",directCost,2020,37985.98
energy,Kingsley,utility-usage,,cost,"Annual Cost (Electric, Natural Gas, Water)",directCost,2021,44128.6
energy,Kingsley,utility-usage,,cost,"Annual Cost (Electric, Natural Gas, Water)",directCost,2022,46130.35
energy,Kingsley,utility-usage,,cost,"Annual Cost (Electric, Natural Gas, Water)",directCost,2023,53820.51
energy,Kingsley,utility-usage,,cost,"Annual Cost (Electric, Natural Gas, Water)",directCost,2024,56319.18
energy,Kingsley,utility-usage,,cost,"Annual Cost (Electric, Natural Gas, Water)",directCost,2025,65299.62
energy,Kingsley,utility-usage,,cost,"Annual Cost (Electric, Natural Gas, Water)",directCost,2026,36936.37
energy,Kingsley,utility-usage,,eui,Annual Building Energy Use Intensity (EUI),,2018,48.28
energy,Kingsley,utility-usage,,eui,Annual Building Energy Use Intensity (EUI),,2019,50.69
energy,Kingsley,utility-usage,,eui,Annual Building Energy Use Intensity (EUI),,2020,41.35
energy,Kingsley,utility-usage,,eui,Annual Building Energy Use Intensity (EUI),,2021,50.16
energy,Kingsley,utility-usage,,eui,Annual Building Energy Use Intensity (EUI),,2022,56.23
energy,Kingsley,utility-usage,,eui,Annual Building Energy Use Intensity (EUI),,2023,54.4
energy,Kingsley,utility-usage,,eui,Annual Building Energy Use Intensity (EUI),,2024,50.52
energy,Kingsley,utility-usage,,eui,Annual Building Energy Use Intensity (EUI),,2025,61.0
energy,Kingsley,utility-usage,,eui,Annual Building Energy Use Intensity (EUI),,2026,36.93
energy,Kingsley,utility-usage,,cost-savings,Utility SavingsMoney saved by using less energy and water(2026 vs. 2018 usage at today's rates)Jan – Aug 2026 vs. same period 2018,,value,7143.18
energy,Lincoln,utility-usage,,global-use,Annual Utility Usage,Electric,2018,1380.0
energy,Lincoln,utility-usage,,global-use,Annual Utility Usage,Electric,2019,1519.0
energy,Lincoln,utility-usage,,global-use,Annual Utility Usage,Electric,2020,1185.0
energy,Lincoln,utility-usage,,global-use,Annual Utility Usage,Electric,2021,1401.0
energy,Lincoln,utility-usage,,global-use,Annual Utility Usage,Electric,2022,1439.0
energy,Lincoln,utility-usage,,global-use,Annual Utility Usage,Electric,2023,1189.0
energy,Lincoln,utility-usage,,global-use,Annual Utility Usage,Electric,2024,1087.0
energy,Lincoln,utility-usage,,global-use,Annual Utility Usage,Electric,2025,1061.0
energy,Lincoln,utility-usage,,global-use,Annual Utility Usage,Electric,2026,616.0
energy,Lincoln,utility-usage,,global-use,Annual Utility Usage,Natural Gas,2018,3350.0
energy,Lincoln,utility-usage,,global-use,Annual Utility Usage,Natural Gas,2019,3278.0
energy,Lincoln,utility-usage,,global-use,Annual Utility Usage,Natural Gas,2020,2642.0
energy,Lincoln,utility-usage,,global-use,Annual Utility Usage,Natural Gas,2021,2944.0
energy,Lincoln,utility-usage,,global-use,Annual Utility Usage,Natural Gas,2022,3482.0
energy,Lincoln,utility-usage,,global-use,Annual Utility Usage,Natural Gas,2023,2663.0
energy,Lincoln,utility-usage,,global-use,Annual Utility Usage,Natural Gas,2024,2549.0
energy,Lincoln,utility-usage,,global-use,Annual Utility Usage,Natural Gas,2025,2970.0
energy,Lincoln,utility-usage,,global-use,Annual Utility Usage,Natural Gas,2026,1762.0
energy,Lincoln,utility-usage,,ghg,Annual Carbon Emissions,Scope 1,2018,136.0
energy,Lincoln,utility-usage,,ghg,Annual Carbon Emissions,Scope 1,2019,173.0
energy,Lincoln,utility-usage,,ghg,Annual Carbon Emissions,Scope 1,2020,140.0
energy,Lincoln,utility-usage,,ghg,Annual Carbon Emissions,Scope 1,2021,157.0
energy,Lincoln,utility-usage,,ghg,Annual Carbon Emissions,Scope 1,2022,184.0
energy,Lincoln,utility-usage,,ghg,Annual Carbon Emissions,Scope 1,2023,141.0
energy,Lincoln,utility-usage,,ghg,Annual Carbon Emissions,Scope 1,2024,136.0
energy,Lincoln,utility-usage,,ghg,Annual Carbon Emissions,Scope 1,2025,157.0
energy,Lincoln,utility-usage,,ghg,Annual Carbon Emissions,Scope 1,2026,93.0
energy,Lincoln,utility-usage,,ghg,Annual Carbon Emissions,Scope 2,2018,197.0
energy,Lincoln,utility-usage,,ghg,Annual Carbon Emissions,Scope 2,2019,217.0
energy,Lincoln,utility-usage,,ghg,Annual Carbon Emissions,Scope 2,2020,156.0
energy,Lincoln,utility-usage,,ghg,Annual Carbon Emissions,Scope 2,2021,195.0
energy,Lincoln,utility-usage,,ghg,Annual Carbon Emissions,Scope 2,2022,193.0
energy,Lincoln,utility-usage,,ghg,Annual Carbon Emissions,Scope 2,2023,145.0
energy,Lincoln,utility-usage,,ghg,Annual Carbon Emissions,Scope 2,2024,132.0
energy,Lincoln,utility-usage,,ghg,Annual Carbon Emissions,Scope 2,2025,129.0
energy,Lincoln,utility-usage,,ghg,Annual Carbon Emissions,Scope 2,2026,75.0
energy,Lincoln,utility-usage,,cost,"Annual Cost (Electric, Natural Gas, Water)",directCost,2018,68185.71
energy,Lincoln,utility-usage,,cost,"Annual Cost (Electric, Natural Gas, Water)",directCost,2019,72508.41
energy,Lincoln,utility-usage,,cost,"Annual Cost (Electric, Natural Gas, Water)",directCost,2020,58148.35
energy,Lincoln,utility-usage,,cost,"Annual Cost (Electric, Natural Gas, Water)",directCost,2021,69299.68
energy,Lincoln,utility-usage,,cost,"Annual Cost (Electric, Natural Gas, Water)",directCost,2022,65060.36
energy,Lincoln,utility-usage,,cost,"Annual Cost (Electric, Natural Gas, Water)",directCost,2023,65933.48
energy,Lincoln,utility-usage,,cost,"Annual Cost (Electric, Natural Gas, Water)",directCost,2024,70107.54
energy,Lincoln,utility-usage,,cost,"Annual Cost (Electric, Natural Gas, Water)",directCost,2025,79064.65
energy,Lincoln,utility-usage,,cost,"Annual Cost (Electric, Natural Gas, Water)",directCost,2026,47858.51
energy,Lincoln,utility-usage,,eui,Annual Building Energy Use Intensity (EUI),,2018,64.41
energy,Lincoln,utility-usage,,eui,Annual Building Energy Use Intensity (EUI),,2019,65.33
energy,Lincoln,utility-usage,,eui,Annual Building Energy Use Intensity (EUI),,2020,52.12
energy,Lincoln,utility-usage,,eui,Annual Building Energy Use Intensity (EUI),,2021,59.16
energy,Lincoln,utility-usage,,eui,Annual Building Energy Use Intensity (EUI),,2022,67.01
energy,Lincoln,utility-usage,,eui,Annual Building Energy Use Intensity (EUI),,2023,52.44
energy,Lincoln,utility-usage,,eui,Annual Building Energy Use Intensity (EUI),,2024,49.51
energy,Lincoln,utility-usage,,eui,Annual Building Energy Use Intensity (EUI),,2025,54.89
energy,Lincoln,utility-usage,,eui,Annual Building Energy Use Intensity (EUI),,2026,32.39
energy,Lincoln,utility-usage,,cost-savings,Utility SavingsMoney saved by using less energy and water(2026 vs. 2018 usage at today's rates)Jan – Aug 2026 vs. same period 2018,,value,22311.87
energy,Lincolnwood,utility-usage,,global-use,Annual Utility Usage,Electric,2018,844.0
energy,Lincolnwood,utility-usage,,global-use,Annual Utility Usage,Electric,2019,822.0
energy,Lincolnwood,utility-usage,,global-use,Annual Utility Usage,Electric,2020,574.0
energy,Lincolnwood,utility-usage,,global-use,Annual Utility Usage,Electric,2021,744.0
energy,Lincolnwood,utility-usage,,global-use,Annual Utility Usage,Electric,2022,737.0
energy,Lincolnwood,utility-usage,,global-use,Annual Utility Usage,Electric,2023,634.0
energy,Lincolnwood,utility-usage,,global-use,Annual Utility Usage,Electric,2024,670.0
energy,Lincolnwood,utility-usage,,global-use,Annual Utility Usage,Electric,2025,690.0
energy,Lincolnwood,utility-usage,,global-use,Annual Utility Usage,Electric,2026,411.0
energy,Lincolnwood,utility-usage,,global-use,Annual Utility Usage,Natural Gas,2018,2476.0
energy,Lincolnwood,utility-usage,,global-use,Annual Utility Usage,Natural Gas,2019,2406.0
energy,Lincolnwood,utility-usage,,global-use,Annual Utility Usage,Natural Gas,2020,1963.0
energy,Lincolnwood,utility-usage,,global-use,Annual Utility Usage,Natural Gas,2021,2245.0
energy,Lincolnwood,utility-usage,,global-use,Annual Utility Usage,Natural Gas,2022,2733.0
energy,Lincolnwood,utility-usage,,global-use,Annual Utility Usage,Natural Gas,2023,2122.0
energy,Lincolnwood,utility-usage,,global-use,Annual Utility Usage,Natural Gas,2024,2172.0
energy,Lincolnwood,utility-usage,,global-use,Annual Utility Usage,Natural Gas,2025,2519.0
energy,Lincolnwood,utility-usage,,global-use,Annual Utility Usage,Natural Gas,2026,1545.0
energy,Lincolnwood,utility-usage,,ghg,Annual Carbon Emissions,Scope 1,2018,103.0
energy,Lincolnwood,utility-usage,,ghg,Annual Carbon Emissions,Scope 1,2019,127.0
energy,Lincolnwood,utility-usage,,ghg,Annual Carbon Emissions,Scope 1,2020,104.0
energy,Lincolnwood,utility-usage,,ghg,Annual Carbon Emissions,Scope 1,2021,120.0
energy,Lincolnwood,utility-usage,,ghg,Annual Carbon Emissions,Scope 1,2022,145.0
energy,Lincolnwood,utility-usage,,ghg,Annual Carbon Emissions,Scope 1,2023,113.0
energy,Lincolnwood,utility-usage,,ghg,Annual Carbon Emissions,Scope 1,2024,116.0
energy,Lincolnwood,utility-usage,,ghg,Annual Carbon Emissions,Scope 1,2025,133.0
energy,Lincolnwood,utility-usage,,ghg,Annual Carbon Emissions,Scope 1,2026,82.0
energy,Lincolnwood,utility-usage,,ghg,Annual Carbon Emissions,Scope 2,2018,130.0
energy,Lincolnwood,utility-usage,,ghg,Annual Carbon Emissions,Scope 2,2019,117.0
energy,Lincolnwood,utility-usage,,ghg,Annual Carbon Emissions,Scope 2,2020,77.0
energy,Lincolnwood,utility-usage,,ghg,Annual Carbon Emissions,Scope 2,2021,102.0
energy,Lincolnwood,utility-usage,,ghg,Annual Carbon Emissions,Scope 2,2022,98.0
energy,Lincolnwood,utility-usage,,ghg,Annual Carbon Emissions,Scope 2,2023,77.0
energy,Lincolnwood,utility-usage,,ghg,Annual Carbon Emissions,Scope 2,2024,82.0
energy,Lincolnwood,utility-usage,,ghg,Annual Carbon Emissions,Scope 2,2025,84.0
energy,Lincolnwood,utility-usage,,ghg,Annual Carbon Emissions,Scope 2,2026,50.0
energy,Lincolnwood,utility-usage,,cost,"Annual Cost (Electric, Natural Gas, Water)",directCost,2018,41667.71
energy,Lincolnwood,utility-usage,,cost,"Annual Cost (Electric, Natural Gas, Water)",directCost,2019,42876.02
energy,Lincolnwood,utility-usage,,cost,"Annual Cost (Electric, Natural Gas, Water)",directCost,2020,30280.5
energy,Lincolnwood,utility-usage,,cost,"Annual Cost (Electric, Natural Gas, Water)",directCost,2021,35132.35
energy,Lincolnwood,utility-usage,,cost,"Annual Cost (Electric, Natural Gas, Water)",directCost,2022,41776.57
energy,Lincolnwood,utility-usage,,cost,"Annual Cost (Electric, Natural Gas, Water)",directCost,2023,37192.08
energy,Lincolnwood,utility-usage,,cost,"Annual Cost (Electric, Natural Gas, Water)",directCost,2024,44574.8
energy,Lincolnwood,utility-usage,,cost,"Annual Cost (Electric, Natural Gas, Water)",directCost,2025,50292.73
energy,Lincolnwood,utility-usage,,cost,"Annual Cost (Electric, Natural Gas, Water)",directCost,2026,33819.21
energy,Lincolnwood,utility-usage,,eui,Annual Building Energy Use Intensity (EUI),,2018,54.39
energy,Lincolnwood,utility-usage,,eui,Annual Building Energy Use Intensity (EUI),,2019,52.87
energy,Lincolnwood,utility-usage,,eui,Annual Building Energy Use Intensity (EUI),,2020,41.56
energy,Lincolnwood,utility-usage,,eui,Annual Building Energy Use Intensity (EUI),,2021,48.95
energy,Lincolnwood,utility-usage,,eui,Annual Building Energy Use Intensity (EUI),,2022,56.84
energy,Lincolnwood,utility-usage,,eui,Annual Building Energy Use Intensity (EUI),,2023,45.15
energy,Lincolnwood,utility-usage,,eui,Annual Building Energy Use Intensity (EUI),,2024,46.57
energy,Lincolnwood,utility-usage,,eui,Annual Building Energy Use Intensity (EUI),,2025,52.58
energy,Lincolnwood,utility-usage,,eui,Annual Building Energy Use Intensity (EUI),,2026,32.06
energy,Lincolnwood,utility-usage,,cost-savings,Utility SavingsMoney saved by using less energy and water(2026 vs. 2018 usage at today's rates)Jan – Aug 2026 vs. same period 2018,,value,2365.35
energy,Nichols,utility-usage,,global-use,Annual Utility Usage,Electric,2018,1783.0
energy,Nichols,utility-usage,,global-use,Annual Utility Usage,Electric,2019,1801.0
energy,Nichols,utility-usage,,global-use,Annual Utility Usage,Electric,2020,1308.0
energy,Nichols,utility-usage,,global-use,Annual Utility Usage,Electric,2021,1635.0
energy,Nichols,utility-usage,,global-use,Annual Utility Usage,Electric,2022,1615.0
energy,Nichols,utility-usage,,global-use,Annual Utility Usage,Electric,2023,1437.0
energy,Nichols,utility-usage,,global-use,Annual Utility Usage,Electric,2024,1396.0
energy,Nichols,utility-usage,,global-use,Annual Utility Usage,Electric,2025,1361.0
energy,Nichols,utility-usage,,global-use,Annual Utility Usage,Electric,2026,779.0
energy,Nichols,utility-usage,,global-use,Annual Utility Usage,Natural Gas,2018,3672.0
energy,Nichols,utility-usage,,global-use,Annual Utility Usage,Natural Gas,2019,3667.0
energy,Nichols,utility-usage,,global-use,Annual Utility Usage,Natural Gas,2020,2925.0
energy,Nichols,utility-usage,,global-use,Annual Utility Usage,Natural Gas,2021,3106.0
energy,Nichols,utility-usage,,global-use,Annual Utility Usage,Natural Gas,2022,3586.0
energy,Nichols,utility-usage,,global-use,Annual Utility Usage,Natural Gas,2023,2812.0
energy,Nichols,utility-usage,,global-use,Annual Utility Usage,Natural Gas,2024,2766.0
energy,Nichols,utility-usage,,global-use,Annual Utility Usage,Natural Gas,2025,3297.0
energy,Nichols,utility-usage,,global-use,Annual Utility Usage,Natural Gas,2026,1899.0
energy,Nichols,utility-usage,,ghg,Annual Carbon Emissions,Scope 1,2018,155.0
energy,Nichols,utility-usage,,ghg,Annual Carbon Emissions,Scope 1,2019,194.0
energy,Nichols,utility-usage,,ghg,Annual Carbon Emissions,Scope 1,2020,155.0
energy,Nichols,utility-usage,,ghg,Annual Carbon Emissions,Scope 1,2021,166.0
energy,Nichols,utility-usage,,ghg,Annual Carbon Emissions,Scope 1,2022,190.0
energy,Nichols,utility-usage,,ghg,Annual Carbon Emissions,Scope 1,2023,150.0
energy,Nichols,utility-usage,,ghg,Annual Carbon Emissions,Scope 1,2024,147.0
energy,Nichols,utility-usage,,ghg,Annual Carbon Emissions,Scope 1,2025,175.0
energy,Nichols,utility-usage,,ghg,Annual Carbon Emissions,Scope 1,2026,101.0
energy,Nichols,utility-usage,,ghg,Annual Carbon Emissions,Scope 2,2018,275.0
energy,Nichols,utility-usage,,ghg,Annual Carbon Emissions,Scope 2,2019,255.0
energy,Nichols,utility-usage,,ghg,Annual Carbon Emissions,Scope 2,2020,174.0
energy,Nichols,utility-usage,,ghg,Annual Carbon Emissions,Scope 2,2021,227.0
energy,Nichols,utility-usage,,ghg,Annual Carbon Emissions,Scope 2,2022,215.0
energy,Nichols,utility-usage,,ghg,Annual Carbon Emissions,Scope 2,2023,175.0
energy,Nichols,utility-usage,,ghg,Annual Carbon Emissions,Scope 2,2024,170.0
energy,Nichols,utility-usage,,ghg,Annual Carbon Emissions,Scope 2,2025,166.0
energy,Nichols,utility-usage,,ghg,Annual Carbon Emissions,Scope 2,2026,95.0
energy,Nichols,utility-usage,,cost,"Annual Cost (Electric, Natural Gas, Water)",directCost,2018,75466.14
energy,Nichols,utility-usage,,cost,"Annual Cost (Electric, Natural Gas, Water)",directCost,2019,77462.31
energy,Nichols,utility-usage,,cost,"Annual Cost (Electric, Natural Gas, Water)",directCost,2020,57915.09
energy,Nichols,utility-usage,,cost,"Annual Cost (Electric, Natural Gas, Water)",directCost,2021,65003.35
energy,Nichols,utility-usage,,cost,"Annual Cost (Electric, Natural Gas, Water)",directCost,2022,68138.3
energy,Nichols,utility-usage,,cost,"Annual Cost (Electric, Natural Gas, Water)",directCost,2023,68792.38
energy,Nichols,utility-usage,,cost,"Annual Cost (Electric, Natural Gas, Water)",directCost,2024,76675.51
energy,Nichols,utility-usage,,cost,"Annual Cost (Electric, Natural Gas, Water)",directCost,2025,82749.35
energy,Nichols,utility-usage,,cost,"Annual Cost (Electric, Natural Gas, Water)",directCost,2026,47063.47
energy,Nichols,utility-usage,,eui,Annual Building Energy Use Intensity (EUI),,2018,55.72
energy,Nichols,utility-usage,,eui,Annual Building Energy Use Intensity (EUI),,2019,55.86
energy,Nichols,utility-usage,,eui,Annual Building Energy Use Intensity (EUI),,2020,43.25
energy,Nichols,utility-usage,,eui,Annual Building Energy Use Intensity (EUI),,2021,48.44
energy,Nichols,utility-usage,,eui,Annual Building Energy Use Intensity (EUI),,2022,53.13
energy,Nichols,utility-usage,,eui,Annual Building Energy Use Intensity (EUI),,2023,43.41
energy,Nichols,utility-usage,,eui,Annual Building Energy Use Intensity (EUI),,2024,42.53
energy,Nichols,utility-usage,,eui,Annual Building Energy Use Intensity (EUI),,2025,47.59
energy,Nichols,utility-usage,,eui,Annual Building Energy Use Intensity (EUI),,2026,27.36
energy,Nichols,utility-usage,,cost-savings,Utility SavingsMoney saved by using less energy and water(2026 vs. 2018 usage at today's rates)Jan – Aug 2026 vs. same period 2018,,value,20513.92
energy,Oakton,utility-usage,,global-use,Annual Utility Usage,Electric,2018,1517.0
energy,Oakton,utility-usage,,global-use,Annual Utility Usage,Electric,2019,1499.0
energy,Oakton,utility-usage,,global-use,Annual Utility Usage,Electric,2020,1325.0
energy,Oakton,utility-usage,,global-use,Annual Utility Usage,Electric,2021,1578.0
energy,Oakton,utility-usage,,global-use,Annual Utility Usage,Electric,2022,1570.0
energy,Oakton,utility-usage,,global-use,Annual Utility Usage,Electric,2023,1137.0
energy,Oakton,utility-usage,,global-use,Annual Utility Usage,Electric,2024,1015.0
energy,Oakton,utility-usage,,global-use,Annual Utility Usage,Electric,2025,1038.0
energy,Oakton,utility-usage,,global-use,Annual Utility Usage,Electric,2026,594.0
energy,Oakton,utility-usage,,global-use,Annual Utility Usage,Natural Gas,2018,3369.0
energy,Oakton,utility-usage,,global-use,Annual Utility Usage,Natural Gas,2019,3619.0
energy,Oakton,utility-usage,,global-use,Annual Utility Usage,Natural Gas,2020,2916.0
energy,Oakton,utility-usage,,global-use,Annual Utility Usage,Natural Gas,2021,3142.0
energy,Oakton,utility-usage,,global-use,Annual Utility Usage,Natural Gas,2022,3498.0
energy,Oakton,utility-usage,,global-use,Annual Utility Usage,Natural Gas,2023,2850.0
energy,Oakton,utility-usage,,global-use,Annual Utility Usage,Natural Gas,2024,2676.0
energy,Oakton,utility-usage,,global-use,Annual Utility Usage,Natural Gas,2025,3315.0
energy,Oakton,utility-usage,,global-use,Annual Utility Usage,Natural Gas,2026,1999.0
energy,Oakton,utility-usage,,ghg,Annual Carbon Emissions,Scope 1,2018,180.0
energy,Oakton,utility-usage,,ghg,Annual Carbon Emissions,Scope 1,2019,191.0
energy,Oakton,utility-usage,,ghg,Annual Carbon Emissions,Scope 1,2020,155.0
energy,Oakton,utility-usage,,ghg,Annual Carbon Emissions,Scope 1,2021,168.0
energy,Oakton,utility-usage,,ghg,Annual Carbon Emissions,Scope 1,2022,185.0
energy,Oakton,utility-usage,,ghg,Annual Carbon Emissions,Scope 1,2023,152.0
energy,Oakton,utility-usage,,ghg,Annual Carbon Emissions,Scope 1,2024,142.0
energy,Oakton,utility-usage,,ghg,Annual Carbon Emissions,Scope 1,2025,176.0
energy,Oakton,utility-usage,,ghg,Annual Carbon Emissions,Scope 1,2026,106.0
energy,Oakton,utility-usage,,ghg,Annual Carbon Emissions,Scope 2,2018,213.0
energy,Oakton,utility-usage,,ghg,Annual Carbon Emissions,Scope 2,2019,214.0
energy,Oakton,utility-usage,,ghg,Annual Carbon Emissions,Scope 2,2020,175.0
energy,Oakton,utility-usage,,ghg,Annual Carbon Emissions,Scope 2,2021,221.0
energy,Oakton,utility-usage,,ghg,Annual Carbon Emissions,Scope 2,2022,210.0
energy,Oakton,utility-usage,,ghg,Annual Carbon Emissions,Scope 2,2023,138.0
energy,Oakton,utility-usage,,ghg,Annual Carbon Emissions,Scope 2,2024,124.0
energy,Oakton,utility-usage,,ghg,Annual Carbon Emissions,Scope 2,2025,126.0
energy,Oakton,utility-usage,,ghg,Annual Carbon Emissions,Scope 2,2026,72.0
energy,Oakton,utility-usage,,cost,"Annual Cost (Electric, Natural Gas, Water)",directCost,2018,63945.35
energy,Oakton,utility-usage,,cost,"Annual Cost (Electric, Natural Gas, Water)",directCost,2019,66034.35
energy,Oakton,utility-usage,,cost,"Annual Cost (Electric, Natural Gas, Water)",directCost,2020,54375.81
energy,Oakton,utility-usage,,cost,"Annual Cost (Electric, Natural Gas, Water)",directCost,2021,60864.48
energy,Oakton,utility-usage,,cost,"Annual Cost (Electric, Natural Gas, Water)",directCost,2022,65880.05
energy,Oakton,utility-usage,,cost,"Annual Cost (Electric, Natural Gas, Water)",directCost,2023,56772.08
energy,Oakton,utility-usage,,cost,"Annual Cost (Electric, Natural Gas, Water)",directCost,2024,58776.98
energy,Oakton,utility-usage,,cost,"Annual Cost (Electric, Natural Gas, Water)",directCost,2025,66318.58
energy,Oakton,utility-usage,,cost,"Annual Cost (Electric, Natural Gas, Water)",directCost,2026,40221.28
energy,Oakton,utility-usage,,eui,Annual Building Energy Use Intensity (EUI),,2018,51.18
energy,Oakton,utility-usage,,eui,Annual Building Energy Use Intensity (EUI),,2019,53.61
energy,Oakton,utility-usage,,eui,Annual Building Energy Use Intensity (EUI),,2020,44.42
energy,Oakton,utility-usage,,eui,Annual Building Energy Use Intensity (EUI),,2021,49.44
energy,Oakton,utility-usage,,eui,Annual Building Energy Use Intensity (EUI),,2022,53.09
energy,Oakton,utility-usage,,eui,Annual Building Energy Use Intensity (EUI),,2023,41.76
energy,Oakton,utility-usage,,eui,Annual Building Energy Use Intensity (EUI),,2024,38.66
energy,Oakton,utility-usage,,eui,Annual Building Energy Use Intensity (EUI),,2025,45.59
energy,Oakton,utility-usage,,eui,Annual Building Energy Use Intensity (EUI),,2026,27.16
energy,Oakton,utility-usage,,cost-savings,Utility SavingsMoney saved by using less energy and water(2026 vs. 2018 usage at today's rates)Jan – Aug 2026 vs. same period 2018,,value,16643.77
energy,Orrington,utility-usage,,global-use,Annual Utility Usage,Electric,2018,873.0
energy,Orrington,utility-usage,,global-use,Annual Utility Usage,Electric,2019,848.0
energy,Orrington,utility-usage,,global-use,Annual Utility Usage,Electric,2020,605.0
energy,Orrington,utility-usage,,global-use,Annual Utility Usage,Electric,2021,773.0
energy,Orrington,utility-usage,,global-use,Annual Utility Usage,Electric,2022,887.0
energy,Orrington,utility-usage,,global-use,Annual Utility Usage,Electric,2023,739.0
energy,Orrington,utility-usage,,global-use,Annual Utility Usage,Electric,2024,677.0
energy,Orrington,utility-usage,,global-use,Annual Utility Usage,Electric,2025,677.0
energy,Orrington,utility-usage,,global-use,Annual Utility Usage,Electric,2026,366.0
energy,Orrington,utility-usage,,global-use,Annual Utility Usage,Natural Gas,2018,1980.0
energy,Orrington,utility-usage,,global-use,Annual Utility Usage,Natural Gas,2019,2099.0
energy,Orrington,utility-usage,,global-use,Annual Utility Usage,Natural Gas,2020,1793.0
energy,Orrington,utility-usage,,global-use,Annual Utility Usage,Natural Gas,2021,1879.0
energy,Orrington,utility-usage,,global-use,Annual Utility Usage,Natural Gas,2022,2313.0
energy,Orrington,utility-usage,,global-use,Annual Utility Usage,Natural Gas,2023,1759.0
energy,Orrington,utility-usage,,global-use,Annual Utility Usage,Natural Gas,2024,1555.0
energy,Orrington,utility-usage,,global-use,Annual Utility Usage,Natural Gas,2025,1925.0
energy,Orrington,utility-usage,,global-use,Annual Utility Usage,Natural Gas,2026,1211.0
energy,Orrington,utility-usage,,ghg,Annual Carbon Emissions,Scope 1,2018,106.0
energy,Orrington,utility-usage,,ghg,Annual Carbon Emissions,Scope 1,2019,111.0
energy,Orrington,utility-usage,,ghg,Annual Carbon Emissions,Scope 1,2020,95.0
energy,Orrington,utility-usage,,ghg,Annual Carbon Emissions,Scope 1,2021,100.0
energy,Orrington,utility-usage,,ghg,Annual Carbon Emissions,Scope 1,2022,122.0
energy,Orrington,utility-usage,,ghg,Annual Carbon Emissions,Scope 1,2023,93.0
energy,Orrington,utility-usage,,ghg,Annual Carbon Emissions,Scope 1,2024,83.0
energy,Orrington,utility-usage,,ghg,Annual Carbon Emissions,Scope 1,2025,102.0
energy,Orrington,utility-usage,,ghg,Annual Carbon Emissions,Scope 1,2026,64.0
energy,Orrington,utility-usage,,ghg,Annual Carbon Emissions,Scope 2,2018,125.0
energy,Orrington,utility-usage,,ghg,Annual Carbon Emissions,Scope 2,2019,121.0
energy,Orrington,utility-usage,,ghg,Annual Carbon Emissions,Scope 2,2020,80.0
energy,Orrington,utility-usage,,ghg,Annual Carbon Emissions,Scope 2,2021,108.0
energy,Orrington,utility-usage,,ghg,Annual Carbon Emissions,Scope 2,2022,119.0
energy,Orrington,utility-usage,,ghg,Annual Carbon Emissions,Scope 2,2023,90.0
energy,Orrington,utility-usage,,ghg,Annual Carbon Emissions,Scope 2,2024,83.0
energy,Orrington,utility-usage,,ghg,Annual Carbon Emissions,Scope 2,2025,82.0
energy,Orrington,utility-usage,,ghg,Annual Carbon Emissions,Scope 2,2026,44.0
energy,Orrington,utility-usage,,cost,"Annual Cost (Electric, Natural Gas, Water)",directCost,2018,39942.37
energy,Orrington,utility-usage,,cost,"Annual Cost (Electric, Natural Gas, Water)",directCost,2019,40582.36
energy,Orrington,utility-usage,,cost,"Annual Cost (Electric, Natural Gas, Water)",directCost,2020,29179.88
energy,Orrington,utility-usage,,cost,"Annual Cost (Electric, Natural Gas, Water)",directCost,2021,34661.28
energy,Orrington,utility-usage,,cost,"Annual Cost (Electric, Natural Gas, Water)",directCost,2022,39236.66
energy,Orrington,utility-usage,,cost,"Annual Cost (Electric, Natural Gas, Water)",directCost,2023,37484.3
energy,Orrington,utility-usage,,cost,"Annual Cost (Electric, Natural Gas, Water)",directCost,2024,40849.0
energy,Orrington,utility-usage,,cost,"Annual Cost (Electric, Natural Gas, Water)",directCost,2025,44617.33
energy,Orrington,utility-usage,,cost,"Annual Cost (Electric, Natural Gas, Water)",directCost,2026,26372.13
energy,Orrington,utility-usage,,eui,Annual Building Energy Use Intensity (EUI),,2018,60.78
energy,Orrington,utility-usage,,eui,Annual Building Energy Use Intensity (EUI),,2019,62.8
energy,Orrington,utility-usage,,eui,Annual Building Energy Use Intensity (EUI),,2020,51.09
energy,Orrington,utility-usage,,eui,Annual Building Energy Use Intensity (EUI),,2021,56.51
energy,Orrington,utility-usage,,eui,Annual Building Energy Use Intensity (EUI),,2022,68.18
energy,Orrington,utility-usage,,eui,Annual Building Energy Use Intensity (EUI),,2023,53.23
energy,Orrington,utility-usage,,eui,Annual Building Energy Use Intensity (EUI),,2024,47.55
energy,Orrington,utility-usage,,eui,Annual Building Energy Use Intensity (EUI),,2025,55.45
energy,Orrington,utility-usage,,eui,Annual Building Energy Use Intensity (EUI),,2026,33.61
energy,Orrington,utility-usage,,cost-savings,Utility SavingsMoney saved by using less energy and water(2026 vs. 2018 usage at today's rates)Jan – Aug 2026 vs. same period 2018,,value,9060.76
energy,Park,utility-usage,,global-use,Annual Utility Usage,Electric,2018,796.0
energy,Park,utility-usage,,global-use,Annual Utility Usage,Electric,2019,765.0
energy,Park,utility-usage,,global-use,Annual Utility Usage,Electric,2020,617.0
energy,Park,utility-usage,,global-use,Annual Utility Usage,Electric,2021,749.0
energy,Park,utility-usage,,global-use,Annual Utility Usage,Electric,2022,722.0
energy,Park,utility-usage,,global-use,Annual Utility Usage,Electric,2023,607.0
energy,Park,utility-usage,,global-use,Annual Utility Usage,Electric,2024,618.0
energy,Park,utility-usage,,global-use,Annual Utility Usage,Electric,2025,649.0
energy,Park,utility-usage,,global-use,Annual Utility Usage,Electric,2026,354.0
energy,Park,utility-usage,,global-use,Annual Utility Usage,Natural Gas,2018,1938.0
energy,Park,utility-usage,,global-use,Annual Utility Usage,Natural Gas,2019,1956.0
energy,Park,utility-usage,,global-use,Annual Utility Usage,Natural Gas,2020,1739.0
energy,Park,utility-usage,,global-use,Annual Utility Usage,Natural Gas,2021,1540.0
energy,Park,utility-usage,,global-use,Annual Utility Usage,Natural Gas,2022,1596.0
energy,Park,utility-usage,,global-use,Annual Utility Usage,Natural Gas,2023,1232.0
energy,Park,utility-usage,,global-use,Annual Utility Usage,Natural Gas,2024,1183.0
energy,Park,utility-usage,,global-use,Annual Utility Usage,Natural Gas,2025,1486.0
energy,Park,utility-usage,,global-use,Annual Utility Usage,Natural Gas,2026,888.0
energy,Park,utility-usage,,ghg,Annual Carbon Emissions,Scope 1,2018,83.0
energy,Park,utility-usage,,ghg,Annual Carbon Emissions,Scope 1,2019,103.0
energy,Park,utility-usage,,ghg,Annual Carbon Emissions,Scope 1,2020,92.0
energy,Park,utility-usage,,ghg,Annual Carbon Emissions,Scope 1,2021,82.0
energy,Park,utility-usage,,ghg,Annual Carbon Emissions,Scope 1,2022,84.0
energy,Park,utility-usage,,ghg,Annual Carbon Emissions,Scope 1,2023,66.0
energy,Park,utility-usage,,ghg,Annual Carbon Emissions,Scope 1,2024,63.0
energy,Park,utility-usage,,ghg,Annual Carbon Emissions,Scope 1,2025,79.0
energy,Park,utility-usage,,ghg,Annual Carbon Emissions,Scope 1,2026,47.0
energy,Park,utility-usage,,ghg,Annual Carbon Emissions,Scope 2,2018,123.0
energy,Park,utility-usage,,ghg,Annual Carbon Emissions,Scope 2,2019,109.0
energy,Park,utility-usage,,ghg,Annual Carbon Emissions,Scope 2,2020,82.0
energy,Park,utility-usage,,ghg,Annual Carbon Emissions,Scope 2,2021,104.0
energy,Park,utility-usage,,ghg,Annual Carbon Emissions,Scope 2,2022,96.0
energy,Park,utility-usage,,ghg,Annual Carbon Emissions,Scope 2,2023,74.0
energy,Park,utility-usage,,ghg,Annual Carbon Emissions,Scope 2,2024,75.0
energy,Park,utility-usage,,ghg,Annual Carbon Emissions,Scope 2,2025,79.0
energy,Park,utility-usage,,ghg,Annual Carbon Emissions,Scope 2,2026,43.0
energy,Park,utility-usage,,cost,"Annual Cost (Electric, Natural Gas, Water)",directCost,2018,39190.69
energy,Park,utility-usage,,cost,"Annual Cost (Electric, Natural Gas, Water)",directCost,2019,40767.87
energy,Park,utility-usage,,cost,"Annual Cost (Electric, Natural Gas, Water)",directCost,2020,31788.32
energy,Park,utility-usage,,cost,"Annual Cost (Electric, Natural Gas, Water)",directCost,2021,32787.95
energy,Park,utility-usage,,cost,"Annual Cost (Electric, Natural Gas, Water)",directCost,2022,32914.9
energy,Park,utility-usage,,cost,"Annual Cost (Electric, Natural Gas, Water)",directCost,2023,32977.29
energy,Park,utility-usage,,cost,"Annual Cost (Electric, Natural Gas, Water)",directCost,2024,37117.48
energy,Park,utility-usage,,cost,"Annual Cost (Electric, Natural Gas, Water)",directCost,2025,43433.24
energy,Park,utility-usage,,cost,"Annual Cost (Electric, Natural Gas, Water)",directCost,2026,25834.45
energy,Park,utility-usage,,eui,Annual Building Energy Use Intensity (EUI),,2018,77.31
energy,Park,utility-usage,,eui,Annual Building Energy Use Intensity (EUI),,2019,76.93
energy,Park,utility-usage,,eui,Annual Building Energy Use Intensity (EUI),,2020,66.62
energy,Park,utility-usage,,eui,Annual Building Energy Use Intensity (EUI),,2021,64.7
energy,Park,utility-usage,,eui,Annual Building Energy Use Intensity (EUI),,2022,65.53
energy,Park,utility-usage,,eui,Annual Building Energy Use Intensity (EUI),,2023,52.02
energy,Park,utility-usage,,eui,Annual Building Energy Use Intensity (EUI),,2024,50.91
energy,Park,utility-usage,,eui,Annual Building Energy Use Intensity (EUI),,2025,60.38
energy,Park,utility-usage,,eui,Annual Building Energy Use Intensity (EUI),,2026,35.13
energy,Park,utility-usage,,cost-savings,Utility SavingsMoney saved by using less energy and water(2026 vs. 2018 usage at today's rates)Jan – Aug 2026 vs. same period 2018,,value,12007.4
energy,Rhodes,utility-usage,,global-use,Annual Utility Usage,Electric,2018,895.0
energy,Rhodes,utility-usage,,global-use,Annual Utility Usage,Electric,2019,847.0
energy,Rhodes,utility-usage,,global-use,Annual Utility Usage,Electric,2020,613.0
energy,Rhodes,utility-usage,,global-use,Annual Utility Usage,Electric,2021,777.0
energy,Rhodes,utility-usage,,global-use,Annual Utility Usage,Electric,2022,888.0
energy,Rhodes,utility-usage,,global-use,Annual Utility Usage,Electric,2023,833.0
energy,Rhodes,utility-usage,,global-use,Annual Utility Usage,Electric,2024,839.0
energy,Rhodes,utility-usage,,global-use,Annual Utility Usage,Electric,2025,811.0
energy,Rhodes,utility-usage,,global-use,Annual Utility Usage,Electric,2026,479.0
energy,Rhodes,utility-usage,,global-use,Annual Utility Usage,Natural Gas,2018,2461.0
energy,Rhodes,utility-usage,,global-use,Annual Utility Usage,Natural Gas,2019,2369.0
energy,Rhodes,utility-usage,,global-use,Annual Utility Usage,Natural Gas,2020,1994.0
energy,Rhodes,utility-usage,,global-use,Annual Utility Usage,Natural Gas,2021,2012.0
energy,Rhodes,utility-usage,,global-use,Annual Utility Usage,Natural Gas,2022,2147.0
energy,Rhodes,utility-usage,,global-use,Annual Utility Usage,Natural Gas,2023,1703.0
energy,Rhodes,utility-usage,,global-use,Annual Utility Usage,Natural Gas,2024,1693.0
energy,Rhodes,utility-usage,,global-use,Annual Utility Usage,Natural Gas,2025,2050.0
energy,Rhodes,utility-usage,,global-use,Annual Utility Usage,Natural Gas,2026,1150.0
energy,Rhodes,utility-usage,,ghg,Annual Carbon Emissions,Scope 1,2018,106.0
energy,Rhodes,utility-usage,,ghg,Annual Carbon Emissions,Scope 1,2019,125.0
energy,Rhodes,utility-usage,,ghg,Annual Carbon Emissions,Scope 1,2020,106.0
energy,Rhodes,utility-usage,,ghg,Annual Carbon Emissions,Scope 1,2021,107.0
energy,Rhodes,utility-usage,,ghg,Annual Carbon Emissions,Scope 1,2022,114.0
energy,Rhodes,utility-usage,,ghg,Annual Carbon Emissions,Scope 1,2023,91.0
energy,Rhodes,utility-usage,,ghg,Annual Carbon Emissions,Scope 1,2024,90.0
energy,Rhodes,utility-usage,,ghg,Annual Carbon Emissions,Scope 1,2025,109.0
energy,Rhodes,utility-usage,,ghg,Annual Carbon Emissions,Scope 1,2026,61.0
energy,Rhodes,utility-usage,,ghg,Annual Carbon Emissions,Scope 2,2018,137.0
energy,Rhodes,utility-usage,,ghg,Annual Carbon Emissions,Scope 2,2019,120.0
energy,Rhodes,utility-usage,,ghg,Annual Carbon Emissions,Scope 2,2020,82.0
energy,Rhodes,utility-usage,,ghg,Annual Carbon Emissions,Scope 2,2021,107.0
energy,Rhodes,utility-usage,,ghg,Annual Carbon Emissions,Scope 2,2022,118.0
energy,Rhodes,utility-usage,,ghg,Annual Carbon Emissions,Scope 2,2023,101.0
energy,Rhodes,utility-usage,,ghg,Annual Carbon Emissions,Scope 2,2024,102.0
energy,Rhodes,utility-usage,,ghg,Annual Carbon Emissions,Scope 2,2025,99.0
energy,Rhodes,utility-usage,,ghg,Annual Carbon Emissions,Scope 2,2026,58.0
energy,Rhodes,utility-usage,,cost,"Annual Cost (Electric, Natural Gas, Water)",directCost,2018,41524.0
energy,Rhodes,utility-usage,,cost,"Annual Cost (Electric, Natural Gas, Water)",directCost,2019,42909.6
energy,Rhodes,utility-usage,,cost,"Annual Cost (Electric, Natural Gas, Water)",directCost,2020,31433.39
energy,Rhodes,utility-usage,,cost,"Annual Cost (Electric, Natural Gas, Water)",directCost,2021,35297.19
energy,Rhodes,utility-usage,,cost,"Annual Cost (Electric, Natural Gas, Water)",directCost,2022,41705.24
energy,Rhodes,utility-usage,,cost,"Annual Cost (Electric, Natural Gas, Water)",directCost,2023,43263.52
energy,Rhodes,utility-usage,,cost,"Annual Cost (Electric, Natural Gas, Water)",directCost,2024,52440.94
energy,Rhodes,utility-usage,,cost,"Annual Cost (Electric, Natural Gas, Water)",directCost,2025,59483.53
energy,Rhodes,utility-usage,,cost,"Annual Cost (Electric, Natural Gas, Water)",directCost,2026,33984.8
energy,Rhodes,utility-usage,,eui,Annual Building Energy Use Intensity (EUI),,2018,66.24
energy,Rhodes,utility-usage,,eui,Annual Building Energy Use Intensity (EUI),,2019,63.48
energy,Rhodes,utility-usage,,eui,Annual Building Energy Use Intensity (EUI),,2020,51.46
energy,Rhodes,utility-usage,,eui,Annual Building Energy Use Intensity (EUI),,2021,55.04
energy,Rhodes,utility-usage,,eui,Annual Building Energy Use Intensity (EUI),,2022,59.89
energy,Rhodes,utility-usage,,eui,Annual Building Energy Use Intensity (EUI),,2023,50.06
energy,Rhodes,utility-usage,,eui,Annual Building Energy Use Intensity (EUI),,2024,49.99
energy,Rhodes,utility-usage,,eui,Annual Building Energy Use Intensity (EUI),,2025,56.47
energy,Rhodes,utility-usage,,eui,Annual Building Energy Use Intensity (EUI),,2026,32.15
energy,Rhodes,utility-usage,,cost-savings,Utility SavingsMoney saved by using less energy and water(2026 vs. 2018 usage at today's rates)Jan – Aug 2026 vs. same period 2018,,value,9503.54
energy,Walker,utility-usage,,global-use,Annual Utility Usage,Electric,2018,1071.0
energy,Walker,utility-usage,,global-use,Annual Utility Usage,Electric,2019,1066.0
energy,Walker,utility-usage,,global-use,Annual Utility Usage,Electric,2020,756.0
energy,Walker,utility-usage,,global-use,Annual Utility Usage,Electric,2021,1055.0
energy,Walker,utility-usage,,global-use,Annual Utility Usage,Electric,2022,1074.0
energy,Walker,utility-usage,,global-use,Annual Utility Usage,Electric,2023,721.0
energy,Walker,utility-usage,,global-use,Annual Utility Usage,Electric,2024,717.0
energy,Walker,utility-usage,,global-use,Annual Utility Usage,Electric,2025,552.0
energy,Walker,utility-usage,,global-use,Annual Utility Usage,Electric,2026,451.0
energy,Walker,utility-usage,,global-use,Annual Utility Usage,Natural Gas,2018,2178.0
energy,Walker,utility-usage,,global-use,Annual Utility Usage,Natural Gas,2019,2379.0
energy,Walker,utility-usage,,global-use,Annual Utility Usage,Natural Gas,2020,1933.0
energy,Walker,utility-usage,,global-use,Annual Utility Usage,Natural Gas,2021,2228.0
energy,Walker,utility-usage,,global-use,Annual Utility Usage,Natural Gas,2022,2802.0
energy,Walker,utility-usage,,global-use,Annual Utility Usage,Natural Gas,2023,2242.0
energy,Walker,utility-usage,,global-use,Annual Utility Usage,Natural Gas,2024,2140.0
energy,Walker,utility-usage,,global-use,Annual Utility Usage,Natural Gas,2025,2675.0
energy,Walker,utility-usage,,global-use,Annual Utility Usage,Natural Gas,2026,1516.0
energy,Walker,utility-usage,,ghg,Annual Carbon Emissions,Scope 1,2018,91.0
energy,Walker,utility-usage,,ghg,Annual Carbon Emissions,Scope 1,2019,126.0
energy,Walker,utility-usage,,ghg,Annual Carbon Emissions,Scope 1,2020,103.0
energy,Walker,utility-usage,,ghg,Annual Carbon Emissions,Scope 1,2021,119.0
energy,Walker,utility-usage,,ghg,Annual Carbon Emissions,Scope 1,2022,148.0
energy,Walker,utility-usage,,ghg,Annual Carbon Emissions,Scope 1,2023,119.0
energy,Walker,utility-usage,,ghg,Annual Carbon Emissions,Scope 1,2024,114.0
energy,Walker,utility-usage,,ghg,Annual Carbon Emissions,Scope 1,2025,142.0
energy,Walker,utility-usage,,ghg,Annual Carbon Emissions,Scope 1,2026,80.0
energy,Walker,utility-usage,,ghg,Annual Carbon Emissions,Scope 2,2018,165.0
energy,Walker,utility-usage,,ghg,Annual Carbon Emissions,Scope 2,2019,151.0
energy,Walker,utility-usage,,ghg,Annual Carbon Emissions,Scope 2,2020,101.0
energy,Walker,utility-usage,,ghg,Annual Carbon Emissions,Scope 2,2021,146.0
energy,Walker,utility-usage,,ghg,Annual Carbon Emissions,Scope 2,2022,143.0
energy,Walker,utility-usage,,ghg,Annual Carbon Emissions,Scope 2,2023,88.0
energy,Walker,utility-usage,,ghg,Annual Carbon Emissions,Scope 2,2024,87.0
energy,Walker,utility-usage,,ghg,Annual Carbon Emissions,Scope 2,2025,67.0
energy,Walker,utility-usage,,ghg,Annual Carbon Emissions,Scope 2,2026,55.0
energy,Walker,utility-usage,,cost,"Annual Cost (Electric, Natural Gas, Water)",directCost,2018,46354.4
energy,Walker,utility-usage,,cost,"Annual Cost (Electric, Natural Gas, Water)",directCost,2019,50185.89
energy,Walker,utility-usage,,cost,"Annual Cost (Electric, Natural Gas, Water)",directCost,2020,38974.01
energy,Walker,utility-usage,,cost,"Annual Cost (Electric, Natural Gas, Water)",directCost,2021,43581.96
energy,Walker,utility-usage,,cost,"Annual Cost (Electric, Natural Gas, Water)",directCost,2022,48151.19
energy,Walker,utility-usage,,cost,"Annual Cost (Electric, Natural Gas, Water)",directCost,2023,44614.74
energy,Walker,utility-usage,,cost,"Annual Cost (Electric, Natural Gas, Water)",directCost,2024,47711.15
energy,Walker,utility-usage,,cost,"Annual Cost (Electric, Natural Gas, Water)",directCost,2025,47939.53
energy,Walker,utility-usage,,cost,"Annual Cost (Electric, Natural Gas, Water)",directCost,2026,33011.35
energy,Walker,utility-usage,,eui,Annual Building Energy Use Intensity (EUI),,2018,63.18
energy,Walker,utility-usage,,eui,Annual Building Energy Use Intensity (EUI),,2019,66.99
energy,Walker,utility-usage,,eui,Annual Building Energy Use Intensity (EUI),,2020,52.3
energy,Walker,utility-usage,,eui,Annual Building Energy Use Intensity (EUI),,2021,63.83
energy,Walker,utility-usage,,eui,Annual Building Energy Use Intensity (EUI),,2022,75.37
energy,Walker,utility-usage,,eui,Annual Building Energy Use Intensity (EUI),,2023,57.64
energy,Walker,utility-usage,,eui,Annual Building Energy Use Intensity (EUI),,2024,55.55
energy,Walker,utility-usage,,eui,Annual Building Energy Use Intensity (EUI),,2025,62.75
energy,Walker,utility-usage,,eui,Annual Building Energy Use Intensity (EUI),,2026,38.24
energy,Walker,utility-usage,,cost-savings,Utility SavingsMoney saved by using less energy and water(2026 vs. 2018 usage at today's rates)Jan – Aug 2026 vs. same period 2018,,value,9709.7
energy,Warehouse,utility-usage,,global-use,Annual Utility Usage,Electric,2018,616.0
energy,Warehouse,utility-usage,,global-use,Annual Utility Usage,Electric,2019,678.0
energy,Warehouse,utility-usage,,global-use,Annual Utility Usage,Electric,2020,660.0
energy,Warehouse,utility-usage,,global-use,Annual Utility Usage,Electric,2021,522.0
energy,Warehouse,utility-usage,,global-use,Annual Utility Usage,Electric,2022,520.0
energy,Warehouse,utility-usage,,global-use,Annual Utility Usage,Electric,2023,534.0
energy,Warehouse,utility-usage,,global-use,Annual Utility Usage,Electric,2024,559.0
energy,Warehouse,utility-usage,,global-use,Annual Utility Usage,Electric,2025,582.0
energy,Warehouse,utility-usage,,global-use,Annual Utility Usage,Electric,2026,324.0
energy,Warehouse,utility-usage,,global-use,Annual Utility Usage,Natural Gas,2018,2658.0
energy,Warehouse,utility-usage,,global-use,Annual Utility Usage,Natural Gas,2019,3338.0
energy,Warehouse,utility-usage,,global-use,Annual Utility Usage,Natural Gas,2020,2795.0
energy,Warehouse,utility-usage,,global-use,Annual Utility Usage,Natural Gas,2021,3041.0
energy,Warehouse,utility-usage,,global-use,Annual Utility Usage,Natural Gas,2022,3692.0
energy,Warehouse,utility-usage,,global-use,Annual Utility Usage,Natural Gas,2023,3286.0
energy,Warehouse,utility-usage,,global-use,Annual Utility Usage,Natural Gas,2024,3180.0
energy,Warehouse,utility-usage,,global-use,Annual Utility Usage,Natural Gas,2025,3839.0
energy,Warehouse,utility-usage,,global-use,Annual Utility Usage,Natural Gas,2026,2140.0
energy,Warehouse,utility-usage,,ghg,Annual Carbon Emissions,Scope 1,2018,142.0
energy,Warehouse,utility-usage,,ghg,Annual Carbon Emissions,Scope 1,2019,177.0
energy,Warehouse,utility-usage,,ghg,Annual Carbon Emissions,Scope 1,2020,148.0
energy,Warehouse,utility-usage,,ghg,Annual Carbon Emissions,Scope 1,2021,162.0
energy,Warehouse,utility-usage,,ghg,Annual Carbon Emissions,Scope 1,2022,196.0
energy,Warehouse,utility-usage,,ghg,Annual Carbon Emissions,Scope 1,2023,174.0
energy,Warehouse,utility-usage,,ghg,Annual Carbon Emissions,Scope 1,2024,170.0
energy,Warehouse,utility-usage,,ghg,Annual Carbon Emissions,Scope 1,2025,203.0
energy,Warehouse,utility-usage,,ghg,Annual Carbon Emissions,Scope 1,2026,114.0
energy,Warehouse,utility-usage,,ghg,Annual Carbon Emissions,Scope 2,2018,95.0
energy,Warehouse,utility-usage,,ghg,Annual Carbon Emissions,Scope 2,2019,96.0
energy,Warehouse,utility-usage,,ghg,Annual Carbon Emissions,Scope 2,2020,88.0
energy,Warehouse,utility-usage,,ghg,Annual Carbon Emissions,Scope 2,2021,73.0
energy,Warehouse,utility-usage,,ghg,Annual Carbon Emissions,Scope 2,2022,69.0
energy,Warehouse,utility-usage,,ghg,Annual Carbon Emissions,Scope 2,2023,65.0
energy,Warehouse,utility-usage,,ghg,Annual Carbon Emissions,Scope 2,2024,68.0
energy,Warehouse,utility-usage,,ghg,Annual Carbon Emissions,Scope 2,2025,71.0
energy,Warehouse,utility-usage,,ghg,Annual Carbon Emissions,Scope 2,2026,40.0
energy,Warehouse,utility-usage,,cost,"Annual Cost (Electric, Natural Gas, Water)",directCost,2018,34584.64
energy,Warehouse,utility-usage,,cost,"Annual Cost (Electric, Natural Gas, Water)",directCost,2019,38679.39
energy,Warehouse,utility-usage,,cost,"Annual Cost (Electric, Natural Gas, Water)",directCost,2020,35063.97
energy,Warehouse,utility-usage,,cost,"Annual Cost (Electric, Natural Gas, Water)",directCost,2021,34410.1
energy,Warehouse,utility-usage,,cost,"Annual Cost (Electric, Natural Gas, Water)",directCost,2022,37692.85
energy,Warehouse,utility-usage,,cost,"Annual Cost (Electric, Natural Gas, Water)",directCost,2023,38932.16
energy,Warehouse,utility-usage,,cost,"Annual Cost (Electric, Natural Gas, Water)",directCost,2024,41441.73
energy,Warehouse,utility-usage,,cost,"Annual Cost (Electric, Natural Gas, Water)",directCost,2025,48282.85
energy,Warehouse,utility-usage,,cost,"Annual Cost (Electric, Natural Gas, Water)",directCost,2026,31315.08
energy,Warehouse,utility-usage,,eui,Annual Building Energy Use Intensity (EUI),,2018,74.42
energy,Warehouse,utility-usage,,eui,Annual Building Energy Use Intensity (EUI),,2019,91.27
energy,Warehouse,utility-usage,,eui,Annual Building Energy Use Intensity (EUI),,2020,78.52
energy,Warehouse,utility-usage,,eui,Annual Building Energy Use Intensity (EUI),,2021,80.96
energy,Warehouse,utility-usage,,eui,Annual Building Energy Use Intensity (EUI),,2022,95.75
energy,Warehouse,utility-usage,,eui,Annual Building Energy Use Intensity (EUI),,2023,86.84
energy,Warehouse,utility-usage,,eui,Annual Building Energy Use Intensity (EUI),,2024,84.97
energy,Warehouse,utility-usage,,eui,Annual Building Energy Use Intensity (EUI),,2025,100.47
energy,Warehouse,utility-usage,,eui,Annual Building Energy Use Intensity (EUI),,2026,55.99
energy,Warehouse,utility-usage,,cost-savings,Utility SavingsMoney saved by using less energy and water(2026 vs. 2018 usage at today's rates)Jan – Aug 2026 vs. same period 2018,,value,-701.0
energy,Washington,utility-usage,,global-use,Annual Utility Usage,Electric,2018,1615.0
energy,Washington,utility-usage,,global-use,Annual Utility Usage,Electric,2019,1614.0
energy,Washington,utility-usage,,global-use,Annual Utility Usage,Electric,2020,1061.0
energy,Washington,utility-usage,,global-use,Annual Utility Usage,Electric,2021,1516.0
energy,Washington,utility-usage,,global-use,Annual Utility Usage,Electric,2022,1568.0
energy,Washington,utility-usage,,global-use,Annual Utility Usage,Electric,2023,1291.0
energy,Washington,utility-usage,,global-use,Annual Utility Usage,Electric,2024,1324.0
energy,Washington,utility-usage,,global-use,Annual Utility Usage,Electric,2025,1281.0
energy,Washington,utility-usage,,global-use,Annual Utility Usage,Electric,2026,800.0
energy,Washington,utility-usage,,global-use,Annual Utility Usage,Natural Gas,2018,5003.0
energy,Washington,utility-usage,,global-use,Annual Utility Usage,Natural Gas,2019,4676.0
energy,Washington,utility-usage,,global-use,Annual Utility Usage,Natural Gas,2020,4355.0
energy,Washington,utility-usage,,global-use,Annual Utility Usage,Natural Gas,2021,4703.0
energy,Washington,utility-usage,,global-use,Annual Utility Usage,Natural Gas,2022,5046.0
energy,Washington,utility-usage,,global-use,Annual Utility Usage,Natural Gas,2023,4193.0
energy,Washington,utility-usage,,global-use,Annual Utility Usage,Natural Gas,2024,3958.0
energy,Washington,utility-usage,,global-use,Annual Utility Usage,Natural Gas,2025,4725.0
energy,Washington,utility-usage,,global-use,Annual Utility Usage,Natural Gas,2026,3008.0
energy,Washington,utility-usage,,ghg,Annual Carbon Emissions,Scope 1,2018,251.0
energy,Washington,utility-usage,,ghg,Annual Carbon Emissions,Scope 1,2019,247.0
energy,Washington,utility-usage,,ghg,Annual Carbon Emissions,Scope 1,2020,232.0
energy,Washington,utility-usage,,ghg,Annual Carbon Emissions,Scope 1,2021,251.0
energy,Washington,utility-usage,,ghg,Annual Carbon Emissions,Scope 1,2022,267.0
energy,Washington,utility-usage,,ghg,Annual Carbon Emissions,Scope 1,2023,223.0
energy,Washington,utility-usage,,ghg,Annual Carbon Emissions,Scope 1,2024,210.0
energy,Washington,utility-usage,,ghg,Annual Carbon Emissions,Scope 1,2025,253.0
energy,Washington,utility-usage,,ghg,Annual Carbon Emissions,Scope 1,2026,158.0
energy,Washington,utility-usage,,ghg,Annual Carbon Emissions,Scope 2,2018,249.0
energy,Washington,utility-usage,,ghg,Annual Carbon Emissions,Scope 2,2019,229.0
energy,Washington,utility-usage,,ghg,Annual Carbon Emissions,Scope 2,2020,141.0
energy,Washington,utility-usage,,ghg,Annual Carbon Emissions,Scope 2,2021,210.0
energy,Washington,utility-usage,,ghg,Annual Carbon Emissions,Scope 2,2022,209.0
energy,Washington,utility-usage,,ghg,Annual Carbon Emissions,Scope 2,2023,157.0
energy,Washington,utility-usage,,ghg,Annual Carbon Emissions,Scope 2,2024,161.0
energy,Washington,utility-usage,,ghg,Annual Carbon Emissions,Scope 2,2025,156.0
energy,Washington,utility-usage,,ghg,Annual Carbon Emissions,Scope 2,2026,98.0
energy,Washington,utility-usage,,cost,"Annual Cost (Electric, Natural Gas, Water)",directCost,2018,76544.14
energy,Washington,utility-usage,,cost,"Annual Cost (Electric, Natural Gas, Water)",directCost,2019,77987.81
energy,Washington,utility-usage,,cost,"Annual Cost (Electric, Natural Gas, Water)",directCost,2020,61725.72
energy,Washington,utility-usage,,cost,"Annual Cost (Electric, Natural Gas, Water)",directCost,2021,69661.84
energy,Washington,utility-usage,,cost,"Annual Cost (Electric, Natural Gas, Water)",directCost,2022,73123.16
energy,Washington,utility-usage,,cost,"Annual Cost (Electric, Natural Gas, Water)",directCost,2023,73199.6
energy,Washington,utility-usage,,cost,"Annual Cost (Electric, Natural Gas, Water)",directCost,2024,78990.57
energy,Washington,utility-usage,,cost,"Annual Cost (Electric, Natural Gas, Water)",directCost,2025,89559.02
energy,Washington,utility-usage,,cost,"Annual Cost (Electric, Natural Gas, Water)",directCost,2026,57229.4
energy,Washington,utility-usage,,eui,Annual Building Energy Use Intensity (EUI),,2018,86.18
energy,Washington,utility-usage,,eui,Annual Building Energy Use Intensity (EUI),,2019,81.91
energy,Washington,utility-usage,,eui,Annual Building Energy Use Intensity (EUI),,2020,70.52
energy,Washington,utility-usage,,eui,Annual Building Energy Use Intensity (EUI),,2021,80.99
energy,Washington,utility-usage,,eui,Annual Building Energy Use Intensity (EUI),,2022,86.12
energy,Washington,utility-usage,,eui,Annual Building Energy Use Intensity (EUI),,2023,71.41
energy,Washington,utility-usage,,eui,Annual Building Energy Use Intensity (EUI),,2024,68.78
energy,Washington,utility-usage,,eui,Annual Building Energy Use Intensity (EUI),,2025,78.2
energy,Washington,utility-usage,,eui,Annual Building Energy Use Intensity (EUI),,2026,49.58
energy,Washington,utility-usage,,cost-savings,Utility SavingsMoney saved by using less energy and water(2026 vs. 2018 usage at today's rates)Jan – Aug 2026 vs. same period 2018,,value,12251.24
energy,Willard,utility-usage,,global-use,Annual Utility Usage,Electric,2018,1036.0
energy,Willard,utility-usage,,global-use,Annual Utility Usage,Electric,2019,988.0
energy,Willard,utility-usage,,global-use,Annual Utility Usage,Electric,2020,779.0
energy,Willard,utility-usage,,global-use,Annual Utility Usage,Electric,2021,1010.0
energy,Willard,utility-usage,,global-use,Annual Utility Usage,Electric,2022,997.0
energy,Willard,utility-usage,,global-use,Annual Utility Usage,Electric,2023,905.0
energy,Willard,utility-usage,,global-use,Annual Utility Usage,Electric,2024,967.0
energy,Willard,utility-usage,,global-use,Annual Utility Usage,Electric,2025,881.0
energy,Willard,utility-usage,,global-use,Annual Utility Usage,Electric,2026,562.0
energy,Willard,utility-usage,,global-use,Annual Utility Usage,Natural Gas,2018,3529.0
energy,Willard,utility-usage,,global-use,Annual Utility Usage,Natural Gas,2019,3511.0
energy,Willard,utility-usage,,global-use,Annual Utility Usage,Natural Gas,2020,2891.0
energy,Willard,utility-usage,,global-use,Annual Utility Usage,Natural Gas,2021,3330.0
energy,Willard,utility-usage,,global-use,Annual Utility Usage,Natural Gas,2022,3524.0
energy,Willard,utility-usage,,global-use,Annual Utility Usage,Natural Gas,2023,2782.0
energy,Willard,utility-usage,,global-use,Annual Utility Usage,Natural Gas,2024,2625.0
energy,Willard,utility-usage,,global-use,Annual Utility Usage,Natural Gas,2025,2884.0
energy,Willard,utility-usage,,global-use,Annual Utility Usage,Natural Gas,2026,1767.0
energy,Willard,utility-usage,,ghg,Annual Carbon Emissions,Scope 1,2018,190.0
energy,Willard,utility-usage,,ghg,Annual Carbon Emissions,Scope 1,2019,185.0
energy,Willard,utility-usage,,ghg,Annual Carbon Emissions,Scope 1,2020,153.0
energy,Willard,utility-usage,,ghg,Annual Carbon Emissions,Scope 1,2021,178.0
energy,Willard,utility-usage,,ghg,Annual Carbon Emissions,Scope 1,2022,185.0
energy,Willard,utility-usage,,ghg,Annual Carbon Emissions,Scope 1,2023,148.0
energy,Willard,utility-usage,,ghg,Annual Carbon Emissions,Scope 1,2024,140.0
energy,Willard,utility-usage,,ghg,Annual Carbon Emissions,Scope 1,2025,153.0
energy,Willard,utility-usage,,ghg,Annual Carbon Emissions,Scope 1,2026,94.0
energy,Willard,utility-usage,,ghg,Annual Carbon Emissions,Scope 2,2018,160.0
energy,Willard,utility-usage,,ghg,Annual Carbon Emissions,Scope 2,2019,140.0
energy,Willard,utility-usage,,ghg,Annual Carbon Emissions,Scope 2,2020,104.0
energy,Willard,utility-usage,,ghg,Annual Carbon Emissions,Scope 2,2021,140.0
energy,Willard,utility-usage,,ghg,Annual Carbon Emissions,Scope 2,2022,133.0
energy,Willard,utility-usage,,ghg,Annual Carbon Emissions,Scope 2,2023,110.0
energy,Willard,utility-usage,,ghg,Annual Carbon Emissions,Scope 2,2024,118.0
energy,Willard,utility-usage,,ghg,Annual Carbon Emissions,Scope 2,2025,107.0
energy,Willard,utility-usage,,ghg,Annual Carbon Emissions,Scope 2,2026,69.0
energy,Willard,utility-usage,,cost,"Annual Cost (Electric, Natural Gas, Water)",directCost,2018,54953.26
energy,Willard,utility-usage,,cost,"Annual Cost (Electric, Natural Gas, Water)",directCost,2019,53435.56
energy,Willard,utility-usage,,cost,"Annual Cost (Electric, Natural Gas, Water)",directCost,2020,43019.85
energy,Willard,utility-usage,,cost,"Annual Cost (Electric, Natural Gas, Water)",directCost,2021,50743.76
energy,Willard,utility-usage,,cost,"Annual Cost (Electric, Natural Gas, Water)",directCost,2022,54940.48
energy,Willard,utility-usage,,cost,"Annual Cost (Electric, Natural Gas, Water)",directCost,2023,51878.32
energy,Willard,utility-usage,,cost,"Annual Cost (Electric, Natural Gas, Water)",directCost,2024,58092.16
energy,Willard,utility-usage,,cost,"Annual Cost (Electric, Natural Gas, Water)",directCost,2025,62349.61
energy,Willard,utility-usage,,cost,"Annual Cost (Electric, Natural Gas, Water)",directCost,2026,39114.26
energy,Willard,utility-usage,,eui,Annual Building Energy Use Intensity (EUI),,2018,72.89
energy,Willard,utility-usage,,eui,Annual Building Energy Use Intensity (EUI),,2019,71.83
energy,Willard,utility-usage,,eui,Annual Building Energy Use Intensity (EUI),,2020,58.58
energy,Willard,utility-usage,,eui,Annual Building Energy Use Intensity (EUI),,2021,69.29
energy,Willard,utility-usage,,eui,Annual Building Energy Use Intensity (EUI),,2022,72.18
energy,Willard,utility-usage,,eui,Annual Building Energy Use Intensity (EUI),,2023,58.87
energy,Willard,utility-usage,,eui,Annual Building Energy Use Intensity (EUI),,2024,57.36
energy,Willard,utility-usage,,eui,Annual Building Energy Use Intensity (EUI),,2025,60.1
energy,Willard,utility-usage,,eui,Annual Building Energy Use Intensity (EUI),,2026,37.18
energy,Willard,utility-usage,,cost-savings,Utility SavingsMoney saved by using less energy and water(2026 vs. 2018 usage at today's rates)Jan – Aug 2026 vs. same period 2018,,value,13055.54
