school,test_type,chart_id,chart_title,series,category,value
District,STAR Reading,students-count-ast,summary counts,,Students,3713.0
District,STAR Reading,ast-graph-1,STAR Reading Benchmark Category (Fall SY27),Urgent Intervention,Urgent Intervention,268.0
District,STAR Reading,ast-graph-1,STAR Reading Benchmark Category (Fall SY27),Intervention,Intervention,338.0
District,STAR Reading,ast-graph-1,STAR Reading Benchmark Category (Fall SY27),Approaching Benchmark,Approaching Benchmark,1111.0
District,STAR Reading,ast-graph-1,STAR Reading Benchmark Category (Fall SY27),At Benchmark,At Benchmark,1666.0
District,STAR Reading,ast-graph-1,STAR Reading Benchmark Category (Fall SY27),Above Benchmark,Above Benchmark,330.0
District,STAR Early Literacy,students-count-ast,summary counts,,Students,1584.0
District,STAR Early Literacy,ast-graph-1,STAR Early Literacy Benchmark Category (Fall SY27),Urgent Intervention,Urgent Intervention,102.0
District,STAR Early Literacy,ast-graph-1,STAR Early Literacy Benchmark Category (Fall SY27),Intervention,Intervention,154.0
District,STAR Early Literacy,ast-graph-1,STAR Early Literacy Benchmark Category (Fall SY27),Approaching Benchmark,Approaching Benchmark,560.0
District,STAR Early Literacy,ast-graph-1,STAR Early Literacy Benchmark Category (Fall SY27),At Benchmark,At Benchmark,671.0
District,STAR Early Literacy,ast-graph-1,STAR Early Literacy Benchmark Category (Fall SY27),Above Benchmark,Above Benchmark,97.0
District,STAR Reading Spanish,students-count-ast,summary counts,,Students,563.0
District,STAR Reading Spanish,ast-graph-1,STAR Reading Spanish Benchmark Category (Fall SY27),Urgent Intervention,Urgent Intervention,99.0
District,STAR Reading Spanish,ast-graph-1,STAR Reading Spanish Benchmark Category (Fall SY27),Intervention,Intervention,139.0
District,STAR Reading Spanish,ast-graph-1,STAR Reading Spanish Benchmark Category (Fall SY27),Approaching Benchmark,Approaching Benchmark,211.0
District,STAR Reading Spanish,ast-graph-1,STAR Reading Spanish Benchmark Category (Fall SY27),At Benchmark,At Benchmark,98.0
District,STAR Reading Spanish,ast-graph-1,STAR Reading Spanish Benchmark Category (Fall SY27),Above Benchmark,Above Benchmark,16.0
District,STAR Early Literacy Spanish,students-count-ast,summary counts,,Students,334.0
District,STAR Early Literacy Spanish,ast-graph-1,STAR Early Literacy Spanish Benchmark Category (Fall SY27),Urgent Intervention,Urgent Intervention,17.0
District,STAR Early Literacy Spanish,ast-graph-1,STAR Early Literacy Spanish Benchmark Category (Fall SY27),Intervention,Intervention,31.0
District,STAR Early Literacy Spanish,ast-graph-1,STAR Early Literacy Spanish Benchmark Category (Fall SY27),Approaching Benchmark,Approaching Benchmark,104.0
District,STAR Early Literacy Spanish,ast-graph-1,STAR Early Literacy Spanish Benchmark Category (Fall SY27),At Benchmark,At Benchmark,158.0
District,STAR Early Literacy Spanish,ast-graph-1,STAR Early Literacy Spanish Benchmark Category (Fall SY27),Above Benchmark,Above Benchmark,24.0
District,i-Ready Math,students-count-ast,summary counts,,Students,5208.0
District,i-Ready Math,ast-graph-1,i-Ready Math — Overall Relative Placement,3 or More Grade Levels Below,3 or More Grade Levels Below,505.0
District,i-Ready Math,ast-graph-1,i-Ready Math — Overall Relative Placement,2 Grade Levels Below,2 Grade Levels Below,570.0
District,i-Ready Math,ast-graph-1,i-Ready Math — Overall Relative Placement,1 Grade Level Below,1 Grade Level Below,2286.0
District,i-Ready Math,ast-graph-1,i-Ready Math — Overall Relative Placement,Early On Grade Level,Early On Grade Level,992.0
District,i-Ready Math,ast-graph-1,i-Ready Math — Overall Relative Placement,Mid or Above Grade Level,Mid or Above Grade Level,855.0
Chute Middle School,STAR Reading,students-count-ast,summary counts,,Students,582.0
Chute Middle School,STAR Reading,ast-graph-1,STAR Reading Benchmark Category (Fall SY27),Urgent Intervention,Urgent Intervention,44.0
Chute Middle School,STAR Reading,ast-graph-1,STAR Reading Benchmark Category (Fall SY27),Intervention,Intervention,46.0
Chute Middle School,STAR Reading,ast-graph-1,STAR Reading Benchmark Category (Fall SY27),Approaching Benchmark,Approaching Benchmark,210.0
Chute Middle School,STAR Reading,ast-graph-1,STAR Reading Benchmark Category (Fall SY27),At Benchmark,At Benchmark,247.0
Chute Middle School,STAR Reading,ast-graph-1,STAR Reading Benchmark Category (Fall SY27),Above Benchmark,Above Benchmark,35.0
Chute Middle School,STAR Reading Spanish,students-count-ast,summary counts,,Students,86.0
Chute Middle School,STAR Reading Spanish,ast-graph-1,STAR Reading Spanish Benchmark Category (Fall SY27),Urgent Intervention,Urgent Intervention,16.0
Chute Middle School,STAR Reading Spanish,ast-graph-1,STAR Reading Spanish Benchmark Category (Fall SY27),Intervention,Intervention,19.0
Chute Middle School,STAR Reading Spanish,ast-graph-1,STAR Reading Spanish Benchmark Category (Fall SY27),Approaching Benchmark,Approaching Benchmark,31.0
Chute Middle School,STAR Reading Spanish,ast-graph-1,STAR Reading Spanish Benchmark Category (Fall SY27),At Benchmark,At Benchmark,18.0
Chute Middle School,STAR Reading Spanish,ast-graph-1,STAR Reading Spanish Benchmark Category (Fall SY27),Above Benchmark,Above Benchmark,2.0
Chute Middle School,i-Ready Math,students-count-ast,summary counts,,Students,579.0
Chute Middle School,i-Ready Math,ast-graph-1,i-Ready Math — Overall Relative Placement,3 or More Grade Levels Below,3 or More Grade Levels Below,100.0
Chute Middle School,i-Ready Math,ast-graph-1,i-Ready Math — Overall Relative Placement,2 Grade Levels Below,2 Grade Levels Below,69.0
Chute Middle School,i-Ready Math,ast-graph-1,i-Ready Math — Overall Relative Placement,1 Grade Level Below,1 Grade Level Below,186.0
Chute Middle School,i-Ready Math,ast-graph-1,i-Ready Math — Overall Relative Placement,Early On Grade Level,Early On Grade Level,141.0
Chute Middle School,i-Ready Math,ast-graph-1,i-Ready Math — Overall Relative Placement,Mid or Above Grade Level,Mid or Above Grade Level,83.0
Dawes Elementary School,STAR Reading,students-count-ast,summary counts,,Students,156.0
Dawes Elementary School,STAR Reading,ast-graph-1,STAR Reading Benchmark Category (Fall SY27),Urgent Intervention,Urgent Intervention,13.0
Dawes Elementary School,STAR Reading,ast-graph-1,STAR Reading Benchmark Category (Fall SY27),Intervention,Intervention,16.0
Dawes Elementary School,STAR Reading,ast-graph-1,STAR Reading Benchmark Category (Fall SY27),Approaching Benchmark,Approaching Benchmark,51.0
Dawes Elementary School,STAR Reading,ast-graph-1,STAR Reading Benchmark Category (Fall SY27),At Benchmark,At Benchmark,58.0
Dawes Elementary School,STAR Reading,ast-graph-1,STAR Reading Benchmark Category (Fall SY27),Above Benchmark,Above Benchmark,18.0
Dawes Elementary School,STAR Early Literacy,students-count-ast,summary counts,,Students,125.0
Dawes Elementary School,STAR Early Literacy,ast-graph-1,STAR Early Literacy Benchmark Category (Fall SY27),Urgent Intervention,Urgent Intervention,10.0
Dawes Elementary School,STAR Early Literacy,ast-graph-1,STAR Early Literacy Benchmark Category (Fall SY27),Intervention,Intervention,19.0
Dawes Elementary School,STAR Early Literacy,ast-graph-1,STAR Early Literacy Benchmark Category (Fall SY27),Approaching Benchmark,Approaching Benchmark,47.0
Dawes Elementary School,STAR Early Literacy,ast-graph-1,STAR Early Literacy Benchmark Category (Fall SY27),At Benchmark,At Benchmark,43.0
Dawes Elementary School,STAR Early Literacy,ast-graph-1,STAR Early Literacy Benchmark Category (Fall SY27),Above Benchmark,Above Benchmark,6.0
Dawes Elementary School,STAR Reading Spanish,students-count-ast,summary counts,,Students,55.0
Dawes Elementary School,STAR Reading Spanish,ast-graph-1,STAR Reading Spanish Benchmark Category (Fall SY27),Urgent Intervention,Urgent Intervention,7.0
Dawes Elementary School,STAR Reading Spanish,ast-graph-1,STAR Reading Spanish Benchmark Category (Fall SY27),Intervention,Intervention,15.0
Dawes Elementary School,STAR Reading Spanish,ast-graph-1,STAR Reading Spanish Benchmark Category (Fall SY27),Approaching Benchmark,Approaching Benchmark,23.0
Dawes Elementary School,STAR Reading Spanish,ast-graph-1,STAR Reading Spanish Benchmark Category (Fall SY27),At Benchmark,At Benchmark,8.0
Dawes Elementary School,STAR Reading Spanish,ast-graph-1,STAR Reading Spanish Benchmark Category (Fall SY27),Above Benchmark,Above Benchmark,2.0
Dawes Elementary School,STAR Early Literacy Spanish,students-count-ast,summary counts,,Students,58.0
Dawes Elementary School,STAR Early Literacy Spanish,ast-graph-1,STAR Early Literacy Spanish Benchmark Category (Fall SY27),Urgent Intervention,Urgent Intervention,3.0
Dawes Elementary School,STAR Early Literacy Spanish,ast-graph-1,STAR Early Literacy Spanish Benchmark Category (Fall SY27),Intervention,Intervention,3.0
Dawes Elementary School,STAR Early Literacy Spanish,ast-graph-1,STAR Early Literacy Spanish Benchmark Category (Fall SY27),Approaching Benchmark,Approaching Benchmark,13.0
Dawes Elementary School,STAR Early Literacy Spanish,ast-graph-1,STAR Early Literacy Spanish Benchmark Category (Fall SY27),At Benchmark,At Benchmark,33.0
Dawes Elementary School,STAR Early Literacy Spanish,ast-graph-1,STAR Early Literacy Spanish Benchmark Category (Fall SY27),Above Benchmark,Above Benchmark,6.0
Dawes Elementary School,i-Ready Math,students-count-ast,summary counts,,Students,281.0
Dawes Elementary School,i-Ready Math,ast-graph-1,i-Ready Math — Overall Relative Placement,3 or More Grade Levels Below,3 or More Grade Levels Below,11.0
Dawes Elementary School,i-Ready Math,ast-graph-1,i-Ready Math — Overall Relative Placement,2 Grade Levels Below,2 Grade Levels Below,37.0
Dawes Elementary School,i-Ready Math,ast-graph-1,i-Ready Math — Overall Relative Placement,1 Grade Level Below,1 Grade Level Below,169.0
Dawes Elementary School,i-Ready Math,ast-graph-1,i-Ready Math — Overall Relative Placement,Early On Grade Level,Early On Grade Level,29.0
Dawes Elementary School,i-Ready Math,ast-graph-1,i-Ready Math — Overall Relative Placement,Mid or Above Grade Level,Mid or Above Grade Level,35.0
Dewey Elementary School,STAR Reading,students-count-ast,summary counts,,Students,162.0
Dewey Elementary School,STAR Reading,ast-graph-1,STAR Reading Benchmark Category (Fall SY27),Urgent Intervention,Urgent Intervention,8.0
Dewey Elementary School,STAR Reading,ast-graph-1,STAR Reading Benchmark Category (Fall SY27),Intervention,Intervention,12.0
Dewey Elementary School,STAR Reading,ast-graph-1,STAR Reading Benchmark Category (Fall SY27),Approaching Benchmark,Approaching Benchmark,56.0
Dewey Elementary School,STAR Reading,ast-graph-1,STAR Reading Benchmark Category (Fall SY27),At Benchmark,At Benchmark,66.0
Dewey Elementary School,STAR Reading,ast-graph-1,STAR Reading Benchmark Category (Fall SY27),Above Benchmark,Above Benchmark,20.0
Dewey Elementary School,STAR Early Literacy,students-count-ast,summary counts,,Students,144.0
Dewey Elementary School,STAR Early Literacy,ast-graph-1,STAR Early Literacy Benchmark Category (Fall SY27),Urgent Intervention,Urgent Intervention,11.0
Dewey Elementary School,STAR Early Literacy,ast-graph-1,STAR Early Literacy Benchmark Category (Fall SY27),Intervention,Intervention,11.0
Dewey Elementary School,STAR Early Literacy,ast-graph-1,STAR Early Literacy Benchmark Category (Fall SY27),Approaching Benchmark,Approaching Benchmark,37.0
Dewey Elementary School,STAR Early Literacy,ast-graph-1,STAR Early Literacy Benchmark Category (Fall SY27),At Benchmark,At Benchmark,71.0
Dewey Elementary School,STAR Early Literacy,ast-graph-1,STAR Early Literacy Benchmark Category (Fall SY27),Above Benchmark,Above Benchmark,14.0
Dewey Elementary School,STAR Reading Spanish,students-count-ast,summary counts,,Students,45.0
Dewey Elementary School,STAR Reading Spanish,ast-graph-1,STAR Reading Spanish Benchmark Category (Fall SY27),Urgent Intervention,Urgent Intervention,12.0
Dewey Elementary School,STAR Reading Spanish,ast-graph-1,STAR Reading Spanish Benchmark Category (Fall SY27),Intervention,Intervention,7.0
Dewey Elementary School,STAR Reading Spanish,ast-graph-1,STAR Reading Spanish Benchmark Category (Fall SY27),Approaching Benchmark,Approaching Benchmark,20.0
Dewey Elementary School,STAR Reading Spanish,ast-graph-1,STAR Reading Spanish Benchmark Category (Fall SY27),At Benchmark,At Benchmark,6.0
Dewey Elementary School,STAR Early Literacy Spanish,students-count-ast,summary counts,,Students,56.0
Dewey Elementary School,STAR Early Literacy Spanish,ast-graph-1,STAR Early Literacy Spanish Benchmark Category (Fall SY27),Urgent Intervention,Urgent Intervention,2.0
Dewey Elementary School,STAR Early Literacy Spanish,ast-graph-1,STAR Early Literacy Spanish Benchmark Category (Fall SY27),Intervention,Intervention,8.0
Dewey Elementary School,STAR Early Literacy Spanish,ast-graph-1,STAR Early Literacy Spanish Benchmark Category (Fall SY27),Approaching Benchmark,Approaching Benchmark,10.0
Dewey Elementary School,STAR Early Literacy Spanish,ast-graph-1,STAR Early Literacy Spanish Benchmark Category (Fall SY27),At Benchmark,At Benchmark,31.0
Dewey Elementary School,STAR Early Literacy Spanish,ast-graph-1,STAR Early Literacy Spanish Benchmark Category (Fall SY27),Above Benchmark,Above Benchmark,5.0
Dewey Elementary School,i-Ready Math,students-count-ast,summary counts,,Students,306.0
Dewey Elementary School,i-Ready Math,ast-graph-1,i-Ready Math — Overall Relative Placement,3 or More Grade Levels Below,3 or More Grade Levels Below,6.0
Dewey Elementary School,i-Ready Math,ast-graph-1,i-Ready Math — Overall Relative Placement,2 Grade Levels Below,2 Grade Levels Below,25.0
Dewey Elementary School,i-Ready Math,ast-graph-1,i-Ready Math — Overall Relative Placement,1 Grade Level Below,1 Grade Level Below,168.0
Dewey Elementary School,i-Ready Math,ast-graph-1,i-Ready Math — Overall Relative Placement,Early On Grade Level,Early On Grade Level,53.0
Dewey Elementary School,i-Ready Math,ast-graph-1,i-Ready Math — Overall Relative Placement,Mid or Above Grade Level,Mid or Above Grade Level,54.0
Dr Martin Luther King Jr Literary & Fine Arts School,STAR Reading,students-count-ast,summary counts,,Students,312.0
Dr Martin Luther King Jr Literary & Fine Arts School,STAR Reading,ast-graph-1,STAR Reading Benchmark Category (Fall SY27),Urgent Intervention,Urgent Intervention,37.0
Dr Martin Luther King Jr Literary & Fine Arts School,STAR Reading,ast-graph-1,STAR Reading Benchmark Category (Fall SY27),Intervention,Intervention,28.0
Dr Martin Luther King Jr Literary & Fine Arts School,STAR Reading,ast-graph-1,STAR Reading Benchmark Category (Fall SY27),Approaching Benchmark,Approaching Benchmark,107.0
Dr Martin Luther King Jr Literary & Fine Arts School,STAR Reading,ast-graph-1,STAR Reading Benchmark Category (Fall SY27),At Benchmark,At Benchmark,117.0
Dr Martin Luther King Jr Literary & Fine Arts School,STAR Reading,ast-graph-1,STAR Reading Benchmark Category (Fall SY27),Above Benchmark,Above Benchmark,23.0
Dr Martin Luther King Jr Literary & Fine Arts School,STAR Early Literacy,students-count-ast,summary counts,,Students,117.0
Dr Martin Luther King Jr Literary & Fine Arts School,STAR Early Literacy,ast-graph-1,STAR Early Literacy Benchmark Category (Fall SY27),Urgent Intervention,Urgent Intervention,11.0
Dr Martin Luther King Jr Literary & Fine Arts School,STAR Early Literacy,ast-graph-1,STAR Early Literacy Benchmark Category (Fall SY27),Intervention,Intervention,11.0
Dr Martin Luther King Jr Literary & Fine Arts School,STAR Early Literacy,ast-graph-1,STAR Early Literacy Benchmark Category (Fall SY27),Approaching Benchmark,Approaching Benchmark,52.0
Dr Martin Luther King Jr Literary & Fine Arts School,STAR Early Literacy,ast-graph-1,STAR Early Literacy Benchmark Category (Fall SY27),At Benchmark,At Benchmark,39.0
Dr Martin Luther King Jr Literary & Fine Arts School,STAR Early Literacy,ast-graph-1,STAR Early Literacy Benchmark Category (Fall SY27),Above Benchmark,Above Benchmark,4.0
Dr Martin Luther King Jr Literary & Fine Arts School,i-Ready Math,students-count-ast,summary counts,,Students,426.0
Dr Martin Luther King Jr Literary & Fine Arts School,i-Ready Math,ast-graph-1,i-Ready Math — Overall Relative Placement,3 or More Grade Levels Below,3 or More Grade Levels Below,60.0
Dr Martin Luther King Jr Literary & Fine Arts School,i-Ready Math,ast-graph-1,i-Ready Math — Overall Relative Placement,2 Grade Levels Below,2 Grade Levels Below,64.0
Dr Martin Luther King Jr Literary & Fine Arts School,i-Ready Math,ast-graph-1,i-Ready Math — Overall Relative Placement,1 Grade Level Below,1 Grade Level Below,194.0
Dr Martin Luther King Jr Literary & Fine Arts School,i-Ready Math,ast-graph-1,i-Ready Math — Overall Relative Placement,Early On Grade Level,Early On Grade Level,61.0
Dr Martin Luther King Jr Literary & Fine Arts School,i-Ready Math,ast-graph-1,i-Ready Math — Overall Relative Placement,Mid or Above Grade Level,Mid or Above Grade Level,47.0
Foster School,STAR Reading,students-count-ast,summary counts,,Students,196.0
Foster School,STAR Reading,ast-graph-1,STAR Reading Benchmark Category (Fall SY27),Urgent Intervention,Urgent Intervention,33.0
Foster School,STAR Reading,ast-graph-1,STAR Reading Benchmark Category (Fall SY27),Intervention,Intervention,37.0
Foster School,STAR Reading,ast-graph-1,STAR Reading Benchmark Category (Fall SY27),Approaching Benchmark,Approaching Benchmark,62.0
Foster School,STAR Reading,ast-graph-1,STAR Reading Benchmark Category (Fall SY27),At Benchmark,At Benchmark,58.0
Foster School,STAR Reading,ast-graph-1,STAR Reading Benchmark Category (Fall SY27),Above Benchmark,Above Benchmark,6.0
Foster School,STAR Early Literacy,students-count-ast,summary counts,,Students,147.0
Foster School,STAR Early Literacy,ast-graph-1,STAR Early Literacy Benchmark Category (Fall SY27),Urgent Intervention,Urgent Intervention,28.0
Foster School,STAR Early Literacy,ast-graph-1,STAR Early Literacy Benchmark Category (Fall SY27),Intervention,Intervention,30.0
Foster School,STAR Early Literacy,ast-graph-1,STAR Early Literacy Benchmark Category (Fall SY27),Approaching Benchmark,Approaching Benchmark,50.0
Foster School,STAR Early Literacy,ast-graph-1,STAR Early Literacy Benchmark Category (Fall SY27),At Benchmark,At Benchmark,34.0
Foster School,STAR Early Literacy,ast-graph-1,STAR Early Literacy Benchmark Category (Fall SY27),Above Benchmark,Above Benchmark,5.0
Foster School,STAR Reading Spanish,students-count-ast,summary counts,,Students,108.0
Foster School,STAR Reading Spanish,ast-graph-1,STAR Reading Spanish Benchmark Category (Fall SY27),Urgent Intervention,Urgent Intervention,22.0
Foster School,STAR Reading Spanish,ast-graph-1,STAR Reading Spanish Benchmark Category (Fall SY27),Intervention,Intervention,22.0
Foster School,STAR Reading Spanish,ast-graph-1,STAR Reading Spanish Benchmark Category (Fall SY27),Approaching Benchmark,Approaching Benchmark,38.0
Foster School,STAR Reading Spanish,ast-graph-1,STAR Reading Spanish Benchmark Category (Fall SY27),At Benchmark,At Benchmark,21.0
Foster School,STAR Reading Spanish,ast-graph-1,STAR Reading Spanish Benchmark Category (Fall SY27),Above Benchmark,Above Benchmark,5.0
Foster School,STAR Early Literacy Spanish,students-count-ast,summary counts,,Students,84.0
Foster School,STAR Early Literacy Spanish,ast-graph-1,STAR Early Literacy Spanish Benchmark Category (Fall SY27),Urgent Intervention,Urgent Intervention,7.0
Foster School,STAR Early Literacy Spanish,ast-graph-1,STAR Early Literacy Spanish Benchmark Category (Fall SY27),Intervention,Intervention,9.0
Foster School,STAR Early Literacy Spanish,ast-graph-1,STAR Early Literacy Spanish Benchmark Category (Fall SY27),Approaching Benchmark,Approaching Benchmark,29.0
Foster School,STAR Early Literacy Spanish,ast-graph-1,STAR Early Literacy Spanish Benchmark Category (Fall SY27),At Benchmark,At Benchmark,37.0
Foster School,STAR Early Literacy Spanish,ast-graph-1,STAR Early Literacy Spanish Benchmark Category (Fall SY27),Above Benchmark,Above Benchmark,2.0
Foster School,i-Ready Math,students-count-ast,summary counts,,Students,354.0
Foster School,i-Ready Math,ast-graph-1,i-Ready Math — Overall Relative Placement,3 or More Grade Levels Below,3 or More Grade Levels Below,44.0
Foster School,i-Ready Math,ast-graph-1,i-Ready Math — Overall Relative Placement,2 Grade Levels Below,2 Grade Levels Below,90.0
Foster School,i-Ready Math,ast-graph-1,i-Ready Math — Overall Relative Placement,1 Grade Level Below,1 Grade Level Below,185.0
Foster School,i-Ready Math,ast-graph-1,i-Ready Math — Overall Relative Placement,Early On Grade Level,Early On Grade Level,20.0
Foster School,i-Ready Math,ast-graph-1,i-Ready Math — Overall Relative Placement,Mid or Above Grade Level,Mid or Above Grade Level,15.0
Haven Middle School,STAR Reading,students-count-ast,summary counts,,Students,595.0
Haven Middle School,STAR Reading,ast-graph-1,STAR Reading Benchmark Category (Fall SY27),Urgent Intervention,Urgent Intervention,38.0
Haven Middle School,STAR Reading,ast-graph-1,STAR Reading Benchmark Category (Fall SY27),Intervention,Intervention,53.0
Haven Middle School,STAR Reading,ast-graph-1,STAR Reading Benchmark Category (Fall SY27),Approaching Benchmark,Approaching Benchmark,152.0
Haven Middle School,STAR Reading,ast-graph-1,STAR Reading Benchmark Category (Fall SY27),At Benchmark,At Benchmark,291.0
Haven Middle School,STAR Reading,ast-graph-1,STAR Reading Benchmark Category (Fall SY27),Above Benchmark,Above Benchmark,61.0
Haven Middle School,STAR Reading Spanish,students-count-ast,summary counts,,Students,33.0
Haven Middle School,STAR Reading Spanish,ast-graph-1,STAR Reading Spanish Benchmark Category (Fall SY27),Urgent Intervention,Urgent Intervention,5.0
Haven Middle School,STAR Reading Spanish,ast-graph-1,STAR Reading Spanish Benchmark Category (Fall SY27),Intervention,Intervention,5.0
Haven Middle School,STAR Reading Spanish,ast-graph-1,STAR Reading Spanish Benchmark Category (Fall SY27),Approaching Benchmark,Approaching Benchmark,10.0
Haven Middle School,STAR Reading Spanish,ast-graph-1,STAR Reading Spanish Benchmark Category (Fall SY27),At Benchmark,At Benchmark,9.0
Haven Middle School,STAR Reading Spanish,ast-graph-1,STAR Reading Spanish Benchmark Category (Fall SY27),Above Benchmark,Above Benchmark,4.0
Haven Middle School,i-Ready Math,students-count-ast,summary counts,,Students,592.0
Haven Middle School,i-Ready Math,ast-graph-1,i-Ready Math — Overall Relative Placement,3 or More Grade Levels Below,3 or More Grade Levels Below,109.0
Haven Middle School,i-Ready Math,ast-graph-1,i-Ready Math — Overall Relative Placement,2 Grade Levels Below,2 Grade Levels Below,47.0
Haven Middle School,i-Ready Math,ast-graph-1,i-Ready Math — Overall Relative Placement,1 Grade Level Below,1 Grade Level Below,143.0
Haven Middle School,i-Ready Math,ast-graph-1,i-Ready Math — Overall Relative Placement,Early On Grade Level,Early On Grade Level,179.0
Haven Middle School,i-Ready Math,ast-graph-1,i-Ready Math — Overall Relative Placement,Mid or Above Grade Level,Mid or Above Grade Level,114.0
Lincoln Elementary School,STAR Reading,students-count-ast,summary counts,,Students,160.0
Lincoln Elementary School,STAR Reading,ast-graph-1,STAR Reading Benchmark Category (Fall SY27),Urgent Intervention,Urgent Intervention,16.0
Lincoln Elementary School,STAR Reading,ast-graph-1,STAR Reading Benchmark Category (Fall SY27),Intervention,Intervention,10.0
Lincoln Elementary School,STAR Reading,ast-graph-1,STAR Reading Benchmark Category (Fall SY27),Approaching Benchmark,Approaching Benchmark,40.0
Lincoln Elementary School,STAR Reading,ast-graph-1,STAR Reading Benchmark Category (Fall SY27),At Benchmark,At Benchmark,77.0
Lincoln Elementary School,STAR Reading,ast-graph-1,STAR Reading Benchmark Category (Fall SY27),Above Benchmark,Above Benchmark,17.0
Lincoln Elementary School,STAR Early Literacy,students-count-ast,summary counts,,Students,165.0
Lincoln Elementary School,STAR Early Literacy,ast-graph-1,STAR Early Literacy Benchmark Category (Fall SY27),Urgent Intervention,Urgent Intervention,6.0
Lincoln Elementary School,STAR Early Literacy,ast-graph-1,STAR Early Literacy Benchmark Category (Fall SY27),Intervention,Intervention,16.0
Lincoln Elementary School,STAR Early Literacy,ast-graph-1,STAR Early Literacy Benchmark Category (Fall SY27),Approaching Benchmark,Approaching Benchmark,68.0
Lincoln Elementary School,STAR Early Literacy,ast-graph-1,STAR Early Literacy Benchmark Category (Fall SY27),At Benchmark,At Benchmark,70.0
Lincoln Elementary School,STAR Early Literacy,ast-graph-1,STAR Early Literacy Benchmark Category (Fall SY27),Above Benchmark,Above Benchmark,5.0
Lincoln Elementary School,i-Ready Math,students-count-ast,summary counts,,Students,274.0
Lincoln Elementary School,i-Ready Math,ast-graph-1,i-Ready Math — Overall Relative Placement,3 or More Grade Levels Below,3 or More Grade Levels Below,23.0
Lincoln Elementary School,i-Ready Math,ast-graph-1,i-Ready Math — Overall Relative Placement,2 Grade Levels Below,2 Grade Levels Below,24.0
Lincoln Elementary School,i-Ready Math,ast-graph-1,i-Ready Math — Overall Relative Placement,1 Grade Level Below,1 Grade Level Below,132.0
Lincoln Elementary School,i-Ready Math,ast-graph-1,i-Ready Math — Overall Relative Placement,Early On Grade Level,Early On Grade Level,40.0
Lincoln Elementary School,i-Ready Math,ast-graph-1,i-Ready Math — Overall Relative Placement,Mid or Above Grade Level,Mid or Above Grade Level,55.0
Lincolnwood Elementary School,STAR Reading,students-count-ast,summary counts,,Students,162.0
Lincolnwood Elementary School,STAR Reading,ast-graph-1,STAR Reading Benchmark Category (Fall SY27),Urgent Intervention,Urgent Intervention,6.0
Lincolnwood Elementary School,STAR Reading,ast-graph-1,STAR Reading Benchmark Category (Fall SY27),Intervention,Intervention,14.0
Lincolnwood Elementary School,STAR Reading,ast-graph-1,STAR Reading Benchmark Category (Fall SY27),Approaching Benchmark,Approaching Benchmark,47.0
Lincolnwood Elementary School,STAR Reading,ast-graph-1,STAR Reading Benchmark Category (Fall SY27),At Benchmark,At Benchmark,87.0
Lincolnwood Elementary School,STAR Reading,ast-graph-1,STAR Reading Benchmark Category (Fall SY27),Above Benchmark,Above Benchmark,8.0
Lincolnwood Elementary School,STAR Early Literacy,students-count-ast,summary counts,,Students,154.0
Lincolnwood Elementary School,STAR Early Literacy,ast-graph-1,STAR Early Literacy Benchmark Category (Fall SY27),Urgent Intervention,Urgent Intervention,5.0
Lincolnwood Elementary School,STAR Early Literacy,ast-graph-1,STAR Early Literacy Benchmark Category (Fall SY27),Intervention,Intervention,9.0
Lincolnwood Elementary School,STAR Early Literacy,ast-graph-1,STAR Early Literacy Benchmark Category (Fall SY27),Approaching Benchmark,Approaching Benchmark,44.0
Lincolnwood Elementary School,STAR Early Literacy,ast-graph-1,STAR Early Literacy Benchmark Category (Fall SY27),At Benchmark,At Benchmark,84.0
Lincolnwood Elementary School,STAR Early Literacy,ast-graph-1,STAR Early Literacy Benchmark Category (Fall SY27),Above Benchmark,Above Benchmark,12.0
Lincolnwood Elementary School,i-Ready Math,students-count-ast,summary counts,,Students,310.0
Lincolnwood Elementary School,i-Ready Math,ast-graph-1,i-Ready Math — Overall Relative Placement,3 or More Grade Levels Below,3 or More Grade Levels Below,6.0
Lincolnwood Elementary School,i-Ready Math,ast-graph-1,i-Ready Math — Overall Relative Placement,2 Grade Levels Below,2 Grade Levels Below,13.0
Lincolnwood Elementary School,i-Ready Math,ast-graph-1,i-Ready Math — Overall Relative Placement,1 Grade Level Below,1 Grade Level Below,131.0
Lincolnwood Elementary School,i-Ready Math,ast-graph-1,i-Ready Math — Overall Relative Placement,Early On Grade Level,Early On Grade Level,72.0
Lincolnwood Elementary School,i-Ready Math,ast-graph-1,i-Ready Math — Overall Relative Placement,Mid or Above Grade Level,Mid or Above Grade Level,88.0
Nichols Middle School,STAR Reading,students-count-ast,summary counts,,Students,564.0
Nichols Middle School,STAR Reading,ast-graph-1,STAR Reading Benchmark Category (Fall SY27),Urgent Intervention,Urgent Intervention,28.0
Nichols Middle School,STAR Reading,ast-graph-1,STAR Reading Benchmark Category (Fall SY27),Intervention,Intervention,54.0
Nichols Middle School,STAR Reading,ast-graph-1,STAR Reading Benchmark Category (Fall SY27),Approaching Benchmark,Approaching Benchmark,137.0
Nichols Middle School,STAR Reading,ast-graph-1,STAR Reading Benchmark Category (Fall SY27),At Benchmark,At Benchmark,286.0
Nichols Middle School,STAR Reading,ast-graph-1,STAR Reading Benchmark Category (Fall SY27),Above Benchmark,Above Benchmark,59.0
Nichols Middle School,STAR Reading Spanish,students-count-ast,summary counts,,Students,105.0
Nichols Middle School,STAR Reading Spanish,ast-graph-1,STAR Reading Spanish Benchmark Category (Fall SY27),Urgent Intervention,Urgent Intervention,15.0
Nichols Middle School,STAR Reading Spanish,ast-graph-1,STAR Reading Spanish Benchmark Category (Fall SY27),Intervention,Intervention,32.0
Nichols Middle School,STAR Reading Spanish,ast-graph-1,STAR Reading Spanish Benchmark Category (Fall SY27),Approaching Benchmark,Approaching Benchmark,36.0
Nichols Middle School,STAR Reading Spanish,ast-graph-1,STAR Reading Spanish Benchmark Category (Fall SY27),At Benchmark,At Benchmark,20.0
Nichols Middle School,STAR Reading Spanish,ast-graph-1,STAR Reading Spanish Benchmark Category (Fall SY27),Above Benchmark,Above Benchmark,2.0
Nichols Middle School,i-Ready Math,students-count-ast,summary counts,,Students,565.0
Nichols Middle School,i-Ready Math,ast-graph-1,i-Ready Math — Overall Relative Placement,3 or More Grade Levels Below,3 or More Grade Levels Below,77.0
Nichols Middle School,i-Ready Math,ast-graph-1,i-Ready Math — Overall Relative Placement,2 Grade Levels Below,2 Grade Levels Below,38.0
Nichols Middle School,i-Ready Math,ast-graph-1,i-Ready Math — Overall Relative Placement,1 Grade Level Below,1 Grade Level Below,169.0
Nichols Middle School,i-Ready Math,ast-graph-1,i-Ready Math — Overall Relative Placement,Early On Grade Level,Early On Grade Level,155.0
Nichols Middle School,i-Ready Math,ast-graph-1,i-Ready Math — Overall Relative Placement,Mid or Above Grade Level,Mid or Above Grade Level,126.0
Oakton Elementary School,STAR Reading,students-count-ast,summary counts,,Students,181.0
Oakton Elementary School,STAR Reading,ast-graph-1,STAR Reading Benchmark Category (Fall SY27),Urgent Intervention,Urgent Intervention,15.0
Oakton Elementary School,STAR Reading,ast-graph-1,STAR Reading Benchmark Category (Fall SY27),Intervention,Intervention,26.0
Oakton Elementary School,STAR Reading,ast-graph-1,STAR Reading Benchmark Category (Fall SY27),Approaching Benchmark,Approaching Benchmark,61.0
Oakton Elementary School,STAR Reading,ast-graph-1,STAR Reading Benchmark Category (Fall SY27),At Benchmark,At Benchmark,66.0
Oakton Elementary School,STAR Reading,ast-graph-1,STAR Reading Benchmark Category (Fall SY27),Above Benchmark,Above Benchmark,13.0
Oakton Elementary School,STAR Early Literacy,students-count-ast,summary counts,,Students,179.0
Oakton Elementary School,STAR Early Literacy,ast-graph-1,STAR Early Literacy Benchmark Category (Fall SY27),Urgent Intervention,Urgent Intervention,9.0
Oakton Elementary School,STAR Early Literacy,ast-graph-1,STAR Early Literacy Benchmark Category (Fall SY27),Intervention,Intervention,23.0
Oakton Elementary School,STAR Early Literacy,ast-graph-1,STAR Early Literacy Benchmark Category (Fall SY27),Approaching Benchmark,Approaching Benchmark,70.0
Oakton Elementary School,STAR Early Literacy,ast-graph-1,STAR Early Literacy Benchmark Category (Fall SY27),At Benchmark,At Benchmark,72.0
Oakton Elementary School,STAR Early Literacy,ast-graph-1,STAR Early Literacy Benchmark Category (Fall SY27),Above Benchmark,Above Benchmark,5.0
Oakton Elementary School,STAR Reading Spanish,students-count-ast,summary counts,,Students,33.0
Oakton Elementary School,STAR Reading Spanish,ast-graph-1,STAR Reading Spanish Benchmark Category (Fall SY27),Urgent Intervention,Urgent Intervention,1.0
Oakton Elementary School,STAR Reading Spanish,ast-graph-1,STAR Reading Spanish Benchmark Category (Fall SY27),Intervention,Intervention,12.0
Oakton Elementary School,STAR Reading Spanish,ast-graph-1,STAR Reading Spanish Benchmark Category (Fall SY27),Approaching Benchmark,Approaching Benchmark,14.0
Oakton Elementary School,STAR Reading Spanish,ast-graph-1,STAR Reading Spanish Benchmark Category (Fall SY27),At Benchmark,At Benchmark,6.0
Oakton Elementary School,STAR Early Literacy Spanish,students-count-ast,summary counts,,Students,40.0
Oakton Elementary School,STAR Early Literacy Spanish,ast-graph-1,STAR Early Literacy Spanish Benchmark Category (Fall SY27),Urgent Intervention,Urgent Intervention,2.0
Oakton Elementary School,STAR Early Literacy Spanish,ast-graph-1,STAR Early Literacy Spanish Benchmark Category (Fall SY27),Intervention,Intervention,3.0
Oakton Elementary School,STAR Early Literacy Spanish,ast-graph-1,STAR Early Literacy Spanish Benchmark Category (Fall SY27),Approaching Benchmark,Approaching Benchmark,17.0
Oakton Elementary School,STAR Early Literacy Spanish,ast-graph-1,STAR Early Literacy Spanish Benchmark Category (Fall SY27),At Benchmark,At Benchmark,14.0
Oakton Elementary School,STAR Early Literacy Spanish,ast-graph-1,STAR Early Literacy Spanish Benchmark Category (Fall SY27),Above Benchmark,Above Benchmark,4.0
Oakton Elementary School,i-Ready Math,students-count-ast,summary counts,,Students,365.0
Oakton Elementary School,i-Ready Math,ast-graph-1,i-Ready Math — Overall Relative Placement,3 or More Grade Levels Below,3 or More Grade Levels Below,30.0
Oakton Elementary School,i-Ready Math,ast-graph-1,i-Ready Math — Overall Relative Placement,2 Grade Levels Below,2 Grade Levels Below,63.0
Oakton Elementary School,i-Ready Math,ast-graph-1,i-Ready Math — Overall Relative Placement,1 Grade Level Below,1 Grade Level Below,192.0
Oakton Elementary School,i-Ready Math,ast-graph-1,i-Ready Math — Overall Relative Placement,Early On Grade Level,Early On Grade Level,40.0
Oakton Elementary School,i-Ready Math,ast-graph-1,i-Ready Math — Overall Relative Placement,Mid or Above Grade Level,Mid or Above Grade Level,40.0
Orrington Elementary School,STAR Reading,students-count-ast,summary counts,,Students,130.0
Orrington Elementary School,STAR Reading,ast-graph-1,STAR Reading Benchmark Category (Fall SY27),Urgent Intervention,Urgent Intervention,6.0
Orrington Elementary School,STAR Reading,ast-graph-1,STAR Reading Benchmark Category (Fall SY27),Intervention,Intervention,5.0
Orrington Elementary School,STAR Reading,ast-graph-1,STAR Reading Benchmark Category (Fall SY27),Approaching Benchmark,Approaching Benchmark,29.0
Orrington Elementary School,STAR Reading,ast-graph-1,STAR Reading Benchmark Category (Fall SY27),At Benchmark,At Benchmark,73.0
Orrington Elementary School,STAR Reading,ast-graph-1,STAR Reading Benchmark Category (Fall SY27),Above Benchmark,Above Benchmark,17.0
Orrington Elementary School,STAR Early Literacy,students-count-ast,summary counts,,Students,116.0
Orrington Elementary School,STAR Early Literacy,ast-graph-1,STAR Early Literacy Benchmark Category (Fall SY27),Intervention,Intervention,2.0
Orrington Elementary School,STAR Early Literacy,ast-graph-1,STAR Early Literacy Benchmark Category (Fall SY27),Approaching Benchmark,Approaching Benchmark,38.0
Orrington Elementary School,STAR Early Literacy,ast-graph-1,STAR Early Literacy Benchmark Category (Fall SY27),At Benchmark,At Benchmark,64.0
Orrington Elementary School,STAR Early Literacy,ast-graph-1,STAR Early Literacy Benchmark Category (Fall SY27),Above Benchmark,Above Benchmark,12.0
Orrington Elementary School,i-Ready Math,students-count-ast,summary counts,,Students,247.0
Orrington Elementary School,i-Ready Math,ast-graph-1,i-Ready Math — Overall Relative Placement,3 or More Grade Levels Below,3 or More Grade Levels Below,4.0
Orrington Elementary School,i-Ready Math,ast-graph-1,i-Ready Math — Overall Relative Placement,2 Grade Levels Below,2 Grade Levels Below,10.0
Orrington Elementary School,i-Ready Math,ast-graph-1,i-Ready Math — Overall Relative Placement,1 Grade Level Below,1 Grade Level Below,117.0
Orrington Elementary School,i-Ready Math,ast-graph-1,i-Ready Math — Overall Relative Placement,Early On Grade Level,Early On Grade Level,53.0
Orrington Elementary School,i-Ready Math,ast-graph-1,i-Ready Math — Overall Relative Placement,Mid or Above Grade Level,Mid or Above Grade Level,63.0
Walker Elementary School,STAR Reading,students-count-ast,summary counts,,Students,173.0
Walker Elementary School,STAR Reading,ast-graph-1,STAR Reading Benchmark Category (Fall SY27),Urgent Intervention,Urgent Intervention,8.0
Walker Elementary School,STAR Reading,ast-graph-1,STAR Reading Benchmark Category (Fall SY27),Intervention,Intervention,12.0
Walker Elementary School,STAR Reading,ast-graph-1,STAR Reading Benchmark Category (Fall SY27),Approaching Benchmark,Approaching Benchmark,56.0
Walker Elementary School,STAR Reading,ast-graph-1,STAR Reading Benchmark Category (Fall SY27),At Benchmark,At Benchmark,81.0
Walker Elementary School,STAR Reading,ast-graph-1,STAR Reading Benchmark Category (Fall SY27),Above Benchmark,Above Benchmark,16.0
Walker Elementary School,STAR Early Literacy,students-count-ast,summary counts,,Students,144.0
Walker Elementary School,STAR Early Literacy,ast-graph-1,STAR Early Literacy Benchmark Category (Fall SY27),Urgent Intervention,Urgent Intervention,4.0
Walker Elementary School,STAR Early Literacy,ast-graph-1,STAR Early Literacy Benchmark Category (Fall SY27),Intervention,Intervention,14.0
Walker Elementary School,STAR Early Literacy,ast-graph-1,STAR Early Literacy Benchmark Category (Fall SY27),Approaching Benchmark,Approaching Benchmark,52.0
Walker Elementary School,STAR Early Literacy,ast-graph-1,STAR Early Literacy Benchmark Category (Fall SY27),At Benchmark,At Benchmark,62.0
Walker Elementary School,STAR Early Literacy,ast-graph-1,STAR Early Literacy Benchmark Category (Fall SY27),Above Benchmark,Above Benchmark,12.0
Walker Elementary School,i-Ready Math,students-count-ast,summary counts,,Students,272.0
Walker Elementary School,i-Ready Math,ast-graph-1,i-Ready Math — Overall Relative Placement,3 or More Grade Levels Below,3 or More Grade Levels Below,11.0
Walker Elementary School,i-Ready Math,ast-graph-1,i-Ready Math — Overall Relative Placement,2 Grade Levels Below,2 Grade Levels Below,23.0
Walker Elementary School,i-Ready Math,ast-graph-1,i-Ready Math — Overall Relative Placement,1 Grade Level Below,1 Grade Level Below,143.0
Walker Elementary School,i-Ready Math,ast-graph-1,i-Ready Math — Overall Relative Placement,Early On Grade Level,Early On Grade Level,50.0
Walker Elementary School,i-Ready Math,ast-graph-1,i-Ready Math — Overall Relative Placement,Mid or Above Grade Level,Mid or Above Grade Level,45.0
Washington Elementary School,STAR Reading,students-count-ast,summary counts,,Students,195.0
Washington Elementary School,STAR Reading,ast-graph-1,STAR Reading Benchmark Category (Fall SY27),Urgent Intervention,Urgent Intervention,11.0
Washington Elementary School,STAR Reading,ast-graph-1,STAR Reading Benchmark Category (Fall SY27),Intervention,Intervention,19.0
Washington Elementary School,STAR Reading,ast-graph-1,STAR Reading Benchmark Category (Fall SY27),Approaching Benchmark,Approaching Benchmark,56.0
Washington Elementary School,STAR Reading,ast-graph-1,STAR Reading Benchmark Category (Fall SY27),At Benchmark,At Benchmark,91.0
Washington Elementary School,STAR Reading,ast-graph-1,STAR Reading Benchmark Category (Fall SY27),Above Benchmark,Above Benchmark,18.0
Washington Elementary School,STAR Early Literacy,students-count-ast,summary counts,,Students,167.0
Washington Elementary School,STAR Early Literacy,ast-graph-1,STAR Early Literacy Benchmark Category (Fall SY27),Urgent Intervention,Urgent Intervention,14.0
Washington Elementary School,STAR Early Literacy,ast-graph-1,STAR Early Literacy Benchmark Category (Fall SY27),Intervention,Intervention,14.0
Washington Elementary School,STAR Early Literacy,ast-graph-1,STAR Early Literacy Benchmark Category (Fall SY27),Approaching Benchmark,Approaching Benchmark,64.0
Washington Elementary School,STAR Early Literacy,ast-graph-1,STAR Early Literacy Benchmark Category (Fall SY27),At Benchmark,At Benchmark,67.0
Washington Elementary School,STAR Early Literacy,ast-graph-1,STAR Early Literacy Benchmark Category (Fall SY27),Above Benchmark,Above Benchmark,8.0
Washington Elementary School,STAR Reading Spanish,students-count-ast,summary counts,,Students,98.0
Washington Elementary School,STAR Reading Spanish,ast-graph-1,STAR Reading Spanish Benchmark Category (Fall SY27),Urgent Intervention,Urgent Intervention,21.0
Washington Elementary School,STAR Reading Spanish,ast-graph-1,STAR Reading Spanish Benchmark Category (Fall SY27),Intervention,Intervention,27.0
Washington Elementary School,STAR Reading Spanish,ast-graph-1,STAR Reading Spanish Benchmark Category (Fall SY27),Approaching Benchmark,Approaching Benchmark,39.0
Washington Elementary School,STAR Reading Spanish,ast-graph-1,STAR Reading Spanish Benchmark Category (Fall SY27),At Benchmark,At Benchmark,10.0
Washington Elementary School,STAR Reading Spanish,ast-graph-1,STAR Reading Spanish Benchmark Category (Fall SY27),Above Benchmark,Above Benchmark,1.0
Washington Elementary School,STAR Early Literacy Spanish,students-count-ast,summary counts,,Students,96.0
Washington Elementary School,STAR Early Literacy Spanish,ast-graph-1,STAR Early Literacy Spanish Benchmark Category (Fall SY27),Urgent Intervention,Urgent Intervention,3.0
Washington Elementary School,STAR Early Literacy Spanish,ast-graph-1,STAR Early Literacy Spanish Benchmark Category (Fall SY27),Intervention,Intervention,8.0
Washington Elementary School,STAR Early Literacy Spanish,ast-graph-1,STAR Early Literacy Spanish Benchmark Category (Fall SY27),Approaching Benchmark,Approaching Benchmark,35.0
Washington Elementary School,STAR Early Literacy Spanish,ast-graph-1,STAR Early Literacy Spanish Benchmark Category (Fall SY27),At Benchmark,At Benchmark,43.0
Washington Elementary School,STAR Early Literacy Spanish,ast-graph-1,STAR Early Literacy Spanish Benchmark Category (Fall SY27),Above Benchmark,Above Benchmark,7.0
Washington Elementary School,i-Ready Math,students-count-ast,summary counts,,Students,365.0
Washington Elementary School,i-Ready Math,ast-graph-1,i-Ready Math — Overall Relative Placement,3 or More Grade Levels Below,3 or More Grade Levels Below,19.0
Washington Elementary School,i-Ready Math,ast-graph-1,i-Ready Math — Overall Relative Placement,2 Grade Levels Below,2 Grade Levels Below,52.0
Washington Elementary School,i-Ready Math,ast-graph-1,i-Ready Math — Overall Relative Placement,1 Grade Level Below,1 Grade Level Below,208.0
Washington Elementary School,i-Ready Math,ast-graph-1,i-Ready Math — Overall Relative Placement,Early On Grade Level,Early On Grade Level,50.0
Washington Elementary School,i-Ready Math,ast-graph-1,i-Ready Math — Overall Relative Placement,Mid or Above Grade Level,Mid or Above Grade Level,36.0
Willard Elementary School,STAR Reading,students-count-ast,summary counts,,Students,145.0
Willard Elementary School,STAR Reading,ast-graph-1,STAR Reading Benchmark Category (Fall SY27),Urgent Intervention,Urgent Intervention,5.0
Willard Elementary School,STAR Reading,ast-graph-1,STAR Reading Benchmark Category (Fall SY27),Intervention,Intervention,6.0
Willard Elementary School,STAR Reading,ast-graph-1,STAR Reading Benchmark Category (Fall SY27),Approaching Benchmark,Approaching Benchmark,47.0
Willard Elementary School,STAR Reading,ast-graph-1,STAR Reading Benchmark Category (Fall SY27),At Benchmark,At Benchmark,68.0
Willard Elementary School,STAR Reading,ast-graph-1,STAR Reading Benchmark Category (Fall SY27),Above Benchmark,Above Benchmark,19.0
Willard Elementary School,STAR Early Literacy,students-count-ast,summary counts,,Students,126.0
Willard Elementary School,STAR Early Literacy,ast-graph-1,STAR Early Literacy Benchmark Category (Fall SY27),Urgent Intervention,Urgent Intervention,4.0
Willard Elementary School,STAR Early Literacy,ast-graph-1,STAR Early Literacy Benchmark Category (Fall SY27),Intervention,Intervention,5.0
Willard Elementary School,STAR Early Literacy,ast-graph-1,STAR Early Literacy Benchmark Category (Fall SY27),Approaching Benchmark,Approaching Benchmark,38.0
Willard Elementary School,STAR Early Literacy,ast-graph-1,STAR Early Literacy Benchmark Category (Fall SY27),At Benchmark,At Benchmark,65.0
Willard Elementary School,STAR Early Literacy,ast-graph-1,STAR Early Literacy Benchmark Category (Fall SY27),Above Benchmark,Above Benchmark,14.0
Willard Elementary School,i-Ready Math,students-count-ast,summary counts,,Students,272.0
Willard Elementary School,i-Ready Math,ast-graph-1,i-Ready Math — Overall Relative Placement,3 or More Grade Levels Below,3 or More Grade Levels Below,5.0
Willard Elementary School,i-Ready Math,ast-graph-1,i-Ready Math — Overall Relative Placement,2 Grade Levels Below,2 Grade Levels Below,15.0
Willard Elementary School,i-Ready Math,ast-graph-1,i-Ready Math — Overall Relative Placement,1 Grade Level Below,1 Grade Level Below,149.0
Willard Elementary School,i-Ready Math,ast-graph-1,i-Ready Math — Overall Relative Placement,Early On Grade Level,Early On Grade Level,49.0
Willard Elementary School,i-Ready Math,ast-graph-1,i-Ready Math — Overall Relative Placement,Mid or Above Grade Level,Mid or Above Grade Level,54.0
District,STAR Reading,ast-graph-2,"STAR Reading Percentile Rank Distribution (Fall SY27) (counts, 10-pt bins)",,0-9,241.0
District,STAR Reading,ast-graph-2,"STAR Reading Percentile Rank Distribution (Fall SY27) (counts, 10-pt bins)",,10-19,237.0
District,STAR Reading,ast-graph-2,"STAR Reading Percentile Rank Distribution (Fall SY27) (counts, 10-pt bins)",,20-29,240.0
District,STAR Reading,ast-graph-2,"STAR Reading Percentile Rank Distribution (Fall SY27) (counts, 10-pt bins)",,30-39,224.0
District,STAR Reading,ast-graph-2,"STAR Reading Percentile Rank Distribution (Fall SY27) (counts, 10-pt bins)",,40-49,281.0
District,STAR Reading,ast-graph-2,"STAR Reading Percentile Rank Distribution (Fall SY27) (counts, 10-pt bins)",,50-59,290.0
District,STAR Reading,ast-graph-2,"STAR Reading Percentile Rank Distribution (Fall SY27) (counts, 10-pt bins)",,60-69,288.0
District,STAR Reading,ast-graph-2,"STAR Reading Percentile Rank Distribution (Fall SY27) (counts, 10-pt bins)",,70-79,424.0
District,STAR Reading,ast-graph-2,"STAR Reading Percentile Rank Distribution (Fall SY27) (counts, 10-pt bins)",,80-89,529.0
District,STAR Reading,ast-graph-2,"STAR Reading Percentile Rank Distribution (Fall SY27) (counts, 10-pt bins)",,90-99,959.0
District,STAR Reading,ast-graph-3,"STAR Reading Student Growth Percentile(s) (Fall SY27) (counts, 10-pt bins)",Fall to Fall,0-9,242.0
District,STAR Reading,ast-graph-3,"STAR Reading Student Growth Percentile(s) (Fall SY27) (counts, 10-pt bins)",Fall to Fall,10-19,272.0
District,STAR Reading,ast-graph-3,"STAR Reading Student Growth Percentile(s) (Fall SY27) (counts, 10-pt bins)",Fall to Fall,20-29,261.0
District,STAR Reading,ast-graph-3,"STAR Reading Student Growth Percentile(s) (Fall SY27) (counts, 10-pt bins)",Fall to Fall,30-39,266.0
District,STAR Reading,ast-graph-3,"STAR Reading Student Growth Percentile(s) (Fall SY27) (counts, 10-pt bins)",Fall to Fall,40-49,314.0
District,STAR Reading,ast-graph-3,"STAR Reading Student Growth Percentile(s) (Fall SY27) (counts, 10-pt bins)",Fall to Fall,50-59,318.0
District,STAR Reading,ast-graph-3,"STAR Reading Student Growth Percentile(s) (Fall SY27) (counts, 10-pt bins)",Fall to Fall,60-69,354.0
District,STAR Reading,ast-graph-3,"STAR Reading Student Growth Percentile(s) (Fall SY27) (counts, 10-pt bins)",Fall to Fall,70-79,384.0
District,STAR Reading,ast-graph-3,"STAR Reading Student Growth Percentile(s) (Fall SY27) (counts, 10-pt bins)",Fall to Fall,80-89,415.0
District,STAR Reading,ast-graph-3,"STAR Reading Student Growth Percentile(s) (Fall SY27) (counts, 10-pt bins)",Fall to Fall,90-99,625.0
District,STAR Reading,ast-graph-3,"STAR Reading Student Growth Percentile(s) (Fall SY27) (counts, 10-pt bins)",Spring to Fall,0-9,330.0
District,STAR Reading,ast-graph-3,"STAR Reading Student Growth Percentile(s) (Fall SY27) (counts, 10-pt bins)",Spring to Fall,10-19,309.0
District,STAR Reading,ast-graph-3,"STAR Reading Student Growth Percentile(s) (Fall SY27) (counts, 10-pt bins)",Spring to Fall,20-29,301.0
District,STAR Reading,ast-graph-3,"STAR Reading Student Growth Percentile(s) (Fall SY27) (counts, 10-pt bins)",Spring to Fall,30-39,303.0
District,STAR Reading,ast-graph-3,"STAR Reading Student Growth Percentile(s) (Fall SY27) (counts, 10-pt bins)",Spring to Fall,40-49,317.0
District,STAR Reading,ast-graph-3,"STAR Reading Student Growth Percentile(s) (Fall SY27) (counts, 10-pt bins)",Spring to Fall,50-59,324.0
District,STAR Reading,ast-graph-3,"STAR Reading Student Growth Percentile(s) (Fall SY27) (counts, 10-pt bins)",Spring to Fall,60-69,326.0
District,STAR Reading,ast-graph-3,"STAR Reading Student Growth Percentile(s) (Fall SY27) (counts, 10-pt bins)",Spring to Fall,70-79,355.0
District,STAR Reading,ast-graph-3,"STAR Reading Student Growth Percentile(s) (Fall SY27) (counts, 10-pt bins)",Spring to Fall,80-89,387.0
District,STAR Reading,ast-graph-3,"STAR Reading Student Growth Percentile(s) (Fall SY27) (counts, 10-pt bins)",Spring to Fall,90-99,542.0
District,STAR Early Literacy,ast-graph-2,"STAR Early Literacy Percentile Rank Distribution (Fall SY27) (counts, 10-pt bins)",,0-9,96.0
District,STAR Early Literacy,ast-graph-2,"STAR Early Literacy Percentile Rank Distribution (Fall SY27) (counts, 10-pt bins)",,10-19,88.0
District,STAR Early Literacy,ast-graph-2,"STAR Early Literacy Percentile Rank Distribution (Fall SY27) (counts, 10-pt bins)",,20-29,128.0
District,STAR Early Literacy,ast-graph-2,"STAR Early Literacy Percentile Rank Distribution (Fall SY27) (counts, 10-pt bins)",,30-39,112.0
District,STAR Early Literacy,ast-graph-2,"STAR Early Literacy Percentile Rank Distribution (Fall SY27) (counts, 10-pt bins)",,40-49,124.0
District,STAR Early Literacy,ast-graph-2,"STAR Early Literacy Percentile Rank Distribution (Fall SY27) (counts, 10-pt bins)",,50-59,158.0
District,STAR Early Literacy,ast-graph-2,"STAR Early Literacy Percentile Rank Distribution (Fall SY27) (counts, 10-pt bins)",,60-69,177.0
District,STAR Early Literacy,ast-graph-2,"STAR Early Literacy Percentile Rank Distribution (Fall SY27) (counts, 10-pt bins)",,70-79,191.0
District,STAR Early Literacy,ast-graph-2,"STAR Early Literacy Percentile Rank Distribution (Fall SY27) (counts, 10-pt bins)",,80-89,207.0
District,STAR Early Literacy,ast-graph-2,"STAR Early Literacy Percentile Rank Distribution (Fall SY27) (counts, 10-pt bins)",,90-99,303.0
District,STAR Early Literacy,ast-graph-3,"STAR Early Literacy Student Growth Percentile(s) (Fall SY27) (counts, 10-pt bins)",Fall to Fall,0-9,38.0
District,STAR Early Literacy,ast-graph-3,"STAR Early Literacy Student Growth Percentile(s) (Fall SY27) (counts, 10-pt bins)",Fall to Fall,10-19,54.0
District,STAR Early Literacy,ast-graph-3,"STAR Early Literacy Student Growth Percentile(s) (Fall SY27) (counts, 10-pt bins)",Fall to Fall,20-29,61.0
District,STAR Early Literacy,ast-graph-3,"STAR Early Literacy Student Growth Percentile(s) (Fall SY27) (counts, 10-pt bins)",Fall to Fall,30-39,58.0
District,STAR Early Literacy,ast-graph-3,"STAR Early Literacy Student Growth Percentile(s) (Fall SY27) (counts, 10-pt bins)",Fall to Fall,40-49,64.0
District,STAR Early Literacy,ast-graph-3,"STAR Early Literacy Student Growth Percentile(s) (Fall SY27) (counts, 10-pt bins)",Fall to Fall,50-59,87.0
District,STAR Early Literacy,ast-graph-3,"STAR Early Literacy Student Growth Percentile(s) (Fall SY27) (counts, 10-pt bins)",Fall to Fall,60-69,105.0
District,STAR Early Literacy,ast-graph-3,"STAR Early Literacy Student Growth Percentile(s) (Fall SY27) (counts, 10-pt bins)",Fall to Fall,70-79,109.0
District,STAR Early Literacy,ast-graph-3,"STAR Early Literacy Student Growth Percentile(s) (Fall SY27) (counts, 10-pt bins)",Fall to Fall,80-89,133.0
District,STAR Early Literacy,ast-graph-3,"STAR Early Literacy Student Growth Percentile(s) (Fall SY27) (counts, 10-pt bins)",Fall to Fall,90-99,250.0
District,STAR Early Literacy,ast-graph-3,"STAR Early Literacy Student Growth Percentile(s) (Fall SY27) (counts, 10-pt bins)",Spring to Fall,0-9,48.0
District,STAR Early Literacy,ast-graph-3,"STAR Early Literacy Student Growth Percentile(s) (Fall SY27) (counts, 10-pt bins)",Spring to Fall,10-19,87.0
District,STAR Early Literacy,ast-graph-3,"STAR Early Literacy Student Growth Percentile(s) (Fall SY27) (counts, 10-pt bins)",Spring to Fall,20-29,66.0
District,STAR Early Literacy,ast-graph-3,"STAR Early Literacy Student Growth Percentile(s) (Fall SY27) (counts, 10-pt bins)",Spring to Fall,30-39,76.0
District,STAR Early Literacy,ast-graph-3,"STAR Early Literacy Student Growth Percentile(s) (Fall SY27) (counts, 10-pt bins)",Spring to Fall,40-49,101.0
District,STAR Early Literacy,ast-graph-3,"STAR Early Literacy Student Growth Percentile(s) (Fall SY27) (counts, 10-pt bins)",Spring to Fall,50-59,99.0
District,STAR Early Literacy,ast-graph-3,"STAR Early Literacy Student Growth Percentile(s) (Fall SY27) (counts, 10-pt bins)",Spring to Fall,60-69,107.0
District,STAR Early Literacy,ast-graph-3,"STAR Early Literacy Student Growth Percentile(s) (Fall SY27) (counts, 10-pt bins)",Spring to Fall,70-79,107.0
District,STAR Early Literacy,ast-graph-3,"STAR Early Literacy Student Growth Percentile(s) (Fall SY27) (counts, 10-pt bins)",Spring to Fall,80-89,113.0
District,STAR Early Literacy,ast-graph-3,"STAR Early Literacy Student Growth Percentile(s) (Fall SY27) (counts, 10-pt bins)",Spring to Fall,90-99,172.0
District,STAR Reading Spanish,ast-graph-2,"STAR Reading Spanish Percentile Rank Distribution (Fall SY27) (counts, 10-pt bins)",,0-9,91.0
District,STAR Reading Spanish,ast-graph-2,"STAR Reading Spanish Percentile Rank Distribution (Fall SY27) (counts, 10-pt bins)",,10-19,95.0
District,STAR Reading Spanish,ast-graph-2,"STAR Reading Spanish Percentile Rank Distribution (Fall SY27) (counts, 10-pt bins)",,20-29,89.0
District,STAR Reading Spanish,ast-graph-2,"STAR Reading Spanish Percentile Rank Distribution (Fall SY27) (counts, 10-pt bins)",,30-39,60.0
District,STAR Reading Spanish,ast-graph-2,"STAR Reading Spanish Percentile Rank Distribution (Fall SY27) (counts, 10-pt bins)",,40-49,48.0
District,STAR Reading Spanish,ast-graph-2,"STAR Reading Spanish Percentile Rank Distribution (Fall SY27) (counts, 10-pt bins)",,50-59,39.0
District,STAR Reading Spanish,ast-graph-2,"STAR Reading Spanish Percentile Rank Distribution (Fall SY27) (counts, 10-pt bins)",,60-69,35.0
District,STAR Reading Spanish,ast-graph-2,"STAR Reading Spanish Percentile Rank Distribution (Fall SY27) (counts, 10-pt bins)",,70-79,35.0
District,STAR Reading Spanish,ast-graph-2,"STAR Reading Spanish Percentile Rank Distribution (Fall SY27) (counts, 10-pt bins)",,80-89,26.0
District,STAR Reading Spanish,ast-graph-2,"STAR Reading Spanish Percentile Rank Distribution (Fall SY27) (counts, 10-pt bins)",,90-99,45.0
District,STAR Reading Spanish,ast-graph-3,"STAR Reading Spanish Student Growth Percentile(s) (Fall SY27) (counts, 10-pt bins)",Fall to Fall,0-9,32.0
District,STAR Reading Spanish,ast-graph-3,"STAR Reading Spanish Student Growth Percentile(s) (Fall SY27) (counts, 10-pt bins)",Fall to Fall,10-19,56.0
District,STAR Reading Spanish,ast-graph-3,"STAR Reading Spanish Student Growth Percentile(s) (Fall SY27) (counts, 10-pt bins)",Fall to Fall,20-29,45.0
District,STAR Reading Spanish,ast-graph-3,"STAR Reading Spanish Student Growth Percentile(s) (Fall SY27) (counts, 10-pt bins)",Fall to Fall,30-39,39.0
District,STAR Reading Spanish,ast-graph-3,"STAR Reading Spanish Student Growth Percentile(s) (Fall SY27) (counts, 10-pt bins)",Fall to Fall,40-49,42.0
District,STAR Reading Spanish,ast-graph-3,"STAR Reading Spanish Student Growth Percentile(s) (Fall SY27) (counts, 10-pt bins)",Fall to Fall,50-59,35.0
District,STAR Reading Spanish,ast-graph-3,"STAR Reading Spanish Student Growth Percentile(s) (Fall SY27) (counts, 10-pt bins)",Fall to Fall,60-69,44.0
District,STAR Reading Spanish,ast-graph-3,"STAR Reading Spanish Student Growth Percentile(s) (Fall SY27) (counts, 10-pt bins)",Fall to Fall,70-79,19.0
District,STAR Reading Spanish,ast-graph-3,"STAR Reading Spanish Student Growth Percentile(s) (Fall SY27) (counts, 10-pt bins)",Fall to Fall,80-89,26.0
District,STAR Reading Spanish,ast-graph-3,"STAR Reading Spanish Student Growth Percentile(s) (Fall SY27) (counts, 10-pt bins)",Fall to Fall,90-99,38.0
District,STAR Reading Spanish,ast-graph-3,"STAR Reading Spanish Student Growth Percentile(s) (Fall SY27) (counts, 10-pt bins)",Spring to Fall,0-9,52.0
District,STAR Reading Spanish,ast-graph-3,"STAR Reading Spanish Student Growth Percentile(s) (Fall SY27) (counts, 10-pt bins)",Spring to Fall,10-19,36.0
District,STAR Reading Spanish,ast-graph-3,"STAR Reading Spanish Student Growth Percentile(s) (Fall SY27) (counts, 10-pt bins)",Spring to Fall,20-29,48.0
District,STAR Reading Spanish,ast-graph-3,"STAR Reading Spanish Student Growth Percentile(s) (Fall SY27) (counts, 10-pt bins)",Spring to Fall,30-39,47.0
District,STAR Reading Spanish,ast-graph-3,"STAR Reading Spanish Student Growth Percentile(s) (Fall SY27) (counts, 10-pt bins)",Spring to Fall,40-49,31.0
District,STAR Reading Spanish,ast-graph-3,"STAR Reading Spanish Student Growth Percentile(s) (Fall SY27) (counts, 10-pt bins)",Spring to Fall,50-59,40.0
District,STAR Reading Spanish,ast-graph-3,"STAR Reading Spanish Student Growth Percentile(s) (Fall SY27) (counts, 10-pt bins)",Spring to Fall,60-69,29.0
District,STAR Reading Spanish,ast-graph-3,"STAR Reading Spanish Student Growth Percentile(s) (Fall SY27) (counts, 10-pt bins)",Spring to Fall,70-79,31.0
District,STAR Reading Spanish,ast-graph-3,"STAR Reading Spanish Student Growth Percentile(s) (Fall SY27) (counts, 10-pt bins)",Spring to Fall,80-89,24.0
District,STAR Reading Spanish,ast-graph-3,"STAR Reading Spanish Student Growth Percentile(s) (Fall SY27) (counts, 10-pt bins)",Spring to Fall,90-99,37.0
District,STAR Early Literacy Spanish,ast-graph-2,"STAR Early Literacy Spanish Percentile Rank Distribution (Fall SY27) (counts, 10-pt bins)",,0-9,17.0
District,STAR Early Literacy Spanish,ast-graph-2,"STAR Early Literacy Spanish Percentile Rank Distribution (Fall SY27) (counts, 10-pt bins)",,10-19,16.0
District,STAR Early Literacy Spanish,ast-graph-2,"STAR Early Literacy Spanish Percentile Rank Distribution (Fall SY27) (counts, 10-pt bins)",,20-29,21.0
District,STAR Early Literacy Spanish,ast-graph-2,"STAR Early Literacy Spanish Percentile Rank Distribution (Fall SY27) (counts, 10-pt bins)",,30-39,22.0
District,STAR Early Literacy Spanish,ast-graph-2,"STAR Early Literacy Spanish Percentile Rank Distribution (Fall SY27) (counts, 10-pt bins)",,40-49,16.0
District,STAR Early Literacy Spanish,ast-graph-2,"STAR Early Literacy Spanish Percentile Rank Distribution (Fall SY27) (counts, 10-pt bins)",,50-59,27.0
District,STAR Early Literacy Spanish,ast-graph-2,"STAR Early Literacy Spanish Percentile Rank Distribution (Fall SY27) (counts, 10-pt bins)",,60-69,47.0
District,STAR Early Literacy Spanish,ast-graph-2,"STAR Early Literacy Spanish Percentile Rank Distribution (Fall SY27) (counts, 10-pt bins)",,70-79,43.0
District,STAR Early Literacy Spanish,ast-graph-2,"STAR Early Literacy Spanish Percentile Rank Distribution (Fall SY27) (counts, 10-pt bins)",,80-89,51.0
District,STAR Early Literacy Spanish,ast-graph-2,"STAR Early Literacy Spanish Percentile Rank Distribution (Fall SY27) (counts, 10-pt bins)",,90-99,74.0
District,STAR Early Literacy Spanish,ast-graph-3,"STAR Early Literacy Spanish Student Growth Percentile(s) (Fall SY27) (counts, 10-pt bins)",Fall to Fall,0-9,19.0
District,STAR Early Literacy Spanish,ast-graph-3,"STAR Early Literacy Spanish Student Growth Percentile(s) (Fall SY27) (counts, 10-pt bins)",Fall to Fall,10-19,10.0
District,STAR Early Literacy Spanish,ast-graph-3,"STAR Early Literacy Spanish Student Growth Percentile(s) (Fall SY27) (counts, 10-pt bins)",Fall to Fall,20-29,8.0
District,STAR Early Literacy Spanish,ast-graph-3,"STAR Early Literacy Spanish Student Growth Percentile(s) (Fall SY27) (counts, 10-pt bins)",Fall to Fall,30-39,15.0
District,STAR Early Literacy Spanish,ast-graph-3,"STAR Early Literacy Spanish Student Growth Percentile(s) (Fall SY27) (counts, 10-pt bins)",Fall to Fall,40-49,16.0
District,STAR Early Literacy Spanish,ast-graph-3,"STAR Early Literacy Spanish Student Growth Percentile(s) (Fall SY27) (counts, 10-pt bins)",Fall to Fall,50-59,15.0
District,STAR Early Literacy Spanish,ast-graph-3,"STAR Early Literacy Spanish Student Growth Percentile(s) (Fall SY27) (counts, 10-pt bins)",Fall to Fall,60-69,25.0
District,STAR Early Literacy Spanish,ast-graph-3,"STAR Early Literacy Spanish Student Growth Percentile(s) (Fall SY27) (counts, 10-pt bins)",Fall to Fall,70-79,20.0
District,STAR Early Literacy Spanish,ast-graph-3,"STAR Early Literacy Spanish Student Growth Percentile(s) (Fall SY27) (counts, 10-pt bins)",Fall to Fall,80-89,44.0
District,STAR Early Literacy Spanish,ast-graph-3,"STAR Early Literacy Spanish Student Growth Percentile(s) (Fall SY27) (counts, 10-pt bins)",Fall to Fall,90-99,45.0
District,STAR Early Literacy Spanish,ast-graph-3,"STAR Early Literacy Spanish Student Growth Percentile(s) (Fall SY27) (counts, 10-pt bins)",Spring to Fall,0-9,22.0
District,STAR Early Literacy Spanish,ast-graph-3,"STAR Early Literacy Spanish Student Growth Percentile(s) (Fall SY27) (counts, 10-pt bins)",Spring to Fall,10-19,12.0
District,STAR Early Literacy Spanish,ast-graph-3,"STAR Early Literacy Spanish Student Growth Percentile(s) (Fall SY27) (counts, 10-pt bins)",Spring to Fall,20-29,15.0
District,STAR Early Literacy Spanish,ast-graph-3,"STAR Early Literacy Spanish Student Growth Percentile(s) (Fall SY27) (counts, 10-pt bins)",Spring to Fall,30-39,18.0
District,STAR Early Literacy Spanish,ast-graph-3,"STAR Early Literacy Spanish Student Growth Percentile(s) (Fall SY27) (counts, 10-pt bins)",Spring to Fall,40-49,16.0
District,STAR Early Literacy Spanish,ast-graph-3,"STAR Early Literacy Spanish Student Growth Percentile(s) (Fall SY27) (counts, 10-pt bins)",Spring to Fall,50-59,24.0
District,STAR Early Literacy Spanish,ast-graph-3,"STAR Early Literacy Spanish Student Growth Percentile(s) (Fall SY27) (counts, 10-pt bins)",Spring to Fall,60-69,21.0
District,STAR Early Literacy Spanish,ast-graph-3,"STAR Early Literacy Spanish Student Growth Percentile(s) (Fall SY27) (counts, 10-pt bins)",Spring to Fall,70-79,31.0
District,STAR Early Literacy Spanish,ast-graph-3,"STAR Early Literacy Spanish Student Growth Percentile(s) (Fall SY27) (counts, 10-pt bins)",Spring to Fall,80-89,29.0
District,STAR Early Literacy Spanish,ast-graph-3,"STAR Early Literacy Spanish Student Growth Percentile(s) (Fall SY27) (counts, 10-pt bins)",Spring to Fall,90-99,31.0
District,i-Ready Math,ast-graph-2,"i-Ready Math — Percentile Distribution (counts, 10-pt bins)",,0-9,250.0
District,i-Ready Math,ast-graph-2,"i-Ready Math — Percentile Distribution (counts, 10-pt bins)",,10-19,358.0
District,i-Ready Math,ast-graph-2,"i-Ready Math — Percentile Distribution (counts, 10-pt bins)",,20-29,348.0
District,i-Ready Math,ast-graph-2,"i-Ready Math — Percentile Distribution (counts, 10-pt bins)",,30-39,400.0
District,i-Ready Math,ast-graph-2,"i-Ready Math — Percentile Distribution (counts, 10-pt bins)",,40-49,402.0
District,i-Ready Math,ast-graph-2,"i-Ready Math — Percentile Distribution (counts, 10-pt bins)",,50-59,471.0
District,i-Ready Math,ast-graph-2,"i-Ready Math — Percentile Distribution (counts, 10-pt bins)",,60-69,527.0
District,i-Ready Math,ast-graph-2,"i-Ready Math — Percentile Distribution (counts, 10-pt bins)",,70-79,595.0
District,i-Ready Math,ast-graph-2,"i-Ready Math — Percentile Distribution (counts, 10-pt bins)",,80-89,762.0
District,i-Ready Math,ast-graph-2,"i-Ready Math — Percentile Distribution (counts, 10-pt bins)",,90-99,1095.0
District,i-Ready Math,ast-graph-3,"i-Ready Math — Percent Progress to Annual Typical Growth (counts, 10-pt bins)",,0-9,5208.0
Chute Middle School,STAR Reading,ast-graph-2,"STAR Reading Percentile Rank Distribution (Fall SY27) (counts, 10-pt bins)",,0-9,38.0
Chute Middle School,STAR Reading,ast-graph-2,"STAR Reading Percentile Rank Distribution (Fall SY27) (counts, 10-pt bins)",,10-19,38.0
Chute Middle School,STAR Reading,ast-graph-2,"STAR Reading Percentile Rank Distribution (Fall SY27) (counts, 10-pt bins)",,20-29,33.0
Chute Middle School,STAR Reading,ast-graph-2,"STAR Reading Percentile Rank Distribution (Fall SY27) (counts, 10-pt bins)",,30-39,38.0
Chute Middle School,STAR Reading,ast-graph-2,"STAR Reading Percentile Rank Distribution (Fall SY27) (counts, 10-pt bins)",,40-49,47.0
Chute Middle School,STAR Reading,ast-graph-2,"STAR Reading Percentile Rank Distribution (Fall SY27) (counts, 10-pt bins)",,50-59,65.0
Chute Middle School,STAR Reading,ast-graph-2,"STAR Reading Percentile Rank Distribution (Fall SY27) (counts, 10-pt bins)",,60-69,52.0
Chute Middle School,STAR Reading,ast-graph-2,"STAR Reading Percentile Rank Distribution (Fall SY27) (counts, 10-pt bins)",,70-79,71.0
Chute Middle School,STAR Reading,ast-graph-2,"STAR Reading Percentile Rank Distribution (Fall SY27) (counts, 10-pt bins)",,80-89,72.0
Chute Middle School,STAR Reading,ast-graph-2,"STAR Reading Percentile Rank Distribution (Fall SY27) (counts, 10-pt bins)",,90-99,128.0
Chute Middle School,STAR Reading,ast-graph-3,"STAR Reading Student Growth Percentile(s) (Fall SY27) (counts, 10-pt bins)",Fall to Fall,0-9,38.0
Chute Middle School,STAR Reading,ast-graph-3,"STAR Reading Student Growth Percentile(s) (Fall SY27) (counts, 10-pt bins)",Fall to Fall,10-19,62.0
Chute Middle School,STAR Reading,ast-graph-3,"STAR Reading Student Growth Percentile(s) (Fall SY27) (counts, 10-pt bins)",Fall to Fall,20-29,36.0
Chute Middle School,STAR Reading,ast-graph-3,"STAR Reading Student Growth Percentile(s) (Fall SY27) (counts, 10-pt bins)",Fall to Fall,30-39,42.0
Chute Middle School,STAR Reading,ast-graph-3,"STAR Reading Student Growth Percentile(s) (Fall SY27) (counts, 10-pt bins)",Fall to Fall,40-49,42.0
Chute Middle School,STAR Reading,ast-graph-3,"STAR Reading Student Growth Percentile(s) (Fall SY27) (counts, 10-pt bins)",Fall to Fall,50-59,55.0
Chute Middle School,STAR Reading,ast-graph-3,"STAR Reading Student Growth Percentile(s) (Fall SY27) (counts, 10-pt bins)",Fall to Fall,60-69,57.0
Chute Middle School,STAR Reading,ast-graph-3,"STAR Reading Student Growth Percentile(s) (Fall SY27) (counts, 10-pt bins)",Fall to Fall,70-79,56.0
Chute Middle School,STAR Reading,ast-graph-3,"STAR Reading Student Growth Percentile(s) (Fall SY27) (counts, 10-pt bins)",Fall to Fall,80-89,71.0
Chute Middle School,STAR Reading,ast-graph-3,"STAR Reading Student Growth Percentile(s) (Fall SY27) (counts, 10-pt bins)",Fall to Fall,90-99,86.0
Chute Middle School,STAR Reading,ast-graph-3,"STAR Reading Student Growth Percentile(s) (Fall SY27) (counts, 10-pt bins)",Spring to Fall,0-9,53.0
Chute Middle School,STAR Reading,ast-graph-3,"STAR Reading Student Growth Percentile(s) (Fall SY27) (counts, 10-pt bins)",Spring to Fall,10-19,53.0
Chute Middle School,STAR Reading,ast-graph-3,"STAR Reading Student Growth Percentile(s) (Fall SY27) (counts, 10-pt bins)",Spring to Fall,20-29,50.0
Chute Middle School,STAR Reading,ast-graph-3,"STAR Reading Student Growth Percentile(s) (Fall SY27) (counts, 10-pt bins)",Spring to Fall,30-39,55.0
Chute Middle School,STAR Reading,ast-graph-3,"STAR Reading Student Growth Percentile(s) (Fall SY27) (counts, 10-pt bins)",Spring to Fall,40-49,45.0
Chute Middle School,STAR Reading,ast-graph-3,"STAR Reading Student Growth Percentile(s) (Fall SY27) (counts, 10-pt bins)",Spring to Fall,50-59,51.0
Chute Middle School,STAR Reading,ast-graph-3,"STAR Reading Student Growth Percentile(s) (Fall SY27) (counts, 10-pt bins)",Spring to Fall,60-69,53.0
Chute Middle School,STAR Reading,ast-graph-3,"STAR Reading Student Growth Percentile(s) (Fall SY27) (counts, 10-pt bins)",Spring to Fall,70-79,59.0
Chute Middle School,STAR Reading,ast-graph-3,"STAR Reading Student Growth Percentile(s) (Fall SY27) (counts, 10-pt bins)",Spring to Fall,80-89,56.0
Chute Middle School,STAR Reading,ast-graph-3,"STAR Reading Student Growth Percentile(s) (Fall SY27) (counts, 10-pt bins)",Spring to Fall,90-99,78.0
Chute Middle School,STAR Reading Spanish,ast-graph-2,"STAR Reading Spanish Percentile Rank Distribution (Fall SY27) (counts, 10-pt bins)",,0-9,15.0
Chute Middle School,STAR Reading Spanish,ast-graph-2,"STAR Reading Spanish Percentile Rank Distribution (Fall SY27) (counts, 10-pt bins)",,10-19,14.0
Chute Middle School,STAR Reading Spanish,ast-graph-2,"STAR Reading Spanish Percentile Rank Distribution (Fall SY27) (counts, 10-pt bins)",,20-29,13.0
Chute Middle School,STAR Reading Spanish,ast-graph-2,"STAR Reading Spanish Percentile Rank Distribution (Fall SY27) (counts, 10-pt bins)",,30-39,7.0
Chute Middle School,STAR Reading Spanish,ast-graph-2,"STAR Reading Spanish Percentile Rank Distribution (Fall SY27) (counts, 10-pt bins)",,40-49,6.0
Chute Middle School,STAR Reading Spanish,ast-graph-2,"STAR Reading Spanish Percentile Rank Distribution (Fall SY27) (counts, 10-pt bins)",,50-59,7.0
Chute Middle School,STAR Reading Spanish,ast-graph-2,"STAR Reading Spanish Percentile Rank Distribution (Fall SY27) (counts, 10-pt bins)",,60-69,6.0
Chute Middle School,STAR Reading Spanish,ast-graph-2,"STAR Reading Spanish Percentile Rank Distribution (Fall SY27) (counts, 10-pt bins)",,70-79,6.0
Chute Middle School,STAR Reading Spanish,ast-graph-2,"STAR Reading Spanish Percentile Rank Distribution (Fall SY27) (counts, 10-pt bins)",,80-89,5.0
Chute Middle School,STAR Reading Spanish,ast-graph-2,"STAR Reading Spanish Percentile Rank Distribution (Fall SY27) (counts, 10-pt bins)",,90-99,7.0
Chute Middle School,STAR Reading Spanish,ast-graph-3,"STAR Reading Spanish Student Growth Percentile(s) (Fall SY27) (counts, 10-pt bins)",Fall to Fall,0-9,2.0
Chute Middle School,STAR Reading Spanish,ast-graph-3,"STAR Reading Spanish Student Growth Percentile(s) (Fall SY27) (counts, 10-pt bins)",Fall to Fall,10-19,8.0
Chute Middle School,STAR Reading Spanish,ast-graph-3,"STAR Reading Spanish Student Growth Percentile(s) (Fall SY27) (counts, 10-pt bins)",Fall to Fall,20-29,5.0
Chute Middle School,STAR Reading Spanish,ast-graph-3,"STAR Reading Spanish Student Growth Percentile(s) (Fall SY27) (counts, 10-pt bins)",Fall to Fall,30-39,2.0
Chute Middle School,STAR Reading Spanish,ast-graph-3,"STAR Reading Spanish Student Growth Percentile(s) (Fall SY27) (counts, 10-pt bins)",Fall to Fall,40-49,4.0
Chute Middle School,STAR Reading Spanish,ast-graph-3,"STAR Reading Spanish Student Growth Percentile(s) (Fall SY27) (counts, 10-pt bins)",Fall to Fall,50-59,1.0
Chute Middle School,STAR Reading Spanish,ast-graph-3,"STAR Reading Spanish Student Growth Percentile(s) (Fall SY27) (counts, 10-pt bins)",Fall to Fall,60-69,4.0
Chute Middle School,STAR Reading Spanish,ast-graph-3,"STAR Reading Spanish Student Growth Percentile(s) (Fall SY27) (counts, 10-pt bins)",Fall to Fall,70-79,1.0
Chute Middle School,STAR Reading Spanish,ast-graph-3,"STAR Reading Spanish Student Growth Percentile(s) (Fall SY27) (counts, 10-pt bins)",Fall to Fall,90-99,2.0
Chute Middle School,STAR Reading Spanish,ast-graph-3,"STAR Reading Spanish Student Growth Percentile(s) (Fall SY27) (counts, 10-pt bins)",Spring to Fall,0-9,4.0
Chute Middle School,STAR Reading Spanish,ast-graph-3,"STAR Reading Spanish Student Growth Percentile(s) (Fall SY27) (counts, 10-pt bins)",Spring to Fall,10-19,4.0
Chute Middle School,STAR Reading Spanish,ast-graph-3,"STAR Reading Spanish Student Growth Percentile(s) (Fall SY27) (counts, 10-pt bins)",Spring to Fall,20-29,6.0
Chute Middle School,STAR Reading Spanish,ast-graph-3,"STAR Reading Spanish Student Growth Percentile(s) (Fall SY27) (counts, 10-pt bins)",Spring to Fall,30-39,3.0
Chute Middle School,STAR Reading Spanish,ast-graph-3,"STAR Reading Spanish Student Growth Percentile(s) (Fall SY27) (counts, 10-pt bins)",Spring to Fall,40-49,1.0
Chute Middle School,STAR Reading Spanish,ast-graph-3,"STAR Reading Spanish Student Growth Percentile(s) (Fall SY27) (counts, 10-pt bins)",Spring to Fall,60-69,2.0
Chute Middle School,STAR Reading Spanish,ast-graph-3,"STAR Reading Spanish Student Growth Percentile(s) (Fall SY27) (counts, 10-pt bins)",Spring to Fall,70-79,3.0
Chute Middle School,STAR Reading Spanish,ast-graph-3,"STAR Reading Spanish Student Growth Percentile(s) (Fall SY27) (counts, 10-pt bins)",Spring to Fall,90-99,2.0
Chute Middle School,i-Ready Math,ast-graph-2,"i-Ready Math — Percentile Distribution (counts, 10-pt bins)",,0-9,22.0
Chute Middle School,i-Ready Math,ast-graph-2,"i-Ready Math — Percentile Distribution (counts, 10-pt bins)",,10-19,38.0
Chute Middle School,i-Ready Math,ast-graph-2,"i-Ready Math — Percentile Distribution (counts, 10-pt bins)",,20-29,43.0
Chute Middle School,i-Ready Math,ast-graph-2,"i-Ready Math — Percentile Distribution (counts, 10-pt bins)",,30-39,44.0
Chute Middle School,i-Ready Math,ast-graph-2,"i-Ready Math — Percentile Distribution (counts, 10-pt bins)",,40-49,56.0
Chute Middle School,i-Ready Math,ast-graph-2,"i-Ready Math — Percentile Distribution (counts, 10-pt bins)",,50-59,61.0
Chute Middle School,i-Ready Math,ast-graph-2,"i-Ready Math — Percentile Distribution (counts, 10-pt bins)",,60-69,68.0
Chute Middle School,i-Ready Math,ast-graph-2,"i-Ready Math — Percentile Distribution (counts, 10-pt bins)",,70-79,65.0
Chute Middle School,i-Ready Math,ast-graph-2,"i-Ready Math — Percentile Distribution (counts, 10-pt bins)",,80-89,90.0
Chute Middle School,i-Ready Math,ast-graph-2,"i-Ready Math — Percentile Distribution (counts, 10-pt bins)",,90-99,92.0
Chute Middle School,i-Ready Math,ast-graph-3,"i-Ready Math — Percent Progress to Annual Typical Growth (counts, 10-pt bins)",,0-9,579.0
Dawes Elementary School,STAR Reading,ast-graph-2,"STAR Reading Percentile Rank Distribution (Fall SY27) (counts, 10-pt bins)",,0-9,11.0
Dawes Elementary School,STAR Reading,ast-graph-2,"STAR Reading Percentile Rank Distribution (Fall SY27) (counts, 10-pt bins)",,10-19,12.0
Dawes Elementary School,STAR Reading,ast-graph-2,"STAR Reading Percentile Rank Distribution (Fall SY27) (counts, 10-pt bins)",,20-29,9.0
Dawes Elementary School,STAR Reading,ast-graph-2,"STAR Reading Percentile Rank Distribution (Fall SY27) (counts, 10-pt bins)",,30-39,15.0
Dawes Elementary School,STAR Reading,ast-graph-2,"STAR Reading Percentile Rank Distribution (Fall SY27) (counts, 10-pt bins)",,40-49,14.0
Dawes Elementary School,STAR Reading,ast-graph-2,"STAR Reading Percentile Rank Distribution (Fall SY27) (counts, 10-pt bins)",,50-59,13.0
Dawes Elementary School,STAR Reading,ast-graph-2,"STAR Reading Percentile Rank Distribution (Fall SY27) (counts, 10-pt bins)",,60-69,10.0
Dawes Elementary School,STAR Reading,ast-graph-2,"STAR Reading Percentile Rank Distribution (Fall SY27) (counts, 10-pt bins)",,70-79,17.0
Dawes Elementary School,STAR Reading,ast-graph-2,"STAR Reading Percentile Rank Distribution (Fall SY27) (counts, 10-pt bins)",,80-89,16.0
Dawes Elementary School,STAR Reading,ast-graph-2,"STAR Reading Percentile Rank Distribution (Fall SY27) (counts, 10-pt bins)",,90-99,39.0
Dawes Elementary School,STAR Reading,ast-graph-3,"STAR Reading Student Growth Percentile(s) (Fall SY27) (counts, 10-pt bins)",Fall to Fall,0-9,9.0
Dawes Elementary School,STAR Reading,ast-graph-3,"STAR Reading Student Growth Percentile(s) (Fall SY27) (counts, 10-pt bins)",Fall to Fall,10-19,12.0
Dawes Elementary School,STAR Reading,ast-graph-3,"STAR Reading Student Growth Percentile(s) (Fall SY27) (counts, 10-pt bins)",Fall to Fall,20-29,8.0
Dawes Elementary School,STAR Reading,ast-graph-3,"STAR Reading Student Growth Percentile(s) (Fall SY27) (counts, 10-pt bins)",Fall to Fall,30-39,9.0
Dawes Elementary School,STAR Reading,ast-graph-3,"STAR Reading Student Growth Percentile(s) (Fall SY27) (counts, 10-pt bins)",Fall to Fall,40-49,19.0
Dawes Elementary School,STAR Reading,ast-graph-3,"STAR Reading Student Growth Percentile(s) (Fall SY27) (counts, 10-pt bins)",Fall to Fall,50-59,14.0
Dawes Elementary School,STAR Reading,ast-graph-3,"STAR Reading Student Growth Percentile(s) (Fall SY27) (counts, 10-pt bins)",Fall to Fall,60-69,14.0
Dawes Elementary School,STAR Reading,ast-graph-3,"STAR Reading Student Growth Percentile(s) (Fall SY27) (counts, 10-pt bins)",Fall to Fall,70-79,14.0
Dawes Elementary School,STAR Reading,ast-graph-3,"STAR Reading Student Growth Percentile(s) (Fall SY27) (counts, 10-pt bins)",Fall to Fall,80-89,15.0
Dawes Elementary School,STAR Reading,ast-graph-3,"STAR Reading Student Growth Percentile(s) (Fall SY27) (counts, 10-pt bins)",Fall to Fall,90-99,31.0
Dawes Elementary School,STAR Reading,ast-graph-3,"STAR Reading Student Growth Percentile(s) (Fall SY27) (counts, 10-pt bins)",Spring to Fall,0-9,12.0
Dawes Elementary School,STAR Reading,ast-graph-3,"STAR Reading Student Growth Percentile(s) (Fall SY27) (counts, 10-pt bins)",Spring to Fall,10-19,12.0
Dawes Elementary School,STAR Reading,ast-graph-3,"STAR Reading Student Growth Percentile(s) (Fall SY27) (counts, 10-pt bins)",Spring to Fall,20-29,16.0
Dawes Elementary School,STAR Reading,ast-graph-3,"STAR Reading Student Growth Percentile(s) (Fall SY27) (counts, 10-pt bins)",Spring to Fall,30-39,11.0
Dawes Elementary School,STAR Reading,ast-graph-3,"STAR Reading Student Growth Percentile(s) (Fall SY27) (counts, 10-pt bins)",Spring to Fall,40-49,16.0
Dawes Elementary School,STAR Reading,ast-graph-3,"STAR Reading Student Growth Percentile(s) (Fall SY27) (counts, 10-pt bins)",Spring to Fall,50-59,11.0
Dawes Elementary School,STAR Reading,ast-graph-3,"STAR Reading Student Growth Percentile(s) (Fall SY27) (counts, 10-pt bins)",Spring to Fall,60-69,15.0
Dawes Elementary School,STAR Reading,ast-graph-3,"STAR Reading Student Growth Percentile(s) (Fall SY27) (counts, 10-pt bins)",Spring to Fall,70-79,11.0
Dawes Elementary School,STAR Reading,ast-graph-3,"STAR Reading Student Growth Percentile(s) (Fall SY27) (counts, 10-pt bins)",Spring to Fall,80-89,17.0
Dawes Elementary School,STAR Reading,ast-graph-3,"STAR Reading Student Growth Percentile(s) (Fall SY27) (counts, 10-pt bins)",Spring to Fall,90-99,27.0
Dawes Elementary School,STAR Early Literacy,ast-graph-2,"STAR Early Literacy Percentile Rank Distribution (Fall SY27) (counts, 10-pt bins)",,0-9,10.0
Dawes Elementary School,STAR Early Literacy,ast-graph-2,"STAR Early Literacy Percentile Rank Distribution (Fall SY27) (counts, 10-pt bins)",,10-19,12.0
Dawes Elementary School,STAR Early Literacy,ast-graph-2,"STAR Early Literacy Percentile Rank Distribution (Fall SY27) (counts, 10-pt bins)",,20-29,14.0
Dawes Elementary School,STAR Early Literacy,ast-graph-2,"STAR Early Literacy Percentile Rank Distribution (Fall SY27) (counts, 10-pt bins)",,30-39,10.0
Dawes Elementary School,STAR Early Literacy,ast-graph-2,"STAR Early Literacy Percentile Rank Distribution (Fall SY27) (counts, 10-pt bins)",,40-49,13.0
Dawes Elementary School,STAR Early Literacy,ast-graph-2,"STAR Early Literacy Percentile Rank Distribution (Fall SY27) (counts, 10-pt bins)",,50-59,11.0
Dawes Elementary School,STAR Early Literacy,ast-graph-2,"STAR Early Literacy Percentile Rank Distribution (Fall SY27) (counts, 10-pt bins)",,60-69,8.0
Dawes Elementary School,STAR Early Literacy,ast-graph-2,"STAR Early Literacy Percentile Rank Distribution (Fall SY27) (counts, 10-pt bins)",,70-79,17.0
Dawes Elementary School,STAR Early Literacy,ast-graph-2,"STAR Early Literacy Percentile Rank Distribution (Fall SY27) (counts, 10-pt bins)",,80-89,8.0
Dawes Elementary School,STAR Early Literacy,ast-graph-2,"STAR Early Literacy Percentile Rank Distribution (Fall SY27) (counts, 10-pt bins)",,90-99,22.0
Dawes Elementary School,STAR Early Literacy,ast-graph-3,"STAR Early Literacy Student Growth Percentile(s) (Fall SY27) (counts, 10-pt bins)",Fall to Fall,0-9,3.0
Dawes Elementary School,STAR Early Literacy,ast-graph-3,"STAR Early Literacy Student Growth Percentile(s) (Fall SY27) (counts, 10-pt bins)",Fall to Fall,10-19,5.0
Dawes Elementary School,STAR Early Literacy,ast-graph-3,"STAR Early Literacy Student Growth Percentile(s) (Fall SY27) (counts, 10-pt bins)",Fall to Fall,20-29,9.0
Dawes Elementary School,STAR Early Literacy,ast-graph-3,"STAR Early Literacy Student Growth Percentile(s) (Fall SY27) (counts, 10-pt bins)",Fall to Fall,30-39,7.0
Dawes Elementary School,STAR Early Literacy,ast-graph-3,"STAR Early Literacy Student Growth Percentile(s) (Fall SY27) (counts, 10-pt bins)",Fall to Fall,40-49,5.0
Dawes Elementary School,STAR Early Literacy,ast-graph-3,"STAR Early Literacy Student Growth Percentile(s) (Fall SY27) (counts, 10-pt bins)",Fall to Fall,50-59,10.0
Dawes Elementary School,STAR Early Literacy,ast-graph-3,"STAR Early Literacy Student Growth Percentile(s) (Fall SY27) (counts, 10-pt bins)",Fall to Fall,60-69,7.0
Dawes Elementary School,STAR Early Literacy,ast-graph-3,"STAR Early Literacy Student Growth Percentile(s) (Fall SY27) (counts, 10-pt bins)",Fall to Fall,70-79,5.0
Dawes Elementary School,STAR Early Literacy,ast-graph-3,"STAR Early Literacy Student Growth Percentile(s) (Fall SY27) (counts, 10-pt bins)",Fall to Fall,80-89,9.0
Dawes Elementary School,STAR Early Literacy,ast-graph-3,"STAR Early Literacy Student Growth Percentile(s) (Fall SY27) (counts, 10-pt bins)",Fall to Fall,90-99,20.0
Dawes Elementary School,STAR Early Literacy,ast-graph-3,"STAR Early Literacy Student Growth Percentile(s) (Fall SY27) (counts, 10-pt bins)",Spring to Fall,0-9,1.0
Dawes Elementary School,STAR Early Literacy,ast-graph-3,"STAR Early Literacy Student Growth Percentile(s) (Fall SY27) (counts, 10-pt bins)",Spring to Fall,10-19,8.0
Dawes Elementary School,STAR Early Literacy,ast-graph-3,"STAR Early Literacy Student Growth Percentile(s) (Fall SY27) (counts, 10-pt bins)",Spring to Fall,20-29,7.0
Dawes Elementary School,STAR Early Literacy,ast-graph-3,"STAR Early Literacy Student Growth Percentile(s) (Fall SY27) (counts, 10-pt bins)",Spring to Fall,30-39,3.0
Dawes Elementary School,STAR Early Literacy,ast-graph-3,"STAR Early Literacy Student Growth Percentile(s) (Fall SY27) (counts, 10-pt bins)",Spring to Fall,40-49,12.0
Dawes Elementary School,STAR Early Literacy,ast-graph-3,"STAR Early Literacy Student Growth Percentile(s) (Fall SY27) (counts, 10-pt bins)",Spring to Fall,50-59,10.0
Dawes Elementary School,STAR Early Literacy,ast-graph-3,"STAR Early Literacy Student Growth Percentile(s) (Fall SY27) (counts, 10-pt bins)",Spring to Fall,60-69,12.0
Dawes Elementary School,STAR Early Literacy,ast-graph-3,"STAR Early Literacy Student Growth Percentile(s) (Fall SY27) (counts, 10-pt bins)",Spring to Fall,70-79,8.0
Dawes Elementary School,STAR Early Literacy,ast-graph-3,"STAR Early Literacy Student Growth Percentile(s) (Fall SY27) (counts, 10-pt bins)",Spring to Fall,80-89,4.0
Dawes Elementary School,STAR Early Literacy,ast-graph-3,"STAR Early Literacy Student Growth Percentile(s) (Fall SY27) (counts, 10-pt bins)",Spring to Fall,90-99,15.0
Dawes Elementary School,STAR Reading Spanish,ast-graph-2,"STAR Reading Spanish Percentile Rank Distribution (Fall SY27) (counts, 10-pt bins)",,0-9,7.0
Dawes Elementary School,STAR Reading Spanish,ast-graph-2,"STAR Reading Spanish Percentile Rank Distribution (Fall SY27) (counts, 10-pt bins)",,10-19,8.0
Dawes Elementary School,STAR Reading Spanish,ast-graph-2,"STAR Reading Spanish Percentile Rank Distribution (Fall SY27) (counts, 10-pt bins)",,20-29,10.0
Dawes Elementary School,STAR Reading Spanish,ast-graph-2,"STAR Reading Spanish Percentile Rank Distribution (Fall SY27) (counts, 10-pt bins)",,30-39,5.0
Dawes Elementary School,STAR Reading Spanish,ast-graph-2,"STAR Reading Spanish Percentile Rank Distribution (Fall SY27) (counts, 10-pt bins)",,40-49,5.0
Dawes Elementary School,STAR Reading Spanish,ast-graph-2,"STAR Reading Spanish Percentile Rank Distribution (Fall SY27) (counts, 10-pt bins)",,50-59,6.0
Dawes Elementary School,STAR Reading Spanish,ast-graph-2,"STAR Reading Spanish Percentile Rank Distribution (Fall SY27) (counts, 10-pt bins)",,60-69,5.0
Dawes Elementary School,STAR Reading Spanish,ast-graph-2,"STAR Reading Spanish Percentile Rank Distribution (Fall SY27) (counts, 10-pt bins)",,70-79,3.0
Dawes Elementary School,STAR Reading Spanish,ast-graph-2,"STAR Reading Spanish Percentile Rank Distribution (Fall SY27) (counts, 10-pt bins)",,90-99,6.0
Dawes Elementary School,STAR Reading Spanish,ast-graph-3,"STAR Reading Spanish Student Growth Percentile(s) (Fall SY27) (counts, 10-pt bins)",Fall to Fall,0-9,4.0
Dawes Elementary School,STAR Reading Spanish,ast-graph-3,"STAR Reading Spanish Student Growth Percentile(s) (Fall SY27) (counts, 10-pt bins)",Fall to Fall,10-19,8.0
Dawes Elementary School,STAR Reading Spanish,ast-graph-3,"STAR Reading Spanish Student Growth Percentile(s) (Fall SY27) (counts, 10-pt bins)",Fall to Fall,20-29,5.0
Dawes Elementary School,STAR Reading Spanish,ast-graph-3,"STAR Reading Spanish Student Growth Percentile(s) (Fall SY27) (counts, 10-pt bins)",Fall to Fall,30-39,9.0
Dawes Elementary School,STAR Reading Spanish,ast-graph-3,"STAR Reading Spanish Student Growth Percentile(s) (Fall SY27) (counts, 10-pt bins)",Fall to Fall,40-49,5.0
Dawes Elementary School,STAR Reading Spanish,ast-graph-3,"STAR Reading Spanish Student Growth Percentile(s) (Fall SY27) (counts, 10-pt bins)",Fall to Fall,50-59,4.0
Dawes Elementary School,STAR Reading Spanish,ast-graph-3,"STAR Reading Spanish Student Growth Percentile(s) (Fall SY27) (counts, 10-pt bins)",Fall to Fall,60-69,7.0
Dawes Elementary School,STAR Reading Spanish,ast-graph-3,"STAR Reading Spanish Student Growth Percentile(s) (Fall SY27) (counts, 10-pt bins)",Fall to Fall,70-79,3.0
Dawes Elementary School,STAR Reading Spanish,ast-graph-3,"STAR Reading Spanish Student Growth Percentile(s) (Fall SY27) (counts, 10-pt bins)",Fall to Fall,80-89,4.0
Dawes Elementary School,STAR Reading Spanish,ast-graph-3,"STAR Reading Spanish Student Growth Percentile(s) (Fall SY27) (counts, 10-pt bins)",Fall to Fall,90-99,2.0
Dawes Elementary School,STAR Reading Spanish,ast-graph-3,"STAR Reading Spanish Student Growth Percentile(s) (Fall SY27) (counts, 10-pt bins)",Spring to Fall,0-9,4.0
Dawes Elementary School,STAR Reading Spanish,ast-graph-3,"STAR Reading Spanish Student Growth Percentile(s) (Fall SY27) (counts, 10-pt bins)",Spring to Fall,10-19,10.0
Dawes Elementary School,STAR Reading Spanish,ast-graph-3,"STAR Reading Spanish Student Growth Percentile(s) (Fall SY27) (counts, 10-pt bins)",Spring to Fall,20-29,6.0
Dawes Elementary School,STAR Reading Spanish,ast-graph-3,"STAR Reading Spanish Student Growth Percentile(s) (Fall SY27) (counts, 10-pt bins)",Spring to Fall,30-39,5.0
Dawes Elementary School,STAR Reading Spanish,ast-graph-3,"STAR Reading Spanish Student Growth Percentile(s) (Fall SY27) (counts, 10-pt bins)",Spring to Fall,40-49,5.0
Dawes Elementary School,STAR Reading Spanish,ast-graph-3,"STAR Reading Spanish Student Growth Percentile(s) (Fall SY27) (counts, 10-pt bins)",Spring to Fall,50-59,3.0
Dawes Elementary School,STAR Reading Spanish,ast-graph-3,"STAR Reading Spanish Student Growth Percentile(s) (Fall SY27) (counts, 10-pt bins)",Spring to Fall,60-69,4.0
Dawes Elementary School,STAR Reading Spanish,ast-graph-3,"STAR Reading Spanish Student Growth Percentile(s) (Fall SY27) (counts, 10-pt bins)",Spring to Fall,70-79,5.0
Dawes Elementary School,STAR Reading Spanish,ast-graph-3,"STAR Reading Spanish Student Growth Percentile(s) (Fall SY27) (counts, 10-pt bins)",Spring to Fall,80-89,5.0
Dawes Elementary School,STAR Reading Spanish,ast-graph-3,"STAR Reading Spanish Student Growth Percentile(s) (Fall SY27) (counts, 10-pt bins)",Spring to Fall,90-99,6.0
Dawes Elementary School,STAR Early Literacy Spanish,ast-graph-2,"STAR Early Literacy Spanish Percentile Rank Distribution (Fall SY27) (counts, 10-pt bins)",,0-9,3.0
Dawes Elementary School,STAR Early Literacy Spanish,ast-graph-2,"STAR Early Literacy Spanish Percentile Rank Distribution (Fall SY27) (counts, 10-pt bins)",,10-19,1.0
Dawes Elementary School,STAR Early Literacy Spanish,ast-graph-2,"STAR Early Literacy Spanish Percentile Rank Distribution (Fall SY27) (counts, 10-pt bins)",,20-29,3.0
Dawes Elementary School,STAR Early Literacy Spanish,ast-graph-2,"STAR Early Literacy Spanish Percentile Rank Distribution (Fall SY27) (counts, 10-pt bins)",,30-39,1.0
Dawes Elementary School,STAR Early Literacy Spanish,ast-graph-2,"STAR Early Literacy Spanish Percentile Rank Distribution (Fall SY27) (counts, 10-pt bins)",,40-49,3.0
Dawes Elementary School,STAR Early Literacy Spanish,ast-graph-2,"STAR Early Literacy Spanish Percentile Rank Distribution (Fall SY27) (counts, 10-pt bins)",,50-59,4.0
Dawes Elementary School,STAR Early Literacy Spanish,ast-graph-2,"STAR Early Literacy Spanish Percentile Rank Distribution (Fall SY27) (counts, 10-pt bins)",,60-69,5.0
Dawes Elementary School,STAR Early Literacy Spanish,ast-graph-2,"STAR Early Literacy Spanish Percentile Rank Distribution (Fall SY27) (counts, 10-pt bins)",,70-79,13.0
Dawes Elementary School,STAR Early Literacy Spanish,ast-graph-2,"STAR Early Literacy Spanish Percentile Rank Distribution (Fall SY27) (counts, 10-pt bins)",,80-89,9.0
Dawes Elementary School,STAR Early Literacy Spanish,ast-graph-2,"STAR Early Literacy Spanish Percentile Rank Distribution (Fall SY27) (counts, 10-pt bins)",,90-99,16.0
Dawes Elementary School,STAR Early Literacy Spanish,ast-graph-3,"STAR Early Literacy Spanish Student Growth Percentile(s) (Fall SY27) (counts, 10-pt bins)",Fall to Fall,0-9,3.0
Dawes Elementary School,STAR Early Literacy Spanish,ast-graph-3,"STAR Early Literacy Spanish Student Growth Percentile(s) (Fall SY27) (counts, 10-pt bins)",Fall to Fall,10-19,1.0
Dawes Elementary School,STAR Early Literacy Spanish,ast-graph-3,"STAR Early Literacy Spanish Student Growth Percentile(s) (Fall SY27) (counts, 10-pt bins)",Fall to Fall,20-29,1.0
Dawes Elementary School,STAR Early Literacy Spanish,ast-graph-3,"STAR Early Literacy Spanish Student Growth Percentile(s) (Fall SY27) (counts, 10-pt bins)",Fall to Fall,30-39,1.0
Dawes Elementary School,STAR Early Literacy Spanish,ast-graph-3,"STAR Early Literacy Spanish Student Growth Percentile(s) (Fall SY27) (counts, 10-pt bins)",Fall to Fall,40-49,1.0
Dawes Elementary School,STAR Early Literacy Spanish,ast-graph-3,"STAR Early Literacy Spanish Student Growth Percentile(s) (Fall SY27) (counts, 10-pt bins)",Fall to Fall,50-59,1.0
Dawes Elementary School,STAR Early Literacy Spanish,ast-graph-3,"STAR Early Literacy Spanish Student Growth Percentile(s) (Fall SY27) (counts, 10-pt bins)",Fall to Fall,60-69,6.0
Dawes Elementary School,STAR Early Literacy Spanish,ast-graph-3,"STAR Early Literacy Spanish Student Growth Percentile(s) (Fall SY27) (counts, 10-pt bins)",Fall to Fall,70-79,4.0
Dawes Elementary School,STAR Early Literacy Spanish,ast-graph-3,"STAR Early Literacy Spanish Student Growth Percentile(s) (Fall SY27) (counts, 10-pt bins)",Fall to Fall,80-89,12.0
Dawes Elementary School,STAR Early Literacy Spanish,ast-graph-3,"STAR Early Literacy Spanish Student Growth Percentile(s) (Fall SY27) (counts, 10-pt bins)",Fall to Fall,90-99,8.0
Dawes Elementary School,STAR Early Literacy Spanish,ast-graph-3,"STAR Early Literacy Spanish Student Growth Percentile(s) (Fall SY27) (counts, 10-pt bins)",Spring to Fall,0-9,4.0
Dawes Elementary School,STAR Early Literacy Spanish,ast-graph-3,"STAR Early Literacy Spanish Student Growth Percentile(s) (Fall SY27) (counts, 10-pt bins)",Spring to Fall,10-19,1.0
Dawes Elementary School,STAR Early Literacy Spanish,ast-graph-3,"STAR Early Literacy Spanish Student Growth Percentile(s) (Fall SY27) (counts, 10-pt bins)",Spring to Fall,20-29,3.0
Dawes Elementary School,STAR Early Literacy Spanish,ast-graph-3,"STAR Early Literacy Spanish Student Growth Percentile(s) (Fall SY27) (counts, 10-pt bins)",Spring to Fall,30-39,4.0
Dawes Elementary School,STAR Early Literacy Spanish,ast-graph-3,"STAR Early Literacy Spanish Student Growth Percentile(s) (Fall SY27) (counts, 10-pt bins)",Spring to Fall,40-49,2.0
Dawes Elementary School,STAR Early Literacy Spanish,ast-graph-3,"STAR Early Literacy Spanish Student Growth Percentile(s) (Fall SY27) (counts, 10-pt bins)",Spring to Fall,50-59,5.0
Dawes Elementary School,STAR Early Literacy Spanish,ast-graph-3,"STAR Early Literacy Spanish Student Growth Percentile(s) (Fall SY27) (counts, 10-pt bins)",Spring to Fall,60-69,1.0
Dawes Elementary School,STAR Early Literacy Spanish,ast-graph-3,"STAR Early Literacy Spanish Student Growth Percentile(s) (Fall SY27) (counts, 10-pt bins)",Spring to Fall,70-79,8.0
Dawes Elementary School,STAR Early Literacy Spanish,ast-graph-3,"STAR Early Literacy Spanish Student Growth Percentile(s) (Fall SY27) (counts, 10-pt bins)",Spring to Fall,80-89,2.0
Dawes Elementary School,STAR Early Literacy Spanish,ast-graph-3,"STAR Early Literacy Spanish Student Growth Percentile(s) (Fall SY27) (counts, 10-pt bins)",Spring to Fall,90-99,7.0
Dawes Elementary School,i-Ready Math,ast-graph-2,"i-Ready Math — Percentile Distribution (counts, 10-pt bins)",,0-9,11.0
Dawes Elementary School,i-Ready Math,ast-graph-2,"i-Ready Math — Percentile Distribution (counts, 10-pt bins)",,10-19,20.0
Dawes Elementary School,i-Ready Math,ast-graph-2,"i-Ready Math — Percentile Distribution (counts, 10-pt bins)",,20-29,26.0
Dawes Elementary School,i-Ready Math,ast-graph-2,"i-Ready Math — Percentile Distribution (counts, 10-pt bins)",,30-39,31.0
Dawes Elementary School,i-Ready Math,ast-graph-2,"i-Ready Math — Percentile Distribution (counts, 10-pt bins)",,40-49,21.0
Dawes Elementary School,i-Ready Math,ast-graph-2,"i-Ready Math — Percentile Distribution (counts, 10-pt bins)",,50-59,35.0
Dawes Elementary School,i-Ready Math,ast-graph-2,"i-Ready Math — Percentile Distribution (counts, 10-pt bins)",,60-69,38.0
Dawes Elementary School,i-Ready Math,ast-graph-2,"i-Ready Math — Percentile Distribution (counts, 10-pt bins)",,70-79,26.0
Dawes Elementary School,i-Ready Math,ast-graph-2,"i-Ready Math — Percentile Distribution (counts, 10-pt bins)",,80-89,27.0
Dawes Elementary School,i-Ready Math,ast-graph-2,"i-Ready Math — Percentile Distribution (counts, 10-pt bins)",,90-99,46.0
Dawes Elementary School,i-Ready Math,ast-graph-3,"i-Ready Math — Percent Progress to Annual Typical Growth (counts, 10-pt bins)",,0-9,281.0
Dewey Elementary School,STAR Reading,ast-graph-2,"STAR Reading Percentile Rank Distribution (Fall SY27) (counts, 10-pt bins)",,0-9,8.0
Dewey Elementary School,STAR Reading,ast-graph-2,"STAR Reading Percentile Rank Distribution (Fall SY27) (counts, 10-pt bins)",,10-19,9.0
Dewey Elementary School,STAR Reading,ast-graph-2,"STAR Reading Percentile Rank Distribution (Fall SY27) (counts, 10-pt bins)",,20-29,11.0
Dewey Elementary School,STAR Reading,ast-graph-2,"STAR Reading Percentile Rank Distribution (Fall SY27) (counts, 10-pt bins)",,30-39,5.0
Dewey Elementary School,STAR Reading,ast-graph-2,"STAR Reading Percentile Rank Distribution (Fall SY27) (counts, 10-pt bins)",,40-49,10.0
Dewey Elementary School,STAR Reading,ast-graph-2,"STAR Reading Percentile Rank Distribution (Fall SY27) (counts, 10-pt bins)",,50-59,20.0
Dewey Elementary School,STAR Reading,ast-graph-2,"STAR Reading Percentile Rank Distribution (Fall SY27) (counts, 10-pt bins)",,60-69,20.0
Dewey Elementary School,STAR Reading,ast-graph-2,"STAR Reading Percentile Rank Distribution (Fall SY27) (counts, 10-pt bins)",,70-79,16.0
Dewey Elementary School,STAR Reading,ast-graph-2,"STAR Reading Percentile Rank Distribution (Fall SY27) (counts, 10-pt bins)",,80-89,17.0
Dewey Elementary School,STAR Reading,ast-graph-2,"STAR Reading Percentile Rank Distribution (Fall SY27) (counts, 10-pt bins)",,90-99,46.0
Dewey Elementary School,STAR Reading,ast-graph-3,"STAR Reading Student Growth Percentile(s) (Fall SY27) (counts, 10-pt bins)",Fall to Fall,0-9,12.0
Dewey Elementary School,STAR Reading,ast-graph-3,"STAR Reading Student Growth Percentile(s) (Fall SY27) (counts, 10-pt bins)",Fall to Fall,10-19,10.0
Dewey Elementary School,STAR Reading,ast-graph-3,"STAR Reading Student Growth Percentile(s) (Fall SY27) (counts, 10-pt bins)",Fall to Fall,20-29,14.0
Dewey Elementary School,STAR Reading,ast-graph-3,"STAR Reading Student Growth Percentile(s) (Fall SY27) (counts, 10-pt bins)",Fall to Fall,30-39,7.0
Dewey Elementary School,STAR Reading,ast-graph-3,"STAR Reading Student Growth Percentile(s) (Fall SY27) (counts, 10-pt bins)",Fall to Fall,40-49,11.0
Dewey Elementary School,STAR Reading,ast-graph-3,"STAR Reading Student Growth Percentile(s) (Fall SY27) (counts, 10-pt bins)",Fall to Fall,50-59,8.0
Dewey Elementary School,STAR Reading,ast-graph-3,"STAR Reading Student Growth Percentile(s) (Fall SY27) (counts, 10-pt bins)",Fall to Fall,60-69,15.0
Dewey Elementary School,STAR Reading,ast-graph-3,"STAR Reading Student Growth Percentile(s) (Fall SY27) (counts, 10-pt bins)",Fall to Fall,70-79,22.0
Dewey Elementary School,STAR Reading,ast-graph-3,"STAR Reading Student Growth Percentile(s) (Fall SY27) (counts, 10-pt bins)",Fall to Fall,80-89,18.0
Dewey Elementary School,STAR Reading,ast-graph-3,"STAR Reading Student Growth Percentile(s) (Fall SY27) (counts, 10-pt bins)",Fall to Fall,90-99,32.0
Dewey Elementary School,STAR Reading,ast-graph-3,"STAR Reading Student Growth Percentile(s) (Fall SY27) (counts, 10-pt bins)",Spring to Fall,0-9,14.0
Dewey Elementary School,STAR Reading,ast-graph-3,"STAR Reading Student Growth Percentile(s) (Fall SY27) (counts, 10-pt bins)",Spring to Fall,10-19,10.0
Dewey Elementary School,STAR Reading,ast-graph-3,"STAR Reading Student Growth Percentile(s) (Fall SY27) (counts, 10-pt bins)",Spring to Fall,20-29,19.0
Dewey Elementary School,STAR Reading,ast-graph-3,"STAR Reading Student Growth Percentile(s) (Fall SY27) (counts, 10-pt bins)",Spring to Fall,30-39,10.0
Dewey Elementary School,STAR Reading,ast-graph-3,"STAR Reading Student Growth Percentile(s) (Fall SY27) (counts, 10-pt bins)",Spring to Fall,40-49,11.0
Dewey Elementary School,STAR Reading,ast-graph-3,"STAR Reading Student Growth Percentile(s) (Fall SY27) (counts, 10-pt bins)",Spring to Fall,50-59,7.0
Dewey Elementary School,STAR Reading,ast-graph-3,"STAR Reading Student Growth Percentile(s) (Fall SY27) (counts, 10-pt bins)",Spring to Fall,60-69,18.0
Dewey Elementary School,STAR Reading,ast-graph-3,"STAR Reading Student Growth Percentile(s) (Fall SY27) (counts, 10-pt bins)",Spring to Fall,70-79,16.0
Dewey Elementary School,STAR Reading,ast-graph-3,"STAR Reading Student Growth Percentile(s) (Fall SY27) (counts, 10-pt bins)",Spring to Fall,80-89,17.0
Dewey Elementary School,STAR Reading,ast-graph-3,"STAR Reading Student Growth Percentile(s) (Fall SY27) (counts, 10-pt bins)",Spring to Fall,90-99,25.0
Dewey Elementary School,STAR Early Literacy,ast-graph-2,"STAR Early Literacy Percentile Rank Distribution (Fall SY27) (counts, 10-pt bins)",,0-9,10.0
Dewey Elementary School,STAR Early Literacy,ast-graph-2,"STAR Early Literacy Percentile Rank Distribution (Fall SY27) (counts, 10-pt bins)",,10-19,8.0
Dewey Elementary School,STAR Early Literacy,ast-graph-2,"STAR Early Literacy Percentile Rank Distribution (Fall SY27) (counts, 10-pt bins)",,20-29,7.0
Dewey Elementary School,STAR Early Literacy,ast-graph-2,"STAR Early Literacy Percentile Rank Distribution (Fall SY27) (counts, 10-pt bins)",,30-39,7.0
Dewey Elementary School,STAR Early Literacy,ast-graph-2,"STAR Early Literacy Percentile Rank Distribution (Fall SY27) (counts, 10-pt bins)",,40-49,11.0
Dewey Elementary School,STAR Early Literacy,ast-graph-2,"STAR Early Literacy Percentile Rank Distribution (Fall SY27) (counts, 10-pt bins)",,50-59,9.0
Dewey Elementary School,STAR Early Literacy,ast-graph-2,"STAR Early Literacy Percentile Rank Distribution (Fall SY27) (counts, 10-pt bins)",,60-69,14.0
Dewey Elementary School,STAR Early Literacy,ast-graph-2,"STAR Early Literacy Percentile Rank Distribution (Fall SY27) (counts, 10-pt bins)",,70-79,20.0
Dewey Elementary School,STAR Early Literacy,ast-graph-2,"STAR Early Literacy Percentile Rank Distribution (Fall SY27) (counts, 10-pt bins)",,80-89,21.0
Dewey Elementary School,STAR Early Literacy,ast-graph-2,"STAR Early Literacy Percentile Rank Distribution (Fall SY27) (counts, 10-pt bins)",,90-99,37.0
Dewey Elementary School,STAR Early Literacy,ast-graph-3,"STAR Early Literacy Student Growth Percentile(s) (Fall SY27) (counts, 10-pt bins)",Fall to Fall,0-9,5.0
Dewey Elementary School,STAR Early Literacy,ast-graph-3,"STAR Early Literacy Student Growth Percentile(s) (Fall SY27) (counts, 10-pt bins)",Fall to Fall,10-19,7.0
Dewey Elementary School,STAR Early Literacy,ast-graph-3,"STAR Early Literacy Student Growth Percentile(s) (Fall SY27) (counts, 10-pt bins)",Fall to Fall,20-29,4.0
Dewey Elementary School,STAR Early Literacy,ast-graph-3,"STAR Early Literacy Student Growth Percentile(s) (Fall SY27) (counts, 10-pt bins)",Fall to Fall,30-39,6.0
Dewey Elementary School,STAR Early Literacy,ast-graph-3,"STAR Early Literacy Student Growth Percentile(s) (Fall SY27) (counts, 10-pt bins)",Fall to Fall,40-49,3.0
Dewey Elementary School,STAR Early Literacy,ast-graph-3,"STAR Early Literacy Student Growth Percentile(s) (Fall SY27) (counts, 10-pt bins)",Fall to Fall,50-59,9.0
Dewey Elementary School,STAR Early Literacy,ast-graph-3,"STAR Early Literacy Student Growth Percentile(s) (Fall SY27) (counts, 10-pt bins)",Fall to Fall,60-69,10.0
Dewey Elementary School,STAR Early Literacy,ast-graph-3,"STAR Early Literacy Student Growth Percentile(s) (Fall SY27) (counts, 10-pt bins)",Fall to Fall,70-79,8.0
Dewey Elementary School,STAR Early Literacy,ast-graph-3,"STAR Early Literacy Student Growth Percentile(s) (Fall SY27) (counts, 10-pt bins)",Fall to Fall,80-89,10.0
Dewey Elementary School,STAR Early Literacy,ast-graph-3,"STAR Early Literacy Student Growth Percentile(s) (Fall SY27) (counts, 10-pt bins)",Fall to Fall,90-99,24.0
Dewey Elementary School,STAR Early Literacy,ast-graph-3,"STAR Early Literacy Student Growth Percentile(s) (Fall SY27) (counts, 10-pt bins)",Spring to Fall,0-9,7.0
Dewey Elementary School,STAR Early Literacy,ast-graph-3,"STAR Early Literacy Student Growth Percentile(s) (Fall SY27) (counts, 10-pt bins)",Spring to Fall,10-19,6.0
Dewey Elementary School,STAR Early Literacy,ast-graph-3,"STAR Early Literacy Student Growth Percentile(s) (Fall SY27) (counts, 10-pt bins)",Spring to Fall,20-29,4.0
Dewey Elementary School,STAR Early Literacy,ast-graph-3,"STAR Early Literacy Student Growth Percentile(s) (Fall SY27) (counts, 10-pt bins)",Spring to Fall,30-39,7.0
Dewey Elementary School,STAR Early Literacy,ast-graph-3,"STAR Early Literacy Student Growth Percentile(s) (Fall SY27) (counts, 10-pt bins)",Spring to Fall,40-49,9.0
Dewey Elementary School,STAR Early Literacy,ast-graph-3,"STAR Early Literacy Student Growth Percentile(s) (Fall SY27) (counts, 10-pt bins)",Spring to Fall,50-59,9.0
Dewey Elementary School,STAR Early Literacy,ast-graph-3,"STAR Early Literacy Student Growth Percentile(s) (Fall SY27) (counts, 10-pt bins)",Spring to Fall,60-69,9.0
Dewey Elementary School,STAR Early Literacy,ast-graph-3,"STAR Early Literacy Student Growth Percentile(s) (Fall SY27) (counts, 10-pt bins)",Spring to Fall,70-79,8.0
Dewey Elementary School,STAR Early Literacy,ast-graph-3,"STAR Early Literacy Student Growth Percentile(s) (Fall SY27) (counts, 10-pt bins)",Spring to Fall,80-89,7.0
Dewey Elementary School,STAR Early Literacy,ast-graph-3,"STAR Early Literacy Student Growth Percentile(s) (Fall SY27) (counts, 10-pt bins)",Spring to Fall,90-99,20.0
Dewey Elementary School,STAR Reading Spanish,ast-graph-2,"STAR Reading Spanish Percentile Rank Distribution (Fall SY27) (counts, 10-pt bins)",,0-9,11.0
Dewey Elementary School,STAR Reading Spanish,ast-graph-2,"STAR Reading Spanish Percentile Rank Distribution (Fall SY27) (counts, 10-pt bins)",,10-19,5.0
Dewey Elementary School,STAR Reading Spanish,ast-graph-2,"STAR Reading Spanish Percentile Rank Distribution (Fall SY27) (counts, 10-pt bins)",,20-29,6.0
Dewey Elementary School,STAR Reading Spanish,ast-graph-2,"STAR Reading Spanish Percentile Rank Distribution (Fall SY27) (counts, 10-pt bins)",,30-39,7.0
Dewey Elementary School,STAR Reading Spanish,ast-graph-2,"STAR Reading Spanish Percentile Rank Distribution (Fall SY27) (counts, 10-pt bins)",,40-49,6.0
Dewey Elementary School,STAR Reading Spanish,ast-graph-2,"STAR Reading Spanish Percentile Rank Distribution (Fall SY27) (counts, 10-pt bins)",,50-59,2.0
Dewey Elementary School,STAR Reading Spanish,ast-graph-2,"STAR Reading Spanish Percentile Rank Distribution (Fall SY27) (counts, 10-pt bins)",,60-69,4.0
Dewey Elementary School,STAR Reading Spanish,ast-graph-2,"STAR Reading Spanish Percentile Rank Distribution (Fall SY27) (counts, 10-pt bins)",,70-79,4.0
Dewey Elementary School,STAR Reading Spanish,ast-graph-3,"STAR Reading Spanish Student Growth Percentile(s) (Fall SY27) (counts, 10-pt bins)",Fall to Fall,0-9,7.0
Dewey Elementary School,STAR Reading Spanish,ast-graph-3,"STAR Reading Spanish Student Growth Percentile(s) (Fall SY27) (counts, 10-pt bins)",Fall to Fall,10-19,6.0
Dewey Elementary School,STAR Reading Spanish,ast-graph-3,"STAR Reading Spanish Student Growth Percentile(s) (Fall SY27) (counts, 10-pt bins)",Fall to Fall,20-29,3.0
Dewey Elementary School,STAR Reading Spanish,ast-graph-3,"STAR Reading Spanish Student Growth Percentile(s) (Fall SY27) (counts, 10-pt bins)",Fall to Fall,30-39,5.0
Dewey Elementary School,STAR Reading Spanish,ast-graph-3,"STAR Reading Spanish Student Growth Percentile(s) (Fall SY27) (counts, 10-pt bins)",Fall to Fall,40-49,3.0
Dewey Elementary School,STAR Reading Spanish,ast-graph-3,"STAR Reading Spanish Student Growth Percentile(s) (Fall SY27) (counts, 10-pt bins)",Fall to Fall,60-69,1.0
Dewey Elementary School,STAR Reading Spanish,ast-graph-3,"STAR Reading Spanish Student Growth Percentile(s) (Fall SY27) (counts, 10-pt bins)",Fall to Fall,70-79,1.0
Dewey Elementary School,STAR Reading Spanish,ast-graph-3,"STAR Reading Spanish Student Growth Percentile(s) (Fall SY27) (counts, 10-pt bins)",Fall to Fall,80-89,1.0
Dewey Elementary School,STAR Reading Spanish,ast-graph-3,"STAR Reading Spanish Student Growth Percentile(s) (Fall SY27) (counts, 10-pt bins)",Spring to Fall,0-9,13.0
Dewey Elementary School,STAR Reading Spanish,ast-graph-3,"STAR Reading Spanish Student Growth Percentile(s) (Fall SY27) (counts, 10-pt bins)",Spring to Fall,10-19,2.0
Dewey Elementary School,STAR Reading Spanish,ast-graph-3,"STAR Reading Spanish Student Growth Percentile(s) (Fall SY27) (counts, 10-pt bins)",Spring to Fall,20-29,2.0
Dewey Elementary School,STAR Reading Spanish,ast-graph-3,"STAR Reading Spanish Student Growth Percentile(s) (Fall SY27) (counts, 10-pt bins)",Spring to Fall,30-39,2.0
Dewey Elementary School,STAR Reading Spanish,ast-graph-3,"STAR Reading Spanish Student Growth Percentile(s) (Fall SY27) (counts, 10-pt bins)",Spring to Fall,50-59,3.0
Dewey Elementary School,STAR Reading Spanish,ast-graph-3,"STAR Reading Spanish Student Growth Percentile(s) (Fall SY27) (counts, 10-pt bins)",Spring to Fall,60-69,2.0
Dewey Elementary School,STAR Reading Spanish,ast-graph-3,"STAR Reading Spanish Student Growth Percentile(s) (Fall SY27) (counts, 10-pt bins)",Spring to Fall,70-79,1.0
Dewey Elementary School,STAR Reading Spanish,ast-graph-3,"STAR Reading Spanish Student Growth Percentile(s) (Fall SY27) (counts, 10-pt bins)",Spring to Fall,90-99,1.0
Dewey Elementary School,STAR Early Literacy Spanish,ast-graph-2,"STAR Early Literacy Spanish Percentile Rank Distribution (Fall SY27) (counts, 10-pt bins)",,0-9,2.0
Dewey Elementary School,STAR Early Literacy Spanish,ast-graph-2,"STAR Early Literacy Spanish Percentile Rank Distribution (Fall SY27) (counts, 10-pt bins)",,10-19,2.0
Dewey Elementary School,STAR Early Literacy Spanish,ast-graph-2,"STAR Early Literacy Spanish Percentile Rank Distribution (Fall SY27) (counts, 10-pt bins)",,20-29,7.0
Dewey Elementary School,STAR Early Literacy Spanish,ast-graph-2,"STAR Early Literacy Spanish Percentile Rank Distribution (Fall SY27) (counts, 10-pt bins)",,30-39,1.0
Dewey Elementary School,STAR Early Literacy Spanish,ast-graph-2,"STAR Early Literacy Spanish Percentile Rank Distribution (Fall SY27) (counts, 10-pt bins)",,40-49,1.0
Dewey Elementary School,STAR Early Literacy Spanish,ast-graph-2,"STAR Early Literacy Spanish Percentile Rank Distribution (Fall SY27) (counts, 10-pt bins)",,50-59,2.0
Dewey Elementary School,STAR Early Literacy Spanish,ast-graph-2,"STAR Early Literacy Spanish Percentile Rank Distribution (Fall SY27) (counts, 10-pt bins)",,60-69,8.0
Dewey Elementary School,STAR Early Literacy Spanish,ast-graph-2,"STAR Early Literacy Spanish Percentile Rank Distribution (Fall SY27) (counts, 10-pt bins)",,70-79,5.0
Dewey Elementary School,STAR Early Literacy Spanish,ast-graph-2,"STAR Early Literacy Spanish Percentile Rank Distribution (Fall SY27) (counts, 10-pt bins)",,80-89,12.0
Dewey Elementary School,STAR Early Literacy Spanish,ast-graph-2,"STAR Early Literacy Spanish Percentile Rank Distribution (Fall SY27) (counts, 10-pt bins)",,90-99,16.0
Dewey Elementary School,STAR Early Literacy Spanish,ast-graph-3,"STAR Early Literacy Spanish Student Growth Percentile(s) (Fall SY27) (counts, 10-pt bins)",Fall to Fall,0-9,1.0
Dewey Elementary School,STAR Early Literacy Spanish,ast-graph-3,"STAR Early Literacy Spanish Student Growth Percentile(s) (Fall SY27) (counts, 10-pt bins)",Fall to Fall,10-19,1.0
Dewey Elementary School,STAR Early Literacy Spanish,ast-graph-3,"STAR Early Literacy Spanish Student Growth Percentile(s) (Fall SY27) (counts, 10-pt bins)",Fall to Fall,30-39,3.0
Dewey Elementary School,STAR Early Literacy Spanish,ast-graph-3,"STAR Early Literacy Spanish Student Growth Percentile(s) (Fall SY27) (counts, 10-pt bins)",Fall to Fall,40-49,4.0
Dewey Elementary School,STAR Early Literacy Spanish,ast-graph-3,"STAR Early Literacy Spanish Student Growth Percentile(s) (Fall SY27) (counts, 10-pt bins)",Fall to Fall,60-69,2.0
Dewey Elementary School,STAR Early Literacy Spanish,ast-graph-3,"STAR Early Literacy Spanish Student Growth Percentile(s) (Fall SY27) (counts, 10-pt bins)",Fall to Fall,70-79,3.0
Dewey Elementary School,STAR Early Literacy Spanish,ast-graph-3,"STAR Early Literacy Spanish Student Growth Percentile(s) (Fall SY27) (counts, 10-pt bins)",Fall to Fall,80-89,10.0
Dewey Elementary School,STAR Early Literacy Spanish,ast-graph-3,"STAR Early Literacy Spanish Student Growth Percentile(s) (Fall SY27) (counts, 10-pt bins)",Fall to Fall,90-99,10.0
Dewey Elementary School,STAR Early Literacy Spanish,ast-graph-3,"STAR Early Literacy Spanish Student Growth Percentile(s) (Fall SY27) (counts, 10-pt bins)",Spring to Fall,10-19,1.0
Dewey Elementary School,STAR Early Literacy Spanish,ast-graph-3,"STAR Early Literacy Spanish Student Growth Percentile(s) (Fall SY27) (counts, 10-pt bins)",Spring to Fall,20-29,2.0
Dewey Elementary School,STAR Early Literacy Spanish,ast-graph-3,"STAR Early Literacy Spanish Student Growth Percentile(s) (Fall SY27) (counts, 10-pt bins)",Spring to Fall,30-39,3.0
Dewey Elementary School,STAR Early Literacy Spanish,ast-graph-3,"STAR Early Literacy Spanish Student Growth Percentile(s) (Fall SY27) (counts, 10-pt bins)",Spring to Fall,40-49,3.0
Dewey Elementary School,STAR Early Literacy Spanish,ast-graph-3,"STAR Early Literacy Spanish Student Growth Percentile(s) (Fall SY27) (counts, 10-pt bins)",Spring to Fall,50-59,5.0
Dewey Elementary School,STAR Early Literacy Spanish,ast-graph-3,"STAR Early Literacy Spanish Student Growth Percentile(s) (Fall SY27) (counts, 10-pt bins)",Spring to Fall,60-69,3.0
Dewey Elementary School,STAR Early Literacy Spanish,ast-graph-3,"STAR Early Literacy Spanish Student Growth Percentile(s) (Fall SY27) (counts, 10-pt bins)",Spring to Fall,70-79,6.0
Dewey Elementary School,STAR Early Literacy Spanish,ast-graph-3,"STAR Early Literacy Spanish Student Growth Percentile(s) (Fall SY27) (counts, 10-pt bins)",Spring to Fall,80-89,6.0
Dewey Elementary School,STAR Early Literacy Spanish,ast-graph-3,"STAR Early Literacy Spanish Student Growth Percentile(s) (Fall SY27) (counts, 10-pt bins)",Spring to Fall,90-99,4.0
Dewey Elementary School,i-Ready Math,ast-graph-2,"i-Ready Math — Percentile Distribution (counts, 10-pt bins)",,0-9,9.0
Dewey Elementary School,i-Ready Math,ast-graph-2,"i-Ready Math — Percentile Distribution (counts, 10-pt bins)",,10-19,13.0
Dewey Elementary School,i-Ready Math,ast-graph-2,"i-Ready Math — Percentile Distribution (counts, 10-pt bins)",,20-29,18.0
Dewey Elementary School,i-Ready Math,ast-graph-2,"i-Ready Math — Percentile Distribution (counts, 10-pt bins)",,30-39,29.0
Dewey Elementary School,i-Ready Math,ast-graph-2,"i-Ready Math — Percentile Distribution (counts, 10-pt bins)",,40-49,28.0
Dewey Elementary School,i-Ready Math,ast-graph-2,"i-Ready Math — Percentile Distribution (counts, 10-pt bins)",,50-59,27.0
Dewey Elementary School,i-Ready Math,ast-graph-2,"i-Ready Math — Percentile Distribution (counts, 10-pt bins)",,60-69,25.0
Dewey Elementary School,i-Ready Math,ast-graph-2,"i-Ready Math — Percentile Distribution (counts, 10-pt bins)",,70-79,34.0
Dewey Elementary School,i-Ready Math,ast-graph-2,"i-Ready Math — Percentile Distribution (counts, 10-pt bins)",,80-89,48.0
Dewey Elementary School,i-Ready Math,ast-graph-2,"i-Ready Math — Percentile Distribution (counts, 10-pt bins)",,90-99,75.0
Dewey Elementary School,i-Ready Math,ast-graph-3,"i-Ready Math — Percent Progress to Annual Typical Growth (counts, 10-pt bins)",,0-9,306.0
Dr Martin Luther King Jr Literary & Fine Arts School,STAR Reading,ast-graph-2,"STAR Reading Percentile Rank Distribution (Fall SY27) (counts, 10-pt bins)",,0-9,31.0
Dr Martin Luther King Jr Literary & Fine Arts School,STAR Reading,ast-graph-2,"STAR Reading Percentile Rank Distribution (Fall SY27) (counts, 10-pt bins)",,10-19,23.0
Dr Martin Luther King Jr Literary & Fine Arts School,STAR Reading,ast-graph-2,"STAR Reading Percentile Rank Distribution (Fall SY27) (counts, 10-pt bins)",,20-29,23.0
Dr Martin Luther King Jr Literary & Fine Arts School,STAR Reading,ast-graph-2,"STAR Reading Percentile Rank Distribution (Fall SY27) (counts, 10-pt bins)",,30-39,27.0
Dr Martin Luther King Jr Literary & Fine Arts School,STAR Reading,ast-graph-2,"STAR Reading Percentile Rank Distribution (Fall SY27) (counts, 10-pt bins)",,40-49,28.0
Dr Martin Luther King Jr Literary & Fine Arts School,STAR Reading,ast-graph-2,"STAR Reading Percentile Rank Distribution (Fall SY27) (counts, 10-pt bins)",,50-59,25.0
Dr Martin Luther King Jr Literary & Fine Arts School,STAR Reading,ast-graph-2,"STAR Reading Percentile Rank Distribution (Fall SY27) (counts, 10-pt bins)",,60-69,23.0
Dr Martin Luther King Jr Literary & Fine Arts School,STAR Reading,ast-graph-2,"STAR Reading Percentile Rank Distribution (Fall SY27) (counts, 10-pt bins)",,70-79,30.0
Dr Martin Luther King Jr Literary & Fine Arts School,STAR Reading,ast-graph-2,"STAR Reading Percentile Rank Distribution (Fall SY27) (counts, 10-pt bins)",,80-89,45.0
Dr Martin Luther King Jr Literary & Fine Arts School,STAR Reading,ast-graph-2,"STAR Reading Percentile Rank Distribution (Fall SY27) (counts, 10-pt bins)",,90-99,57.0
Dr Martin Luther King Jr Literary & Fine Arts School,STAR Reading,ast-graph-3,"STAR Reading Student Growth Percentile(s) (Fall SY27) (counts, 10-pt bins)",Fall to Fall,0-9,27.0
Dr Martin Luther King Jr Literary & Fine Arts School,STAR Reading,ast-graph-3,"STAR Reading Student Growth Percentile(s) (Fall SY27) (counts, 10-pt bins)",Fall to Fall,10-19,15.0
Dr Martin Luther King Jr Literary & Fine Arts School,STAR Reading,ast-graph-3,"STAR Reading Student Growth Percentile(s) (Fall SY27) (counts, 10-pt bins)",Fall to Fall,20-29,23.0
Dr Martin Luther King Jr Literary & Fine Arts School,STAR Reading,ast-graph-3,"STAR Reading Student Growth Percentile(s) (Fall SY27) (counts, 10-pt bins)",Fall to Fall,30-39,16.0
Dr Martin Luther King Jr Literary & Fine Arts School,STAR Reading,ast-graph-3,"STAR Reading Student Growth Percentile(s) (Fall SY27) (counts, 10-pt bins)",Fall to Fall,40-49,19.0
Dr Martin Luther King Jr Literary & Fine Arts School,STAR Reading,ast-graph-3,"STAR Reading Student Growth Percentile(s) (Fall SY27) (counts, 10-pt bins)",Fall to Fall,50-59,32.0
Dr Martin Luther King Jr Literary & Fine Arts School,STAR Reading,ast-graph-3,"STAR Reading Student Growth Percentile(s) (Fall SY27) (counts, 10-pt bins)",Fall to Fall,60-69,29.0
Dr Martin Luther King Jr Literary & Fine Arts School,STAR Reading,ast-graph-3,"STAR Reading Student Growth Percentile(s) (Fall SY27) (counts, 10-pt bins)",Fall to Fall,70-79,34.0
Dr Martin Luther King Jr Literary & Fine Arts School,STAR Reading,ast-graph-3,"STAR Reading Student Growth Percentile(s) (Fall SY27) (counts, 10-pt bins)",Fall to Fall,80-89,42.0
Dr Martin Luther King Jr Literary & Fine Arts School,STAR Reading,ast-graph-3,"STAR Reading Student Growth Percentile(s) (Fall SY27) (counts, 10-pt bins)",Fall to Fall,90-99,62.0
Dr Martin Luther King Jr Literary & Fine Arts School,STAR Reading,ast-graph-3,"STAR Reading Student Growth Percentile(s) (Fall SY27) (counts, 10-pt bins)",Spring to Fall,0-9,34.0
Dr Martin Luther King Jr Literary & Fine Arts School,STAR Reading,ast-graph-3,"STAR Reading Student Growth Percentile(s) (Fall SY27) (counts, 10-pt bins)",Spring to Fall,10-19,24.0
Dr Martin Luther King Jr Literary & Fine Arts School,STAR Reading,ast-graph-3,"STAR Reading Student Growth Percentile(s) (Fall SY27) (counts, 10-pt bins)",Spring to Fall,20-29,24.0
Dr Martin Luther King Jr Literary & Fine Arts School,STAR Reading,ast-graph-3,"STAR Reading Student Growth Percentile(s) (Fall SY27) (counts, 10-pt bins)",Spring to Fall,30-39,24.0
Dr Martin Luther King Jr Literary & Fine Arts School,STAR Reading,ast-graph-3,"STAR Reading Student Growth Percentile(s) (Fall SY27) (counts, 10-pt bins)",Spring to Fall,40-49,24.0
Dr Martin Luther King Jr Literary & Fine Arts School,STAR Reading,ast-graph-3,"STAR Reading Student Growth Percentile(s) (Fall SY27) (counts, 10-pt bins)",Spring to Fall,50-59,39.0
Dr Martin Luther King Jr Literary & Fine Arts School,STAR Reading,ast-graph-3,"STAR Reading Student Growth Percentile(s) (Fall SY27) (counts, 10-pt bins)",Spring to Fall,60-69,29.0
Dr Martin Luther King Jr Literary & Fine Arts School,STAR Reading,ast-graph-3,"STAR Reading Student Growth Percentile(s) (Fall SY27) (counts, 10-pt bins)",Spring to Fall,70-79,29.0
Dr Martin Luther King Jr Literary & Fine Arts School,STAR Reading,ast-graph-3,"STAR Reading Student Growth Percentile(s) (Fall SY27) (counts, 10-pt bins)",Spring to Fall,80-89,32.0
Dr Martin Luther King Jr Literary & Fine Arts School,STAR Reading,ast-graph-3,"STAR Reading Student Growth Percentile(s) (Fall SY27) (counts, 10-pt bins)",Spring to Fall,90-99,42.0
Dr Martin Luther King Jr Literary & Fine Arts School,STAR Early Literacy,ast-graph-2,"STAR Early Literacy Percentile Rank Distribution (Fall SY27) (counts, 10-pt bins)",,0-9,11.0
Dr Martin Luther King Jr Literary & Fine Arts School,STAR Early Literacy,ast-graph-2,"STAR Early Literacy Percentile Rank Distribution (Fall SY27) (counts, 10-pt bins)",,10-19,7.0
Dr Martin Luther King Jr Literary & Fine Arts School,STAR Early Literacy,ast-graph-2,"STAR Early Literacy Percentile Rank Distribution (Fall SY27) (counts, 10-pt bins)",,20-29,10.0
Dr Martin Luther King Jr Literary & Fine Arts School,STAR Early Literacy,ast-graph-2,"STAR Early Literacy Percentile Rank Distribution (Fall SY27) (counts, 10-pt bins)",,30-39,11.0
Dr Martin Luther King Jr Literary & Fine Arts School,STAR Early Literacy,ast-graph-2,"STAR Early Literacy Percentile Rank Distribution (Fall SY27) (counts, 10-pt bins)",,40-49,13.0
Dr Martin Luther King Jr Literary & Fine Arts School,STAR Early Literacy,ast-graph-2,"STAR Early Literacy Percentile Rank Distribution (Fall SY27) (counts, 10-pt bins)",,50-59,15.0
Dr Martin Luther King Jr Literary & Fine Arts School,STAR Early Literacy,ast-graph-2,"STAR Early Literacy Percentile Rank Distribution (Fall SY27) (counts, 10-pt bins)",,60-69,10.0
Dr Martin Luther King Jr Literary & Fine Arts School,STAR Early Literacy,ast-graph-2,"STAR Early Literacy Percentile Rank Distribution (Fall SY27) (counts, 10-pt bins)",,70-79,11.0
Dr Martin Luther King Jr Literary & Fine Arts School,STAR Early Literacy,ast-graph-2,"STAR Early Literacy Percentile Rank Distribution (Fall SY27) (counts, 10-pt bins)",,80-89,13.0
Dr Martin Luther King Jr Literary & Fine Arts School,STAR Early Literacy,ast-graph-2,"STAR Early Literacy Percentile Rank Distribution (Fall SY27) (counts, 10-pt bins)",,90-99,16.0
Dr Martin Luther King Jr Literary & Fine Arts School,STAR Early Literacy,ast-graph-3,"STAR Early Literacy Student Growth Percentile(s) (Fall SY27) (counts, 10-pt bins)",Fall to Fall,0-9,3.0
Dr Martin Luther King Jr Literary & Fine Arts School,STAR Early Literacy,ast-graph-3,"STAR Early Literacy Student Growth Percentile(s) (Fall SY27) (counts, 10-pt bins)",Fall to Fall,10-19,2.0
Dr Martin Luther King Jr Literary & Fine Arts School,STAR Early Literacy,ast-graph-3,"STAR Early Literacy Student Growth Percentile(s) (Fall SY27) (counts, 10-pt bins)",Fall to Fall,20-29,3.0
Dr Martin Luther King Jr Literary & Fine Arts School,STAR Early Literacy,ast-graph-3,"STAR Early Literacy Student Growth Percentile(s) (Fall SY27) (counts, 10-pt bins)",Fall to Fall,30-39,5.0
Dr Martin Luther King Jr Literary & Fine Arts School,STAR Early Literacy,ast-graph-3,"STAR Early Literacy Student Growth Percentile(s) (Fall SY27) (counts, 10-pt bins)",Fall to Fall,40-49,7.0
Dr Martin Luther King Jr Literary & Fine Arts School,STAR Early Literacy,ast-graph-3,"STAR Early Literacy Student Growth Percentile(s) (Fall SY27) (counts, 10-pt bins)",Fall to Fall,50-59,8.0
Dr Martin Luther King Jr Literary & Fine Arts School,STAR Early Literacy,ast-graph-3,"STAR Early Literacy Student Growth Percentile(s) (Fall SY27) (counts, 10-pt bins)",Fall to Fall,60-69,3.0
Dr Martin Luther King Jr Literary & Fine Arts School,STAR Early Literacy,ast-graph-3,"STAR Early Literacy Student Growth Percentile(s) (Fall SY27) (counts, 10-pt bins)",Fall to Fall,70-79,11.0
Dr Martin Luther King Jr Literary & Fine Arts School,STAR Early Literacy,ast-graph-3,"STAR Early Literacy Student Growth Percentile(s) (Fall SY27) (counts, 10-pt bins)",Fall to Fall,80-89,13.0
Dr Martin Luther King Jr Literary & Fine Arts School,STAR Early Literacy,ast-graph-3,"STAR Early Literacy Student Growth Percentile(s) (Fall SY27) (counts, 10-pt bins)",Fall to Fall,90-99,13.0
Dr Martin Luther King Jr Literary & Fine Arts School,STAR Early Literacy,ast-graph-3,"STAR Early Literacy Student Growth Percentile(s) (Fall SY27) (counts, 10-pt bins)",Spring to Fall,0-9,6.0
Dr Martin Luther King Jr Literary & Fine Arts School,STAR Early Literacy,ast-graph-3,"STAR Early Literacy Student Growth Percentile(s) (Fall SY27) (counts, 10-pt bins)",Spring to Fall,10-19,3.0
Dr Martin Luther King Jr Literary & Fine Arts School,STAR Early Literacy,ast-graph-3,"STAR Early Literacy Student Growth Percentile(s) (Fall SY27) (counts, 10-pt bins)",Spring to Fall,20-29,9.0
Dr Martin Luther King Jr Literary & Fine Arts School,STAR Early Literacy,ast-graph-3,"STAR Early Literacy Student Growth Percentile(s) (Fall SY27) (counts, 10-pt bins)",Spring to Fall,30-39,1.0
Dr Martin Luther King Jr Literary & Fine Arts School,STAR Early Literacy,ast-graph-3,"STAR Early Literacy Student Growth Percentile(s) (Fall SY27) (counts, 10-pt bins)",Spring to Fall,40-49,5.0
Dr Martin Luther King Jr Literary & Fine Arts School,STAR Early Literacy,ast-graph-3,"STAR Early Literacy Student Growth Percentile(s) (Fall SY27) (counts, 10-pt bins)",Spring to Fall,50-59,5.0
Dr Martin Luther King Jr Literary & Fine Arts School,STAR Early Literacy,ast-graph-3,"STAR Early Literacy Student Growth Percentile(s) (Fall SY27) (counts, 10-pt bins)",Spring to Fall,60-69,10.0
Dr Martin Luther King Jr Literary & Fine Arts School,STAR Early Literacy,ast-graph-3,"STAR Early Literacy Student Growth Percentile(s) (Fall SY27) (counts, 10-pt bins)",Spring to Fall,70-79,8.0
Dr Martin Luther King Jr Literary & Fine Arts School,STAR Early Literacy,ast-graph-3,"STAR Early Literacy Student Growth Percentile(s) (Fall SY27) (counts, 10-pt bins)",Spring to Fall,80-89,14.0
Dr Martin Luther King Jr Literary & Fine Arts School,STAR Early Literacy,ast-graph-3,"STAR Early Literacy Student Growth Percentile(s) (Fall SY27) (counts, 10-pt bins)",Spring to Fall,90-99,6.0
Dr Martin Luther King Jr Literary & Fine Arts School,i-Ready Math,ast-graph-2,"i-Ready Math — Percentile Distribution (counts, 10-pt bins)",,0-9,27.0
Dr Martin Luther King Jr Literary & Fine Arts School,i-Ready Math,ast-graph-2,"i-Ready Math — Percentile Distribution (counts, 10-pt bins)",,10-19,46.0
Dr Martin Luther King Jr Literary & Fine Arts School,i-Ready Math,ast-graph-2,"i-Ready Math — Percentile Distribution (counts, 10-pt bins)",,20-29,26.0
Dr Martin Luther King Jr Literary & Fine Arts School,i-Ready Math,ast-graph-2,"i-Ready Math — Percentile Distribution (counts, 10-pt bins)",,30-39,42.0
Dr Martin Luther King Jr Literary & Fine Arts School,i-Ready Math,ast-graph-2,"i-Ready Math — Percentile Distribution (counts, 10-pt bins)",,40-49,43.0
Dr Martin Luther King Jr Literary & Fine Arts School,i-Ready Math,ast-graph-2,"i-Ready Math — Percentile Distribution (counts, 10-pt bins)",,50-59,36.0
Dr Martin Luther King Jr Literary & Fine Arts School,i-Ready Math,ast-graph-2,"i-Ready Math — Percentile Distribution (counts, 10-pt bins)",,60-69,54.0
Dr Martin Luther King Jr Literary & Fine Arts School,i-Ready Math,ast-graph-2,"i-Ready Math — Percentile Distribution (counts, 10-pt bins)",,70-79,46.0
Dr Martin Luther King Jr Literary & Fine Arts School,i-Ready Math,ast-graph-2,"i-Ready Math — Percentile Distribution (counts, 10-pt bins)",,80-89,45.0
Dr Martin Luther King Jr Literary & Fine Arts School,i-Ready Math,ast-graph-2,"i-Ready Math — Percentile Distribution (counts, 10-pt bins)",,90-99,61.0
Dr Martin Luther King Jr Literary & Fine Arts School,i-Ready Math,ast-graph-3,"i-Ready Math — Percent Progress to Annual Typical Growth (counts, 10-pt bins)",,0-9,426.0
Foster School,STAR Reading,ast-graph-2,"STAR Reading Percentile Rank Distribution (Fall SY27) (counts, 10-pt bins)",,0-9,32.0
Foster School,STAR Reading,ast-graph-2,"STAR Reading Percentile Rank Distribution (Fall SY27) (counts, 10-pt bins)",,10-19,27.0
Foster School,STAR Reading,ast-graph-2,"STAR Reading Percentile Rank Distribution (Fall SY27) (counts, 10-pt bins)",,20-29,16.0
Foster School,STAR Reading,ast-graph-2,"STAR Reading Percentile Rank Distribution (Fall SY27) (counts, 10-pt bins)",,30-39,15.0
Foster School,STAR Reading,ast-graph-2,"STAR Reading Percentile Rank Distribution (Fall SY27) (counts, 10-pt bins)",,40-49,15.0
Foster School,STAR Reading,ast-graph-2,"STAR Reading Percentile Rank Distribution (Fall SY27) (counts, 10-pt bins)",,50-59,15.0
Foster School,STAR Reading,ast-graph-2,"STAR Reading Percentile Rank Distribution (Fall SY27) (counts, 10-pt bins)",,60-69,15.0
Foster School,STAR Reading,ast-graph-2,"STAR Reading Percentile Rank Distribution (Fall SY27) (counts, 10-pt bins)",,70-79,21.0
Foster School,STAR Reading,ast-graph-2,"STAR Reading Percentile Rank Distribution (Fall SY27) (counts, 10-pt bins)",,80-89,19.0
Foster School,STAR Reading,ast-graph-2,"STAR Reading Percentile Rank Distribution (Fall SY27) (counts, 10-pt bins)",,90-99,21.0
Foster School,STAR Reading,ast-graph-3,"STAR Reading Student Growth Percentile(s) (Fall SY27) (counts, 10-pt bins)",Fall to Fall,0-9,13.0
Foster School,STAR Reading,ast-graph-3,"STAR Reading Student Growth Percentile(s) (Fall SY27) (counts, 10-pt bins)",Fall to Fall,10-19,12.0
Foster School,STAR Reading,ast-graph-3,"STAR Reading Student Growth Percentile(s) (Fall SY27) (counts, 10-pt bins)",Fall to Fall,20-29,14.0
Foster School,STAR Reading,ast-graph-3,"STAR Reading Student Growth Percentile(s) (Fall SY27) (counts, 10-pt bins)",Fall to Fall,30-39,9.0
Foster School,STAR Reading,ast-graph-3,"STAR Reading Student Growth Percentile(s) (Fall SY27) (counts, 10-pt bins)",Fall to Fall,40-49,18.0
Foster School,STAR Reading,ast-graph-3,"STAR Reading Student Growth Percentile(s) (Fall SY27) (counts, 10-pt bins)",Fall to Fall,50-59,16.0
Foster School,STAR Reading,ast-graph-3,"STAR Reading Student Growth Percentile(s) (Fall SY27) (counts, 10-pt bins)",Fall to Fall,60-69,12.0
Foster School,STAR Reading,ast-graph-3,"STAR Reading Student Growth Percentile(s) (Fall SY27) (counts, 10-pt bins)",Fall to Fall,70-79,17.0
Foster School,STAR Reading,ast-graph-3,"STAR Reading Student Growth Percentile(s) (Fall SY27) (counts, 10-pt bins)",Fall to Fall,80-89,28.0
Foster School,STAR Reading,ast-graph-3,"STAR Reading Student Growth Percentile(s) (Fall SY27) (counts, 10-pt bins)",Fall to Fall,90-99,37.0
Foster School,STAR Reading,ast-graph-3,"STAR Reading Student Growth Percentile(s) (Fall SY27) (counts, 10-pt bins)",Spring to Fall,0-9,22.0
Foster School,STAR Reading,ast-graph-3,"STAR Reading Student Growth Percentile(s) (Fall SY27) (counts, 10-pt bins)",Spring to Fall,10-19,16.0
Foster School,STAR Reading,ast-graph-3,"STAR Reading Student Growth Percentile(s) (Fall SY27) (counts, 10-pt bins)",Spring to Fall,20-29,13.0
Foster School,STAR Reading,ast-graph-3,"STAR Reading Student Growth Percentile(s) (Fall SY27) (counts, 10-pt bins)",Spring to Fall,30-39,13.0
Foster School,STAR Reading,ast-graph-3,"STAR Reading Student Growth Percentile(s) (Fall SY27) (counts, 10-pt bins)",Spring to Fall,40-49,13.0
Foster School,STAR Reading,ast-graph-3,"STAR Reading Student Growth Percentile(s) (Fall SY27) (counts, 10-pt bins)",Spring to Fall,50-59,11.0
Foster School,STAR Reading,ast-graph-3,"STAR Reading Student Growth Percentile(s) (Fall SY27) (counts, 10-pt bins)",Spring to Fall,60-69,17.0
Foster School,STAR Reading,ast-graph-3,"STAR Reading Student Growth Percentile(s) (Fall SY27) (counts, 10-pt bins)",Spring to Fall,70-79,19.0
Foster School,STAR Reading,ast-graph-3,"STAR Reading Student Growth Percentile(s) (Fall SY27) (counts, 10-pt bins)",Spring to Fall,80-89,18.0
Foster School,STAR Reading,ast-graph-3,"STAR Reading Student Growth Percentile(s) (Fall SY27) (counts, 10-pt bins)",Spring to Fall,90-99,39.0
Foster School,STAR Early Literacy,ast-graph-2,"STAR Early Literacy Percentile Rank Distribution (Fall SY27) (counts, 10-pt bins)",,0-9,28.0
Foster School,STAR Early Literacy,ast-graph-2,"STAR Early Literacy Percentile Rank Distribution (Fall SY27) (counts, 10-pt bins)",,10-19,15.0
Foster School,STAR Early Literacy,ast-graph-2,"STAR Early Literacy Percentile Rank Distribution (Fall SY27) (counts, 10-pt bins)",,20-29,22.0
Foster School,STAR Early Literacy,ast-graph-2,"STAR Early Literacy Percentile Rank Distribution (Fall SY27) (counts, 10-pt bins)",,30-39,14.0
Foster School,STAR Early Literacy,ast-graph-2,"STAR Early Literacy Percentile Rank Distribution (Fall SY27) (counts, 10-pt bins)",,40-49,11.0
Foster School,STAR Early Literacy,ast-graph-2,"STAR Early Literacy Percentile Rank Distribution (Fall SY27) (counts, 10-pt bins)",,50-59,14.0
Foster School,STAR Early Literacy,ast-graph-2,"STAR Early Literacy Percentile Rank Distribution (Fall SY27) (counts, 10-pt bins)",,60-69,7.0
Foster School,STAR Early Literacy,ast-graph-2,"STAR Early Literacy Percentile Rank Distribution (Fall SY27) (counts, 10-pt bins)",,70-79,13.0
Foster School,STAR Early Literacy,ast-graph-2,"STAR Early Literacy Percentile Rank Distribution (Fall SY27) (counts, 10-pt bins)",,80-89,8.0
Foster School,STAR Early Literacy,ast-graph-2,"STAR Early Literacy Percentile Rank Distribution (Fall SY27) (counts, 10-pt bins)",,90-99,15.0
Foster School,STAR Early Literacy,ast-graph-3,"STAR Early Literacy Student Growth Percentile(s) (Fall SY27) (counts, 10-pt bins)",Fall to Fall,0-9,7.0
Foster School,STAR Early Literacy,ast-graph-3,"STAR Early Literacy Student Growth Percentile(s) (Fall SY27) (counts, 10-pt bins)",Fall to Fall,10-19,5.0
Foster School,STAR Early Literacy,ast-graph-3,"STAR Early Literacy Student Growth Percentile(s) (Fall SY27) (counts, 10-pt bins)",Fall to Fall,20-29,8.0
Foster School,STAR Early Literacy,ast-graph-3,"STAR Early Literacy Student Growth Percentile(s) (Fall SY27) (counts, 10-pt bins)",Fall to Fall,30-39,4.0
Foster School,STAR Early Literacy,ast-graph-3,"STAR Early Literacy Student Growth Percentile(s) (Fall SY27) (counts, 10-pt bins)",Fall to Fall,40-49,6.0
Foster School,STAR Early Literacy,ast-graph-3,"STAR Early Literacy Student Growth Percentile(s) (Fall SY27) (counts, 10-pt bins)",Fall to Fall,50-59,12.0
Foster School,STAR Early Literacy,ast-graph-3,"STAR Early Literacy Student Growth Percentile(s) (Fall SY27) (counts, 10-pt bins)",Fall to Fall,60-69,14.0
Foster School,STAR Early Literacy,ast-graph-3,"STAR Early Literacy Student Growth Percentile(s) (Fall SY27) (counts, 10-pt bins)",Fall to Fall,70-79,4.0
Foster School,STAR Early Literacy,ast-graph-3,"STAR Early Literacy Student Growth Percentile(s) (Fall SY27) (counts, 10-pt bins)",Fall to Fall,80-89,7.0
Foster School,STAR Early Literacy,ast-graph-3,"STAR Early Literacy Student Growth Percentile(s) (Fall SY27) (counts, 10-pt bins)",Fall to Fall,90-99,11.0
Foster School,STAR Early Literacy,ast-graph-3,"STAR Early Literacy Student Growth Percentile(s) (Fall SY27) (counts, 10-pt bins)",Spring to Fall,0-9,6.0
Foster School,STAR Early Literacy,ast-graph-3,"STAR Early Literacy Student Growth Percentile(s) (Fall SY27) (counts, 10-pt bins)",Spring to Fall,10-19,8.0
Foster School,STAR Early Literacy,ast-graph-3,"STAR Early Literacy Student Growth Percentile(s) (Fall SY27) (counts, 10-pt bins)",Spring to Fall,20-29,2.0
Foster School,STAR Early Literacy,ast-graph-3,"STAR Early Literacy Student Growth Percentile(s) (Fall SY27) (counts, 10-pt bins)",Spring to Fall,30-39,6.0
Foster School,STAR Early Literacy,ast-graph-3,"STAR Early Literacy Student Growth Percentile(s) (Fall SY27) (counts, 10-pt bins)",Spring to Fall,40-49,13.0
Foster School,STAR Early Literacy,ast-graph-3,"STAR Early Literacy Student Growth Percentile(s) (Fall SY27) (counts, 10-pt bins)",Spring to Fall,50-59,6.0
Foster School,STAR Early Literacy,ast-graph-3,"STAR Early Literacy Student Growth Percentile(s) (Fall SY27) (counts, 10-pt bins)",Spring to Fall,60-69,12.0
Foster School,STAR Early Literacy,ast-graph-3,"STAR Early Literacy Student Growth Percentile(s) (Fall SY27) (counts, 10-pt bins)",Spring to Fall,70-79,13.0
Foster School,STAR Early Literacy,ast-graph-3,"STAR Early Literacy Student Growth Percentile(s) (Fall SY27) (counts, 10-pt bins)",Spring to Fall,80-89,7.0
Foster School,STAR Early Literacy,ast-graph-3,"STAR Early Literacy Student Growth Percentile(s) (Fall SY27) (counts, 10-pt bins)",Spring to Fall,90-99,12.0
Foster School,STAR Reading Spanish,ast-graph-2,"STAR Reading Spanish Percentile Rank Distribution (Fall SY27) (counts, 10-pt bins)",,0-9,19.0
Foster School,STAR Reading Spanish,ast-graph-2,"STAR Reading Spanish Percentile Rank Distribution (Fall SY27) (counts, 10-pt bins)",,10-19,15.0
Foster School,STAR Reading Spanish,ast-graph-2,"STAR Reading Spanish Percentile Rank Distribution (Fall SY27) (counts, 10-pt bins)",,20-29,17.0
Foster School,STAR Reading Spanish,ast-graph-2,"STAR Reading Spanish Percentile Rank Distribution (Fall SY27) (counts, 10-pt bins)",,30-39,9.0
Foster School,STAR Reading Spanish,ast-graph-2,"STAR Reading Spanish Percentile Rank Distribution (Fall SY27) (counts, 10-pt bins)",,40-49,9.0
Foster School,STAR Reading Spanish,ast-graph-2,"STAR Reading Spanish Percentile Rank Distribution (Fall SY27) (counts, 10-pt bins)",,50-59,11.0
Foster School,STAR Reading Spanish,ast-graph-2,"STAR Reading Spanish Percentile Rank Distribution (Fall SY27) (counts, 10-pt bins)",,60-69,4.0
Foster School,STAR Reading Spanish,ast-graph-2,"STAR Reading Spanish Percentile Rank Distribution (Fall SY27) (counts, 10-pt bins)",,70-79,8.0
Foster School,STAR Reading Spanish,ast-graph-2,"STAR Reading Spanish Percentile Rank Distribution (Fall SY27) (counts, 10-pt bins)",,80-89,6.0
Foster School,STAR Reading Spanish,ast-graph-2,"STAR Reading Spanish Percentile Rank Distribution (Fall SY27) (counts, 10-pt bins)",,90-99,10.0
Foster School,STAR Reading Spanish,ast-graph-3,"STAR Reading Spanish Student Growth Percentile(s) (Fall SY27) (counts, 10-pt bins)",Fall to Fall,0-9,2.0
Foster School,STAR Reading Spanish,ast-graph-3,"STAR Reading Spanish Student Growth Percentile(s) (Fall SY27) (counts, 10-pt bins)",Fall to Fall,10-19,5.0
Foster School,STAR Reading Spanish,ast-graph-3,"STAR Reading Spanish Student Growth Percentile(s) (Fall SY27) (counts, 10-pt bins)",Fall to Fall,20-29,7.0
Foster School,STAR Reading Spanish,ast-graph-3,"STAR Reading Spanish Student Growth Percentile(s) (Fall SY27) (counts, 10-pt bins)",Fall to Fall,30-39,7.0
Foster School,STAR Reading Spanish,ast-graph-3,"STAR Reading Spanish Student Growth Percentile(s) (Fall SY27) (counts, 10-pt bins)",Fall to Fall,40-49,8.0
Foster School,STAR Reading Spanish,ast-graph-3,"STAR Reading Spanish Student Growth Percentile(s) (Fall SY27) (counts, 10-pt bins)",Fall to Fall,50-59,10.0
Foster School,STAR Reading Spanish,ast-graph-3,"STAR Reading Spanish Student Growth Percentile(s) (Fall SY27) (counts, 10-pt bins)",Fall to Fall,60-69,11.0
Foster School,STAR Reading Spanish,ast-graph-3,"STAR Reading Spanish Student Growth Percentile(s) (Fall SY27) (counts, 10-pt bins)",Fall to Fall,70-79,3.0
Foster School,STAR Reading Spanish,ast-graph-3,"STAR Reading Spanish Student Growth Percentile(s) (Fall SY27) (counts, 10-pt bins)",Fall to Fall,80-89,5.0
Foster School,STAR Reading Spanish,ast-graph-3,"STAR Reading Spanish Student Growth Percentile(s) (Fall SY27) (counts, 10-pt bins)",Fall to Fall,90-99,15.0
Foster School,STAR Reading Spanish,ast-graph-3,"STAR Reading Spanish Student Growth Percentile(s) (Fall SY27) (counts, 10-pt bins)",Spring to Fall,0-9,5.0
Foster School,STAR Reading Spanish,ast-graph-3,"STAR Reading Spanish Student Growth Percentile(s) (Fall SY27) (counts, 10-pt bins)",Spring to Fall,10-19,4.0
Foster School,STAR Reading Spanish,ast-graph-3,"STAR Reading Spanish Student Growth Percentile(s) (Fall SY27) (counts, 10-pt bins)",Spring to Fall,20-29,7.0
Foster School,STAR Reading Spanish,ast-graph-3,"STAR Reading Spanish Student Growth Percentile(s) (Fall SY27) (counts, 10-pt bins)",Spring to Fall,30-39,12.0
Foster School,STAR Reading Spanish,ast-graph-3,"STAR Reading Spanish Student Growth Percentile(s) (Fall SY27) (counts, 10-pt bins)",Spring to Fall,40-49,8.0
Foster School,STAR Reading Spanish,ast-graph-3,"STAR Reading Spanish Student Growth Percentile(s) (Fall SY27) (counts, 10-pt bins)",Spring to Fall,50-59,12.0
Foster School,STAR Reading Spanish,ast-graph-3,"STAR Reading Spanish Student Growth Percentile(s) (Fall SY27) (counts, 10-pt bins)",Spring to Fall,60-69,4.0
Foster School,STAR Reading Spanish,ast-graph-3,"STAR Reading Spanish Student Growth Percentile(s) (Fall SY27) (counts, 10-pt bins)",Spring to Fall,70-79,10.0
Foster School,STAR Reading Spanish,ast-graph-3,"STAR Reading Spanish Student Growth Percentile(s) (Fall SY27) (counts, 10-pt bins)",Spring to Fall,80-89,7.0
Foster School,STAR Reading Spanish,ast-graph-3,"STAR Reading Spanish Student Growth Percentile(s) (Fall SY27) (counts, 10-pt bins)",Spring to Fall,90-99,13.0
Foster School,STAR Early Literacy Spanish,ast-graph-2,"STAR Early Literacy Spanish Percentile Rank Distribution (Fall SY27) (counts, 10-pt bins)",,0-9,7.0
Foster School,STAR Early Literacy Spanish,ast-graph-2,"STAR Early Literacy Spanish Percentile Rank Distribution (Fall SY27) (counts, 10-pt bins)",,10-19,9.0
Foster School,STAR Early Literacy Spanish,ast-graph-2,"STAR Early Literacy Spanish Percentile Rank Distribution (Fall SY27) (counts, 10-pt bins)",,30-39,6.0
Foster School,STAR Early Literacy Spanish,ast-graph-2,"STAR Early Literacy Spanish Percentile Rank Distribution (Fall SY27) (counts, 10-pt bins)",,40-49,4.0
Foster School,STAR Early Literacy Spanish,ast-graph-2,"STAR Early Literacy Spanish Percentile Rank Distribution (Fall SY27) (counts, 10-pt bins)",,50-59,9.0
Foster School,STAR Early Literacy Spanish,ast-graph-2,"STAR Early Literacy Spanish Percentile Rank Distribution (Fall SY27) (counts, 10-pt bins)",,60-69,14.0
Foster School,STAR Early Literacy Spanish,ast-graph-2,"STAR Early Literacy Spanish Percentile Rank Distribution (Fall SY27) (counts, 10-pt bins)",,70-79,11.0
Foster School,STAR Early Literacy Spanish,ast-graph-2,"STAR Early Literacy Spanish Percentile Rank Distribution (Fall SY27) (counts, 10-pt bins)",,80-89,10.0
Foster School,STAR Early Literacy Spanish,ast-graph-2,"STAR Early Literacy Spanish Percentile Rank Distribution (Fall SY27) (counts, 10-pt bins)",,90-99,14.0
Foster School,STAR Early Literacy Spanish,ast-graph-3,"STAR Early Literacy Spanish Student Growth Percentile(s) (Fall SY27) (counts, 10-pt bins)",Fall to Fall,0-9,6.0
Foster School,STAR Early Literacy Spanish,ast-graph-3,"STAR Early Literacy Spanish Student Growth Percentile(s) (Fall SY27) (counts, 10-pt bins)",Fall to Fall,10-19,6.0
Foster School,STAR Early Literacy Spanish,ast-graph-3,"STAR Early Literacy Spanish Student Growth Percentile(s) (Fall SY27) (counts, 10-pt bins)",Fall to Fall,20-29,3.0
Foster School,STAR Early Literacy Spanish,ast-graph-3,"STAR Early Literacy Spanish Student Growth Percentile(s) (Fall SY27) (counts, 10-pt bins)",Fall to Fall,30-39,6.0
Foster School,STAR Early Literacy Spanish,ast-graph-3,"STAR Early Literacy Spanish Student Growth Percentile(s) (Fall SY27) (counts, 10-pt bins)",Fall to Fall,40-49,6.0
Foster School,STAR Early Literacy Spanish,ast-graph-3,"STAR Early Literacy Spanish Student Growth Percentile(s) (Fall SY27) (counts, 10-pt bins)",Fall to Fall,50-59,6.0
Foster School,STAR Early Literacy Spanish,ast-graph-3,"STAR Early Literacy Spanish Student Growth Percentile(s) (Fall SY27) (counts, 10-pt bins)",Fall to Fall,60-69,8.0
Foster School,STAR Early Literacy Spanish,ast-graph-3,"STAR Early Literacy Spanish Student Growth Percentile(s) (Fall SY27) (counts, 10-pt bins)",Fall to Fall,70-79,6.0
Foster School,STAR Early Literacy Spanish,ast-graph-3,"STAR Early Literacy Spanish Student Growth Percentile(s) (Fall SY27) (counts, 10-pt bins)",Fall to Fall,80-89,5.0
Foster School,STAR Early Literacy Spanish,ast-graph-3,"STAR Early Literacy Spanish Student Growth Percentile(s) (Fall SY27) (counts, 10-pt bins)",Fall to Fall,90-99,7.0
Foster School,STAR Early Literacy Spanish,ast-graph-3,"STAR Early Literacy Spanish Student Growth Percentile(s) (Fall SY27) (counts, 10-pt bins)",Spring to Fall,0-9,8.0
Foster School,STAR Early Literacy Spanish,ast-graph-3,"STAR Early Literacy Spanish Student Growth Percentile(s) (Fall SY27) (counts, 10-pt bins)",Spring to Fall,10-19,6.0
Foster School,STAR Early Literacy Spanish,ast-graph-3,"STAR Early Literacy Spanish Student Growth Percentile(s) (Fall SY27) (counts, 10-pt bins)",Spring to Fall,20-29,4.0
Foster School,STAR Early Literacy Spanish,ast-graph-3,"STAR Early Literacy Spanish Student Growth Percentile(s) (Fall SY27) (counts, 10-pt bins)",Spring to Fall,30-39,3.0
Foster School,STAR Early Literacy Spanish,ast-graph-3,"STAR Early Literacy Spanish Student Growth Percentile(s) (Fall SY27) (counts, 10-pt bins)",Spring to Fall,40-49,6.0
Foster School,STAR Early Literacy Spanish,ast-graph-3,"STAR Early Literacy Spanish Student Growth Percentile(s) (Fall SY27) (counts, 10-pt bins)",Spring to Fall,50-59,7.0
Foster School,STAR Early Literacy Spanish,ast-graph-3,"STAR Early Literacy Spanish Student Growth Percentile(s) (Fall SY27) (counts, 10-pt bins)",Spring to Fall,60-69,9.0
Foster School,STAR Early Literacy Spanish,ast-graph-3,"STAR Early Literacy Spanish Student Growth Percentile(s) (Fall SY27) (counts, 10-pt bins)",Spring to Fall,70-79,8.0
Foster School,STAR Early Literacy Spanish,ast-graph-3,"STAR Early Literacy Spanish Student Growth Percentile(s) (Fall SY27) (counts, 10-pt bins)",Spring to Fall,80-89,6.0
Foster School,STAR Early Literacy Spanish,ast-graph-3,"STAR Early Literacy Spanish Student Growth Percentile(s) (Fall SY27) (counts, 10-pt bins)",Spring to Fall,90-99,5.0
Foster School,i-Ready Math,ast-graph-2,"i-Ready Math — Percentile Distribution (counts, 10-pt bins)",,0-9,42.0
Foster School,i-Ready Math,ast-graph-2,"i-Ready Math — Percentile Distribution (counts, 10-pt bins)",,10-19,54.0
Foster School,i-Ready Math,ast-graph-2,"i-Ready Math — Percentile Distribution (counts, 10-pt bins)",,20-29,45.0
Foster School,i-Ready Math,ast-graph-2,"i-Ready Math — Percentile Distribution (counts, 10-pt bins)",,30-39,45.0
Foster School,i-Ready Math,ast-graph-2,"i-Ready Math — Percentile Distribution (counts, 10-pt bins)",,40-49,32.0
Foster School,i-Ready Math,ast-graph-2,"i-Ready Math — Percentile Distribution (counts, 10-pt bins)",,50-59,32.0
Foster School,i-Ready Math,ast-graph-2,"i-Ready Math — Percentile Distribution (counts, 10-pt bins)",,60-69,26.0
Foster School,i-Ready Math,ast-graph-2,"i-Ready Math — Percentile Distribution (counts, 10-pt bins)",,70-79,37.0
Foster School,i-Ready Math,ast-graph-2,"i-Ready Math — Percentile Distribution (counts, 10-pt bins)",,80-89,21.0
Foster School,i-Ready Math,ast-graph-2,"i-Ready Math — Percentile Distribution (counts, 10-pt bins)",,90-99,20.0
Foster School,i-Ready Math,ast-graph-3,"i-Ready Math — Percent Progress to Annual Typical Growth (counts, 10-pt bins)",,0-9,354.0
Haven Middle School,STAR Reading,ast-graph-2,"STAR Reading Percentile Rank Distribution (Fall SY27) (counts, 10-pt bins)",,0-9,36.0
Haven Middle School,STAR Reading,ast-graph-2,"STAR Reading Percentile Rank Distribution (Fall SY27) (counts, 10-pt bins)",,10-19,28.0
Haven Middle School,STAR Reading,ast-graph-2,"STAR Reading Percentile Rank Distribution (Fall SY27) (counts, 10-pt bins)",,20-29,46.0
Haven Middle School,STAR Reading,ast-graph-2,"STAR Reading Percentile Rank Distribution (Fall SY27) (counts, 10-pt bins)",,30-39,27.0
Haven Middle School,STAR Reading,ast-graph-2,"STAR Reading Percentile Rank Distribution (Fall SY27) (counts, 10-pt bins)",,40-49,39.0
Haven Middle School,STAR Reading,ast-graph-2,"STAR Reading Percentile Rank Distribution (Fall SY27) (counts, 10-pt bins)",,50-59,33.0
Haven Middle School,STAR Reading,ast-graph-2,"STAR Reading Percentile Rank Distribution (Fall SY27) (counts, 10-pt bins)",,60-69,50.0
Haven Middle School,STAR Reading,ast-graph-2,"STAR Reading Percentile Rank Distribution (Fall SY27) (counts, 10-pt bins)",,70-79,63.0
Haven Middle School,STAR Reading,ast-graph-2,"STAR Reading Percentile Rank Distribution (Fall SY27) (counts, 10-pt bins)",,80-89,102.0
Haven Middle School,STAR Reading,ast-graph-2,"STAR Reading Percentile Rank Distribution (Fall SY27) (counts, 10-pt bins)",,90-99,171.0
Haven Middle School,STAR Reading,ast-graph-3,"STAR Reading Student Growth Percentile(s) (Fall SY27) (counts, 10-pt bins)",Fall to Fall,0-9,33.0
Haven Middle School,STAR Reading,ast-graph-3,"STAR Reading Student Growth Percentile(s) (Fall SY27) (counts, 10-pt bins)",Fall to Fall,10-19,45.0
Haven Middle School,STAR Reading,ast-graph-3,"STAR Reading Student Growth Percentile(s) (Fall SY27) (counts, 10-pt bins)",Fall to Fall,20-29,47.0
Haven Middle School,STAR Reading,ast-graph-3,"STAR Reading Student Growth Percentile(s) (Fall SY27) (counts, 10-pt bins)",Fall to Fall,30-39,52.0
Haven Middle School,STAR Reading,ast-graph-3,"STAR Reading Student Growth Percentile(s) (Fall SY27) (counts, 10-pt bins)",Fall to Fall,40-49,58.0
Haven Middle School,STAR Reading,ast-graph-3,"STAR Reading Student Growth Percentile(s) (Fall SY27) (counts, 10-pt bins)",Fall to Fall,50-59,42.0
Haven Middle School,STAR Reading,ast-graph-3,"STAR Reading Student Growth Percentile(s) (Fall SY27) (counts, 10-pt bins)",Fall to Fall,60-69,61.0
Haven Middle School,STAR Reading,ast-graph-3,"STAR Reading Student Growth Percentile(s) (Fall SY27) (counts, 10-pt bins)",Fall to Fall,70-79,67.0
Haven Middle School,STAR Reading,ast-graph-3,"STAR Reading Student Growth Percentile(s) (Fall SY27) (counts, 10-pt bins)",Fall to Fall,80-89,74.0
Haven Middle School,STAR Reading,ast-graph-3,"STAR Reading Student Growth Percentile(s) (Fall SY27) (counts, 10-pt bins)",Fall to Fall,90-99,78.0
Haven Middle School,STAR Reading,ast-graph-3,"STAR Reading Student Growth Percentile(s) (Fall SY27) (counts, 10-pt bins)",Spring to Fall,0-9,38.0
Haven Middle School,STAR Reading,ast-graph-3,"STAR Reading Student Growth Percentile(s) (Fall SY27) (counts, 10-pt bins)",Spring to Fall,10-19,53.0
Haven Middle School,STAR Reading,ast-graph-3,"STAR Reading Student Growth Percentile(s) (Fall SY27) (counts, 10-pt bins)",Spring to Fall,20-29,50.0
Haven Middle School,STAR Reading,ast-graph-3,"STAR Reading Student Growth Percentile(s) (Fall SY27) (counts, 10-pt bins)",Spring to Fall,30-39,50.0
Haven Middle School,STAR Reading,ast-graph-3,"STAR Reading Student Growth Percentile(s) (Fall SY27) (counts, 10-pt bins)",Spring to Fall,40-49,55.0
Haven Middle School,STAR Reading,ast-graph-3,"STAR Reading Student Growth Percentile(s) (Fall SY27) (counts, 10-pt bins)",Spring to Fall,50-59,53.0
Haven Middle School,STAR Reading,ast-graph-3,"STAR Reading Student Growth Percentile(s) (Fall SY27) (counts, 10-pt bins)",Spring to Fall,60-69,51.0
Haven Middle School,STAR Reading,ast-graph-3,"STAR Reading Student Growth Percentile(s) (Fall SY27) (counts, 10-pt bins)",Spring to Fall,70-79,62.0
Haven Middle School,STAR Reading,ast-graph-3,"STAR Reading Student Growth Percentile(s) (Fall SY27) (counts, 10-pt bins)",Spring to Fall,80-89,67.0
Haven Middle School,STAR Reading,ast-graph-3,"STAR Reading Student Growth Percentile(s) (Fall SY27) (counts, 10-pt bins)",Spring to Fall,90-99,85.0
Haven Middle School,STAR Reading Spanish,ast-graph-2,"STAR Reading Spanish Percentile Rank Distribution (Fall SY27) (counts, 10-pt bins)",,0-9,5.0
Haven Middle School,STAR Reading Spanish,ast-graph-2,"STAR Reading Spanish Percentile Rank Distribution (Fall SY27) (counts, 10-pt bins)",,10-19,4.0
Haven Middle School,STAR Reading Spanish,ast-graph-2,"STAR Reading Spanish Percentile Rank Distribution (Fall SY27) (counts, 10-pt bins)",,20-29,5.0
Haven Middle School,STAR Reading Spanish,ast-graph-2,"STAR Reading Spanish Percentile Rank Distribution (Fall SY27) (counts, 10-pt bins)",,30-39,3.0
Haven Middle School,STAR Reading Spanish,ast-graph-2,"STAR Reading Spanish Percentile Rank Distribution (Fall SY27) (counts, 10-pt bins)",,40-49,2.0
Haven Middle School,STAR Reading Spanish,ast-graph-2,"STAR Reading Spanish Percentile Rank Distribution (Fall SY27) (counts, 10-pt bins)",,60-69,1.0
Haven Middle School,STAR Reading Spanish,ast-graph-2,"STAR Reading Spanish Percentile Rank Distribution (Fall SY27) (counts, 10-pt bins)",,70-79,4.0
Haven Middle School,STAR Reading Spanish,ast-graph-2,"STAR Reading Spanish Percentile Rank Distribution (Fall SY27) (counts, 10-pt bins)",,80-89,2.0
Haven Middle School,STAR Reading Spanish,ast-graph-2,"STAR Reading Spanish Percentile Rank Distribution (Fall SY27) (counts, 10-pt bins)",,90-99,7.0
Haven Middle School,STAR Reading Spanish,ast-graph-3,"STAR Reading Spanish Student Growth Percentile(s) (Fall SY27) (counts, 10-pt bins)",Fall to Fall,0-9,1.0
Haven Middle School,STAR Reading Spanish,ast-graph-3,"STAR Reading Spanish Student Growth Percentile(s) (Fall SY27) (counts, 10-pt bins)",Fall to Fall,10-19,3.0
Haven Middle School,STAR Reading Spanish,ast-graph-3,"STAR Reading Spanish Student Growth Percentile(s) (Fall SY27) (counts, 10-pt bins)",Fall to Fall,20-29,2.0
Haven Middle School,STAR Reading Spanish,ast-graph-3,"STAR Reading Spanish Student Growth Percentile(s) (Fall SY27) (counts, 10-pt bins)",Fall to Fall,30-39,1.0
Haven Middle School,STAR Reading Spanish,ast-graph-3,"STAR Reading Spanish Student Growth Percentile(s) (Fall SY27) (counts, 10-pt bins)",Fall to Fall,40-49,2.0
Haven Middle School,STAR Reading Spanish,ast-graph-3,"STAR Reading Spanish Student Growth Percentile(s) (Fall SY27) (counts, 10-pt bins)",Fall to Fall,50-59,2.0
Haven Middle School,STAR Reading Spanish,ast-graph-3,"STAR Reading Spanish Student Growth Percentile(s) (Fall SY27) (counts, 10-pt bins)",Fall to Fall,60-69,1.0
Haven Middle School,STAR Reading Spanish,ast-graph-3,"STAR Reading Spanish Student Growth Percentile(s) (Fall SY27) (counts, 10-pt bins)",Fall to Fall,80-89,1.0
Haven Middle School,STAR Reading Spanish,ast-graph-3,"STAR Reading Spanish Student Growth Percentile(s) (Fall SY27) (counts, 10-pt bins)",Fall to Fall,90-99,4.0
Haven Middle School,STAR Reading Spanish,ast-graph-3,"STAR Reading Spanish Student Growth Percentile(s) (Fall SY27) (counts, 10-pt bins)",Spring to Fall,0-9,2.0
Haven Middle School,STAR Reading Spanish,ast-graph-3,"STAR Reading Spanish Student Growth Percentile(s) (Fall SY27) (counts, 10-pt bins)",Spring to Fall,10-19,2.0
Haven Middle School,STAR Reading Spanish,ast-graph-3,"STAR Reading Spanish Student Growth Percentile(s) (Fall SY27) (counts, 10-pt bins)",Spring to Fall,20-29,6.0
Haven Middle School,STAR Reading Spanish,ast-graph-3,"STAR Reading Spanish Student Growth Percentile(s) (Fall SY27) (counts, 10-pt bins)",Spring to Fall,30-39,3.0
Haven Middle School,STAR Reading Spanish,ast-graph-3,"STAR Reading Spanish Student Growth Percentile(s) (Fall SY27) (counts, 10-pt bins)",Spring to Fall,40-49,1.0
Haven Middle School,STAR Reading Spanish,ast-graph-3,"STAR Reading Spanish Student Growth Percentile(s) (Fall SY27) (counts, 10-pt bins)",Spring to Fall,50-59,6.0
Haven Middle School,STAR Reading Spanish,ast-graph-3,"STAR Reading Spanish Student Growth Percentile(s) (Fall SY27) (counts, 10-pt bins)",Spring to Fall,60-69,4.0
Haven Middle School,STAR Reading Spanish,ast-graph-3,"STAR Reading Spanish Student Growth Percentile(s) (Fall SY27) (counts, 10-pt bins)",Spring to Fall,70-79,3.0
Haven Middle School,STAR Reading Spanish,ast-graph-3,"STAR Reading Spanish Student Growth Percentile(s) (Fall SY27) (counts, 10-pt bins)",Spring to Fall,80-89,2.0
Haven Middle School,STAR Reading Spanish,ast-graph-3,"STAR Reading Spanish Student Growth Percentile(s) (Fall SY27) (counts, 10-pt bins)",Spring to Fall,90-99,4.0
Haven Middle School,i-Ready Math,ast-graph-2,"i-Ready Math — Percentile Distribution (counts, 10-pt bins)",,0-9,32.0
Haven Middle School,i-Ready Math,ast-graph-2,"i-Ready Math — Percentile Distribution (counts, 10-pt bins)",,10-19,36.0
Haven Middle School,i-Ready Math,ast-graph-2,"i-Ready Math — Percentile Distribution (counts, 10-pt bins)",,20-29,44.0
Haven Middle School,i-Ready Math,ast-graph-2,"i-Ready Math — Percentile Distribution (counts, 10-pt bins)",,30-39,39.0
Haven Middle School,i-Ready Math,ast-graph-2,"i-Ready Math — Percentile Distribution (counts, 10-pt bins)",,40-49,26.0
Haven Middle School,i-Ready Math,ast-graph-2,"i-Ready Math — Percentile Distribution (counts, 10-pt bins)",,50-59,46.0
Haven Middle School,i-Ready Math,ast-graph-2,"i-Ready Math — Percentile Distribution (counts, 10-pt bins)",,60-69,49.0
Haven Middle School,i-Ready Math,ast-graph-2,"i-Ready Math — Percentile Distribution (counts, 10-pt bins)",,70-79,66.0
Haven Middle School,i-Ready Math,ast-graph-2,"i-Ready Math — Percentile Distribution (counts, 10-pt bins)",,80-89,128.0
Haven Middle School,i-Ready Math,ast-graph-2,"i-Ready Math — Percentile Distribution (counts, 10-pt bins)",,90-99,126.0
Haven Middle School,i-Ready Math,ast-graph-3,"i-Ready Math — Percent Progress to Annual Typical Growth (counts, 10-pt bins)",,0-9,592.0
Lincoln Elementary School,STAR Reading,ast-graph-2,"STAR Reading Percentile Rank Distribution (Fall SY27) (counts, 10-pt bins)",,0-9,15.0
Lincoln Elementary School,STAR Reading,ast-graph-2,"STAR Reading Percentile Rank Distribution (Fall SY27) (counts, 10-pt bins)",,10-19,8.0
Lincoln Elementary School,STAR Reading,ast-graph-2,"STAR Reading Percentile Rank Distribution (Fall SY27) (counts, 10-pt bins)",,20-29,6.0
Lincoln Elementary School,STAR Reading,ast-graph-2,"STAR Reading Percentile Rank Distribution (Fall SY27) (counts, 10-pt bins)",,30-39,13.0
Lincoln Elementary School,STAR Reading,ast-graph-2,"STAR Reading Percentile Rank Distribution (Fall SY27) (counts, 10-pt bins)",,40-49,8.0
Lincoln Elementary School,STAR Reading,ast-graph-2,"STAR Reading Percentile Rank Distribution (Fall SY27) (counts, 10-pt bins)",,50-59,9.0
Lincoln Elementary School,STAR Reading,ast-graph-2,"STAR Reading Percentile Rank Distribution (Fall SY27) (counts, 10-pt bins)",,60-69,10.0
Lincoln Elementary School,STAR Reading,ast-graph-2,"STAR Reading Percentile Rank Distribution (Fall SY27) (counts, 10-pt bins)",,70-79,14.0
Lincoln Elementary School,STAR Reading,ast-graph-2,"STAR Reading Percentile Rank Distribution (Fall SY27) (counts, 10-pt bins)",,80-89,27.0
Lincoln Elementary School,STAR Reading,ast-graph-2,"STAR Reading Percentile Rank Distribution (Fall SY27) (counts, 10-pt bins)",,90-99,50.0
Lincoln Elementary School,STAR Reading,ast-graph-3,"STAR Reading Student Growth Percentile(s) (Fall SY27) (counts, 10-pt bins)",Fall to Fall,0-9,13.0
Lincoln Elementary School,STAR Reading,ast-graph-3,"STAR Reading Student Growth Percentile(s) (Fall SY27) (counts, 10-pt bins)",Fall to Fall,10-19,5.0
Lincoln Elementary School,STAR Reading,ast-graph-3,"STAR Reading Student Growth Percentile(s) (Fall SY27) (counts, 10-pt bins)",Fall to Fall,20-29,12.0
Lincoln Elementary School,STAR Reading,ast-graph-3,"STAR Reading Student Growth Percentile(s) (Fall SY27) (counts, 10-pt bins)",Fall to Fall,30-39,16.0
Lincoln Elementary School,STAR Reading,ast-graph-3,"STAR Reading Student Growth Percentile(s) (Fall SY27) (counts, 10-pt bins)",Fall to Fall,40-49,13.0
Lincoln Elementary School,STAR Reading,ast-graph-3,"STAR Reading Student Growth Percentile(s) (Fall SY27) (counts, 10-pt bins)",Fall to Fall,50-59,11.0
Lincoln Elementary School,STAR Reading,ast-graph-3,"STAR Reading Student Growth Percentile(s) (Fall SY27) (counts, 10-pt bins)",Fall to Fall,60-69,20.0
Lincoln Elementary School,STAR Reading,ast-graph-3,"STAR Reading Student Growth Percentile(s) (Fall SY27) (counts, 10-pt bins)",Fall to Fall,70-79,9.0
Lincoln Elementary School,STAR Reading,ast-graph-3,"STAR Reading Student Growth Percentile(s) (Fall SY27) (counts, 10-pt bins)",Fall to Fall,80-89,10.0
Lincoln Elementary School,STAR Reading,ast-graph-3,"STAR Reading Student Growth Percentile(s) (Fall SY27) (counts, 10-pt bins)",Fall to Fall,90-99,34.0
Lincoln Elementary School,STAR Reading,ast-graph-3,"STAR Reading Student Growth Percentile(s) (Fall SY27) (counts, 10-pt bins)",Spring to Fall,0-9,19.0
Lincoln Elementary School,STAR Reading,ast-graph-3,"STAR Reading Student Growth Percentile(s) (Fall SY27) (counts, 10-pt bins)",Spring to Fall,10-19,8.0
Lincoln Elementary School,STAR Reading,ast-graph-3,"STAR Reading Student Growth Percentile(s) (Fall SY27) (counts, 10-pt bins)",Spring to Fall,20-29,9.0
Lincoln Elementary School,STAR Reading,ast-graph-3,"STAR Reading Student Growth Percentile(s) (Fall SY27) (counts, 10-pt bins)",Spring to Fall,30-39,15.0
Lincoln Elementary School,STAR Reading,ast-graph-3,"STAR Reading Student Growth Percentile(s) (Fall SY27) (counts, 10-pt bins)",Spring to Fall,40-49,7.0
Lincoln Elementary School,STAR Reading,ast-graph-3,"STAR Reading Student Growth Percentile(s) (Fall SY27) (counts, 10-pt bins)",Spring to Fall,50-59,13.0
Lincoln Elementary School,STAR Reading,ast-graph-3,"STAR Reading Student Growth Percentile(s) (Fall SY27) (counts, 10-pt bins)",Spring to Fall,60-69,8.0
Lincoln Elementary School,STAR Reading,ast-graph-3,"STAR Reading Student Growth Percentile(s) (Fall SY27) (counts, 10-pt bins)",Spring to Fall,70-79,16.0
Lincoln Elementary School,STAR Reading,ast-graph-3,"STAR Reading Student Growth Percentile(s) (Fall SY27) (counts, 10-pt bins)",Spring to Fall,80-89,15.0
Lincoln Elementary School,STAR Reading,ast-graph-3,"STAR Reading Student Growth Percentile(s) (Fall SY27) (counts, 10-pt bins)",Spring to Fall,90-99,36.0
Lincoln Elementary School,STAR Early Literacy,ast-graph-2,"STAR Early Literacy Percentile Rank Distribution (Fall SY27) (counts, 10-pt bins)",,0-9,5.0
Lincoln Elementary School,STAR Early Literacy,ast-graph-2,"STAR Early Literacy Percentile Rank Distribution (Fall SY27) (counts, 10-pt bins)",,10-19,6.0
Lincoln Elementary School,STAR Early Literacy,ast-graph-2,"STAR Early Literacy Percentile Rank Distribution (Fall SY27) (counts, 10-pt bins)",,20-29,17.0
Lincoln Elementary School,STAR Early Literacy,ast-graph-2,"STAR Early Literacy Percentile Rank Distribution (Fall SY27) (counts, 10-pt bins)",,30-39,10.0
Lincoln Elementary School,STAR Early Literacy,ast-graph-2,"STAR Early Literacy Percentile Rank Distribution (Fall SY27) (counts, 10-pt bins)",,40-49,15.0
Lincoln Elementary School,STAR Early Literacy,ast-graph-2,"STAR Early Literacy Percentile Rank Distribution (Fall SY27) (counts, 10-pt bins)",,50-59,20.0
Lincoln Elementary School,STAR Early Literacy,ast-graph-2,"STAR Early Literacy Percentile Rank Distribution (Fall SY27) (counts, 10-pt bins)",,60-69,25.0
Lincoln Elementary School,STAR Early Literacy,ast-graph-2,"STAR Early Literacy Percentile Rank Distribution (Fall SY27) (counts, 10-pt bins)",,70-79,14.0
Lincoln Elementary School,STAR Early Literacy,ast-graph-2,"STAR Early Literacy Percentile Rank Distribution (Fall SY27) (counts, 10-pt bins)",,80-89,25.0
Lincoln Elementary School,STAR Early Literacy,ast-graph-2,"STAR Early Literacy Percentile Rank Distribution (Fall SY27) (counts, 10-pt bins)",,90-99,28.0
Lincoln Elementary School,STAR Early Literacy,ast-graph-3,"STAR Early Literacy Student Growth Percentile(s) (Fall SY27) (counts, 10-pt bins)",Fall to Fall,0-9,3.0
Lincoln Elementary School,STAR Early Literacy,ast-graph-3,"STAR Early Literacy Student Growth Percentile(s) (Fall SY27) (counts, 10-pt bins)",Fall to Fall,10-19,4.0
Lincoln Elementary School,STAR Early Literacy,ast-graph-3,"STAR Early Literacy Student Growth Percentile(s) (Fall SY27) (counts, 10-pt bins)",Fall to Fall,20-29,6.0
Lincoln Elementary School,STAR Early Literacy,ast-graph-3,"STAR Early Literacy Student Growth Percentile(s) (Fall SY27) (counts, 10-pt bins)",Fall to Fall,30-39,11.0
Lincoln Elementary School,STAR Early Literacy,ast-graph-3,"STAR Early Literacy Student Growth Percentile(s) (Fall SY27) (counts, 10-pt bins)",Fall to Fall,40-49,8.0
Lincoln Elementary School,STAR Early Literacy,ast-graph-3,"STAR Early Literacy Student Growth Percentile(s) (Fall SY27) (counts, 10-pt bins)",Fall to Fall,50-59,7.0
Lincoln Elementary School,STAR Early Literacy,ast-graph-3,"STAR Early Literacy Student Growth Percentile(s) (Fall SY27) (counts, 10-pt bins)",Fall to Fall,60-69,11.0
Lincoln Elementary School,STAR Early Literacy,ast-graph-3,"STAR Early Literacy Student Growth Percentile(s) (Fall SY27) (counts, 10-pt bins)",Fall to Fall,70-79,8.0
Lincoln Elementary School,STAR Early Literacy,ast-graph-3,"STAR Early Literacy Student Growth Percentile(s) (Fall SY27) (counts, 10-pt bins)",Fall to Fall,80-89,15.0
Lincoln Elementary School,STAR Early Literacy,ast-graph-3,"STAR Early Literacy Student Growth Percentile(s) (Fall SY27) (counts, 10-pt bins)",Fall to Fall,90-99,25.0
Lincoln Elementary School,STAR Early Literacy,ast-graph-3,"STAR Early Literacy Student Growth Percentile(s) (Fall SY27) (counts, 10-pt bins)",Spring to Fall,0-9,11.0
Lincoln Elementary School,STAR Early Literacy,ast-graph-3,"STAR Early Literacy Student Growth Percentile(s) (Fall SY27) (counts, 10-pt bins)",Spring to Fall,10-19,11.0
Lincoln Elementary School,STAR Early Literacy,ast-graph-3,"STAR Early Literacy Student Growth Percentile(s) (Fall SY27) (counts, 10-pt bins)",Spring to Fall,20-29,7.0
Lincoln Elementary School,STAR Early Literacy,ast-graph-3,"STAR Early Literacy Student Growth Percentile(s) (Fall SY27) (counts, 10-pt bins)",Spring to Fall,30-39,10.0
Lincoln Elementary School,STAR Early Literacy,ast-graph-3,"STAR Early Literacy Student Growth Percentile(s) (Fall SY27) (counts, 10-pt bins)",Spring to Fall,40-49,12.0
Lincoln Elementary School,STAR Early Literacy,ast-graph-3,"STAR Early Literacy Student Growth Percentile(s) (Fall SY27) (counts, 10-pt bins)",Spring to Fall,50-59,9.0
Lincoln Elementary School,STAR Early Literacy,ast-graph-3,"STAR Early Literacy Student Growth Percentile(s) (Fall SY27) (counts, 10-pt bins)",Spring to Fall,60-69,9.0
Lincoln Elementary School,STAR Early Literacy,ast-graph-3,"STAR Early Literacy Student Growth Percentile(s) (Fall SY27) (counts, 10-pt bins)",Spring to Fall,70-79,10.0
Lincoln Elementary School,STAR Early Literacy,ast-graph-3,"STAR Early Literacy Student Growth Percentile(s) (Fall SY27) (counts, 10-pt bins)",Spring to Fall,80-89,10.0
Lincoln Elementary School,STAR Early Literacy,ast-graph-3,"STAR Early Literacy Student Growth Percentile(s) (Fall SY27) (counts, 10-pt bins)",Spring to Fall,90-99,11.0
Lincoln Elementary School,i-Ready Math,ast-graph-2,"i-Ready Math — Percentile Distribution (counts, 10-pt bins)",,0-9,21.0
Lincoln Elementary School,i-Ready Math,ast-graph-2,"i-Ready Math — Percentile Distribution (counts, 10-pt bins)",,10-19,15.0
Lincoln Elementary School,i-Ready Math,ast-graph-2,"i-Ready Math — Percentile Distribution (counts, 10-pt bins)",,20-29,11.0
Lincoln Elementary School,i-Ready Math,ast-graph-2,"i-Ready Math — Percentile Distribution (counts, 10-pt bins)",,30-39,17.0
Lincoln Elementary School,i-Ready Math,ast-graph-2,"i-Ready Math — Percentile Distribution (counts, 10-pt bins)",,40-49,20.0
Lincoln Elementary School,i-Ready Math,ast-graph-2,"i-Ready Math — Percentile Distribution (counts, 10-pt bins)",,50-59,25.0
Lincoln Elementary School,i-Ready Math,ast-graph-2,"i-Ready Math — Percentile Distribution (counts, 10-pt bins)",,60-69,27.0
Lincoln Elementary School,i-Ready Math,ast-graph-2,"i-Ready Math — Percentile Distribution (counts, 10-pt bins)",,70-79,30.0
Lincoln Elementary School,i-Ready Math,ast-graph-2,"i-Ready Math — Percentile Distribution (counts, 10-pt bins)",,80-89,36.0
Lincoln Elementary School,i-Ready Math,ast-graph-2,"i-Ready Math — Percentile Distribution (counts, 10-pt bins)",,90-99,72.0
Lincoln Elementary School,i-Ready Math,ast-graph-3,"i-Ready Math — Percent Progress to Annual Typical Growth (counts, 10-pt bins)",,0-9,274.0
Lincolnwood Elementary School,STAR Reading,ast-graph-2,"STAR Reading Percentile Rank Distribution (Fall SY27) (counts, 10-pt bins)",,0-9,6.0
Lincolnwood Elementary School,STAR Reading,ast-graph-2,"STAR Reading Percentile Rank Distribution (Fall SY27) (counts, 10-pt bins)",,10-19,9.0
Lincolnwood Elementary School,STAR Reading,ast-graph-2,"STAR Reading Percentile Rank Distribution (Fall SY27) (counts, 10-pt bins)",,20-29,9.0
Lincolnwood Elementary School,STAR Reading,ast-graph-2,"STAR Reading Percentile Rank Distribution (Fall SY27) (counts, 10-pt bins)",,30-39,8.0
Lincolnwood Elementary School,STAR Reading,ast-graph-2,"STAR Reading Percentile Rank Distribution (Fall SY27) (counts, 10-pt bins)",,40-49,14.0
Lincolnwood Elementary School,STAR Reading,ast-graph-2,"STAR Reading Percentile Rank Distribution (Fall SY27) (counts, 10-pt bins)",,50-59,13.0
Lincolnwood Elementary School,STAR Reading,ast-graph-2,"STAR Reading Percentile Rank Distribution (Fall SY27) (counts, 10-pt bins)",,60-69,9.0
Lincolnwood Elementary School,STAR Reading,ast-graph-2,"STAR Reading Percentile Rank Distribution (Fall SY27) (counts, 10-pt bins)",,70-79,23.0
Lincolnwood Elementary School,STAR Reading,ast-graph-2,"STAR Reading Percentile Rank Distribution (Fall SY27) (counts, 10-pt bins)",,80-89,32.0
Lincolnwood Elementary School,STAR Reading,ast-graph-2,"STAR Reading Percentile Rank Distribution (Fall SY27) (counts, 10-pt bins)",,90-99,39.0
Lincolnwood Elementary School,STAR Reading,ast-graph-3,"STAR Reading Student Growth Percentile(s) (Fall SY27) (counts, 10-pt bins)",Fall to Fall,0-9,13.0
Lincolnwood Elementary School,STAR Reading,ast-graph-3,"STAR Reading Student Growth Percentile(s) (Fall SY27) (counts, 10-pt bins)",Fall to Fall,10-19,14.0
Lincolnwood Elementary School,STAR Reading,ast-graph-3,"STAR Reading Student Growth Percentile(s) (Fall SY27) (counts, 10-pt bins)",Fall to Fall,20-29,11.0
Lincolnwood Elementary School,STAR Reading,ast-graph-3,"STAR Reading Student Growth Percentile(s) (Fall SY27) (counts, 10-pt bins)",Fall to Fall,30-39,16.0
Lincolnwood Elementary School,STAR Reading,ast-graph-3,"STAR Reading Student Growth Percentile(s) (Fall SY27) (counts, 10-pt bins)",Fall to Fall,40-49,9.0
Lincolnwood Elementary School,STAR Reading,ast-graph-3,"STAR Reading Student Growth Percentile(s) (Fall SY27) (counts, 10-pt bins)",Fall to Fall,50-59,12.0
Lincolnwood Elementary School,STAR Reading,ast-graph-3,"STAR Reading Student Growth Percentile(s) (Fall SY27) (counts, 10-pt bins)",Fall to Fall,60-69,23.0
Lincolnwood Elementary School,STAR Reading,ast-graph-3,"STAR Reading Student Growth Percentile(s) (Fall SY27) (counts, 10-pt bins)",Fall to Fall,70-79,19.0
Lincolnwood Elementary School,STAR Reading,ast-graph-3,"STAR Reading Student Growth Percentile(s) (Fall SY27) (counts, 10-pt bins)",Fall to Fall,80-89,16.0
Lincolnwood Elementary School,STAR Reading,ast-graph-3,"STAR Reading Student Growth Percentile(s) (Fall SY27) (counts, 10-pt bins)",Fall to Fall,90-99,19.0
Lincolnwood Elementary School,STAR Reading,ast-graph-3,"STAR Reading Student Growth Percentile(s) (Fall SY27) (counts, 10-pt bins)",Spring to Fall,0-9,22.0
Lincolnwood Elementary School,STAR Reading,ast-graph-3,"STAR Reading Student Growth Percentile(s) (Fall SY27) (counts, 10-pt bins)",Spring to Fall,10-19,19.0
Lincolnwood Elementary School,STAR Reading,ast-graph-3,"STAR Reading Student Growth Percentile(s) (Fall SY27) (counts, 10-pt bins)",Spring to Fall,20-29,17.0
Lincolnwood Elementary School,STAR Reading,ast-graph-3,"STAR Reading Student Growth Percentile(s) (Fall SY27) (counts, 10-pt bins)",Spring to Fall,30-39,9.0
Lincolnwood Elementary School,STAR Reading,ast-graph-3,"STAR Reading Student Growth Percentile(s) (Fall SY27) (counts, 10-pt bins)",Spring to Fall,40-49,13.0
Lincolnwood Elementary School,STAR Reading,ast-graph-3,"STAR Reading Student Growth Percentile(s) (Fall SY27) (counts, 10-pt bins)",Spring to Fall,50-59,19.0
Lincolnwood Elementary School,STAR Reading,ast-graph-3,"STAR Reading Student Growth Percentile(s) (Fall SY27) (counts, 10-pt bins)",Spring to Fall,60-69,10.0
Lincolnwood Elementary School,STAR Reading,ast-graph-3,"STAR Reading Student Growth Percentile(s) (Fall SY27) (counts, 10-pt bins)",Spring to Fall,70-79,12.0
Lincolnwood Elementary School,STAR Reading,ast-graph-3,"STAR Reading Student Growth Percentile(s) (Fall SY27) (counts, 10-pt bins)",Spring to Fall,80-89,18.0
Lincolnwood Elementary School,STAR Reading,ast-graph-3,"STAR Reading Student Growth Percentile(s) (Fall SY27) (counts, 10-pt bins)",Spring to Fall,90-99,13.0
Lincolnwood Elementary School,STAR Early Literacy,ast-graph-2,"STAR Early Literacy Percentile Rank Distribution (Fall SY27) (counts, 10-pt bins)",,0-9,5.0
Lincolnwood Elementary School,STAR Early Literacy,ast-graph-2,"STAR Early Literacy Percentile Rank Distribution (Fall SY27) (counts, 10-pt bins)",,10-19,6.0
Lincolnwood Elementary School,STAR Early Literacy,ast-graph-2,"STAR Early Literacy Percentile Rank Distribution (Fall SY27) (counts, 10-pt bins)",,20-29,7.0
Lincolnwood Elementary School,STAR Early Literacy,ast-graph-2,"STAR Early Literacy Percentile Rank Distribution (Fall SY27) (counts, 10-pt bins)",,30-39,6.0
Lincolnwood Elementary School,STAR Early Literacy,ast-graph-2,"STAR Early Literacy Percentile Rank Distribution (Fall SY27) (counts, 10-pt bins)",,40-49,10.0
Lincolnwood Elementary School,STAR Early Literacy,ast-graph-2,"STAR Early Literacy Percentile Rank Distribution (Fall SY27) (counts, 10-pt bins)",,50-59,12.0
Lincolnwood Elementary School,STAR Early Literacy,ast-graph-2,"STAR Early Literacy Percentile Rank Distribution (Fall SY27) (counts, 10-pt bins)",,60-69,23.0
Lincolnwood Elementary School,STAR Early Literacy,ast-graph-2,"STAR Early Literacy Percentile Rank Distribution (Fall SY27) (counts, 10-pt bins)",,70-79,19.0
Lincolnwood Elementary School,STAR Early Literacy,ast-graph-2,"STAR Early Literacy Percentile Rank Distribution (Fall SY27) (counts, 10-pt bins)",,80-89,24.0
Lincolnwood Elementary School,STAR Early Literacy,ast-graph-2,"STAR Early Literacy Percentile Rank Distribution (Fall SY27) (counts, 10-pt bins)",,90-99,42.0
Lincolnwood Elementary School,STAR Early Literacy,ast-graph-3,"STAR Early Literacy Student Growth Percentile(s) (Fall SY27) (counts, 10-pt bins)",Fall to Fall,0-9,2.0
Lincolnwood Elementary School,STAR Early Literacy,ast-graph-3,"STAR Early Literacy Student Growth Percentile(s) (Fall SY27) (counts, 10-pt bins)",Fall to Fall,10-19,7.0
Lincolnwood Elementary School,STAR Early Literacy,ast-graph-3,"STAR Early Literacy Student Growth Percentile(s) (Fall SY27) (counts, 10-pt bins)",Fall to Fall,20-29,3.0
Lincolnwood Elementary School,STAR Early Literacy,ast-graph-3,"STAR Early Literacy Student Growth Percentile(s) (Fall SY27) (counts, 10-pt bins)",Fall to Fall,30-39,3.0
Lincolnwood Elementary School,STAR Early Literacy,ast-graph-3,"STAR Early Literacy Student Growth Percentile(s) (Fall SY27) (counts, 10-pt bins)",Fall to Fall,40-49,8.0
Lincolnwood Elementary School,STAR Early Literacy,ast-graph-3,"STAR Early Literacy Student Growth Percentile(s) (Fall SY27) (counts, 10-pt bins)",Fall to Fall,50-59,12.0
Lincolnwood Elementary School,STAR Early Literacy,ast-graph-3,"STAR Early Literacy Student Growth Percentile(s) (Fall SY27) (counts, 10-pt bins)",Fall to Fall,60-69,13.0
Lincolnwood Elementary School,STAR Early Literacy,ast-graph-3,"STAR Early Literacy Student Growth Percentile(s) (Fall SY27) (counts, 10-pt bins)",Fall to Fall,70-79,14.0
Lincolnwood Elementary School,STAR Early Literacy,ast-graph-3,"STAR Early Literacy Student Growth Percentile(s) (Fall SY27) (counts, 10-pt bins)",Fall to Fall,80-89,15.0
Lincolnwood Elementary School,STAR Early Literacy,ast-graph-3,"STAR Early Literacy Student Growth Percentile(s) (Fall SY27) (counts, 10-pt bins)",Fall to Fall,90-99,25.0
Lincolnwood Elementary School,STAR Early Literacy,ast-graph-3,"STAR Early Literacy Student Growth Percentile(s) (Fall SY27) (counts, 10-pt bins)",Spring to Fall,0-9,1.0
Lincolnwood Elementary School,STAR Early Literacy,ast-graph-3,"STAR Early Literacy Student Growth Percentile(s) (Fall SY27) (counts, 10-pt bins)",Spring to Fall,10-19,7.0
Lincolnwood Elementary School,STAR Early Literacy,ast-graph-3,"STAR Early Literacy Student Growth Percentile(s) (Fall SY27) (counts, 10-pt bins)",Spring to Fall,20-29,7.0
Lincolnwood Elementary School,STAR Early Literacy,ast-graph-3,"STAR Early Literacy Student Growth Percentile(s) (Fall SY27) (counts, 10-pt bins)",Spring to Fall,30-39,9.0
Lincolnwood Elementary School,STAR Early Literacy,ast-graph-3,"STAR Early Literacy Student Growth Percentile(s) (Fall SY27) (counts, 10-pt bins)",Spring to Fall,40-49,11.0
Lincolnwood Elementary School,STAR Early Literacy,ast-graph-3,"STAR Early Literacy Student Growth Percentile(s) (Fall SY27) (counts, 10-pt bins)",Spring to Fall,50-59,17.0
Lincolnwood Elementary School,STAR Early Literacy,ast-graph-3,"STAR Early Literacy Student Growth Percentile(s) (Fall SY27) (counts, 10-pt bins)",Spring to Fall,60-69,8.0
Lincolnwood Elementary School,STAR Early Literacy,ast-graph-3,"STAR Early Literacy Student Growth Percentile(s) (Fall SY27) (counts, 10-pt bins)",Spring to Fall,70-79,12.0
Lincolnwood Elementary School,STAR Early Literacy,ast-graph-3,"STAR Early Literacy Student Growth Percentile(s) (Fall SY27) (counts, 10-pt bins)",Spring to Fall,80-89,13.0
Lincolnwood Elementary School,STAR Early Literacy,ast-graph-3,"STAR Early Literacy Student Growth Percentile(s) (Fall SY27) (counts, 10-pt bins)",Spring to Fall,90-99,17.0
Lincolnwood Elementary School,i-Ready Math,ast-graph-2,"i-Ready Math — Percentile Distribution (counts, 10-pt bins)",,0-9,4.0
Lincolnwood Elementary School,i-Ready Math,ast-graph-2,"i-Ready Math — Percentile Distribution (counts, 10-pt bins)",,10-19,8.0
Lincolnwood Elementary School,i-Ready Math,ast-graph-2,"i-Ready Math — Percentile Distribution (counts, 10-pt bins)",,20-29,8.0
Lincolnwood Elementary School,i-Ready Math,ast-graph-2,"i-Ready Math — Percentile Distribution (counts, 10-pt bins)",,30-39,11.0
Lincolnwood Elementary School,i-Ready Math,ast-graph-2,"i-Ready Math — Percentile Distribution (counts, 10-pt bins)",,40-49,12.0
Lincolnwood Elementary School,i-Ready Math,ast-graph-2,"i-Ready Math — Percentile Distribution (counts, 10-pt bins)",,50-59,27.0
Lincolnwood Elementary School,i-Ready Math,ast-graph-2,"i-Ready Math — Percentile Distribution (counts, 10-pt bins)",,60-69,31.0
Lincolnwood Elementary School,i-Ready Math,ast-graph-2,"i-Ready Math — Percentile Distribution (counts, 10-pt bins)",,70-79,36.0
Lincolnwood Elementary School,i-Ready Math,ast-graph-2,"i-Ready Math — Percentile Distribution (counts, 10-pt bins)",,80-89,45.0
Lincolnwood Elementary School,i-Ready Math,ast-graph-2,"i-Ready Math — Percentile Distribution (counts, 10-pt bins)",,90-99,128.0
Lincolnwood Elementary School,i-Ready Math,ast-graph-3,"i-Ready Math — Percent Progress to Annual Typical Growth (counts, 10-pt bins)",,0-9,310.0
Nichols Middle School,STAR Reading,ast-graph-2,"STAR Reading Percentile Rank Distribution (Fall SY27) (counts, 10-pt bins)",,0-9,22.0
Nichols Middle School,STAR Reading,ast-graph-2,"STAR Reading Percentile Rank Distribution (Fall SY27) (counts, 10-pt bins)",,10-19,35.0
Nichols Middle School,STAR Reading,ast-graph-2,"STAR Reading Percentile Rank Distribution (Fall SY27) (counts, 10-pt bins)",,20-29,38.0
Nichols Middle School,STAR Reading,ast-graph-2,"STAR Reading Percentile Rank Distribution (Fall SY27) (counts, 10-pt bins)",,30-39,20.0
Nichols Middle School,STAR Reading,ast-graph-2,"STAR Reading Percentile Rank Distribution (Fall SY27) (counts, 10-pt bins)",,40-49,41.0
Nichols Middle School,STAR Reading,ast-graph-2,"STAR Reading Percentile Rank Distribution (Fall SY27) (counts, 10-pt bins)",,50-59,40.0
Nichols Middle School,STAR Reading,ast-graph-2,"STAR Reading Percentile Rank Distribution (Fall SY27) (counts, 10-pt bins)",,60-69,36.0
Nichols Middle School,STAR Reading,ast-graph-2,"STAR Reading Percentile Rank Distribution (Fall SY27) (counts, 10-pt bins)",,70-79,60.0
Nichols Middle School,STAR Reading,ast-graph-2,"STAR Reading Percentile Rank Distribution (Fall SY27) (counts, 10-pt bins)",,80-89,90.0
Nichols Middle School,STAR Reading,ast-graph-2,"STAR Reading Percentile Rank Distribution (Fall SY27) (counts, 10-pt bins)",,90-99,182.0
Nichols Middle School,STAR Reading,ast-graph-3,"STAR Reading Student Growth Percentile(s) (Fall SY27) (counts, 10-pt bins)",Fall to Fall,0-9,35.0
Nichols Middle School,STAR Reading,ast-graph-3,"STAR Reading Student Growth Percentile(s) (Fall SY27) (counts, 10-pt bins)",Fall to Fall,10-19,47.0
Nichols Middle School,STAR Reading,ast-graph-3,"STAR Reading Student Growth Percentile(s) (Fall SY27) (counts, 10-pt bins)",Fall to Fall,20-29,47.0
Nichols Middle School,STAR Reading,ast-graph-3,"STAR Reading Student Growth Percentile(s) (Fall SY27) (counts, 10-pt bins)",Fall to Fall,30-39,33.0
Nichols Middle School,STAR Reading,ast-graph-3,"STAR Reading Student Growth Percentile(s) (Fall SY27) (counts, 10-pt bins)",Fall to Fall,40-49,48.0
Nichols Middle School,STAR Reading,ast-graph-3,"STAR Reading Student Growth Percentile(s) (Fall SY27) (counts, 10-pt bins)",Fall to Fall,50-59,50.0
Nichols Middle School,STAR Reading,ast-graph-3,"STAR Reading Student Growth Percentile(s) (Fall SY27) (counts, 10-pt bins)",Fall to Fall,60-69,50.0
Nichols Middle School,STAR Reading,ast-graph-3,"STAR Reading Student Growth Percentile(s) (Fall SY27) (counts, 10-pt bins)",Fall to Fall,70-79,51.0
Nichols Middle School,STAR Reading,ast-graph-3,"STAR Reading Student Growth Percentile(s) (Fall SY27) (counts, 10-pt bins)",Fall to Fall,80-89,55.0
Nichols Middle School,STAR Reading,ast-graph-3,"STAR Reading Student Growth Percentile(s) (Fall SY27) (counts, 10-pt bins)",Fall to Fall,90-99,100.0
Nichols Middle School,STAR Reading,ast-graph-3,"STAR Reading Student Growth Percentile(s) (Fall SY27) (counts, 10-pt bins)",Spring to Fall,0-9,48.0
Nichols Middle School,STAR Reading,ast-graph-3,"STAR Reading Student Growth Percentile(s) (Fall SY27) (counts, 10-pt bins)",Spring to Fall,10-19,43.0
Nichols Middle School,STAR Reading,ast-graph-3,"STAR Reading Student Growth Percentile(s) (Fall SY27) (counts, 10-pt bins)",Spring to Fall,20-29,36.0
Nichols Middle School,STAR Reading,ast-graph-3,"STAR Reading Student Growth Percentile(s) (Fall SY27) (counts, 10-pt bins)",Spring to Fall,30-39,53.0
Nichols Middle School,STAR Reading,ast-graph-3,"STAR Reading Student Growth Percentile(s) (Fall SY27) (counts, 10-pt bins)",Spring to Fall,40-49,57.0
Nichols Middle School,STAR Reading,ast-graph-3,"STAR Reading Student Growth Percentile(s) (Fall SY27) (counts, 10-pt bins)",Spring to Fall,50-59,48.0
Nichols Middle School,STAR Reading,ast-graph-3,"STAR Reading Student Growth Percentile(s) (Fall SY27) (counts, 10-pt bins)",Spring to Fall,60-69,48.0
Nichols Middle School,STAR Reading,ast-graph-3,"STAR Reading Student Growth Percentile(s) (Fall SY27) (counts, 10-pt bins)",Spring to Fall,70-79,56.0
Nichols Middle School,STAR Reading,ast-graph-3,"STAR Reading Student Growth Percentile(s) (Fall SY27) (counts, 10-pt bins)",Spring to Fall,80-89,56.0
Nichols Middle School,STAR Reading,ast-graph-3,"STAR Reading Student Growth Percentile(s) (Fall SY27) (counts, 10-pt bins)",Spring to Fall,90-99,69.0
Nichols Middle School,STAR Reading Spanish,ast-graph-2,"STAR Reading Spanish Percentile Rank Distribution (Fall SY27) (counts, 10-pt bins)",,0-9,15.0
Nichols Middle School,STAR Reading Spanish,ast-graph-2,"STAR Reading Spanish Percentile Rank Distribution (Fall SY27) (counts, 10-pt bins)",,10-19,24.0
Nichols Middle School,STAR Reading Spanish,ast-graph-2,"STAR Reading Spanish Percentile Rank Distribution (Fall SY27) (counts, 10-pt bins)",,20-29,13.0
Nichols Middle School,STAR Reading Spanish,ast-graph-2,"STAR Reading Spanish Percentile Rank Distribution (Fall SY27) (counts, 10-pt bins)",,30-39,12.0
Nichols Middle School,STAR Reading Spanish,ast-graph-2,"STAR Reading Spanish Percentile Rank Distribution (Fall SY27) (counts, 10-pt bins)",,40-49,5.0
Nichols Middle School,STAR Reading Spanish,ast-graph-2,"STAR Reading Spanish Percentile Rank Distribution (Fall SY27) (counts, 10-pt bins)",,50-59,8.0
Nichols Middle School,STAR Reading Spanish,ast-graph-2,"STAR Reading Spanish Percentile Rank Distribution (Fall SY27) (counts, 10-pt bins)",,60-69,7.0
Nichols Middle School,STAR Reading Spanish,ast-graph-2,"STAR Reading Spanish Percentile Rank Distribution (Fall SY27) (counts, 10-pt bins)",,70-79,6.0
Nichols Middle School,STAR Reading Spanish,ast-graph-2,"STAR Reading Spanish Percentile Rank Distribution (Fall SY27) (counts, 10-pt bins)",,80-89,8.0
Nichols Middle School,STAR Reading Spanish,ast-graph-2,"STAR Reading Spanish Percentile Rank Distribution (Fall SY27) (counts, 10-pt bins)",,90-99,7.0
Nichols Middle School,STAR Reading Spanish,ast-graph-3,"STAR Reading Spanish Student Growth Percentile(s) (Fall SY27) (counts, 10-pt bins)",Fall to Fall,0-9,8.0
Nichols Middle School,STAR Reading Spanish,ast-graph-3,"STAR Reading Spanish Student Growth Percentile(s) (Fall SY27) (counts, 10-pt bins)",Fall to Fall,10-19,13.0
Nichols Middle School,STAR Reading Spanish,ast-graph-3,"STAR Reading Spanish Student Growth Percentile(s) (Fall SY27) (counts, 10-pt bins)",Fall to Fall,20-29,18.0
Nichols Middle School,STAR Reading Spanish,ast-graph-3,"STAR Reading Spanish Student Growth Percentile(s) (Fall SY27) (counts, 10-pt bins)",Fall to Fall,30-39,6.0
Nichols Middle School,STAR Reading Spanish,ast-graph-3,"STAR Reading Spanish Student Growth Percentile(s) (Fall SY27) (counts, 10-pt bins)",Fall to Fall,40-49,11.0
Nichols Middle School,STAR Reading Spanish,ast-graph-3,"STAR Reading Spanish Student Growth Percentile(s) (Fall SY27) (counts, 10-pt bins)",Fall to Fall,50-59,10.0
Nichols Middle School,STAR Reading Spanish,ast-graph-3,"STAR Reading Spanish Student Growth Percentile(s) (Fall SY27) (counts, 10-pt bins)",Fall to Fall,60-69,11.0
Nichols Middle School,STAR Reading Spanish,ast-graph-3,"STAR Reading Spanish Student Growth Percentile(s) (Fall SY27) (counts, 10-pt bins)",Fall to Fall,70-79,5.0
Nichols Middle School,STAR Reading Spanish,ast-graph-3,"STAR Reading Spanish Student Growth Percentile(s) (Fall SY27) (counts, 10-pt bins)",Fall to Fall,80-89,8.0
Nichols Middle School,STAR Reading Spanish,ast-graph-3,"STAR Reading Spanish Student Growth Percentile(s) (Fall SY27) (counts, 10-pt bins)",Fall to Fall,90-99,7.0
Nichols Middle School,STAR Reading Spanish,ast-graph-3,"STAR Reading Spanish Student Growth Percentile(s) (Fall SY27) (counts, 10-pt bins)",Spring to Fall,0-9,11.0
Nichols Middle School,STAR Reading Spanish,ast-graph-3,"STAR Reading Spanish Student Growth Percentile(s) (Fall SY27) (counts, 10-pt bins)",Spring to Fall,10-19,4.0
Nichols Middle School,STAR Reading Spanish,ast-graph-3,"STAR Reading Spanish Student Growth Percentile(s) (Fall SY27) (counts, 10-pt bins)",Spring to Fall,20-29,9.0
Nichols Middle School,STAR Reading Spanish,ast-graph-3,"STAR Reading Spanish Student Growth Percentile(s) (Fall SY27) (counts, 10-pt bins)",Spring to Fall,30-39,10.0
Nichols Middle School,STAR Reading Spanish,ast-graph-3,"STAR Reading Spanish Student Growth Percentile(s) (Fall SY27) (counts, 10-pt bins)",Spring to Fall,40-49,10.0
Nichols Middle School,STAR Reading Spanish,ast-graph-3,"STAR Reading Spanish Student Growth Percentile(s) (Fall SY27) (counts, 10-pt bins)",Spring to Fall,50-59,7.0
Nichols Middle School,STAR Reading Spanish,ast-graph-3,"STAR Reading Spanish Student Growth Percentile(s) (Fall SY27) (counts, 10-pt bins)",Spring to Fall,60-69,9.0
Nichols Middle School,STAR Reading Spanish,ast-graph-3,"STAR Reading Spanish Student Growth Percentile(s) (Fall SY27) (counts, 10-pt bins)",Spring to Fall,70-79,4.0
Nichols Middle School,STAR Reading Spanish,ast-graph-3,"STAR Reading Spanish Student Growth Percentile(s) (Fall SY27) (counts, 10-pt bins)",Spring to Fall,80-89,3.0
Nichols Middle School,STAR Reading Spanish,ast-graph-3,"STAR Reading Spanish Student Growth Percentile(s) (Fall SY27) (counts, 10-pt bins)",Spring to Fall,90-99,5.0
Nichols Middle School,i-Ready Math,ast-graph-2,"i-Ready Math — Percentile Distribution (counts, 10-pt bins)",,0-9,24.0
Nichols Middle School,i-Ready Math,ast-graph-2,"i-Ready Math — Percentile Distribution (counts, 10-pt bins)",,10-19,29.0
Nichols Middle School,i-Ready Math,ast-graph-2,"i-Ready Math — Percentile Distribution (counts, 10-pt bins)",,20-29,22.0
Nichols Middle School,i-Ready Math,ast-graph-2,"i-Ready Math — Percentile Distribution (counts, 10-pt bins)",,30-39,32.0
Nichols Middle School,i-Ready Math,ast-graph-2,"i-Ready Math — Percentile Distribution (counts, 10-pt bins)",,40-49,42.0
Nichols Middle School,i-Ready Math,ast-graph-2,"i-Ready Math — Percentile Distribution (counts, 10-pt bins)",,50-59,50.0
Nichols Middle School,i-Ready Math,ast-graph-2,"i-Ready Math — Percentile Distribution (counts, 10-pt bins)",,60-69,49.0
Nichols Middle School,i-Ready Math,ast-graph-2,"i-Ready Math — Percentile Distribution (counts, 10-pt bins)",,70-79,82.0
Nichols Middle School,i-Ready Math,ast-graph-2,"i-Ready Math — Percentile Distribution (counts, 10-pt bins)",,80-89,99.0
Nichols Middle School,i-Ready Math,ast-graph-2,"i-Ready Math — Percentile Distribution (counts, 10-pt bins)",,90-99,136.0
Nichols Middle School,i-Ready Math,ast-graph-3,"i-Ready Math — Percent Progress to Annual Typical Growth (counts, 10-pt bins)",,0-9,565.0
Oakton Elementary School,STAR Reading,ast-graph-2,"STAR Reading Percentile Rank Distribution (Fall SY27) (counts, 10-pt bins)",,0-9,14.0
Oakton Elementary School,STAR Reading,ast-graph-2,"STAR Reading Percentile Rank Distribution (Fall SY27) (counts, 10-pt bins)",,10-19,20.0
Oakton Elementary School,STAR Reading,ast-graph-2,"STAR Reading Percentile Rank Distribution (Fall SY27) (counts, 10-pt bins)",,20-29,15.0
Oakton Elementary School,STAR Reading,ast-graph-2,"STAR Reading Percentile Rank Distribution (Fall SY27) (counts, 10-pt bins)",,30-39,13.0
Oakton Elementary School,STAR Reading,ast-graph-2,"STAR Reading Percentile Rank Distribution (Fall SY27) (counts, 10-pt bins)",,40-49,19.0
Oakton Elementary School,STAR Reading,ast-graph-2,"STAR Reading Percentile Rank Distribution (Fall SY27) (counts, 10-pt bins)",,50-59,11.0
Oakton Elementary School,STAR Reading,ast-graph-2,"STAR Reading Percentile Rank Distribution (Fall SY27) (counts, 10-pt bins)",,60-69,12.0
Oakton Elementary School,STAR Reading,ast-graph-2,"STAR Reading Percentile Rank Distribution (Fall SY27) (counts, 10-pt bins)",,70-79,19.0
Oakton Elementary School,STAR Reading,ast-graph-2,"STAR Reading Percentile Rank Distribution (Fall SY27) (counts, 10-pt bins)",,80-89,19.0
Oakton Elementary School,STAR Reading,ast-graph-2,"STAR Reading Percentile Rank Distribution (Fall SY27) (counts, 10-pt bins)",,90-99,39.0
Oakton Elementary School,STAR Reading,ast-graph-3,"STAR Reading Student Growth Percentile(s) (Fall SY27) (counts, 10-pt bins)",Fall to Fall,0-9,15.0
Oakton Elementary School,STAR Reading,ast-graph-3,"STAR Reading Student Growth Percentile(s) (Fall SY27) (counts, 10-pt bins)",Fall to Fall,10-19,13.0
Oakton Elementary School,STAR Reading,ast-graph-3,"STAR Reading Student Growth Percentile(s) (Fall SY27) (counts, 10-pt bins)",Fall to Fall,20-29,10.0
Oakton Elementary School,STAR Reading,ast-graph-3,"STAR Reading Student Growth Percentile(s) (Fall SY27) (counts, 10-pt bins)",Fall to Fall,30-39,16.0
Oakton Elementary School,STAR Reading,ast-graph-3,"STAR Reading Student Growth Percentile(s) (Fall SY27) (counts, 10-pt bins)",Fall to Fall,40-49,19.0
Oakton Elementary School,STAR Reading,ast-graph-3,"STAR Reading Student Growth Percentile(s) (Fall SY27) (counts, 10-pt bins)",Fall to Fall,50-59,15.0
Oakton Elementary School,STAR Reading,ast-graph-3,"STAR Reading Student Growth Percentile(s) (Fall SY27) (counts, 10-pt bins)",Fall to Fall,60-69,17.0
Oakton Elementary School,STAR Reading,ast-graph-3,"STAR Reading Student Growth Percentile(s) (Fall SY27) (counts, 10-pt bins)",Fall to Fall,70-79,13.0
Oakton Elementary School,STAR Reading,ast-graph-3,"STAR Reading Student Growth Percentile(s) (Fall SY27) (counts, 10-pt bins)",Fall to Fall,80-89,16.0
Oakton Elementary School,STAR Reading,ast-graph-3,"STAR Reading Student Growth Percentile(s) (Fall SY27) (counts, 10-pt bins)",Fall to Fall,90-99,27.0
Oakton Elementary School,STAR Reading,ast-graph-3,"STAR Reading Student Growth Percentile(s) (Fall SY27) (counts, 10-pt bins)",Spring to Fall,0-9,20.0
Oakton Elementary School,STAR Reading,ast-graph-3,"STAR Reading Student Growth Percentile(s) (Fall SY27) (counts, 10-pt bins)",Spring to Fall,10-19,14.0
Oakton Elementary School,STAR Reading,ast-graph-3,"STAR Reading Student Growth Percentile(s) (Fall SY27) (counts, 10-pt bins)",Spring to Fall,20-29,15.0
Oakton Elementary School,STAR Reading,ast-graph-3,"STAR Reading Student Growth Percentile(s) (Fall SY27) (counts, 10-pt bins)",Spring to Fall,30-39,13.0
Oakton Elementary School,STAR Reading,ast-graph-3,"STAR Reading Student Growth Percentile(s) (Fall SY27) (counts, 10-pt bins)",Spring to Fall,40-49,16.0
Oakton Elementary School,STAR Reading,ast-graph-3,"STAR Reading Student Growth Percentile(s) (Fall SY27) (counts, 10-pt bins)",Spring to Fall,50-59,12.0
Oakton Elementary School,STAR Reading,ast-graph-3,"STAR Reading Student Growth Percentile(s) (Fall SY27) (counts, 10-pt bins)",Spring to Fall,60-69,22.0
Oakton Elementary School,STAR Reading,ast-graph-3,"STAR Reading Student Growth Percentile(s) (Fall SY27) (counts, 10-pt bins)",Spring to Fall,70-79,14.0
Oakton Elementary School,STAR Reading,ast-graph-3,"STAR Reading Student Growth Percentile(s) (Fall SY27) (counts, 10-pt bins)",Spring to Fall,80-89,17.0
Oakton Elementary School,STAR Reading,ast-graph-3,"STAR Reading Student Growth Percentile(s) (Fall SY27) (counts, 10-pt bins)",Spring to Fall,90-99,27.0
Oakton Elementary School,STAR Early Literacy,ast-graph-2,"STAR Early Literacy Percentile Rank Distribution (Fall SY27) (counts, 10-pt bins)",,0-9,8.0
Oakton Elementary School,STAR Early Literacy,ast-graph-2,"STAR Early Literacy Percentile Rank Distribution (Fall SY27) (counts, 10-pt bins)",,10-19,14.0
Oakton Elementary School,STAR Early Literacy,ast-graph-2,"STAR Early Literacy Percentile Rank Distribution (Fall SY27) (counts, 10-pt bins)",,20-29,16.0
Oakton Elementary School,STAR Early Literacy,ast-graph-2,"STAR Early Literacy Percentile Rank Distribution (Fall SY27) (counts, 10-pt bins)",,30-39,20.0
Oakton Elementary School,STAR Early Literacy,ast-graph-2,"STAR Early Literacy Percentile Rank Distribution (Fall SY27) (counts, 10-pt bins)",,40-49,13.0
Oakton Elementary School,STAR Early Literacy,ast-graph-2,"STAR Early Literacy Percentile Rank Distribution (Fall SY27) (counts, 10-pt bins)",,50-59,18.0
Oakton Elementary School,STAR Early Literacy,ast-graph-2,"STAR Early Literacy Percentile Rank Distribution (Fall SY27) (counts, 10-pt bins)",,60-69,21.0
Oakton Elementary School,STAR Early Literacy,ast-graph-2,"STAR Early Literacy Percentile Rank Distribution (Fall SY27) (counts, 10-pt bins)",,70-79,19.0
Oakton Elementary School,STAR Early Literacy,ast-graph-2,"STAR Early Literacy Percentile Rank Distribution (Fall SY27) (counts, 10-pt bins)",,80-89,22.0
Oakton Elementary School,STAR Early Literacy,ast-graph-2,"STAR Early Literacy Percentile Rank Distribution (Fall SY27) (counts, 10-pt bins)",,90-99,28.0
Oakton Elementary School,STAR Early Literacy,ast-graph-3,"STAR Early Literacy Student Growth Percentile(s) (Fall SY27) (counts, 10-pt bins)",Fall to Fall,0-9,3.0
Oakton Elementary School,STAR Early Literacy,ast-graph-3,"STAR Early Literacy Student Growth Percentile(s) (Fall SY27) (counts, 10-pt bins)",Fall to Fall,10-19,6.0
Oakton Elementary School,STAR Early Literacy,ast-graph-3,"STAR Early Literacy Student Growth Percentile(s) (Fall SY27) (counts, 10-pt bins)",Fall to Fall,20-29,7.0
Oakton Elementary School,STAR Early Literacy,ast-graph-3,"STAR Early Literacy Student Growth Percentile(s) (Fall SY27) (counts, 10-pt bins)",Fall to Fall,30-39,6.0
Oakton Elementary School,STAR Early Literacy,ast-graph-3,"STAR Early Literacy Student Growth Percentile(s) (Fall SY27) (counts, 10-pt bins)",Fall to Fall,40-49,11.0
Oakton Elementary School,STAR Early Literacy,ast-graph-3,"STAR Early Literacy Student Growth Percentile(s) (Fall SY27) (counts, 10-pt bins)",Fall to Fall,50-59,7.0
Oakton Elementary School,STAR Early Literacy,ast-graph-3,"STAR Early Literacy Student Growth Percentile(s) (Fall SY27) (counts, 10-pt bins)",Fall to Fall,60-69,10.0
Oakton Elementary School,STAR Early Literacy,ast-graph-3,"STAR Early Literacy Student Growth Percentile(s) (Fall SY27) (counts, 10-pt bins)",Fall to Fall,70-79,14.0
Oakton Elementary School,STAR Early Literacy,ast-graph-3,"STAR Early Literacy Student Growth Percentile(s) (Fall SY27) (counts, 10-pt bins)",Fall to Fall,80-89,11.0
Oakton Elementary School,STAR Early Literacy,ast-graph-3,"STAR Early Literacy Student Growth Percentile(s) (Fall SY27) (counts, 10-pt bins)",Fall to Fall,90-99,22.0
Oakton Elementary School,STAR Early Literacy,ast-graph-3,"STAR Early Literacy Student Growth Percentile(s) (Fall SY27) (counts, 10-pt bins)",Spring to Fall,0-9,4.0
Oakton Elementary School,STAR Early Literacy,ast-graph-3,"STAR Early Literacy Student Growth Percentile(s) (Fall SY27) (counts, 10-pt bins)",Spring to Fall,10-19,17.0
Oakton Elementary School,STAR Early Literacy,ast-graph-3,"STAR Early Literacy Student Growth Percentile(s) (Fall SY27) (counts, 10-pt bins)",Spring to Fall,20-29,3.0
Oakton Elementary School,STAR Early Literacy,ast-graph-3,"STAR Early Literacy Student Growth Percentile(s) (Fall SY27) (counts, 10-pt bins)",Spring to Fall,30-39,14.0
Oakton Elementary School,STAR Early Literacy,ast-graph-3,"STAR Early Literacy Student Growth Percentile(s) (Fall SY27) (counts, 10-pt bins)",Spring to Fall,40-49,11.0
Oakton Elementary School,STAR Early Literacy,ast-graph-3,"STAR Early Literacy Student Growth Percentile(s) (Fall SY27) (counts, 10-pt bins)",Spring to Fall,50-59,12.0
Oakton Elementary School,STAR Early Literacy,ast-graph-3,"STAR Early Literacy Student Growth Percentile(s) (Fall SY27) (counts, 10-pt bins)",Spring to Fall,60-69,11.0
Oakton Elementary School,STAR Early Literacy,ast-graph-3,"STAR Early Literacy Student Growth Percentile(s) (Fall SY27) (counts, 10-pt bins)",Spring to Fall,70-79,10.0
Oakton Elementary School,STAR Early Literacy,ast-graph-3,"STAR Early Literacy Student Growth Percentile(s) (Fall SY27) (counts, 10-pt bins)",Spring to Fall,80-89,10.0
Oakton Elementary School,STAR Early Literacy,ast-graph-3,"STAR Early Literacy Student Growth Percentile(s) (Fall SY27) (counts, 10-pt bins)",Spring to Fall,90-99,9.0
Oakton Elementary School,STAR Reading Spanish,ast-graph-2,"STAR Reading Spanish Percentile Rank Distribution (Fall SY27) (counts, 10-pt bins)",,0-9,1.0
Oakton Elementary School,STAR Reading Spanish,ast-graph-2,"STAR Reading Spanish Percentile Rank Distribution (Fall SY27) (counts, 10-pt bins)",,10-19,7.0
Oakton Elementary School,STAR Reading Spanish,ast-graph-2,"STAR Reading Spanish Percentile Rank Distribution (Fall SY27) (counts, 10-pt bins)",,20-29,5.0
Oakton Elementary School,STAR Reading Spanish,ast-graph-2,"STAR Reading Spanish Percentile Rank Distribution (Fall SY27) (counts, 10-pt bins)",,30-39,6.0
Oakton Elementary School,STAR Reading Spanish,ast-graph-2,"STAR Reading Spanish Percentile Rank Distribution (Fall SY27) (counts, 10-pt bins)",,40-49,4.0
Oakton Elementary School,STAR Reading Spanish,ast-graph-2,"STAR Reading Spanish Percentile Rank Distribution (Fall SY27) (counts, 10-pt bins)",,50-59,1.0
Oakton Elementary School,STAR Reading Spanish,ast-graph-2,"STAR Reading Spanish Percentile Rank Distribution (Fall SY27) (counts, 10-pt bins)",,60-69,3.0
Oakton Elementary School,STAR Reading Spanish,ast-graph-2,"STAR Reading Spanish Percentile Rank Distribution (Fall SY27) (counts, 10-pt bins)",,70-79,2.0
Oakton Elementary School,STAR Reading Spanish,ast-graph-2,"STAR Reading Spanish Percentile Rank Distribution (Fall SY27) (counts, 10-pt bins)",,80-89,2.0
Oakton Elementary School,STAR Reading Spanish,ast-graph-2,"STAR Reading Spanish Percentile Rank Distribution (Fall SY27) (counts, 10-pt bins)",,90-99,2.0
Oakton Elementary School,STAR Reading Spanish,ast-graph-3,"STAR Reading Spanish Student Growth Percentile(s) (Fall SY27) (counts, 10-pt bins)",Fall to Fall,0-9,3.0
Oakton Elementary School,STAR Reading Spanish,ast-graph-3,"STAR Reading Spanish Student Growth Percentile(s) (Fall SY27) (counts, 10-pt bins)",Fall to Fall,10-19,5.0
Oakton Elementary School,STAR Reading Spanish,ast-graph-3,"STAR Reading Spanish Student Growth Percentile(s) (Fall SY27) (counts, 10-pt bins)",Fall to Fall,20-29,1.0
Oakton Elementary School,STAR Reading Spanish,ast-graph-3,"STAR Reading Spanish Student Growth Percentile(s) (Fall SY27) (counts, 10-pt bins)",Fall to Fall,30-39,3.0
Oakton Elementary School,STAR Reading Spanish,ast-graph-3,"STAR Reading Spanish Student Growth Percentile(s) (Fall SY27) (counts, 10-pt bins)",Fall to Fall,40-49,1.0
Oakton Elementary School,STAR Reading Spanish,ast-graph-3,"STAR Reading Spanish Student Growth Percentile(s) (Fall SY27) (counts, 10-pt bins)",Fall to Fall,50-59,2.0
Oakton Elementary School,STAR Reading Spanish,ast-graph-3,"STAR Reading Spanish Student Growth Percentile(s) (Fall SY27) (counts, 10-pt bins)",Fall to Fall,60-69,1.0
Oakton Elementary School,STAR Reading Spanish,ast-graph-3,"STAR Reading Spanish Student Growth Percentile(s) (Fall SY27) (counts, 10-pt bins)",Fall to Fall,80-89,1.0
Oakton Elementary School,STAR Reading Spanish,ast-graph-3,"STAR Reading Spanish Student Growth Percentile(s) (Fall SY27) (counts, 10-pt bins)",Fall to Fall,90-99,1.0
Oakton Elementary School,STAR Reading Spanish,ast-graph-3,"STAR Reading Spanish Student Growth Percentile(s) (Fall SY27) (counts, 10-pt bins)",Spring to Fall,0-9,2.0
Oakton Elementary School,STAR Reading Spanish,ast-graph-3,"STAR Reading Spanish Student Growth Percentile(s) (Fall SY27) (counts, 10-pt bins)",Spring to Fall,10-19,4.0
Oakton Elementary School,STAR Reading Spanish,ast-graph-3,"STAR Reading Spanish Student Growth Percentile(s) (Fall SY27) (counts, 10-pt bins)",Spring to Fall,20-29,4.0
Oakton Elementary School,STAR Reading Spanish,ast-graph-3,"STAR Reading Spanish Student Growth Percentile(s) (Fall SY27) (counts, 10-pt bins)",Spring to Fall,30-39,1.0
Oakton Elementary School,STAR Reading Spanish,ast-graph-3,"STAR Reading Spanish Student Growth Percentile(s) (Fall SY27) (counts, 10-pt bins)",Spring to Fall,40-49,2.0
Oakton Elementary School,STAR Reading Spanish,ast-graph-3,"STAR Reading Spanish Student Growth Percentile(s) (Fall SY27) (counts, 10-pt bins)",Spring to Fall,50-59,1.0
Oakton Elementary School,STAR Reading Spanish,ast-graph-3,"STAR Reading Spanish Student Growth Percentile(s) (Fall SY27) (counts, 10-pt bins)",Spring to Fall,60-69,1.0
Oakton Elementary School,STAR Reading Spanish,ast-graph-3,"STAR Reading Spanish Student Growth Percentile(s) (Fall SY27) (counts, 10-pt bins)",Spring to Fall,70-79,1.0
Oakton Elementary School,STAR Reading Spanish,ast-graph-3,"STAR Reading Spanish Student Growth Percentile(s) (Fall SY27) (counts, 10-pt bins)",Spring to Fall,80-89,1.0
Oakton Elementary School,STAR Reading Spanish,ast-graph-3,"STAR Reading Spanish Student Growth Percentile(s) (Fall SY27) (counts, 10-pt bins)",Spring to Fall,90-99,1.0
Oakton Elementary School,STAR Early Literacy Spanish,ast-graph-2,"STAR Early Literacy Spanish Percentile Rank Distribution (Fall SY27) (counts, 10-pt bins)",,0-9,2.0
Oakton Elementary School,STAR Early Literacy Spanish,ast-graph-2,"STAR Early Literacy Spanish Percentile Rank Distribution (Fall SY27) (counts, 10-pt bins)",,20-29,5.0
Oakton Elementary School,STAR Early Literacy Spanish,ast-graph-2,"STAR Early Literacy Spanish Percentile Rank Distribution (Fall SY27) (counts, 10-pt bins)",,30-39,5.0
Oakton Elementary School,STAR Early Literacy Spanish,ast-graph-2,"STAR Early Literacy Spanish Percentile Rank Distribution (Fall SY27) (counts, 10-pt bins)",,40-49,1.0
Oakton Elementary School,STAR Early Literacy Spanish,ast-graph-2,"STAR Early Literacy Spanish Percentile Rank Distribution (Fall SY27) (counts, 10-pt bins)",,50-59,2.0
Oakton Elementary School,STAR Early Literacy Spanish,ast-graph-2,"STAR Early Literacy Spanish Percentile Rank Distribution (Fall SY27) (counts, 10-pt bins)",,60-69,8.0
Oakton Elementary School,STAR Early Literacy Spanish,ast-graph-2,"STAR Early Literacy Spanish Percentile Rank Distribution (Fall SY27) (counts, 10-pt bins)",,70-79,5.0
Oakton Elementary School,STAR Early Literacy Spanish,ast-graph-2,"STAR Early Literacy Spanish Percentile Rank Distribution (Fall SY27) (counts, 10-pt bins)",,80-89,5.0
Oakton Elementary School,STAR Early Literacy Spanish,ast-graph-2,"STAR Early Literacy Spanish Percentile Rank Distribution (Fall SY27) (counts, 10-pt bins)",,90-99,7.0
Oakton Elementary School,STAR Early Literacy Spanish,ast-graph-3,"STAR Early Literacy Spanish Student Growth Percentile(s) (Fall SY27) (counts, 10-pt bins)",Fall to Fall,0-9,2.0
Oakton Elementary School,STAR Early Literacy Spanish,ast-graph-3,"STAR Early Literacy Spanish Student Growth Percentile(s) (Fall SY27) (counts, 10-pt bins)",Fall to Fall,20-29,2.0
Oakton Elementary School,STAR Early Literacy Spanish,ast-graph-3,"STAR Early Literacy Spanish Student Growth Percentile(s) (Fall SY27) (counts, 10-pt bins)",Fall to Fall,50-59,1.0
Oakton Elementary School,STAR Early Literacy Spanish,ast-graph-3,"STAR Early Literacy Spanish Student Growth Percentile(s) (Fall SY27) (counts, 10-pt bins)",Fall to Fall,60-69,4.0
Oakton Elementary School,STAR Early Literacy Spanish,ast-graph-3,"STAR Early Literacy Spanish Student Growth Percentile(s) (Fall SY27) (counts, 10-pt bins)",Fall to Fall,70-79,3.0
Oakton Elementary School,STAR Early Literacy Spanish,ast-graph-3,"STAR Early Literacy Spanish Student Growth Percentile(s) (Fall SY27) (counts, 10-pt bins)",Fall to Fall,80-89,5.0
Oakton Elementary School,STAR Early Literacy Spanish,ast-graph-3,"STAR Early Literacy Spanish Student Growth Percentile(s) (Fall SY27) (counts, 10-pt bins)",Fall to Fall,90-99,5.0
Oakton Elementary School,STAR Early Literacy Spanish,ast-graph-3,"STAR Early Literacy Spanish Student Growth Percentile(s) (Fall SY27) (counts, 10-pt bins)",Spring to Fall,0-9,1.0
Oakton Elementary School,STAR Early Literacy Spanish,ast-graph-3,"STAR Early Literacy Spanish Student Growth Percentile(s) (Fall SY27) (counts, 10-pt bins)",Spring to Fall,10-19,2.0
Oakton Elementary School,STAR Early Literacy Spanish,ast-graph-3,"STAR Early Literacy Spanish Student Growth Percentile(s) (Fall SY27) (counts, 10-pt bins)",Spring to Fall,20-29,2.0
Oakton Elementary School,STAR Early Literacy Spanish,ast-graph-3,"STAR Early Literacy Spanish Student Growth Percentile(s) (Fall SY27) (counts, 10-pt bins)",Spring to Fall,30-39,3.0
Oakton Elementary School,STAR Early Literacy Spanish,ast-graph-3,"STAR Early Literacy Spanish Student Growth Percentile(s) (Fall SY27) (counts, 10-pt bins)",Spring to Fall,40-49,3.0
Oakton Elementary School,STAR Early Literacy Spanish,ast-graph-3,"STAR Early Literacy Spanish Student Growth Percentile(s) (Fall SY27) (counts, 10-pt bins)",Spring to Fall,50-59,3.0
Oakton Elementary School,STAR Early Literacy Spanish,ast-graph-3,"STAR Early Literacy Spanish Student Growth Percentile(s) (Fall SY27) (counts, 10-pt bins)",Spring to Fall,60-69,1.0
Oakton Elementary School,STAR Early Literacy Spanish,ast-graph-3,"STAR Early Literacy Spanish Student Growth Percentile(s) (Fall SY27) (counts, 10-pt bins)",Spring to Fall,70-79,2.0
Oakton Elementary School,STAR Early Literacy Spanish,ast-graph-3,"STAR Early Literacy Spanish Student Growth Percentile(s) (Fall SY27) (counts, 10-pt bins)",Spring to Fall,80-89,2.0
Oakton Elementary School,STAR Early Literacy Spanish,ast-graph-3,"STAR Early Literacy Spanish Student Growth Percentile(s) (Fall SY27) (counts, 10-pt bins)",Spring to Fall,90-99,4.0
Oakton Elementary School,i-Ready Math,ast-graph-2,"i-Ready Math — Percentile Distribution (counts, 10-pt bins)",,0-9,24.0
Oakton Elementary School,i-Ready Math,ast-graph-2,"i-Ready Math — Percentile Distribution (counts, 10-pt bins)",,10-19,41.0
Oakton Elementary School,i-Ready Math,ast-graph-2,"i-Ready Math — Percentile Distribution (counts, 10-pt bins)",,20-29,36.0
Oakton Elementary School,i-Ready Math,ast-graph-2,"i-Ready Math — Percentile Distribution (counts, 10-pt bins)",,30-39,30.0
Oakton Elementary School,i-Ready Math,ast-graph-2,"i-Ready Math — Percentile Distribution (counts, 10-pt bins)",,40-49,35.0
Oakton Elementary School,i-Ready Math,ast-graph-2,"i-Ready Math — Percentile Distribution (counts, 10-pt bins)",,50-59,35.0
Oakton Elementary School,i-Ready Math,ast-graph-2,"i-Ready Math — Percentile Distribution (counts, 10-pt bins)",,60-69,38.0
Oakton Elementary School,i-Ready Math,ast-graph-2,"i-Ready Math — Percentile Distribution (counts, 10-pt bins)",,70-79,31.0
Oakton Elementary School,i-Ready Math,ast-graph-2,"i-Ready Math — Percentile Distribution (counts, 10-pt bins)",,80-89,43.0
Oakton Elementary School,i-Ready Math,ast-graph-2,"i-Ready Math — Percentile Distribution (counts, 10-pt bins)",,90-99,52.0
Oakton Elementary School,i-Ready Math,ast-graph-3,"i-Ready Math — Percent Progress to Annual Typical Growth (counts, 10-pt bins)",,0-9,365.0
Orrington Elementary School,STAR Reading,ast-graph-2,"STAR Reading Percentile Rank Distribution (Fall SY27) (counts, 10-pt bins)",,0-9,6.0
Orrington Elementary School,STAR Reading,ast-graph-2,"STAR Reading Percentile Rank Distribution (Fall SY27) (counts, 10-pt bins)",,10-19,3.0
Orrington Elementary School,STAR Reading,ast-graph-2,"STAR Reading Percentile Rank Distribution (Fall SY27) (counts, 10-pt bins)",,20-29,3.0
Orrington Elementary School,STAR Reading,ast-graph-2,"STAR Reading Percentile Rank Distribution (Fall SY27) (counts, 10-pt bins)",,30-39,8.0
Orrington Elementary School,STAR Reading,ast-graph-2,"STAR Reading Percentile Rank Distribution (Fall SY27) (counts, 10-pt bins)",,40-49,4.0
Orrington Elementary School,STAR Reading,ast-graph-2,"STAR Reading Percentile Rank Distribution (Fall SY27) (counts, 10-pt bins)",,50-59,9.0
Orrington Elementary School,STAR Reading,ast-graph-2,"STAR Reading Percentile Rank Distribution (Fall SY27) (counts, 10-pt bins)",,60-69,9.0
Orrington Elementary School,STAR Reading,ast-graph-2,"STAR Reading Percentile Rank Distribution (Fall SY27) (counts, 10-pt bins)",,70-79,22.0
Orrington Elementary School,STAR Reading,ast-graph-2,"STAR Reading Percentile Rank Distribution (Fall SY27) (counts, 10-pt bins)",,80-89,19.0
Orrington Elementary School,STAR Reading,ast-graph-2,"STAR Reading Percentile Rank Distribution (Fall SY27) (counts, 10-pt bins)",,90-99,47.0
Orrington Elementary School,STAR Reading,ast-graph-3,"STAR Reading Student Growth Percentile(s) (Fall SY27) (counts, 10-pt bins)",Fall to Fall,0-9,4.0
Orrington Elementary School,STAR Reading,ast-graph-3,"STAR Reading Student Growth Percentile(s) (Fall SY27) (counts, 10-pt bins)",Fall to Fall,10-19,12.0
Orrington Elementary School,STAR Reading,ast-graph-3,"STAR Reading Student Growth Percentile(s) (Fall SY27) (counts, 10-pt bins)",Fall to Fall,20-29,8.0
Orrington Elementary School,STAR Reading,ast-graph-3,"STAR Reading Student Growth Percentile(s) (Fall SY27) (counts, 10-pt bins)",Fall to Fall,30-39,12.0
Orrington Elementary School,STAR Reading,ast-graph-3,"STAR Reading Student Growth Percentile(s) (Fall SY27) (counts, 10-pt bins)",Fall to Fall,40-49,14.0
Orrington Elementary School,STAR Reading,ast-graph-3,"STAR Reading Student Growth Percentile(s) (Fall SY27) (counts, 10-pt bins)",Fall to Fall,50-59,10.0
Orrington Elementary School,STAR Reading,ast-graph-3,"STAR Reading Student Growth Percentile(s) (Fall SY27) (counts, 10-pt bins)",Fall to Fall,60-69,13.0
Orrington Elementary School,STAR Reading,ast-graph-3,"STAR Reading Student Growth Percentile(s) (Fall SY27) (counts, 10-pt bins)",Fall to Fall,70-79,13.0
Orrington Elementary School,STAR Reading,ast-graph-3,"STAR Reading Student Growth Percentile(s) (Fall SY27) (counts, 10-pt bins)",Fall to Fall,80-89,15.0
Orrington Elementary School,STAR Reading,ast-graph-3,"STAR Reading Student Growth Percentile(s) (Fall SY27) (counts, 10-pt bins)",Fall to Fall,90-99,22.0
Orrington Elementary School,STAR Reading,ast-graph-3,"STAR Reading Student Growth Percentile(s) (Fall SY27) (counts, 10-pt bins)",Spring to Fall,0-9,7.0
Orrington Elementary School,STAR Reading,ast-graph-3,"STAR Reading Student Growth Percentile(s) (Fall SY27) (counts, 10-pt bins)",Spring to Fall,10-19,14.0
Orrington Elementary School,STAR Reading,ast-graph-3,"STAR Reading Student Growth Percentile(s) (Fall SY27) (counts, 10-pt bins)",Spring to Fall,20-29,12.0
Orrington Elementary School,STAR Reading,ast-graph-3,"STAR Reading Student Growth Percentile(s) (Fall SY27) (counts, 10-pt bins)",Spring to Fall,30-39,13.0
Orrington Elementary School,STAR Reading,ast-graph-3,"STAR Reading Student Growth Percentile(s) (Fall SY27) (counts, 10-pt bins)",Spring to Fall,40-49,13.0
Orrington Elementary School,STAR Reading,ast-graph-3,"STAR Reading Student Growth Percentile(s) (Fall SY27) (counts, 10-pt bins)",Spring to Fall,50-59,10.0
Orrington Elementary School,STAR Reading,ast-graph-3,"STAR Reading Student Growth Percentile(s) (Fall SY27) (counts, 10-pt bins)",Spring to Fall,60-69,9.0
Orrington Elementary School,STAR Reading,ast-graph-3,"STAR Reading Student Growth Percentile(s) (Fall SY27) (counts, 10-pt bins)",Spring to Fall,70-79,17.0
Orrington Elementary School,STAR Reading,ast-graph-3,"STAR Reading Student Growth Percentile(s) (Fall SY27) (counts, 10-pt bins)",Spring to Fall,80-89,13.0
Orrington Elementary School,STAR Reading,ast-graph-3,"STAR Reading Student Growth Percentile(s) (Fall SY27) (counts, 10-pt bins)",Spring to Fall,90-99,21.0
Orrington Elementary School,STAR Early Literacy,ast-graph-2,"STAR Early Literacy Percentile Rank Distribution (Fall SY27) (counts, 10-pt bins)",,10-19,1.0
Orrington Elementary School,STAR Early Literacy,ast-graph-2,"STAR Early Literacy Percentile Rank Distribution (Fall SY27) (counts, 10-pt bins)",,20-29,2.0
Orrington Elementary School,STAR Early Literacy,ast-graph-2,"STAR Early Literacy Percentile Rank Distribution (Fall SY27) (counts, 10-pt bins)",,30-39,6.0
Orrington Elementary School,STAR Early Literacy,ast-graph-2,"STAR Early Literacy Percentile Rank Distribution (Fall SY27) (counts, 10-pt bins)",,40-49,5.0
Orrington Elementary School,STAR Early Literacy,ast-graph-2,"STAR Early Literacy Percentile Rank Distribution (Fall SY27) (counts, 10-pt bins)",,50-59,15.0
Orrington Elementary School,STAR Early Literacy,ast-graph-2,"STAR Early Literacy Percentile Rank Distribution (Fall SY27) (counts, 10-pt bins)",,60-69,18.0
Orrington Elementary School,STAR Early Literacy,ast-graph-2,"STAR Early Literacy Percentile Rank Distribution (Fall SY27) (counts, 10-pt bins)",,70-79,19.0
Orrington Elementary School,STAR Early Literacy,ast-graph-2,"STAR Early Literacy Percentile Rank Distribution (Fall SY27) (counts, 10-pt bins)",,80-89,23.0
Orrington Elementary School,STAR Early Literacy,ast-graph-2,"STAR Early Literacy Percentile Rank Distribution (Fall SY27) (counts, 10-pt bins)",,90-99,27.0
Orrington Elementary School,STAR Early Literacy,ast-graph-3,"STAR Early Literacy Student Growth Percentile(s) (Fall SY27) (counts, 10-pt bins)",Fall to Fall,10-19,1.0
Orrington Elementary School,STAR Early Literacy,ast-graph-3,"STAR Early Literacy Student Growth Percentile(s) (Fall SY27) (counts, 10-pt bins)",Fall to Fall,20-29,4.0
Orrington Elementary School,STAR Early Literacy,ast-graph-3,"STAR Early Literacy Student Growth Percentile(s) (Fall SY27) (counts, 10-pt bins)",Fall to Fall,30-39,7.0
Orrington Elementary School,STAR Early Literacy,ast-graph-3,"STAR Early Literacy Student Growth Percentile(s) (Fall SY27) (counts, 10-pt bins)",Fall to Fall,40-49,3.0
Orrington Elementary School,STAR Early Literacy,ast-graph-3,"STAR Early Literacy Student Growth Percentile(s) (Fall SY27) (counts, 10-pt bins)",Fall to Fall,50-59,4.0
Orrington Elementary School,STAR Early Literacy,ast-graph-3,"STAR Early Literacy Student Growth Percentile(s) (Fall SY27) (counts, 10-pt bins)",Fall to Fall,60-69,7.0
Orrington Elementary School,STAR Early Literacy,ast-graph-3,"STAR Early Literacy Student Growth Percentile(s) (Fall SY27) (counts, 10-pt bins)",Fall to Fall,70-79,8.0
Orrington Elementary School,STAR Early Literacy,ast-graph-3,"STAR Early Literacy Student Growth Percentile(s) (Fall SY27) (counts, 10-pt bins)",Fall to Fall,80-89,13.0
Orrington Elementary School,STAR Early Literacy,ast-graph-3,"STAR Early Literacy Student Growth Percentile(s) (Fall SY27) (counts, 10-pt bins)",Fall to Fall,90-99,24.0
Orrington Elementary School,STAR Early Literacy,ast-graph-3,"STAR Early Literacy Student Growth Percentile(s) (Fall SY27) (counts, 10-pt bins)",Spring to Fall,0-9,2.0
Orrington Elementary School,STAR Early Literacy,ast-graph-3,"STAR Early Literacy Student Growth Percentile(s) (Fall SY27) (counts, 10-pt bins)",Spring to Fall,10-19,3.0
Orrington Elementary School,STAR Early Literacy,ast-graph-3,"STAR Early Literacy Student Growth Percentile(s) (Fall SY27) (counts, 10-pt bins)",Spring to Fall,20-29,5.0
Orrington Elementary School,STAR Early Literacy,ast-graph-3,"STAR Early Literacy Student Growth Percentile(s) (Fall SY27) (counts, 10-pt bins)",Spring to Fall,30-39,2.0
Orrington Elementary School,STAR Early Literacy,ast-graph-3,"STAR Early Literacy Student Growth Percentile(s) (Fall SY27) (counts, 10-pt bins)",Spring to Fall,40-49,6.0
Orrington Elementary School,STAR Early Literacy,ast-graph-3,"STAR Early Literacy Student Growth Percentile(s) (Fall SY27) (counts, 10-pt bins)",Spring to Fall,50-59,7.0
Orrington Elementary School,STAR Early Literacy,ast-graph-3,"STAR Early Literacy Student Growth Percentile(s) (Fall SY27) (counts, 10-pt bins)",Spring to Fall,60-69,9.0
Orrington Elementary School,STAR Early Literacy,ast-graph-3,"STAR Early Literacy Student Growth Percentile(s) (Fall SY27) (counts, 10-pt bins)",Spring to Fall,70-79,11.0
Orrington Elementary School,STAR Early Literacy,ast-graph-3,"STAR Early Literacy Student Growth Percentile(s) (Fall SY27) (counts, 10-pt bins)",Spring to Fall,80-89,14.0
Orrington Elementary School,STAR Early Literacy,ast-graph-3,"STAR Early Literacy Student Growth Percentile(s) (Fall SY27) (counts, 10-pt bins)",Spring to Fall,90-99,13.0
Orrington Elementary School,i-Ready Math,ast-graph-2,"i-Ready Math — Percentile Distribution (counts, 10-pt bins)",,0-9,3.0
Orrington Elementary School,i-Ready Math,ast-graph-2,"i-Ready Math — Percentile Distribution (counts, 10-pt bins)",,10-19,5.0
Orrington Elementary School,i-Ready Math,ast-graph-2,"i-Ready Math — Percentile Distribution (counts, 10-pt bins)",,20-29,4.0
Orrington Elementary School,i-Ready Math,ast-graph-2,"i-Ready Math — Percentile Distribution (counts, 10-pt bins)",,30-39,9.0
Orrington Elementary School,i-Ready Math,ast-graph-2,"i-Ready Math — Percentile Distribution (counts, 10-pt bins)",,40-49,11.0
Orrington Elementary School,i-Ready Math,ast-graph-2,"i-Ready Math — Percentile Distribution (counts, 10-pt bins)",,50-59,17.0
Orrington Elementary School,i-Ready Math,ast-graph-2,"i-Ready Math — Percentile Distribution (counts, 10-pt bins)",,60-69,31.0
Orrington Elementary School,i-Ready Math,ast-graph-2,"i-Ready Math — Percentile Distribution (counts, 10-pt bins)",,70-79,37.0
Orrington Elementary School,i-Ready Math,ast-graph-2,"i-Ready Math — Percentile Distribution (counts, 10-pt bins)",,80-89,36.0
Orrington Elementary School,i-Ready Math,ast-graph-2,"i-Ready Math — Percentile Distribution (counts, 10-pt bins)",,90-99,94.0
Orrington Elementary School,i-Ready Math,ast-graph-3,"i-Ready Math — Percent Progress to Annual Typical Growth (counts, 10-pt bins)",,0-9,247.0
Walker Elementary School,STAR Reading,ast-graph-2,"STAR Reading Percentile Rank Distribution (Fall SY27) (counts, 10-pt bins)",,0-9,6.0
Walker Elementary School,STAR Reading,ast-graph-2,"STAR Reading Percentile Rank Distribution (Fall SY27) (counts, 10-pt bins)",,10-19,9.0
Walker Elementary School,STAR Reading,ast-graph-2,"STAR Reading Percentile Rank Distribution (Fall SY27) (counts, 10-pt bins)",,20-29,10.0
Walker Elementary School,STAR Reading,ast-graph-2,"STAR Reading Percentile Rank Distribution (Fall SY27) (counts, 10-pt bins)",,30-39,11.0
Walker Elementary School,STAR Reading,ast-graph-2,"STAR Reading Percentile Rank Distribution (Fall SY27) (counts, 10-pt bins)",,40-49,18.0
Walker Elementary School,STAR Reading,ast-graph-2,"STAR Reading Percentile Rank Distribution (Fall SY27) (counts, 10-pt bins)",,50-59,12.0
Walker Elementary School,STAR Reading,ast-graph-2,"STAR Reading Percentile Rank Distribution (Fall SY27) (counts, 10-pt bins)",,60-69,13.0
Walker Elementary School,STAR Reading,ast-graph-2,"STAR Reading Percentile Rank Distribution (Fall SY27) (counts, 10-pt bins)",,70-79,21.0
Walker Elementary School,STAR Reading,ast-graph-2,"STAR Reading Percentile Rank Distribution (Fall SY27) (counts, 10-pt bins)",,80-89,21.0
Walker Elementary School,STAR Reading,ast-graph-2,"STAR Reading Percentile Rank Distribution (Fall SY27) (counts, 10-pt bins)",,90-99,52.0
Walker Elementary School,STAR Reading,ast-graph-3,"STAR Reading Student Growth Percentile(s) (Fall SY27) (counts, 10-pt bins)",Fall to Fall,0-9,8.0
Walker Elementary School,STAR Reading,ast-graph-3,"STAR Reading Student Growth Percentile(s) (Fall SY27) (counts, 10-pt bins)",Fall to Fall,10-19,6.0
Walker Elementary School,STAR Reading,ast-graph-3,"STAR Reading Student Growth Percentile(s) (Fall SY27) (counts, 10-pt bins)",Fall to Fall,20-29,15.0
Walker Elementary School,STAR Reading,ast-graph-3,"STAR Reading Student Growth Percentile(s) (Fall SY27) (counts, 10-pt bins)",Fall to Fall,30-39,15.0
Walker Elementary School,STAR Reading,ast-graph-3,"STAR Reading Student Growth Percentile(s) (Fall SY27) (counts, 10-pt bins)",Fall to Fall,40-49,16.0
Walker Elementary School,STAR Reading,ast-graph-3,"STAR Reading Student Growth Percentile(s) (Fall SY27) (counts, 10-pt bins)",Fall to Fall,50-59,17.0
Walker Elementary School,STAR Reading,ast-graph-3,"STAR Reading Student Growth Percentile(s) (Fall SY27) (counts, 10-pt bins)",Fall to Fall,60-69,12.0
Walker Elementary School,STAR Reading,ast-graph-3,"STAR Reading Student Growth Percentile(s) (Fall SY27) (counts, 10-pt bins)",Fall to Fall,70-79,12.0
Walker Elementary School,STAR Reading,ast-graph-3,"STAR Reading Student Growth Percentile(s) (Fall SY27) (counts, 10-pt bins)",Fall to Fall,80-89,25.0
Walker Elementary School,STAR Reading,ast-graph-3,"STAR Reading Student Growth Percentile(s) (Fall SY27) (counts, 10-pt bins)",Fall to Fall,90-99,37.0
Walker Elementary School,STAR Reading,ast-graph-3,"STAR Reading Student Growth Percentile(s) (Fall SY27) (counts, 10-pt bins)",Spring to Fall,0-9,11.0
Walker Elementary School,STAR Reading,ast-graph-3,"STAR Reading Student Growth Percentile(s) (Fall SY27) (counts, 10-pt bins)",Spring to Fall,10-19,11.0
Walker Elementary School,STAR Reading,ast-graph-3,"STAR Reading Student Growth Percentile(s) (Fall SY27) (counts, 10-pt bins)",Spring to Fall,20-29,17.0
Walker Elementary School,STAR Reading,ast-graph-3,"STAR Reading Student Growth Percentile(s) (Fall SY27) (counts, 10-pt bins)",Spring to Fall,30-39,12.0
Walker Elementary School,STAR Reading,ast-graph-3,"STAR Reading Student Growth Percentile(s) (Fall SY27) (counts, 10-pt bins)",Spring to Fall,40-49,18.0
Walker Elementary School,STAR Reading,ast-graph-3,"STAR Reading Student Growth Percentile(s) (Fall SY27) (counts, 10-pt bins)",Spring to Fall,50-59,14.0
Walker Elementary School,STAR Reading,ast-graph-3,"STAR Reading Student Growth Percentile(s) (Fall SY27) (counts, 10-pt bins)",Spring to Fall,60-69,14.0
Walker Elementary School,STAR Reading,ast-graph-3,"STAR Reading Student Growth Percentile(s) (Fall SY27) (counts, 10-pt bins)",Spring to Fall,70-79,14.0
Walker Elementary School,STAR Reading,ast-graph-3,"STAR Reading Student Growth Percentile(s) (Fall SY27) (counts, 10-pt bins)",Spring to Fall,80-89,19.0
Walker Elementary School,STAR Reading,ast-graph-3,"STAR Reading Student Growth Percentile(s) (Fall SY27) (counts, 10-pt bins)",Spring to Fall,90-99,36.0
Walker Elementary School,STAR Early Literacy,ast-graph-2,"STAR Early Literacy Percentile Rank Distribution (Fall SY27) (counts, 10-pt bins)",,0-9,4.0
Walker Elementary School,STAR Early Literacy,ast-graph-2,"STAR Early Literacy Percentile Rank Distribution (Fall SY27) (counts, 10-pt bins)",,10-19,6.0
Walker Elementary School,STAR Early Literacy,ast-graph-2,"STAR Early Literacy Percentile Rank Distribution (Fall SY27) (counts, 10-pt bins)",,20-29,9.0
Walker Elementary School,STAR Early Literacy,ast-graph-2,"STAR Early Literacy Percentile Rank Distribution (Fall SY27) (counts, 10-pt bins)",,30-39,11.0
Walker Elementary School,STAR Early Literacy,ast-graph-2,"STAR Early Literacy Percentile Rank Distribution (Fall SY27) (counts, 10-pt bins)",,40-49,9.0
Walker Elementary School,STAR Early Literacy,ast-graph-2,"STAR Early Literacy Percentile Rank Distribution (Fall SY27) (counts, 10-pt bins)",,50-59,19.0
Walker Elementary School,STAR Early Literacy,ast-graph-2,"STAR Early Literacy Percentile Rank Distribution (Fall SY27) (counts, 10-pt bins)",,60-69,17.0
Walker Elementary School,STAR Early Literacy,ast-graph-2,"STAR Early Literacy Percentile Rank Distribution (Fall SY27) (counts, 10-pt bins)",,70-79,24.0
Walker Elementary School,STAR Early Literacy,ast-graph-2,"STAR Early Literacy Percentile Rank Distribution (Fall SY27) (counts, 10-pt bins)",,80-89,15.0
Walker Elementary School,STAR Early Literacy,ast-graph-2,"STAR Early Literacy Percentile Rank Distribution (Fall SY27) (counts, 10-pt bins)",,90-99,30.0
Walker Elementary School,STAR Early Literacy,ast-graph-3,"STAR Early Literacy Student Growth Percentile(s) (Fall SY27) (counts, 10-pt bins)",Fall to Fall,0-9,2.0
Walker Elementary School,STAR Early Literacy,ast-graph-3,"STAR Early Literacy Student Growth Percentile(s) (Fall SY27) (counts, 10-pt bins)",Fall to Fall,10-19,6.0
Walker Elementary School,STAR Early Literacy,ast-graph-3,"STAR Early Literacy Student Growth Percentile(s) (Fall SY27) (counts, 10-pt bins)",Fall to Fall,20-29,7.0
Walker Elementary School,STAR Early Literacy,ast-graph-3,"STAR Early Literacy Student Growth Percentile(s) (Fall SY27) (counts, 10-pt bins)",Fall to Fall,30-39,3.0
Walker Elementary School,STAR Early Literacy,ast-graph-3,"STAR Early Literacy Student Growth Percentile(s) (Fall SY27) (counts, 10-pt bins)",Fall to Fall,40-49,2.0
Walker Elementary School,STAR Early Literacy,ast-graph-3,"STAR Early Literacy Student Growth Percentile(s) (Fall SY27) (counts, 10-pt bins)",Fall to Fall,50-59,4.0
Walker Elementary School,STAR Early Literacy,ast-graph-3,"STAR Early Literacy Student Growth Percentile(s) (Fall SY27) (counts, 10-pt bins)",Fall to Fall,60-69,10.0
Walker Elementary School,STAR Early Literacy,ast-graph-3,"STAR Early Literacy Student Growth Percentile(s) (Fall SY27) (counts, 10-pt bins)",Fall to Fall,70-79,14.0
Walker Elementary School,STAR Early Literacy,ast-graph-3,"STAR Early Literacy Student Growth Percentile(s) (Fall SY27) (counts, 10-pt bins)",Fall to Fall,80-89,17.0
Walker Elementary School,STAR Early Literacy,ast-graph-3,"STAR Early Literacy Student Growth Percentile(s) (Fall SY27) (counts, 10-pt bins)",Fall to Fall,90-99,26.0
Walker Elementary School,STAR Early Literacy,ast-graph-3,"STAR Early Literacy Student Growth Percentile(s) (Fall SY27) (counts, 10-pt bins)",Spring to Fall,0-9,4.0
Walker Elementary School,STAR Early Literacy,ast-graph-3,"STAR Early Literacy Student Growth Percentile(s) (Fall SY27) (counts, 10-pt bins)",Spring to Fall,10-19,11.0
Walker Elementary School,STAR Early Literacy,ast-graph-3,"STAR Early Literacy Student Growth Percentile(s) (Fall SY27) (counts, 10-pt bins)",Spring to Fall,20-29,6.0
Walker Elementary School,STAR Early Literacy,ast-graph-3,"STAR Early Literacy Student Growth Percentile(s) (Fall SY27) (counts, 10-pt bins)",Spring to Fall,30-39,6.0
Walker Elementary School,STAR Early Literacy,ast-graph-3,"STAR Early Literacy Student Growth Percentile(s) (Fall SY27) (counts, 10-pt bins)",Spring to Fall,40-49,13.0
Walker Elementary School,STAR Early Literacy,ast-graph-3,"STAR Early Literacy Student Growth Percentile(s) (Fall SY27) (counts, 10-pt bins)",Spring to Fall,50-59,9.0
Walker Elementary School,STAR Early Literacy,ast-graph-3,"STAR Early Literacy Student Growth Percentile(s) (Fall SY27) (counts, 10-pt bins)",Spring to Fall,60-69,7.0
Walker Elementary School,STAR Early Literacy,ast-graph-3,"STAR Early Literacy Student Growth Percentile(s) (Fall SY27) (counts, 10-pt bins)",Spring to Fall,70-79,6.0
Walker Elementary School,STAR Early Literacy,ast-graph-3,"STAR Early Literacy Student Growth Percentile(s) (Fall SY27) (counts, 10-pt bins)",Spring to Fall,80-89,12.0
Walker Elementary School,STAR Early Literacy,ast-graph-3,"STAR Early Literacy Student Growth Percentile(s) (Fall SY27) (counts, 10-pt bins)",Spring to Fall,90-99,21.0
Walker Elementary School,i-Ready Math,ast-graph-2,"i-Ready Math — Percentile Distribution (counts, 10-pt bins)",,0-9,7.0
Walker Elementary School,i-Ready Math,ast-graph-2,"i-Ready Math — Percentile Distribution (counts, 10-pt bins)",,10-19,10.0
Walker Elementary School,i-Ready Math,ast-graph-2,"i-Ready Math — Percentile Distribution (counts, 10-pt bins)",,20-29,9.0
Walker Elementary School,i-Ready Math,ast-graph-2,"i-Ready Math — Percentile Distribution (counts, 10-pt bins)",,30-39,27.0
Walker Elementary School,i-Ready Math,ast-graph-2,"i-Ready Math — Percentile Distribution (counts, 10-pt bins)",,40-49,20.0
Walker Elementary School,i-Ready Math,ast-graph-2,"i-Ready Math — Percentile Distribution (counts, 10-pt bins)",,50-59,32.0
Walker Elementary School,i-Ready Math,ast-graph-2,"i-Ready Math — Percentile Distribution (counts, 10-pt bins)",,60-69,23.0
Walker Elementary School,i-Ready Math,ast-graph-2,"i-Ready Math — Percentile Distribution (counts, 10-pt bins)",,70-79,24.0
Walker Elementary School,i-Ready Math,ast-graph-2,"i-Ready Math — Percentile Distribution (counts, 10-pt bins)",,80-89,53.0
Walker Elementary School,i-Ready Math,ast-graph-2,"i-Ready Math — Percentile Distribution (counts, 10-pt bins)",,90-99,67.0
Walker Elementary School,i-Ready Math,ast-graph-3,"i-Ready Math — Percent Progress to Annual Typical Growth (counts, 10-pt bins)",,0-9,272.0
Washington Elementary School,STAR Reading,ast-graph-2,"STAR Reading Percentile Rank Distribution (Fall SY27) (counts, 10-pt bins)",,0-9,11.0
Washington Elementary School,STAR Reading,ast-graph-2,"STAR Reading Percentile Rank Distribution (Fall SY27) (counts, 10-pt bins)",,10-19,12.0
Washington Elementary School,STAR Reading,ast-graph-2,"STAR Reading Percentile Rank Distribution (Fall SY27) (counts, 10-pt bins)",,20-29,13.0
Washington Elementary School,STAR Reading,ast-graph-2,"STAR Reading Percentile Rank Distribution (Fall SY27) (counts, 10-pt bins)",,30-39,14.0
Washington Elementary School,STAR Reading,ast-graph-2,"STAR Reading Percentile Rank Distribution (Fall SY27) (counts, 10-pt bins)",,40-49,12.0
Washington Elementary School,STAR Reading,ast-graph-2,"STAR Reading Percentile Rank Distribution (Fall SY27) (counts, 10-pt bins)",,50-59,12.0
Washington Elementary School,STAR Reading,ast-graph-2,"STAR Reading Percentile Rank Distribution (Fall SY27) (counts, 10-pt bins)",,60-69,18.0
Washington Elementary School,STAR Reading,ast-graph-2,"STAR Reading Percentile Rank Distribution (Fall SY27) (counts, 10-pt bins)",,70-79,29.0
Washington Elementary School,STAR Reading,ast-graph-2,"STAR Reading Percentile Rank Distribution (Fall SY27) (counts, 10-pt bins)",,80-89,25.0
Washington Elementary School,STAR Reading,ast-graph-2,"STAR Reading Percentile Rank Distribution (Fall SY27) (counts, 10-pt bins)",,90-99,49.0
Washington Elementary School,STAR Reading,ast-graph-3,"STAR Reading Student Growth Percentile(s) (Fall SY27) (counts, 10-pt bins)",Fall to Fall,0-9,10.0
Washington Elementary School,STAR Reading,ast-graph-3,"STAR Reading Student Growth Percentile(s) (Fall SY27) (counts, 10-pt bins)",Fall to Fall,10-19,8.0
Washington Elementary School,STAR Reading,ast-graph-3,"STAR Reading Student Growth Percentile(s) (Fall SY27) (counts, 10-pt bins)",Fall to Fall,20-29,11.0
Washington Elementary School,STAR Reading,ast-graph-3,"STAR Reading Student Growth Percentile(s) (Fall SY27) (counts, 10-pt bins)",Fall to Fall,30-39,16.0
Washington Elementary School,STAR Reading,ast-graph-3,"STAR Reading Student Growth Percentile(s) (Fall SY27) (counts, 10-pt bins)",Fall to Fall,40-49,11.0
Washington Elementary School,STAR Reading,ast-graph-3,"STAR Reading Student Growth Percentile(s) (Fall SY27) (counts, 10-pt bins)",Fall to Fall,50-59,27.0
Washington Elementary School,STAR Reading,ast-graph-3,"STAR Reading Student Growth Percentile(s) (Fall SY27) (counts, 10-pt bins)",Fall to Fall,60-69,15.0
Washington Elementary School,STAR Reading,ast-graph-3,"STAR Reading Student Growth Percentile(s) (Fall SY27) (counts, 10-pt bins)",Fall to Fall,70-79,33.0
Washington Elementary School,STAR Reading,ast-graph-3,"STAR Reading Student Growth Percentile(s) (Fall SY27) (counts, 10-pt bins)",Fall to Fall,80-89,14.0
Washington Elementary School,STAR Reading,ast-graph-3,"STAR Reading Student Growth Percentile(s) (Fall SY27) (counts, 10-pt bins)",Fall to Fall,90-99,41.0
Washington Elementary School,STAR Reading,ast-graph-3,"STAR Reading Student Growth Percentile(s) (Fall SY27) (counts, 10-pt bins)",Spring to Fall,0-9,17.0
Washington Elementary School,STAR Reading,ast-graph-3,"STAR Reading Student Growth Percentile(s) (Fall SY27) (counts, 10-pt bins)",Spring to Fall,10-19,19.0
Washington Elementary School,STAR Reading,ast-graph-3,"STAR Reading Student Growth Percentile(s) (Fall SY27) (counts, 10-pt bins)",Spring to Fall,20-29,12.0
Washington Elementary School,STAR Reading,ast-graph-3,"STAR Reading Student Growth Percentile(s) (Fall SY27) (counts, 10-pt bins)",Spring to Fall,30-39,8.0
Washington Elementary School,STAR Reading,ast-graph-3,"STAR Reading Student Growth Percentile(s) (Fall SY27) (counts, 10-pt bins)",Spring to Fall,40-49,19.0
Washington Elementary School,STAR Reading,ast-graph-3,"STAR Reading Student Growth Percentile(s) (Fall SY27) (counts, 10-pt bins)",Spring to Fall,50-59,23.0
Washington Elementary School,STAR Reading,ast-graph-3,"STAR Reading Student Growth Percentile(s) (Fall SY27) (counts, 10-pt bins)",Spring to Fall,60-69,17.0
Washington Elementary School,STAR Reading,ast-graph-3,"STAR Reading Student Growth Percentile(s) (Fall SY27) (counts, 10-pt bins)",Spring to Fall,70-79,16.0
Washington Elementary School,STAR Reading,ast-graph-3,"STAR Reading Student Growth Percentile(s) (Fall SY27) (counts, 10-pt bins)",Spring to Fall,80-89,29.0
Washington Elementary School,STAR Reading,ast-graph-3,"STAR Reading Student Growth Percentile(s) (Fall SY27) (counts, 10-pt bins)",Spring to Fall,90-99,26.0
Washington Elementary School,STAR Early Literacy,ast-graph-2,"STAR Early Literacy Percentile Rank Distribution (Fall SY27) (counts, 10-pt bins)",,0-9,12.0
Washington Elementary School,STAR Early Literacy,ast-graph-2,"STAR Early Literacy Percentile Rank Distribution (Fall SY27) (counts, 10-pt bins)",,10-19,11.0
Washington Elementary School,STAR Early Literacy,ast-graph-2,"STAR Early Literacy Percentile Rank Distribution (Fall SY27) (counts, 10-pt bins)",,20-29,16.0
Washington Elementary School,STAR Early Literacy,ast-graph-2,"STAR Early Literacy Percentile Rank Distribution (Fall SY27) (counts, 10-pt bins)",,30-39,13.0
Washington Elementary School,STAR Early Literacy,ast-graph-2,"STAR Early Literacy Percentile Rank Distribution (Fall SY27) (counts, 10-pt bins)",,40-49,16.0
Washington Elementary School,STAR Early Literacy,ast-graph-2,"STAR Early Literacy Percentile Rank Distribution (Fall SY27) (counts, 10-pt bins)",,50-59,13.0
Washington Elementary School,STAR Early Literacy,ast-graph-2,"STAR Early Literacy Percentile Rank Distribution (Fall SY27) (counts, 10-pt bins)",,60-69,19.0
Washington Elementary School,STAR Early Literacy,ast-graph-2,"STAR Early Literacy Percentile Rank Distribution (Fall SY27) (counts, 10-pt bins)",,70-79,16.0
Washington Elementary School,STAR Early Literacy,ast-graph-2,"STAR Early Literacy Percentile Rank Distribution (Fall SY27) (counts, 10-pt bins)",,80-89,27.0
Washington Elementary School,STAR Early Literacy,ast-graph-2,"STAR Early Literacy Percentile Rank Distribution (Fall SY27) (counts, 10-pt bins)",,90-99,24.0
Washington Elementary School,STAR Early Literacy,ast-graph-3,"STAR Early Literacy Student Growth Percentile(s) (Fall SY27) (counts, 10-pt bins)",Fall to Fall,0-9,7.0
Washington Elementary School,STAR Early Literacy,ast-graph-3,"STAR Early Literacy Student Growth Percentile(s) (Fall SY27) (counts, 10-pt bins)",Fall to Fall,10-19,7.0
Washington Elementary School,STAR Early Literacy,ast-graph-3,"STAR Early Literacy Student Growth Percentile(s) (Fall SY27) (counts, 10-pt bins)",Fall to Fall,20-29,6.0
Washington Elementary School,STAR Early Literacy,ast-graph-3,"STAR Early Literacy Student Growth Percentile(s) (Fall SY27) (counts, 10-pt bins)",Fall to Fall,30-39,4.0
Washington Elementary School,STAR Early Literacy,ast-graph-3,"STAR Early Literacy Student Growth Percentile(s) (Fall SY27) (counts, 10-pt bins)",Fall to Fall,40-49,5.0
Washington Elementary School,STAR Early Literacy,ast-graph-3,"STAR Early Literacy Student Growth Percentile(s) (Fall SY27) (counts, 10-pt bins)",Fall to Fall,50-59,6.0
Washington Elementary School,STAR Early Literacy,ast-graph-3,"STAR Early Literacy Student Growth Percentile(s) (Fall SY27) (counts, 10-pt bins)",Fall to Fall,60-69,10.0
Washington Elementary School,STAR Early Literacy,ast-graph-3,"STAR Early Literacy Student Growth Percentile(s) (Fall SY27) (counts, 10-pt bins)",Fall to Fall,70-79,13.0
Washington Elementary School,STAR Early Literacy,ast-graph-3,"STAR Early Literacy Student Growth Percentile(s) (Fall SY27) (counts, 10-pt bins)",Fall to Fall,80-89,14.0
Washington Elementary School,STAR Early Literacy,ast-graph-3,"STAR Early Literacy Student Growth Percentile(s) (Fall SY27) (counts, 10-pt bins)",Fall to Fall,90-99,34.0
Washington Elementary School,STAR Early Literacy,ast-graph-3,"STAR Early Literacy Student Growth Percentile(s) (Fall SY27) (counts, 10-pt bins)",Spring to Fall,0-9,5.0
Washington Elementary School,STAR Early Literacy,ast-graph-3,"STAR Early Literacy Student Growth Percentile(s) (Fall SY27) (counts, 10-pt bins)",Spring to Fall,10-19,5.0
Washington Elementary School,STAR Early Literacy,ast-graph-3,"STAR Early Literacy Student Growth Percentile(s) (Fall SY27) (counts, 10-pt bins)",Spring to Fall,20-29,7.0
Washington Elementary School,STAR Early Literacy,ast-graph-3,"STAR Early Literacy Student Growth Percentile(s) (Fall SY27) (counts, 10-pt bins)",Spring to Fall,30-39,10.0
Washington Elementary School,STAR Early Literacy,ast-graph-3,"STAR Early Literacy Student Growth Percentile(s) (Fall SY27) (counts, 10-pt bins)",Spring to Fall,40-49,8.0
Washington Elementary School,STAR Early Literacy,ast-graph-3,"STAR Early Literacy Student Growth Percentile(s) (Fall SY27) (counts, 10-pt bins)",Spring to Fall,50-59,9.0
Washington Elementary School,STAR Early Literacy,ast-graph-3,"STAR Early Literacy Student Growth Percentile(s) (Fall SY27) (counts, 10-pt bins)",Spring to Fall,60-69,10.0
Washington Elementary School,STAR Early Literacy,ast-graph-3,"STAR Early Literacy Student Growth Percentile(s) (Fall SY27) (counts, 10-pt bins)",Spring to Fall,70-79,13.0
Washington Elementary School,STAR Early Literacy,ast-graph-3,"STAR Early Literacy Student Growth Percentile(s) (Fall SY27) (counts, 10-pt bins)",Spring to Fall,80-89,13.0
Washington Elementary School,STAR Early Literacy,ast-graph-3,"STAR Early Literacy Student Growth Percentile(s) (Fall SY27) (counts, 10-pt bins)",Spring to Fall,90-99,27.0
Washington Elementary School,STAR Reading Spanish,ast-graph-2,"STAR Reading Spanish Percentile Rank Distribution (Fall SY27) (counts, 10-pt bins)",,0-9,18.0
Washington Elementary School,STAR Reading Spanish,ast-graph-2,"STAR Reading Spanish Percentile Rank Distribution (Fall SY27) (counts, 10-pt bins)",,10-19,18.0
Washington Elementary School,STAR Reading Spanish,ast-graph-2,"STAR Reading Spanish Percentile Rank Distribution (Fall SY27) (counts, 10-pt bins)",,20-29,20.0
Washington Elementary School,STAR Reading Spanish,ast-graph-2,"STAR Reading Spanish Percentile Rank Distribution (Fall SY27) (counts, 10-pt bins)",,30-39,11.0
Washington Elementary School,STAR Reading Spanish,ast-graph-2,"STAR Reading Spanish Percentile Rank Distribution (Fall SY27) (counts, 10-pt bins)",,40-49,11.0
Washington Elementary School,STAR Reading Spanish,ast-graph-2,"STAR Reading Spanish Percentile Rank Distribution (Fall SY27) (counts, 10-pt bins)",,50-59,4.0
Washington Elementary School,STAR Reading Spanish,ast-graph-2,"STAR Reading Spanish Percentile Rank Distribution (Fall SY27) (counts, 10-pt bins)",,60-69,5.0
Washington Elementary School,STAR Reading Spanish,ast-graph-2,"STAR Reading Spanish Percentile Rank Distribution (Fall SY27) (counts, 10-pt bins)",,70-79,2.0
Washington Elementary School,STAR Reading Spanish,ast-graph-2,"STAR Reading Spanish Percentile Rank Distribution (Fall SY27) (counts, 10-pt bins)",,80-89,3.0
Washington Elementary School,STAR Reading Spanish,ast-graph-2,"STAR Reading Spanish Percentile Rank Distribution (Fall SY27) (counts, 10-pt bins)",,90-99,6.0
Washington Elementary School,STAR Reading Spanish,ast-graph-3,"STAR Reading Spanish Student Growth Percentile(s) (Fall SY27) (counts, 10-pt bins)",Fall to Fall,0-9,5.0
Washington Elementary School,STAR Reading Spanish,ast-graph-3,"STAR Reading Spanish Student Growth Percentile(s) (Fall SY27) (counts, 10-pt bins)",Fall to Fall,10-19,8.0
Washington Elementary School,STAR Reading Spanish,ast-graph-3,"STAR Reading Spanish Student Growth Percentile(s) (Fall SY27) (counts, 10-pt bins)",Fall to Fall,20-29,4.0
Washington Elementary School,STAR Reading Spanish,ast-graph-3,"STAR Reading Spanish Student Growth Percentile(s) (Fall SY27) (counts, 10-pt bins)",Fall to Fall,30-39,6.0
Washington Elementary School,STAR Reading Spanish,ast-graph-3,"STAR Reading Spanish Student Growth Percentile(s) (Fall SY27) (counts, 10-pt bins)",Fall to Fall,40-49,8.0
Washington Elementary School,STAR Reading Spanish,ast-graph-3,"STAR Reading Spanish Student Growth Percentile(s) (Fall SY27) (counts, 10-pt bins)",Fall to Fall,50-59,6.0
Washington Elementary School,STAR Reading Spanish,ast-graph-3,"STAR Reading Spanish Student Growth Percentile(s) (Fall SY27) (counts, 10-pt bins)",Fall to Fall,60-69,8.0
Washington Elementary School,STAR Reading Spanish,ast-graph-3,"STAR Reading Spanish Student Growth Percentile(s) (Fall SY27) (counts, 10-pt bins)",Fall to Fall,70-79,6.0
Washington Elementary School,STAR Reading Spanish,ast-graph-3,"STAR Reading Spanish Student Growth Percentile(s) (Fall SY27) (counts, 10-pt bins)",Fall to Fall,80-89,6.0
Washington Elementary School,STAR Reading Spanish,ast-graph-3,"STAR Reading Spanish Student Growth Percentile(s) (Fall SY27) (counts, 10-pt bins)",Fall to Fall,90-99,7.0
Washington Elementary School,STAR Reading Spanish,ast-graph-3,"STAR Reading Spanish Student Growth Percentile(s) (Fall SY27) (counts, 10-pt bins)",Spring to Fall,0-9,11.0
Washington Elementary School,STAR Reading Spanish,ast-graph-3,"STAR Reading Spanish Student Growth Percentile(s) (Fall SY27) (counts, 10-pt bins)",Spring to Fall,10-19,6.0
Washington Elementary School,STAR Reading Spanish,ast-graph-3,"STAR Reading Spanish Student Growth Percentile(s) (Fall SY27) (counts, 10-pt bins)",Spring to Fall,20-29,8.0
Washington Elementary School,STAR Reading Spanish,ast-graph-3,"STAR Reading Spanish Student Growth Percentile(s) (Fall SY27) (counts, 10-pt bins)",Spring to Fall,30-39,11.0
Washington Elementary School,STAR Reading Spanish,ast-graph-3,"STAR Reading Spanish Student Growth Percentile(s) (Fall SY27) (counts, 10-pt bins)",Spring to Fall,40-49,4.0
Washington Elementary School,STAR Reading Spanish,ast-graph-3,"STAR Reading Spanish Student Growth Percentile(s) (Fall SY27) (counts, 10-pt bins)",Spring to Fall,50-59,8.0
Washington Elementary School,STAR Reading Spanish,ast-graph-3,"STAR Reading Spanish Student Growth Percentile(s) (Fall SY27) (counts, 10-pt bins)",Spring to Fall,60-69,3.0
Washington Elementary School,STAR Reading Spanish,ast-graph-3,"STAR Reading Spanish Student Growth Percentile(s) (Fall SY27) (counts, 10-pt bins)",Spring to Fall,70-79,4.0
Washington Elementary School,STAR Reading Spanish,ast-graph-3,"STAR Reading Spanish Student Growth Percentile(s) (Fall SY27) (counts, 10-pt bins)",Spring to Fall,80-89,6.0
Washington Elementary School,STAR Reading Spanish,ast-graph-3,"STAR Reading Spanish Student Growth Percentile(s) (Fall SY27) (counts, 10-pt bins)",Spring to Fall,90-99,5.0
Washington Elementary School,STAR Early Literacy Spanish,ast-graph-2,"STAR Early Literacy Spanish Percentile Rank Distribution (Fall SY27) (counts, 10-pt bins)",,0-9,3.0
Washington Elementary School,STAR Early Literacy Spanish,ast-graph-2,"STAR Early Literacy Spanish Percentile Rank Distribution (Fall SY27) (counts, 10-pt bins)",,10-19,4.0
Washington Elementary School,STAR Early Literacy Spanish,ast-graph-2,"STAR Early Literacy Spanish Percentile Rank Distribution (Fall SY27) (counts, 10-pt bins)",,20-29,6.0
Washington Elementary School,STAR Early Literacy Spanish,ast-graph-2,"STAR Early Literacy Spanish Percentile Rank Distribution (Fall SY27) (counts, 10-pt bins)",,30-39,9.0
Washington Elementary School,STAR Early Literacy Spanish,ast-graph-2,"STAR Early Literacy Spanish Percentile Rank Distribution (Fall SY27) (counts, 10-pt bins)",,40-49,7.0
Washington Elementary School,STAR Early Literacy Spanish,ast-graph-2,"STAR Early Literacy Spanish Percentile Rank Distribution (Fall SY27) (counts, 10-pt bins)",,50-59,10.0
Washington Elementary School,STAR Early Literacy Spanish,ast-graph-2,"STAR Early Literacy Spanish Percentile Rank Distribution (Fall SY27) (counts, 10-pt bins)",,60-69,12.0
Washington Elementary School,STAR Early Literacy Spanish,ast-graph-2,"STAR Early Literacy Spanish Percentile Rank Distribution (Fall SY27) (counts, 10-pt bins)",,70-79,9.0
Washington Elementary School,STAR Early Literacy Spanish,ast-graph-2,"STAR Early Literacy Spanish Percentile Rank Distribution (Fall SY27) (counts, 10-pt bins)",,80-89,15.0
Washington Elementary School,STAR Early Literacy Spanish,ast-graph-2,"STAR Early Literacy Spanish Percentile Rank Distribution (Fall SY27) (counts, 10-pt bins)",,90-99,21.0
Washington Elementary School,STAR Early Literacy Spanish,ast-graph-3,"STAR Early Literacy Spanish Student Growth Percentile(s) (Fall SY27) (counts, 10-pt bins)",Fall to Fall,0-9,7.0
Washington Elementary School,STAR Early Literacy Spanish,ast-graph-3,"STAR Early Literacy Spanish Student Growth Percentile(s) (Fall SY27) (counts, 10-pt bins)",Fall to Fall,10-19,2.0
Washington Elementary School,STAR Early Literacy Spanish,ast-graph-3,"STAR Early Literacy Spanish Student Growth Percentile(s) (Fall SY27) (counts, 10-pt bins)",Fall to Fall,20-29,2.0
Washington Elementary School,STAR Early Literacy Spanish,ast-graph-3,"STAR Early Literacy Spanish Student Growth Percentile(s) (Fall SY27) (counts, 10-pt bins)",Fall to Fall,30-39,5.0
Washington Elementary School,STAR Early Literacy Spanish,ast-graph-3,"STAR Early Literacy Spanish Student Growth Percentile(s) (Fall SY27) (counts, 10-pt bins)",Fall to Fall,40-49,5.0
Washington Elementary School,STAR Early Literacy Spanish,ast-graph-3,"STAR Early Literacy Spanish Student Growth Percentile(s) (Fall SY27) (counts, 10-pt bins)",Fall to Fall,50-59,7.0
Washington Elementary School,STAR Early Literacy Spanish,ast-graph-3,"STAR Early Literacy Spanish Student Growth Percentile(s) (Fall SY27) (counts, 10-pt bins)",Fall to Fall,60-69,5.0
Washington Elementary School,STAR Early Literacy Spanish,ast-graph-3,"STAR Early Literacy Spanish Student Growth Percentile(s) (Fall SY27) (counts, 10-pt bins)",Fall to Fall,70-79,4.0
Washington Elementary School,STAR Early Literacy Spanish,ast-graph-3,"STAR Early Literacy Spanish Student Growth Percentile(s) (Fall SY27) (counts, 10-pt bins)",Fall to Fall,80-89,12.0
Washington Elementary School,STAR Early Literacy Spanish,ast-graph-3,"STAR Early Literacy Spanish Student Growth Percentile(s) (Fall SY27) (counts, 10-pt bins)",Fall to Fall,90-99,15.0
Washington Elementary School,STAR Early Literacy Spanish,ast-graph-3,"STAR Early Literacy Spanish Student Growth Percentile(s) (Fall SY27) (counts, 10-pt bins)",Spring to Fall,0-9,9.0
Washington Elementary School,STAR Early Literacy Spanish,ast-graph-3,"STAR Early Literacy Spanish Student Growth Percentile(s) (Fall SY27) (counts, 10-pt bins)",Spring to Fall,10-19,2.0
Washington Elementary School,STAR Early Literacy Spanish,ast-graph-3,"STAR Early Literacy Spanish Student Growth Percentile(s) (Fall SY27) (counts, 10-pt bins)",Spring to Fall,20-29,4.0
Washington Elementary School,STAR Early Literacy Spanish,ast-graph-3,"STAR Early Literacy Spanish Student Growth Percentile(s) (Fall SY27) (counts, 10-pt bins)",Spring to Fall,30-39,5.0
Washington Elementary School,STAR Early Literacy Spanish,ast-graph-3,"STAR Early Literacy Spanish Student Growth Percentile(s) (Fall SY27) (counts, 10-pt bins)",Spring to Fall,40-49,2.0
Washington Elementary School,STAR Early Literacy Spanish,ast-graph-3,"STAR Early Literacy Spanish Student Growth Percentile(s) (Fall SY27) (counts, 10-pt bins)",Spring to Fall,50-59,4.0
Washington Elementary School,STAR Early Literacy Spanish,ast-graph-3,"STAR Early Literacy Spanish Student Growth Percentile(s) (Fall SY27) (counts, 10-pt bins)",Spring to Fall,60-69,7.0
Washington Elementary School,STAR Early Literacy Spanish,ast-graph-3,"STAR Early Literacy Spanish Student Growth Percentile(s) (Fall SY27) (counts, 10-pt bins)",Spring to Fall,70-79,7.0
Washington Elementary School,STAR Early Literacy Spanish,ast-graph-3,"STAR Early Literacy Spanish Student Growth Percentile(s) (Fall SY27) (counts, 10-pt bins)",Spring to Fall,80-89,13.0
Washington Elementary School,STAR Early Literacy Spanish,ast-graph-3,"STAR Early Literacy Spanish Student Growth Percentile(s) (Fall SY27) (counts, 10-pt bins)",Spring to Fall,90-99,11.0
Washington Elementary School,i-Ready Math,ast-graph-2,"i-Ready Math — Percentile Distribution (counts, 10-pt bins)",,0-9,21.0
Washington Elementary School,i-Ready Math,ast-graph-2,"i-Ready Math — Percentile Distribution (counts, 10-pt bins)",,10-19,34.0
Washington Elementary School,i-Ready Math,ast-graph-2,"i-Ready Math — Percentile Distribution (counts, 10-pt bins)",,20-29,44.0
Washington Elementary School,i-Ready Math,ast-graph-2,"i-Ready Math — Percentile Distribution (counts, 10-pt bins)",,30-39,31.0
Washington Elementary School,i-Ready Math,ast-graph-2,"i-Ready Math — Percentile Distribution (counts, 10-pt bins)",,40-49,37.0
Washington Elementary School,i-Ready Math,ast-graph-2,"i-Ready Math — Percentile Distribution (counts, 10-pt bins)",,50-59,23.0
Washington Elementary School,i-Ready Math,ast-graph-2,"i-Ready Math — Percentile Distribution (counts, 10-pt bins)",,60-69,28.0
Washington Elementary School,i-Ready Math,ast-graph-2,"i-Ready Math — Percentile Distribution (counts, 10-pt bins)",,70-79,48.0
Washington Elementary School,i-Ready Math,ast-graph-2,"i-Ready Math — Percentile Distribution (counts, 10-pt bins)",,80-89,48.0
Washington Elementary School,i-Ready Math,ast-graph-2,"i-Ready Math — Percentile Distribution (counts, 10-pt bins)",,90-99,51.0
Washington Elementary School,i-Ready Math,ast-graph-3,"i-Ready Math — Percent Progress to Annual Typical Growth (counts, 10-pt bins)",,0-9,365.0
Willard Elementary School,STAR Reading,ast-graph-2,"STAR Reading Percentile Rank Distribution (Fall SY27) (counts, 10-pt bins)",,0-9,5.0
Willard Elementary School,STAR Reading,ast-graph-2,"STAR Reading Percentile Rank Distribution (Fall SY27) (counts, 10-pt bins)",,10-19,4.0
Willard Elementary School,STAR Reading,ast-graph-2,"STAR Reading Percentile Rank Distribution (Fall SY27) (counts, 10-pt bins)",,20-29,8.0
Willard Elementary School,STAR Reading,ast-graph-2,"STAR Reading Percentile Rank Distribution (Fall SY27) (counts, 10-pt bins)",,30-39,10.0
Willard Elementary School,STAR Reading,ast-graph-2,"STAR Reading Percentile Rank Distribution (Fall SY27) (counts, 10-pt bins)",,40-49,12.0
Willard Elementary School,STAR Reading,ast-graph-2,"STAR Reading Percentile Rank Distribution (Fall SY27) (counts, 10-pt bins)",,50-59,13.0
Willard Elementary School,STAR Reading,ast-graph-2,"STAR Reading Percentile Rank Distribution (Fall SY27) (counts, 10-pt bins)",,60-69,11.0
Willard Elementary School,STAR Reading,ast-graph-2,"STAR Reading Percentile Rank Distribution (Fall SY27) (counts, 10-pt bins)",,70-79,18.0
Willard Elementary School,STAR Reading,ast-graph-2,"STAR Reading Percentile Rank Distribution (Fall SY27) (counts, 10-pt bins)",,80-89,25.0
Willard Elementary School,STAR Reading,ast-graph-2,"STAR Reading Percentile Rank Distribution (Fall SY27) (counts, 10-pt bins)",,90-99,39.0
Willard Elementary School,STAR Reading,ast-graph-3,"STAR Reading Student Growth Percentile(s) (Fall SY27) (counts, 10-pt bins)",Fall to Fall,0-9,12.0
Willard Elementary School,STAR Reading,ast-graph-3,"STAR Reading Student Growth Percentile(s) (Fall SY27) (counts, 10-pt bins)",Fall to Fall,10-19,11.0
Willard Elementary School,STAR Reading,ast-graph-3,"STAR Reading Student Growth Percentile(s) (Fall SY27) (counts, 10-pt bins)",Fall to Fall,20-29,5.0
Willard Elementary School,STAR Reading,ast-graph-3,"STAR Reading Student Growth Percentile(s) (Fall SY27) (counts, 10-pt bins)",Fall to Fall,30-39,7.0
Willard Elementary School,STAR Reading,ast-graph-3,"STAR Reading Student Growth Percentile(s) (Fall SY27) (counts, 10-pt bins)",Fall to Fall,40-49,17.0
Willard Elementary School,STAR Reading,ast-graph-3,"STAR Reading Student Growth Percentile(s) (Fall SY27) (counts, 10-pt bins)",Fall to Fall,50-59,9.0
Willard Elementary School,STAR Reading,ast-graph-3,"STAR Reading Student Growth Percentile(s) (Fall SY27) (counts, 10-pt bins)",Fall to Fall,60-69,16.0
Willard Elementary School,STAR Reading,ast-graph-3,"STAR Reading Student Growth Percentile(s) (Fall SY27) (counts, 10-pt bins)",Fall to Fall,70-79,24.0
Willard Elementary School,STAR Reading,ast-graph-3,"STAR Reading Student Growth Percentile(s) (Fall SY27) (counts, 10-pt bins)",Fall to Fall,80-89,16.0
Willard Elementary School,STAR Reading,ast-graph-3,"STAR Reading Student Growth Percentile(s) (Fall SY27) (counts, 10-pt bins)",Fall to Fall,90-99,19.0
Willard Elementary School,STAR Reading,ast-graph-3,"STAR Reading Student Growth Percentile(s) (Fall SY27) (counts, 10-pt bins)",Spring to Fall,0-9,13.0
Willard Elementary School,STAR Reading,ast-graph-3,"STAR Reading Student Growth Percentile(s) (Fall SY27) (counts, 10-pt bins)",Spring to Fall,10-19,13.0
Willard Elementary School,STAR Reading,ast-graph-3,"STAR Reading Student Growth Percentile(s) (Fall SY27) (counts, 10-pt bins)",Spring to Fall,20-29,11.0
Willard Elementary School,STAR Reading,ast-graph-3,"STAR Reading Student Growth Percentile(s) (Fall SY27) (counts, 10-pt bins)",Spring to Fall,30-39,17.0
Willard Elementary School,STAR Reading,ast-graph-3,"STAR Reading Student Growth Percentile(s) (Fall SY27) (counts, 10-pt bins)",Spring to Fall,40-49,10.0
Willard Elementary School,STAR Reading,ast-graph-3,"STAR Reading Student Growth Percentile(s) (Fall SY27) (counts, 10-pt bins)",Spring to Fall,50-59,13.0
Willard Elementary School,STAR Reading,ast-graph-3,"STAR Reading Student Growth Percentile(s) (Fall SY27) (counts, 10-pt bins)",Spring to Fall,60-69,15.0
Willard Elementary School,STAR Reading,ast-graph-3,"STAR Reading Student Growth Percentile(s) (Fall SY27) (counts, 10-pt bins)",Spring to Fall,70-79,14.0
Willard Elementary School,STAR Reading,ast-graph-3,"STAR Reading Student Growth Percentile(s) (Fall SY27) (counts, 10-pt bins)",Spring to Fall,80-89,13.0
Willard Elementary School,STAR Reading,ast-graph-3,"STAR Reading Student Growth Percentile(s) (Fall SY27) (counts, 10-pt bins)",Spring to Fall,90-99,18.0
Willard Elementary School,STAR Early Literacy,ast-graph-2,"STAR Early Literacy Percentile Rank Distribution (Fall SY27) (counts, 10-pt bins)",,0-9,3.0
Willard Elementary School,STAR Early Literacy,ast-graph-2,"STAR Early Literacy Percentile Rank Distribution (Fall SY27) (counts, 10-pt bins)",,10-19,2.0
Willard Elementary School,STAR Early Literacy,ast-graph-2,"STAR Early Literacy Percentile Rank Distribution (Fall SY27) (counts, 10-pt bins)",,20-29,8.0
Willard Elementary School,STAR Early Literacy,ast-graph-2,"STAR Early Literacy Percentile Rank Distribution (Fall SY27) (counts, 10-pt bins)",,30-39,4.0
Willard Elementary School,STAR Early Literacy,ast-graph-2,"STAR Early Literacy Percentile Rank Distribution (Fall SY27) (counts, 10-pt bins)",,40-49,8.0
Willard Elementary School,STAR Early Literacy,ast-graph-2,"STAR Early Literacy Percentile Rank Distribution (Fall SY27) (counts, 10-pt bins)",,50-59,12.0
Willard Elementary School,STAR Early Literacy,ast-graph-2,"STAR Early Literacy Percentile Rank Distribution (Fall SY27) (counts, 10-pt bins)",,60-69,15.0
Willard Elementary School,STAR Early Literacy,ast-graph-2,"STAR Early Literacy Percentile Rank Distribution (Fall SY27) (counts, 10-pt bins)",,70-79,19.0
Willard Elementary School,STAR Early Literacy,ast-graph-2,"STAR Early Literacy Percentile Rank Distribution (Fall SY27) (counts, 10-pt bins)",,80-89,21.0
Willard Elementary School,STAR Early Literacy,ast-graph-2,"STAR Early Literacy Percentile Rank Distribution (Fall SY27) (counts, 10-pt bins)",,90-99,34.0
Willard Elementary School,STAR Early Literacy,ast-graph-3,"STAR Early Literacy Student Growth Percentile(s) (Fall SY27) (counts, 10-pt bins)",Fall to Fall,0-9,3.0
Willard Elementary School,STAR Early Literacy,ast-graph-3,"STAR Early Literacy Student Growth Percentile(s) (Fall SY27) (counts, 10-pt bins)",Fall to Fall,10-19,4.0
Willard Elementary School,STAR Early Literacy,ast-graph-3,"STAR Early Literacy Student Growth Percentile(s) (Fall SY27) (counts, 10-pt bins)",Fall to Fall,20-29,4.0
Willard Elementary School,STAR Early Literacy,ast-graph-3,"STAR Early Literacy Student Growth Percentile(s) (Fall SY27) (counts, 10-pt bins)",Fall to Fall,30-39,2.0
Willard Elementary School,STAR Early Literacy,ast-graph-3,"STAR Early Literacy Student Growth Percentile(s) (Fall SY27) (counts, 10-pt bins)",Fall to Fall,40-49,6.0
Willard Elementary School,STAR Early Literacy,ast-graph-3,"STAR Early Literacy Student Growth Percentile(s) (Fall SY27) (counts, 10-pt bins)",Fall to Fall,50-59,8.0
Willard Elementary School,STAR Early Literacy,ast-graph-3,"STAR Early Literacy Student Growth Percentile(s) (Fall SY27) (counts, 10-pt bins)",Fall to Fall,60-69,10.0
Willard Elementary School,STAR Early Literacy,ast-graph-3,"STAR Early Literacy Student Growth Percentile(s) (Fall SY27) (counts, 10-pt bins)",Fall to Fall,70-79,10.0
Willard Elementary School,STAR Early Literacy,ast-graph-3,"STAR Early Literacy Student Growth Percentile(s) (Fall SY27) (counts, 10-pt bins)",Fall to Fall,80-89,9.0
Willard Elementary School,STAR Early Literacy,ast-graph-3,"STAR Early Literacy Student Growth Percentile(s) (Fall SY27) (counts, 10-pt bins)",Fall to Fall,90-99,26.0
Willard Elementary School,STAR Early Literacy,ast-graph-3,"STAR Early Literacy Student Growth Percentile(s) (Fall SY27) (counts, 10-pt bins)",Spring to Fall,0-9,1.0
Willard Elementary School,STAR Early Literacy,ast-graph-3,"STAR Early Literacy Student Growth Percentile(s) (Fall SY27) (counts, 10-pt bins)",Spring to Fall,10-19,8.0
Willard Elementary School,STAR Early Literacy,ast-graph-3,"STAR Early Literacy Student Growth Percentile(s) (Fall SY27) (counts, 10-pt bins)",Spring to Fall,20-29,9.0
Willard Elementary School,STAR Early Literacy,ast-graph-3,"STAR Early Literacy Student Growth Percentile(s) (Fall SY27) (counts, 10-pt bins)",Spring to Fall,30-39,8.0
Willard Elementary School,STAR Early Literacy,ast-graph-3,"STAR Early Literacy Student Growth Percentile(s) (Fall SY27) (counts, 10-pt bins)",Spring to Fall,40-49,1.0
Willard Elementary School,STAR Early Literacy,ast-graph-3,"STAR Early Literacy Student Growth Percentile(s) (Fall SY27) (counts, 10-pt bins)",Spring to Fall,50-59,6.0
Willard Elementary School,STAR Early Literacy,ast-graph-3,"STAR Early Literacy Student Growth Percentile(s) (Fall SY27) (counts, 10-pt bins)",Spring to Fall,60-69,10.0
Willard Elementary School,STAR Early Literacy,ast-graph-3,"STAR Early Literacy Student Growth Percentile(s) (Fall SY27) (counts, 10-pt bins)",Spring to Fall,70-79,8.0
Willard Elementary School,STAR Early Literacy,ast-graph-3,"STAR Early Literacy Student Growth Percentile(s) (Fall SY27) (counts, 10-pt bins)",Spring to Fall,80-89,9.0
Willard Elementary School,STAR Early Literacy,ast-graph-3,"STAR Early Literacy Student Growth Percentile(s) (Fall SY27) (counts, 10-pt bins)",Spring to Fall,90-99,21.0
Willard Elementary School,i-Ready Math,ast-graph-2,"i-Ready Math — Percentile Distribution (counts, 10-pt bins)",,0-9,3.0
Willard Elementary School,i-Ready Math,ast-graph-2,"i-Ready Math — Percentile Distribution (counts, 10-pt bins)",,10-19,9.0
Willard Elementary School,i-Ready Math,ast-graph-2,"i-Ready Math — Percentile Distribution (counts, 10-pt bins)",,20-29,12.0
Willard Elementary School,i-Ready Math,ast-graph-2,"i-Ready Math — Percentile Distribution (counts, 10-pt bins)",,30-39,13.0
Willard Elementary School,i-Ready Math,ast-graph-2,"i-Ready Math — Percentile Distribution (counts, 10-pt bins)",,40-49,19.0
Willard Elementary School,i-Ready Math,ast-graph-2,"i-Ready Math — Percentile Distribution (counts, 10-pt bins)",,50-59,25.0
Willard Elementary School,i-Ready Math,ast-graph-2,"i-Ready Math — Percentile Distribution (counts, 10-pt bins)",,60-69,40.0
Willard Elementary School,i-Ready Math,ast-graph-2,"i-Ready Math — Percentile Distribution (counts, 10-pt bins)",,70-79,33.0
Willard Elementary School,i-Ready Math,ast-graph-2,"i-Ready Math — Percentile Distribution (counts, 10-pt bins)",,80-89,43.0
Willard Elementary School,i-Ready Math,ast-graph-2,"i-Ready Math — Percentile Distribution (counts, 10-pt bins)",,90-99,75.0
Willard Elementary School,i-Ready Math,ast-graph-3,"i-Ready Math — Percent Progress to Annual Typical Growth (counts, 10-pt bins)",,0-9,272.0
